"STATION","DATE","LATITUDE","LONGITUDE","ELEVATION","NAME","TEMP","TEMP_ATTRIBUTES","DEWP","DEWP_ATTRIBUTES","SLP","SLP_ATTRIBUTES","STP","STP_ATTRIBUTES","VISIB","VISIB_ATTRIBUTES","WDSP","WDSP_ATTRIBUTES","MXSPD","GUST","MAX","MAX_ATTRIBUTES","MIN","MIN_ATTRIBUTES","PRCP","PRCP_ATTRIBUTES","SNDP","FRSHTT"
"04030099999","2023-01-01","64.13","-21.940556","14.63","REYKJAVIK, IC","  22.9","24","  17.4","24"," 989.4"," 5","999.9"," 0","  7.5","24","  8.4","24"," 21.0","999.9","  30.2","*","  14.0","*","99.99"," ","999.9","001000"
"04030099999","2023-01-02","64.13","-21.940556","14.63","REYKJAVIK, IC","  34.6","24","  30.6","24"," 990.6"," 5","999.9"," 0","  6.4","24","  9.7","24"," 15.9"," 26.0","  37.4","*","  19.6"," ","99.99"," ","999.9","011000"
"04030099999","2023-01-03","64.13","-21.940556","14.63","REYKJAVIK, IC","  29.8","24","  22.6","24"," 994.9"," 7","999.9"," 0"," 11.9","24","  5.9","24"," 13.0","999.9","  35.8"," ","  23.0","*","99.99"," ","999.9","011000"
"04030099999","2023-01-04","64.13","-21.940556","14.63","REYKJAVIK, IC","  20.2","24","  15.1","24","1004.3"," 8","999.9"," 0"," 15.5","24","  3.1","24","  8.0","999.9","  30.2"," ","  10.4","*"," 0.00","I","999.9","000000"
"04030099999","2023-01-05","64.13","-21.940556","14.63","REYKJAVIK, IC","  16.1","23","  10.3","23","1005.7"," 7","999.9"," 0"," 14.1","23","  2.4","23","  6.0","999.9","  21.7"," ","  10.4","*"," 0.00","I","999.9","000000"
"04030099999","2023-01-06","64.13","-21.940556","14.63","REYKJAVIK, IC","  20.9","24","  12.9","23"," 998.5"," 7","999.9"," 0"," 12.2","24","  4.0","23"," 15.0","999.9","  32.0","*","   8.6","*","99.99"," ","999.9","001000"
"04030099999","2023-01-07","64.13","-21.940556","14.63","REYKJAVIK, IC","  28.1","24","  20.7","24"," 987.1"," 5","999.9"," 0"," 12.3","24","  5.0","24"," 15.0"," 20.0","  33.8","*","  19.4","*","99.99"," ","999.9","001000"
"04030099999","2023-01-08","64.13","-21.940556","14.63","REYKJAVIK, IC","  35.2","24","  28.5","24"," 979.1"," 8","999.9"," 0"," 12.0","24"," 13.9","24"," 22.0"," 28.9","  37.4"," ","  26.8"," ","99.99"," ","999.9","010000"
"04030099999","2023-01-09","64.13","-21.940556","14.63","REYKJAVIK, IC","  31.6","24","  24.6","24"," 988.6"," 6","999.9"," 0"," 10.3","24"," 17.6","24"," 28.0"," 38.1","  35.2"," ","  28.4","*","99.99"," ","999.9","001000"
"04030099999","2023-01-10","64.13","-21.940556","14.63","REYKJAVIK, IC","  32.8","24","  23.6","23"," 986.8"," 6","999.9"," 0"," 14.7","24","  5.7","23"," 13.0","999.9","  39.2","*","  23.0","*"," 0.00","I","999.9","000000"
"04030099999","2023-01-11","64.13","-21.940556","14.63","REYKJAVIK, IC","  27.4","24","  20.4","24"," 989.7"," 6","999.9"," 0"," 14.5","24","  2.9","24","  8.0","999.9","  36.0","*","  21.2","*"," 0.00","I","999.9","000000"
"04030099999","2023-01-12","64.13","-21.940556","14.63","REYKJAVIK, IC","  29.5","24","  17.0","24"," 996.3"," 7","999.9"," 0"," 16.5","24","  7.8","24"," 12.0","999.9","  33.8","*","  21.2","*"," 0.00","I","999.9","000000"
"04030099999","2023-01-13","64.13","-21.940556","14.63","REYKJAVIK, IC","  28.8","24","  17.2","24","1002.3"," 8","999.9"," 0"," 16.8","24","  9.3","24"," 13.0","999.9","  33.8","*","  25.2"," "," 0.00","I","999.9","000000"
"04030099999","2023-01-14","64.13","-21.940556","14.63","REYKJAVIK, IC","  18.7","24","   7.0","24","1005.4"," 8","999.9"," 0"," 15.2","24","  3.5","24","  8.9","999.9","  27.3"," ","  12.2","*"," 0.00","I","999.9","000000"
"04030099999","2023-01-15","64.13","-21.940556","14.63","REYKJAVIK, IC","  13.8","24","   3.2","24","1006.6"," 8","999.9"," 0"," 15.8","24","  5.3","24","  9.9","999.9","  18.5"," ","   8.6","*"," 0.00","I","999.9","000000"
"04030099999","2023-01-16","64.13","-21.940556","14.63","REYKJAVIK, IC","  18.3","24","   8.9","22","1001.7"," 6","999.9"," 0"," 14.7","24","  4.3","22"," 15.0","999.9","  28.4","*","   8.6","*"," 0.00","I","999.9","000000"
"04030099999","2023-01-17","64.13","-21.940556","14.63","REYKJAVIK, IC","  25.2","24","  17.1","24","1006.8"," 8","999.9"," 0"," 16.3","24","  5.6","24"," 15.9"," 20.0","  30.6"," ","  14.0","*"," 0.00","I","999.9","000000"
"04030099999","2023-01-18","64.13","-21.940556","14.63","REYKJAVIK, IC","  13.3","24","   4.4","23","1009.9"," 6","999.9"," 0"," 15.2","24","  3.5","23","  8.0","999.9","  18.7"," ","   8.6","*"," 0.00","I","999.9","000000"
"04030099999","2023-01-19","64.13","-21.940556","14.63","REYKJAVIK, IC","  19.3","24","  10.2","24","1009.4"," 8","999.9"," 0"," 15.4","24","  6.4","24"," 17.1","999.9","  33.8","*","   8.6","*"," 0.00","I","999.9","000000"
"04030099999","2023-01-20","64.13","-21.940556","14.63","REYKJAVIK, IC","  40.7","24","  37.4","24"," 986.8"," 5","999.9"," 0","  6.0","24"," 17.1","24"," 27.0"," 42.0","  44.6","*","  32.7","*","99.99"," ","999.9","011000"
"04030099999","2023-01-21","64.13","-21.940556","14.63","REYKJAVIK, IC","  36.8","23","  33.4","23"," 984.0"," 7","999.9"," 0","  6.8","23","  7.9","23"," 20.0","999.9","  44.2"," ","  32.9"," ","99.99"," ","999.9","010000"
"04030099999","2023-01-22","64.13","-21.940556","14.63","REYKJAVIK, IC","  31.6","24","  23.5","24","9999.9"," 0","999.9"," 0","  4.6","24"," 27.9","24"," 39.0"," 54.0","  35.6","*","  26.6","*","99.99"," ","999.9","011000"
"04030099999","2023-01-23","64.13","-21.940556","14.63","REYKJAVIK, IC","  29.1","24","  19.8","23","1014.1"," 6","999.9"," 0"," 10.8","24","  6.2","23"," 15.9","999.9","  33.8","*","  24.8","*","99.99"," ","999.9","001000"
"04030099999","2023-01-24","64.13","-21.940556","14.63","REYKJAVIK, IC","  39.5","24","  36.6","24","1001.2"," 7","999.9"," 0","  7.6","24"," 10.2","24"," 22.0"," 27.0","  42.8","*","  28.8"," ","99.99"," ","999.9","010000"
"04030099999","2023-01-25","64.13","-21.940556","14.63","REYKJAVIK, IC","  34.7","24","  29.4","24","1025.7"," 7","999.9"," 0"," 11.1","24"," 10.7","24"," 25.1"," 33.0","  39.2","*","  29.8"," "," 0.00","I","999.9","000000"
"04030099999","2023-01-26","64.13","-21.940556","14.63","REYKJAVIK, IC","  43.2","24","  39.9","24","1014.6"," 4","999.9"," 0","  6.3","24"," 17.2","24"," 25.1"," 36.9","  46.4","*","  37.4","*","99.99"," ","999.9","010000"
"04030099999","2023-01-27","64.13","-21.940556","14.63","REYKJAVIK, IC","  36.0","24","  27.7","24","1007.4"," 5","999.9"," 0","  6.3","24"," 22.8","24"," 32.1"," 44.1","  39.2","*","  32.0","*","99.99"," ","999.9","011100"
"04030099999","2023-01-28","64.13","-21.940556","14.63","REYKJAVIK, IC","  38.7","24","  35.7","24","1001.2"," 5","999.9"," 0","  5.3","24"," 12.2","23"," 20.0"," 26.0","  44.6","*","  34.0","*","99.99"," ","999.9","011000"
"04030099999","2023-01-29","64.13","-21.940556","14.63","REYKJAVIK, IC","  32.9","24","  30.4","24"," 995.1"," 7","999.9"," 0","  7.3","24","  6.9","24"," 18.1"," 22.0","  38.8"," ","  30.2","*","99.99"," ","999.9","011000"
"04030099999","2023-01-30","64.13","-21.940556","14.63","REYKJAVIK, IC","  29.5","24","  23.9","24","1001.6"," 7","999.9"," 0"," 10.6","24"," 14.9","24"," 31.1"," 46.0","  33.8","*","  22.6"," ","99.99"," ","999.9","011000"
"04030099999","2023-01-31","64.13","-21.940556","14.63","REYKJAVIK, IC","  31.2","23","  24.2","22"," 993.9"," 5","999.9"," 0"," 10.4","23"," 12.9","22"," 33.0"," 48.0","  35.6","*","  24.8","*","99.99"," ","999.9","001000"
"04030099999","2023-02-01","64.13","-21.940556","14.63","REYKJAVIK, IC","  26.4","23","  18.4","22","1005.8"," 7","999.9"," 0"," 13.8","23","  7.1","22"," 15.9","999.9","  30.2","*","  22.6"," ","99.99"," ","999.9","001000"
"04030099999","2023-02-02","64.13","-21.940556","14.63","REYKJAVIK, IC","  34.3","21","  30.5","21"," 988.4"," 7","999.9"," 0","  4.8","21"," 17.8","21"," 26.0"," 35.9","  41.0","*","  26.4"," ","99.99"," ","999.9","011000"
"04030099999","2023-02-03","64.13","-21.940556","14.63","REYKJAVIK, IC","  38.4","23","  32.4","23"," 990.2"," 6","999.9"," 0","  5.2","23"," 21.0","23"," 38.1"," 53.0","  48.0"," ","  32.7"," ","99.99"," ","999.9","011000"
"04030099999","2023-02-04","64.13","-21.940556","14.63","REYKJAVIK, IC","  33.8","24","  27.5","24","1002.7"," 5","999.9"," 0","  5.3","24"," 19.1","24"," 32.1"," 47.0","  37.4","*","  28.0"," ","99.99"," ","999.9","011100"
"04030099999","2023-02-05","64.13","-21.940556","14.63","REYKJAVIK, IC","  44.2","23","  40.3","23"," 996.6"," 7","999.9"," 0","  4.4","23"," 23.9","23"," 38.1"," 52.1","  48.2","*","  32.0"," ","99.99"," ","999.9","010000"
"04030099999","2023-02-06","64.13","-21.940556","14.63","REYKJAVIK, IC","  34.3","24","  27.3","24","9999.9"," 0","999.9"," 0","  5.9","24"," 18.4","24"," 26.0"," 41.0","  47.1"," ","  28.4","*","99.99"," ","999.9","011000"
"04030099999","2023-02-07","64.13","-21.940556","14.63","REYKJAVIK, IC","  29.3","23","  23.8","23"," 989.6"," 4","999.9"," 0","  4.2","23"," 19.9","23"," 32.1"," 46.0","  35.6","*","  24.8"," ","99.99"," ","999.9","011000"
"04030099999","2023-02-08","64.13","-21.940556","14.63","REYKJAVIK, IC","  25.9","24","  20.5","24","9999.9"," 0","999.9"," 0","  3.8","24"," 22.8","24"," 35.0"," 46.0","  28.4","*","  22.1"," ","99.99"," ","  2.8","001000"
"04030099999","2023-02-09","64.13","-21.940556","14.63","REYKJAVIK, IC","  24.7","21","  15.0","21","1006.3"," 5","999.9"," 0"," 12.0","21"," 11.5","21"," 22.9","999.9","  28.4","*","  20.8"," ","99.99"," ","999.9","001000"
"04030099999","2023-02-10","64.13","-21.940556","14.63","REYKJAVIK, IC","  37.9","24","  33.3","24"," 992.8"," 7","999.9"," 0","  5.3","24"," 16.6","24"," 22.9"," 32.1","  41.5"," ","  21.7"," ","99.99"," ","  1.6","011000"
"04030099999","2023-02-11","64.13","-21.940556","14.63","REYKJAVIK, IC","  41.1","24","  34.5","24"," 988.8"," 7","999.9"," 0","  5.4","24"," 26.1","24"," 42.9"," 58.1","  48.2","*","  33.8"," ","99.99"," ","999.9","011000"
"04030099999","2023-02-12","64.13","-21.940556","14.63","REYKJAVIK, IC","  39.0","24","  33.7","24"," 999.4"," 8","999.9"," 0","  7.3","24"," 15.5","24"," 28.0"," 42.9","  48.2","*","  32.0"," ","99.99"," ","999.9","011000"
"04030099999","2023-02-13","64.13","-21.940556","14.63","REYKJAVIK, IC","  46.9","24","  41.6","24"," 989.4"," 8","999.9"," 0","  4.5","24"," 24.2","24"," 33.0"," 52.1","  50.0","*","  40.3"," ","99.99"," ","999.9","010000"
"04030099999","2023-02-14","64.13","-21.940556","14.63","REYKJAVIK, IC","  38.7","24","  32.5","23"," 994.1"," 6","999.9"," 0","  9.4","24"," 10.5","23"," 18.1"," 28.0","  44.4"," ","  32.0","*","99.99"," ","999.9","011000"
"04030099999","2023-02-15","64.13","-21.940556","14.63","REYKJAVIK, IC","  32.9","24","  28.4","24"," 992.3"," 4","999.9"," 0","  7.5","24","  7.7","24"," 14.0"," 22.0","  37.4","*","  28.9"," ","99.99"," ","999.9","011000"
"04030099999","2023-02-16","64.13","-21.940556","14.63","REYKJAVIK, IC","  32.5","24","  27.2","24"," 994.4"," 6","999.9"," 0"," 11.1","24","  7.5","23"," 12.0","999.9","  35.6","*","  28.0"," "," 0.00","I","999.9","000000"
"04030099999","2023-02-17","64.13","-21.940556","14.63","REYKJAVIK, IC","  30.1","24","  23.6","24","1004.6"," 7","999.9"," 0"," 12.6","24","  6.1","24"," 13.0","999.9","  33.8","*","  25.0"," ","99.99"," ","999.9","001000"
"04030099999","2023-02-18","64.13","-21.940556","14.63","REYKJAVIK, IC","  32.0","24","  26.8","24","1007.0"," 6","999.9"," 0","  9.8","24"," 10.0","24"," 20.0","999.9","  37.4","*","  26.1"," ","99.99"," ","999.9","011000"
"04030099999","2023-02-19","64.13","-21.940556","14.63","REYKJAVIK, IC","  36.0","24","  32.7","24"," 985.3"," 5","999.9"," 0","  6.3","24"," 15.5","24"," 31.1"," 38.1","  39.2","*","  30.9"," ","99.99"," ","  2.4","010000"
"04030099999","2023-02-20","64.13","-21.940556","14.63","REYKJAVIK, IC","  35.6","24","  28.7","24"," 998.9"," 6","999.9"," 0","  7.9","24"," 11.3","24"," 25.1"," 35.9","  37.8"," ","  31.8","*","99.99"," ","999.9","011000"
"04030099999","2023-02-21","64.13","-21.940556","14.63","REYKJAVIK, IC","  32.7","23","  26.5","23","1003.1"," 7","999.9"," 0"," 10.8","23","  6.1","23"," 12.0","999.9","  35.6"," ","  30.2","*","99.99"," ","999.9","001000"
"04030099999","2023-02-22","64.13","-21.940556","14.63","REYKJAVIK, IC","  34.1","24","  29.8","24","1011.0"," 6","999.9"," 0","  9.6","24","  9.0","24"," 21.0","999.9","  42.8","*","  25.5"," ","99.99"," ","999.9","011000"
"04030099999","2023-02-23","64.13","-21.940556","14.63","REYKJAVIK, IC","  39.1","24","  35.8","24","1005.6"," 6","999.9"," 0","  8.1","24"," 10.1","24"," 21.0","999.9","  41.0","*","  37.2"," ","99.99"," ","999.9","010000"
"04030099999","2023-02-24","64.13","-21.940556","14.63","REYKJAVIK, IC","  43.7","24","  39.5","23","1016.9"," 5","999.9"," 0","  7.1","24","  9.2","23"," 15.9"," 26.0","  46.8"," ","  36.9"," ","99.99"," ","999.9","010000"
"04030099999","2023-02-25","64.13","-21.940556","14.63","REYKJAVIK, IC","  45.1","24","  41.1","24","1015.2"," 7","999.9"," 0","  6.3","24"," 15.4","24"," 21.0","999.9","  46.4","*","  42.1"," ","99.99"," ","999.9","010000"
"04030099999","2023-02-26","64.13","-21.940556","14.63","REYKJAVIK, IC","  45.5","24","  41.3","24","1017.4"," 7","999.9"," 0","  7.6","24"," 14.6","24"," 20.0","999.9","  48.6"," ","  43.5"," ","99.99"," ","999.9","010000"
"04030099999","2023-02-27","64.13","-21.940556","14.63","REYKJAVIK, IC","  46.4","24","  40.9","23","1023.0"," 7","999.9"," 0","  7.4","24"," 15.9","23"," 22.0"," 34.0","  48.2","*","  43.9"," ","99.99"," ","999.9","010000"
"04030099999","2023-02-28","64.13","-21.940556","14.63","REYKJAVIK, IC","  45.1","24","  39.7","24","1029.1"," 6","999.9"," 0","  7.1","24"," 17.8","24"," 27.0"," 38.1","  48.2","*","  39.2","*","99.99"," ","999.9","010000"
"04030099999","2023-03-01","64.13","-21.940556","14.63","REYKJAVIK, IC","  39.9","24","  33.9","24","1037.6"," 7","999.9"," 0","  9.1","24","  6.7","24"," 12.0","999.9","  44.6","*","  33.4"," ","99.99"," ","999.9","010000"
"04030099999","2023-03-02","64.13","-21.940556","14.63","REYKJAVIK, IC","  43.9","22","  39.7","22","1031.8"," 7","999.9"," 0"," 11.9","22","  5.9","22"," 11.1","999.9","  46.4","*","  40.6"," ","99.99"," ","999.9","010000"
"04030099999","2023-03-03","64.13","-21.940556","14.63","REYKJAVIK, IC","  41.5","16","  33.5","16","9999.9"," 0","999.9"," 0"," 13.2","16","  4.1","15","  7.0","999.9","  46.4","*","  35.6","*","99.99"," ","999.9","010000"
"04030099999","2023-03-04","64.13","-21.940556","14.63","REYKJAVIK, IC","  39.3","24","  35.9","24","1031.2"," 7","999.9"," 0"," 13.5","24","  3.9","24","  7.0","999.9","  42.8","*","  35.2"," ","99.99"," ","999.9","010000"
"04030099999","2023-03-05","64.13","-21.940556","14.63","REYKJAVIK, IC","  36.5","24","  30.9","24","1027.6"," 6","999.9"," 0"," 11.1","24","  4.9","24"," 11.1","999.9","  41.0"," ","  26.6","*"," 0.00","I","999.9","100000"
"04030099999","2023-03-06","64.13","-21.940556","14.63","REYKJAVIK, IC","  25.5","24","   9.6","24","1030.5"," 6","999.9"," 0"," 12.3","24","  8.0","24"," 15.9"," 22.0","  34.7"," ","  21.9"," "," 0.00","I","999.9","000000"
"04030099999","2023-03-07","64.13","-21.940556","14.63","REYKJAVIK, IC","  23.1","24","   9.2","24","1024.0"," 8","999.9"," 0"," 13.8","24"," 13.5","24"," 21.0"," 33.0","  26.6","*","  19.0","*","99.99"," ","999.9","001000"
"04030099999","2023-03-08","64.13","-21.940556","14.63","REYKJAVIK, IC","  23.2","23","   5.7","23","1016.6"," 8","999.9"," 0"," 15.2","23","  8.5","23"," 18.1"," 28.0","  30.2","*","  16.2"," "," 0.00","I","999.9","000000"
"04030099999","2023-03-09","64.13","-21.940556","14.63","REYKJAVIK, IC","  24.7","24","   9.6","24","1015.5"," 8","999.9"," 0"," 15.6","24","  6.5","24"," 14.0","999.9","  32.0","*","  17.6"," "," 0.00","I","999.9","000000"
"04030099999","2023-03-10","64.13","-21.940556","14.63","REYKJAVIK, IC","  18.1","24","  -0.6","24","1019.8"," 7","999.9"," 0"," 15.5","24","  9.2","24"," 14.0"," 17.1","  28.6"," ","  14.0","*"," 0.00","I","999.9","000000"
"04030099999","2023-03-11","64.13","-21.940556","14.63","REYKJAVIK, IC","  13.7","24","  -6.8","24","1016.4"," 8","999.9"," 0"," 16.3","24","  9.2","24"," 15.9","999.9","  19.4","*","   5.4"," "," 0.00","I","999.9","000000"
"04030099999","2023-03-12","64.13","-21.940556","14.63","REYKJAVIK, IC","  18.1","24","  -0.3","24","1010.1"," 8","999.9"," 0"," 15.5","24"," 11.4","24"," 19.0"," 28.9","  23.0","*","  13.5"," "," 0.00","I","999.9","000000"
"04030099999","2023-03-13","64.13","-21.940556","14.63","REYKJAVIK, IC","  20.1","24","   5.2","24","1008.5"," 8","999.9"," 0"," 17.2","24"," 14.4","24"," 22.0"," 34.0","  26.6"," ","  14.7"," "," 0.00","I","999.9","000000"
"04030099999","2023-03-14","64.13","-21.940556","14.63","REYKJAVIK, IC","  20.8","24","   7.9","24","1015.3"," 5","999.9"," 0"," 12.0","24"," 13.8","23"," 21.0"," 32.1","  26.6","*","  15.8","*"," 0.00","I","999.9","000000"
"04030099999","2023-03-15","64.13","-21.940556","14.63","REYKJAVIK, IC","  19.6","24","  -0.5","24","1017.0"," 7","999.9"," 0"," 15.2","24","  7.2","24"," 12.0","999.9","  28.4","*","  10.4","*"," 0.00","I","999.9","000000"
"04030099999","2023-03-16","64.13","-21.940556","14.63","REYKJAVIK, IC","  25.9","24","   1.0","23","1014.6"," 7","999.9"," 0"," 15.0","24","  6.5","24","  9.9","999.9","  35.6","*","  17.6","*"," 0.00","I","999.9","000000"
"04030099999","2023-03-17","64.13","-21.940556","14.63","REYKJAVIK, IC","  27.9","24","   5.7","23","1011.7"," 6","999.9"," 0"," 14.5","24","  4.0","23","  9.9","999.9","  36.7"," ","  20.8","*"," 0.00","I","999.9","000000"
"04030099999","2023-03-18","64.13","-21.940556","14.63","REYKJAVIK, IC","  29.7","24","  18.3","24","1011.9"," 6","999.9"," 0"," 11.8","24","  7.0","24"," 15.9","999.9","  35.6","*","  23.0"," ","99.99"," ","999.9","001000"
"04030099999","2023-03-19","64.13","-21.940556","14.63","REYKJAVIK, IC","  26.3","24","  11.9","24","1014.5"," 7","999.9"," 0"," 16.8","24","  6.4","24"," 15.9","999.9","  33.1"," ","  18.9"," "," 0.00","I","999.9","000000"
"04030099999","2023-03-20","64.13","-21.940556","14.63","REYKJAVIK, IC","  31.8","24","  16.4","24","1010.2"," 8","999.9"," 0"," 18.6","24"," 11.8","24"," 19.0"," 27.0","  37.4","*","  25.3"," "," 0.00","I","999.9","000000"
"04030099999","2023-03-21","64.13","-21.940556","14.63","REYKJAVIK, IC","  34.8","23","  24.8","23"," 994.8"," 5","999.9"," 0"," 10.4","23"," 15.9","23"," 22.9"," 35.0","  37.4","*","  29.3"," ","99.99"," ","999.9","001000"
"04030099999","2023-03-22","64.13","-21.940556","14.63","REYKJAVIK, IC","  36.2","24","  19.9","24"," 990.7"," 8","999.9"," 0"," 13.4","24","  8.6","24"," 15.0"," 25.1","  39.6"," ","  30.9","*"," 0.00","I","999.9","000000"
"04030099999","2023-03-23","64.13","-21.940556","14.63","REYKJAVIK, IC","  31.8","24","  12.3","24"," 996.8"," 8","999.9"," 0"," 16.0","24","  6.7","24"," 14.0","999.9","  37.4","*","  24.8","*"," 0.00","I","999.9","000000"
"04030099999","2023-03-24","64.13","-21.940556","14.63","REYKJAVIK, IC","  30.4","24","  12.1","24","1006.8"," 8","999.9"," 0"," 15.1","24","  5.9","24"," 13.0","999.9","  35.2"," ","  24.8","*"," 0.00","I","999.9","000000"
"04030099999","2023-03-25","64.13","-21.940556","14.63","REYKJAVIK, IC","  30.3","24","  13.8","24","1015.0"," 8","999.9"," 0"," 15.5","24","  5.1","24"," 11.1","999.9","  37.4","*","  23.0","*"," 0.00","I","999.9","000000"
"04030099999","2023-03-26","64.13","-21.940556","14.63","REYKJAVIK, IC","  30.3","24","  18.0","24","1021.4"," 8","999.9"," 0"," 16.3","24","  7.8","24"," 17.1","999.9","  35.6","*","  26.2"," "," 0.00","I","999.9","000000"
"04030099999","2023-03-27","64.13","-21.940556","14.63","REYKJAVIK, IC","  28.4","23","  12.7","23","1023.1"," 8","999.9"," 0"," 18.3","23","  6.4","23"," 15.0","999.9","  34.2"," ","  19.6"," "," 0.00","I","999.9","000000"
"04030099999","2023-03-28","64.13","-21.940556","14.63","REYKJAVIK, IC","  33.0","24","  14.3","24","1012.6"," 8","999.9"," 0"," 17.3","24"," 11.5","24"," 18.1"," 24.1","  37.6"," ","  26.1"," "," 0.00","I","999.9","000000"
"04030099999","2023-03-29","64.13","-21.940556","14.63","REYKJAVIK, IC","  38.5","24","  30.5","24"," 995.2"," 7","999.9"," 0"," 11.1","24"," 15.4","24"," 22.9"," 33.0","  44.6","*","  31.6"," ","99.99"," ","999.9","011000"
"04030099999","2023-03-30","64.13","-21.940556","14.63","REYKJAVIK, IC","  42.6","24","  35.5","24"," 983.7"," 6","999.9"," 0"," 11.1","24","  9.5","24"," 19.0"," 28.0","  46.6"," ","  38.1"," ","99.99"," ","999.9","010000"
"04030099999","2023-03-31","64.13","-21.940556","14.63","REYKJAVIK, IC","  42.1","24","  39.5","24"," 988.1"," 7","999.9"," 0","  7.0","24","  6.1","24"," 14.0","999.9","  48.2","*","  36.9"," ","99.99"," ","999.9","010000"
"04030099999","2023-04-01","64.13","-21.940556","14.63","REYKJAVIK, IC","  39.2","24","  34.2","24","1002.2"," 6","999.9"," 0","  8.4","24"," 11.7","24"," 22.9"," 34.0","  46.6"," ","  34.9"," ","99.99"," ","999.9","010000"
"04030099999","2023-04-02","64.13","-21.940556","14.63","REYKJAVIK, IC","  40.5","24","  31.1","24","1015.9"," 7","999.9"," 0"," 11.4","24","  9.3","24"," 15.9","999.9","  46.8"," ","  35.8"," ","99.99"," ","999.9","010000"
"04030099999","2023-04-03","64.13","-21.940556","14.63","REYKJAVIK, IC","  45.2","24","  40.1","23","1002.4"," 7","999.9"," 0","  8.4","24"," 15.8","23"," 22.9"," 35.0","  48.6"," ","  38.3","*","99.99"," ","999.9","010000"
"04030099999","2023-04-04","64.13","-21.940556","14.63","REYKJAVIK, IC","  45.9","24","  41.3","24"," 993.4"," 8","999.9"," 0","  7.7","24"," 13.4","24"," 25.1"," 36.9","  48.4"," ","  42.8","*","99.99"," ","999.9","010000"
"04030099999","2023-04-05","64.13","-21.940556","14.63","REYKJAVIK, IC","  41.6","24","  38.3","24"," 996.9"," 7","999.9"," 0","  9.3","24","  4.4","24","  8.0","999.9","  47.8"," ","  37.4","*","99.99"," ","999.9","010000"
"04030099999","2023-04-06","64.13","-21.940556","14.63","REYKJAVIK, IC","  39.3","24","  32.2","24","1005.0"," 7","999.9"," 0"," 12.3","24","  6.6","24","  9.9","999.9","  45.1"," ","  33.8"," ","99.99"," ","999.9","011000"
"04030099999","2023-04-07","64.13","-21.940556","14.63","REYKJAVIK, IC","  43.7","24","  37.8","23","1000.3"," 7","999.9"," 0","  5.6","24"," 21.5","23"," 33.0"," 56.9","  50.0","*","  36.3","*","99.99"," ","999.9","010000"
"04030099999","2023-04-08","64.13","-21.940556","14.63","REYKJAVIK, IC","  47.0","24","  39.5","24","1003.3"," 7","999.9"," 0","  7.8","24"," 18.1","24"," 25.1"," 36.9","  50.0","*","  43.0"," ","99.99"," ","999.9","010000"
"04030099999","2023-04-09","64.13","-21.940556","14.63","REYKJAVIK, IC","  45.7","24","  39.9","23"," 997.2"," 5","999.9"," 0","  8.1","24"," 14.3","23"," 22.9"," 35.9","  50.0","*","  39.2","*","99.99"," ","999.9","010000"
"04030099999","2023-04-10","64.13","-21.940556","14.63","REYKJAVIK, IC","  42.0","24","  35.4","24"," 994.5"," 8","999.9"," 0"," 14.8","24","  6.6","24","  9.9","999.9","  48.6"," ","  36.1"," ","99.99"," ","999.9","010000"
"04030099999","2023-04-11","64.13","-21.940556","14.63","REYKJAVIK, IC","  38.8","23","  36.6","23"," 990.6"," 7","999.9"," 0","  9.6","23","  5.0","23"," 12.0","999.9","  44.4"," ","  36.9"," ","99.99"," ","999.9","010000"
"04030099999","2023-04-12","64.13","-21.940556","14.63","REYKJAVIK, IC","  39.6","24","  32.3","24","1000.1"," 7","999.9"," 0"," 15.4","24","  7.3","24"," 15.9","999.9","  46.4","*","  33.8","*"," 0.00","I","999.9","000000"
"04030099999","2023-04-13","64.13","-21.940556","14.63","REYKJAVIK, IC","  38.3","24","  30.5","24","1007.0"," 8","999.9"," 0"," 16.5","23","  3.9","24","  9.9","999.9","  46.4","*","  28.4","*","99.99"," ","999.9","010000"
"04030099999","2023-04-14","64.13","-21.940556","14.63","REYKJAVIK, IC","  42.0","24","  33.2","24","1008.4"," 5","999.9"," 0"," 13.2","24","  4.4","24"," 11.1","999.9","  51.8","*","  32.0","*"," 0.00","I","999.9","100000"
"04030099999","2023-04-15","64.13","-21.940556","14.63","REYKJAVIK, IC","  43.7","24","  31.8","24","1009.4"," 8","999.9"," 0"," 17.1","24","  7.5","24"," 12.0","999.9","  52.2"," ","  33.8","*"," 0.00","I","999.9","000000"
"04030099999","2023-04-16","64.13","-21.940556","14.63","REYKJAVIK, IC","  47.6","24","  39.9","23","1003.9"," 5","999.9"," 0","  8.7","24"," 15.0","23"," 22.9"," 35.9","  53.6","*","  42.8","*","99.99"," ","999.9","010000"
"04030099999","2023-04-17","64.13","-21.940556","14.63","REYKJAVIK, IC","  48.9","24","  44.1","24","1005.3"," 7","999.9"," 0","  8.3","24"," 11.0","24"," 20.0"," 28.9","  52.5"," ","  45.3"," ","99.99"," ","999.9","010000"
"04030099999","2023-04-18","64.13","-21.940556","14.63","REYKJAVIK, IC","  50.1","24","  44.5","24","9999.9"," 0","999.9"," 0","  6.6","24"," 11.9","24"," 15.9","999.9","  51.8","*","  48.0","*","99.99"," ","999.9","010000"
"04030099999","2023-04-19","64.13","-21.940556","14.63","REYKJAVIK, IC","  49.8","24","  45.7","24","1029.6"," 6","999.9"," 0","  8.4","24","  6.8","24"," 15.0","999.9","  53.6"," ","  46.4","*","99.99"," ","999.9","010000"
"04030099999","2023-04-20","64.13","-21.940556","14.63","REYKJAVIK, IC","  47.2","24","  40.7","22","1031.0"," 6","999.9"," 0","  8.6","24","  7.7","22"," 13.0"," 17.1","  53.1"," ","  44.4"," "," 0.00","I","999.9","100000"
"04030099999","2023-04-21","64.13","-21.940556","14.63","REYKJAVIK, IC","  45.2","24","  35.7","24","1029.5"," 8","999.9"," 0"," 10.9","24","  4.7","24"," 11.1","999.9","  51.8","*","  39.2","*"," 0.00","I","999.9","000000"
"04030099999","2023-04-22","64.13","-21.940556","14.63","REYKJAVIK, IC","  40.5","24","  35.1","24","1030.7"," 8","999.9"," 0","  7.9","24","  5.3","24","  8.9","999.9","  50.5"," ","  38.3"," ","99.99"," ","999.9","010000"
"04030099999","2023-04-23","64.13","-21.940556","14.63","REYKJAVIK, IC","  41.0","24","  34.7","24","1026.9"," 7","999.9"," 0"," 11.4","24","  6.3","23"," 11.1","999.9","  45.0"," ","  36.9"," ","99.99"," ","999.9","010000"
"04030099999","2023-04-24","64.13","-21.940556","14.63","REYKJAVIK, IC","  40.9","24","  31.2","23","1024.5"," 6","999.9"," 0"," 13.0","24","  5.3","23","  8.9","999.9","  48.2","*","  36.7","*","99.99"," ","999.9","011000"
"04030099999","2023-04-25","64.13","-21.940556","14.63","REYKJAVIK, IC","  38.5","24","  22.8","24","1025.6"," 8","999.9"," 0"," 14.1","24","  7.6","24"," 11.1","999.9","  46.4","*","  31.3"," ","99.99"," ","999.9","010000"
"04030099999","2023-04-26","64.13","-21.940556","14.63","REYKJAVIK, IC","  35.4","24","  26.3","24","1024.8"," 8","999.9"," 0"," 11.2","24","  8.4","24"," 15.0","999.9","  43.2"," ","  30.9"," ","99.99"," ","999.9","011000"
"04030099999","2023-04-27","64.13","-21.940556","14.63","REYKJAVIK, IC","  34.1","24","  29.3","24","1020.5"," 8","999.9"," 0","  7.5","24"," 10.6","24"," 14.0","999.9","  39.2","*","  28.8"," ","99.99"," ","999.9","001000"
"04030099999","2023-04-28","64.13","-21.940556","14.63","REYKJAVIK, IC","  37.2","23","  24.5","23","1024.5"," 7","999.9"," 0"," 14.9","23","  7.4","23"," 12.0","999.9","  44.6","*","  32.4"," "," 0.00","I","999.9","000000"
"04030099999","2023-04-29","64.13","-21.940556","14.63","REYKJAVIK, IC","  36.0","24","  18.3","24","1024.0"," 7","999.9"," 0"," 17.0","24","  7.1","24","  9.9","999.9","  44.6","*","  27.0"," "," 0.00","I","999.9","000000"
"04030099999","2023-04-30","64.13","-21.940556","14.63","REYKJAVIK, IC","  39.0","24","  19.0","24","1023.3"," 8","999.9"," 0"," 18.4","24","  8.9","24"," 20.0"," 22.9","  46.4","*","  32.0","*"," 0.00","I","999.9","000000"
"04030099999","2023-05-01","64.13","-21.940556","14.63","REYKJAVIK, IC","  38.2","24","  23.5","24","1025.9"," 8","999.9"," 0"," 17.3","24","  5.2","24"," 11.1","999.9","  47.5"," ","  28.0"," "," 0.00","I","999.9","000000"
"04030099999","2023-05-02","64.13","-21.940556","14.63","REYKJAVIK, IC","  42.0","23","  31.9","23","1027.2"," 6","999.9"," 0"," 12.7","23","  7.4","22"," 11.1","999.9","  46.4","*","  37.8"," ","99.99"," ","999.9","010000"
"04030099999","2023-05-03","64.13","-21.940556","14.63","REYKJAVIK, IC","  43.9","23","  33.2","23","1028.1"," 8","999.9"," 0"," 12.9","23","  8.3","23"," 13.0"," 22.9","  48.7"," ","  39.6"," ","99.99"," ","999.9","010000"
"04030099999","2023-05-04","64.13","-21.940556","14.63","REYKJAVIK, IC","  43.6","24","  35.7","24","1022.0"," 8","999.9"," 0"," 12.4","24","  8.8","24"," 14.0","999.9","  48.2","*","  36.5"," ","99.99"," ","999.9","010000"
"04030099999","2023-05-05","64.13","-21.940556","14.63","REYKJAVIK, IC","  47.1","24","  41.5","24","1012.6"," 8","999.9"," 0","  9.8","24"," 10.7","24"," 15.9"," 25.1","  50.0","*","  43.5"," ","99.99"," ","999.9","010000"
"04030099999","2023-05-06","64.13","-21.940556","14.63","REYKJAVIK, IC","  48.9","24","  39.4","24","1007.0"," 8","999.9"," 0"," 11.9","24","  6.6","24","  9.9","999.9","  55.4","*","  42.4"," ","99.99"," ","999.9","010000"
"04030099999","2023-05-07","64.13","-21.940556","14.63","REYKJAVIK, IC","  52.3","24","  45.0","24","1000.7"," 8","999.9"," 0"," 10.5","24","  8.5","24"," 15.9","999.9","  58.1"," ","  47.7"," ","99.99"," ","999.9","010000"
"04030099999","2023-05-08","64.13","-21.940556","14.63","REYKJAVIK, IC","  51.3","24","  45.6","24"," 997.4"," 8","999.9"," 0","  9.7","24","  7.3","23"," 13.0","999.9","  55.4","*","  47.8"," ","99.99"," ","999.9","010000"
"04030099999","2023-05-09","64.13","-21.940556","14.63","REYKJAVIK, IC","  50.4","24","  46.9","23"," 998.7"," 7","999.9"," 0","  9.9","24","  4.1","23","  7.0","999.9","  54.1"," ","  47.8"," ","99.99"," ","999.9","010000"
"04030099999","2023-05-10","64.13","-21.940556","14.63","REYKJAVIK, IC","  48.1","24","  45.5","23","1008.2"," 6","999.9"," 0","  7.4","24","  3.1","23","  7.0","999.9","  53.2"," ","  45.9","*"," 0.00","I","999.9","100000"
"04030099999","2023-05-11","64.13","-21.940556","14.63","REYKJAVIK, IC","  47.5","24","  42.9","23","1016.9"," 6","999.9"," 0","  7.4","24","  9.3","23"," 15.9","999.9","  52.3"," ","  43.3"," ","99.99"," ","999.9","110000"
"04030099999","2023-05-12","64.13","-21.940556","14.63","REYKJAVIK, IC","  45.8","23","  41.4","23","1009.6"," 7","999.9"," 0","  9.2","23","  8.9","23"," 17.1"," 27.0","  50.0","*","  43.0"," ","99.99"," ","999.9","010000"
"04030099999","2023-05-13","64.13","-21.940556","14.63","REYKJAVIK, IC","  42.9","24","  37.5","23","1002.8"," 7","999.9"," 0","  9.0","24"," 10.1","23"," 21.0"," 24.1","  48.4"," ","  39.6","*","99.99"," ","999.9","010000"
"04030099999","2023-05-14","64.13","-21.940556","14.63","REYKJAVIK, IC","  42.8","24","  36.3","23"," 998.9"," 6","999.9"," 0"," 10.2","24"," 13.8","23"," 22.9","999.9","  46.4","*","  38.7"," ","99.99"," ","999.9","010000"
"04030099999","2023-05-15","64.13","-21.940556","14.63","REYKJAVIK, IC","  40.6","23","  33.0","23","1009.3"," 7","999.9"," 0"," 12.3","23","  9.7","23"," 17.1","999.9","  44.6","*","  35.4"," ","99.99"," ","999.9","010000"
"04030099999","2023-05-16","64.13","-21.940556","14.63","REYKJAVIK, IC","  40.8","23","  33.3","23","1016.7"," 7","999.9"," 0"," 13.5","23","  7.7","21"," 11.1","999.9","  48.2","*","  32.0","*","99.99"," ","999.9","010000"
"04030099999","2023-05-17","64.13","-21.940556","14.63","REYKJAVIK, IC","  46.9","24","  41.0","24","1007.9"," 6","999.9"," 0","  7.7","24","  6.3","24"," 14.0","999.9","  48.2","*","  42.8"," ","99.99"," ","999.9","010000"
"04030099999","2023-05-18","64.13","-21.940556","14.63","REYKJAVIK, IC","  48.5","22","  45.4","22"," 993.4"," 8","999.9"," 0","  5.6","22"," 15.2","22"," 20.0"," 28.9","  52.2"," ","  43.9"," ","99.99"," ","999.9","010000"
"04030099999","2023-05-19","64.13","-21.940556","14.63","REYKJAVIK, IC","  46.3","24","  42.0","24","1002.3"," 8","999.9"," 0","  6.2","24"," 16.9","24"," 27.0"," 40.0","  51.8","*","  41.2"," ","99.99"," ","999.9","010000"
"04030099999","2023-05-20","64.13","-21.940556","14.63","REYKJAVIK, IC","  43.1","24","  36.6","24","1002.0"," 5","999.9"," 0","  6.2","24"," 22.4","24"," 33.0"," 44.1","  48.0"," ","  39.2","*","99.99"," ","999.9","011100"
"04030099999","2023-05-21","64.13","-21.940556","14.63","REYKJAVIK, IC","  42.3","24","  37.7","24"," 999.7"," 8","999.9"," 0","  6.8","24"," 15.9","24"," 25.1"," 38.1","  46.4","*","  35.2"," ","99.99"," ","999.9","011000"
"04030099999","2023-05-22","64.13","-21.940556","14.63","REYKJAVIK, IC","  43.2","24","  35.8","24","1003.3"," 7","999.9"," 0","  8.0","24"," 13.2","24"," 24.1"," 32.1","  48.2","*","  35.6"," ","99.99"," ","999.9","010000"
"04030099999","2023-05-23","64.13","-21.940556","14.63","REYKJAVIK, IC","  44.4","24","  38.5","23"," 996.2"," 6","999.9"," 0","  5.8","24"," 24.0","23"," 35.9"," 48.0","  46.4"," ","  36.7"," ","99.99"," ","999.9","011000"
"04030099999","2023-05-24","64.13","-21.940556","14.63","REYKJAVIK, IC","  43.9","23","  31.7","23","1004.4"," 6","999.9"," 0","  7.6","23"," 24.4","23"," 33.0"," 45.1","  46.4","*","  41.4","*","99.99"," ","999.9","010000"
"04030099999","2023-05-25","64.13","-21.940556","14.63","REYKJAVIK, IC","  45.6","24","  37.9","24","1017.9"," 4","999.9"," 0","  6.3","24"," 16.2","24"," 21.0","999.9","  48.7"," ","  42.3","*","99.99"," ","999.9","010000"
"04030099999","2023-05-26","64.13","-21.940556","14.63","REYKJAVIK, IC","  44.5","24","  40.9","24","1009.8"," 8","999.9"," 0","  6.4","24"," 14.6","24"," 28.0","999.9","  50.0","*","  40.6"," ","99.99"," ","999.9","010000"
"04030099999","2023-05-27","64.13","-21.940556","14.63","REYKJAVIK, IC","  43.2","24","  32.2","24","1013.8"," 8","999.9"," 0"," 12.1","24"," 16.3","24"," 31.1"," 42.0","  47.3"," ","  38.5"," ","99.99"," ","999.9","010000"
"04030099999","2023-05-28","64.13","-21.940556","14.63","REYKJAVIK, IC","  45.1","24","  42.5","24","1015.0"," 8","999.9"," 0","  5.7","24"," 13.2","24"," 20.0","999.9","  48.2","*","  41.4"," ","99.99"," ","999.9","110000"
"04030099999","2023-05-29","64.13","-21.940556","14.63","REYKJAVIK, IC","  48.7","24","  47.0","24","1017.6"," 7","999.9"," 0","  3.7","24"," 14.7","24"," 22.0","999.9","  51.8","*","  45.3"," ","99.99"," ","999.9","110000"
"04030099999","2023-05-30","64.13","-21.940556","14.63","REYKJAVIK, IC","  44.8","24","  41.6","23","1023.3"," 7","999.9"," 0","  6.5","24"," 11.9","23"," 18.1","999.9","  48.9"," ","  42.8"," ","99.99"," ","999.9","010000"
"04030099999","2023-05-31","64.13","-21.940556","14.63","REYKJAVIK, IC","  46.3","24","  43.4","24","1031.5"," 6","999.9"," 0","  6.7","24","  4.8","24"," 11.1","999.9","  50.0","*","  42.3","*","99.99"," ","999.9","010000"
"04030099999","2023-06-01","64.13","-21.940556","14.63","REYKJAVIK, IC","  49.3","23","  47.1","23","1031.2"," 5","999.9"," 0","  7.2","23","  4.6","23","  8.0","999.9","  57.7"," ","  43.9"," ","99.99"," ","999.9","110000"
"04030099999","2023-06-02","64.13","-21.940556","14.63","REYKJAVIK, IC","  50.2","23","  47.7","23","1029.5"," 7","999.9"," 0","  7.5","23","  4.5","23","  8.0","999.9","  55.6"," ","  46.6"," ","99.99"," ","999.9","110000"
"04030099999","2023-06-03","64.13","-21.940556","14.63","REYKJAVIK, IC","  50.8","24","  44.5","24","1025.6"," 8","999.9"," 0"," 12.8","24","  8.0","24"," 13.0","999.9","  52.5"," ","  47.7"," ","99.99"," ","999.9","010000"
"04030099999","2023-06-04","64.13","-21.940556","14.63","REYKJAVIK, IC","  49.9","24","  43.9","24","1022.9"," 8","999.9"," 0"," 10.4","24","  9.7","23"," 18.1","999.9","  54.7"," ","  47.1"," ","99.99"," ","999.9","010000"
"04030099999","2023-06-05","64.13","-21.940556","14.63","REYKJAVIK, IC","  46.3","24","  41.8","24","1022.8"," 6","999.9"," 0","  9.9","24","  7.3","24"," 12.0","999.9","  49.3"," ","  43.5"," ","99.99"," ","999.9","010000"
"04030099999","2023-06-06","64.13","-21.940556","14.63","REYKJAVIK, IC","  44.1","24","  38.2","24","1024.7"," 7","999.9"," 0"," 10.4","24","  7.0","24"," 11.1","999.9","  48.2","*","  41.0"," ","99.99"," ","999.9","010000"
"04030099999","2023-06-07","64.13","-21.940556","14.63","REYKJAVIK, IC","  45.0","24","  38.1","24","1024.6"," 8","999.9"," 0"," 14.1","24","  7.3","24"," 15.0","999.9","  52.2"," ","  39.2"," ","99.99"," ","999.9","010000"
"04030099999","2023-06-08","64.13","-21.940556","14.63","REYKJAVIK, IC","  48.6","23","  46.4","23","1016.2"," 6","999.9"," 0","  5.9","23"," 12.8","22"," 17.1","999.9","  50.0"," ","  46.2"," ","99.99"," ","999.9","010000"
"04030099999","2023-06-09","64.13","-21.940556","14.63","REYKJAVIK, IC","  48.1","24","  41.8","24","1009.5"," 6","999.9"," 0","  9.0","24"," 14.4","24"," 22.9","999.9","  50.0","*","  44.6","*","99.99"," ","999.9","010000"
"04030099999","2023-06-10","64.13","-21.940556","14.63","REYKJAVIK, IC","  44.9","24","  35.7","24","1012.8"," 7","999.9"," 0"," 10.9","24"," 10.1","24"," 15.9","999.9","  48.2","*","  37.2"," "," 0.00","I","999.9","000000"
"04030099999","2023-06-11","64.13","-21.940556","14.63","REYKJAVIK, IC","  47.4","24","  40.3","24","1016.7"," 7","999.9"," 0","  9.1","24"," 11.7","24"," 15.9","999.9","  50.0","*","  43.9"," "," 0.00","I","999.9","000000"
"04030099999","2023-06-12","64.13","-21.940556","14.63","REYKJAVIK, IC","  47.2","24","  40.4","24","1020.1"," 8","999.9"," 0","  9.9","24","  7.3","24"," 12.0","999.9","  50.0","*","  43.7"," ","99.99"," ","999.9","010000"
"04030099999","2023-06-13","64.13","-21.940556","14.63","REYKJAVIK, IC","  50.1","24","  41.3","24","1021.1"," 7","999.9"," 0"," 15.1","24","  4.3","23","  9.9","999.9","  55.4","*","  41.0","*"," 0.00","I","999.9","000000"
"04030099999","2023-06-14","64.13","-21.940556","14.63","REYKJAVIK, IC","  52.1","23","  45.8","23","1020.7"," 8","999.9"," 0"," 14.2","23","  7.9","23"," 15.9","999.9","  60.6"," ","  42.4"," ","99.99"," ","999.9","010000"
"04030099999","2023-06-15","64.13","-21.940556","14.63","REYKJAVIK, IC","  56.6","22","  46.9","22","1022.3"," 7","999.9"," 0"," 12.7","22","  6.2","22"," 12.0","999.9","  62.6","*","  52.2"," "," 0.00","I","999.9","000000"
"04030099999","2023-06-16","64.13","-21.940556","14.63","REYKJAVIK, IC","  54.6","24","  51.2","24","1021.0"," 8","999.9"," 0","  8.1","24","  3.4","24","  8.0","999.9","  60.4"," ","  51.4"," "," 0.00","I","999.9","000000"
"04030099999","2023-06-17","64.13","-21.940556","14.63","REYKJAVIK, IC","  53.7","24","  50.1","24","1017.0"," 7","999.9"," 0","  8.6","24","  5.0","24"," 13.0","999.9","  59.0","*","  50.0","*","99.99"," ","999.9","010000"
"04030099999","2023-06-18","64.13","-21.940556","14.63","REYKJAVIK, IC","  48.2","22","  46.3","22","1014.6"," 7","999.9"," 0","  6.1","22","  3.0","22","  7.0","999.9","  51.8"," ","  44.6","*","99.99"," ","999.9","010000"
"04030099999","2023-06-19","64.13","-21.940556","14.63","REYKJAVIK, IC","  48.2","24","  46.0","24","1011.1"," 7","999.9"," 0","  7.6","24","  3.3","24","  6.0","999.9","  52.0"," ","  43.2","*","99.99"," ","999.9","010000"
"04030099999","2023-06-20","64.13","-21.940556","14.63","REYKJAVIK, IC","  52.0","24","  45.9","24","1004.7"," 6","999.9"," 0"," 12.6","24","  5.0","23"," 14.0","999.9","  57.2","*","  48.0"," "," 0.00","I","999.9","000000"
"04030099999","2023-06-21","64.13","-21.940556","14.63","REYKJAVIK, IC","  51.7","24","  42.0","23","1003.4"," 7","999.9"," 0"," 17.1","24","  5.6","23"," 12.0","999.9","  59.0","*","  43.9","*"," 0.00","I","999.9","000000"
"04030099999","2023-06-22","64.13","-21.940556","14.63","REYKJAVIK, IC","  51.0","22","  43.5","22","1007.1"," 8","999.9"," 0"," 14.1","22","  9.7","22"," 15.9","999.9","  58.1"," ","  46.4"," ","99.99"," ","999.9","010000"
"04030099999","2023-06-23","64.13","-21.940556","14.63","REYKJAVIK, IC","  56.0","24","  52.8","24"," 999.5"," 7","999.9"," 0","  5.8","24"," 13.6","24"," 20.0"," 32.1","  60.8","*","  51.4","*","99.99"," ","999.9","010000"
"04030099999","2023-06-24","64.13","-21.940556","14.63","REYKJAVIK, IC","  55.0","24","  50.9","24"," 999.1"," 7","999.9"," 0","  7.2","24","  7.3","24"," 15.9","999.9","  61.2"," ","  50.2"," ","99.99"," ","999.9","110000"
"04030099999","2023-06-25","64.13","-21.940556","14.63","REYKJAVIK, IC","  49.8","23","  46.7","23"," 995.6"," 7","999.9"," 0","  9.1","23","  7.7","23"," 15.0","999.9","  56.1"," ","  45.0","*","99.99"," ","999.9","010000"
"04030099999","2023-06-26","64.13","-21.940556","14.63","REYKJAVIK, IC","  54.1","24","  45.8","23","1000.9"," 7","999.9"," 0"," 12.3","24","  9.5","23"," 13.0","999.9","  59.7"," ","  44.6"," ","99.99"," ","999.9","010000"
"04030099999","2023-06-27","64.13","-21.940556","14.63","REYKJAVIK, IC","  54.1","23","  46.0","23"," 998.7"," 7","999.9"," 0"," 12.8","23","  7.5","22"," 13.0","999.9","  59.7"," ","  50.0","*","99.99"," ","999.9","010000"
"04030099999","2023-06-28","64.13","-21.940556","14.63","REYKJAVIK, IC","  49.3","24","  45.3","24"," 992.9"," 8","999.9"," 0","  9.8","24"," 13.6","24"," 22.0"," 32.1","  53.6","*","  46.0"," ","99.99"," ","999.9","010000"
"04030099999","2023-06-29","64.13","-21.940556","14.63","REYKJAVIK, IC","  46.4","21","  43.9","21"," 998.7"," 7","999.9"," 0","  6.6","21"," 11.3","21"," 19.0","999.9","  48.2","*","  43.5"," ","99.99"," ","999.9","010000"
"04030099999","2023-06-30","64.13","-21.940556","14.63","REYKJAVIK, IC","  49.1","24","  45.0","24"," 995.9"," 8","999.9"," 0","  9.7","24","  5.5","24"," 12.0","999.9","  53.6","*","  43.5"," ","99.99"," ","999.9","010000"
"04030099999","2023-07-01","64.13","-21.940556","14.63","REYKJAVIK, IC","  50.3","24","  46.5","24"," 998.8"," 6","999.9"," 0"," 12.7","24","  2.9","24","  6.0","999.9","  55.4","*","  45.9","*","99.99"," ","999.9","010000"
"04030099999","2023-07-02","64.13","-21.940556","14.63","REYKJAVIK, IC","  53.3","24","  46.6","24","1006.8"," 8","999.9"," 0"," 13.8","24","  4.0","24"," 15.9","999.9","  62.6"," ","  48.2"," ","99.99"," ","999.9","010000"
"04030099999","2023-07-03","64.13","-21.940556","14.63","REYKJAVIK, IC","  53.8","24","  39.3","24","1010.0"," 5","999.9"," 0"," 12.9","24","  8.5","24"," 22.0"," 22.9","  63.3"," ","  44.6","*"," 0.00","I","999.9","000000"
"04030099999","2023-07-04","64.13","-21.940556","14.63","REYKJAVIK, IC","  49.7","24","  35.9","23","1009.9"," 5","999.9"," 0"," 15.3","24"," 14.0","23"," 21.0"," 28.9","  62.2"," ","  44.6","*"," 0.00","I","999.9","000000"
"04030099999","2023-07-05","64.13","-21.940556","14.63","REYKJAVIK, IC","  47.5","24","  37.8","24","1009.6"," 8","999.9"," 0"," 15.7","24"," 11.8","24"," 25.1"," 27.0","  55.4","*","  39.4"," "," 0.00","I","999.9","000000"
"04030099999","2023-07-06","64.13","-21.940556","14.63","REYKJAVIK, IC","  51.3","23","  39.6","22","1013.5"," 7","999.9"," 0"," 18.9","23","  6.7","22"," 14.0","999.9","  59.0"," ","  39.2","*"," 0.00","I","999.9","000000"
"04030099999","2023-07-07","64.13","-21.940556","14.63","REYKJAVIK, IC","  54.7","24","  45.0","24","1015.4"," 8","999.9"," 0"," 16.5","24","  6.2","24"," 12.0","999.9","  62.6","*","  46.2"," "," 0.00","I","999.9","000000"
"04030099999","2023-07-08","64.13","-21.940556","14.63","REYKJAVIK, IC","  57.2","23","  45.3","23","1016.8"," 6","999.9"," 0"," 15.6","23","  5.6","23"," 13.0","999.9","  64.4","*","  52.3"," "," 0.00","I","999.9","000000"
"04030099999","2023-07-09","64.13","-21.940556","14.63","REYKJAVIK, IC","  55.9","23","  49.3","23","1017.6"," 5","999.9"," 0"," 14.3","23","  3.9","23","  7.0","999.9","  63.9"," ","  50.9"," "," 0.00","I","999.9","000000"
"04030099999","2023-07-10","64.13","-21.940556","14.63","REYKJAVIK, IC","  56.2","24","  50.7","22","1016.5"," 6","999.9"," 0"," 11.4","24","  4.1","22","  6.0","999.9","  65.5"," ","  49.6","*"," 0.00","I","999.9","100000"
"04030099999","2023-07-11","64.13","-21.940556","14.63","REYKJAVIK, IC","  58.8","24","  45.1","24","1015.8"," 8","999.9"," 0"," 14.4","24","  7.5","24"," 15.0","999.9","  66.2","*","  52.2"," ","99.99"," ","999.9","010000"
"04030099999","2023-07-12","64.13","-21.940556","14.63","REYKJAVIK, IC","  54.9","23","  39.3","23","1013.6"," 4","999.9"," 0"," 12.7","23","  8.9","23"," 20.0","999.9","  62.6","*","  48.9","*"," 0.00","I","999.9","000000"
"04030099999","2023-07-13","64.13","-21.940556","14.63","REYKJAVIK, IC","  48.9","23","  38.4","23","1013.9"," 6","999.9"," 0"," 14.8","23"," 12.7","23"," 22.0"," 31.1","  55.4","*","  43.9","*","99.99"," ","999.9","010000"
"04030099999","2023-07-14","64.13","-21.940556","14.63","REYKJAVIK, IC","  48.6","23","  39.7","23","1012.9"," 8","999.9"," 0"," 15.5","23"," 16.7","23"," 25.1"," 36.9","  53.4"," ","  44.2"," ","99.99"," ","999.9","010000"
"04030099999","2023-07-15","64.13","-21.940556","14.63","REYKJAVIK, IC","  49.4","24","  40.3","24","1011.2"," 7","999.9"," 0"," 15.1","24"," 11.5","23"," 26.0"," 36.9","  55.4","*","  46.0","*","99.99"," ","999.9","010000"
"04030099999","2023-07-16","64.13","-21.940556","14.63","REYKJAVIK, IC","  51.8","24","  40.1","24","1010.1"," 7","999.9"," 0"," 15.5","24","  7.8","24"," 15.9"," 24.1","  59.0","*","  44.2"," "," 0.00","I","999.9","000000"
"04030099999","2023-07-17","64.13","-21.940556","14.63","REYKJAVIK, IC","  51.1","24","  42.0","24","1014.1"," 8","999.9"," 0"," 16.8","24","  9.1","24"," 15.0","999.9","  58.3"," ","  44.4"," "," 0.00","I","999.9","000000"
"04030099999","2023-07-18","64.13","-21.940556","14.63","REYKJAVIK, IC","  51.5","24","  45.9","24","1017.2"," 8","999.9"," 0"," 11.1","24","  7.9","24"," 18.1","999.9","  57.2","*","  44.6"," "," 0.00","I","999.9","100000"
"04030099999","2023-07-19","64.13","-21.940556","14.63","REYKJAVIK, IC","  51.4","24","  47.4","24","1018.1"," 8","999.9"," 0"," 12.3","24","  5.2","24","  8.9","999.9","  56.1"," ","  46.9"," "," 0.00","I","999.9","000000"
"04030099999","2023-07-20","64.13","-21.940556","14.63","REYKJAVIK, IC","  52.7","23","  49.1","23","1014.3"," 7","999.9"," 0"," 10.3","23","  4.0","23","  7.0","999.9","  55.9"," ","  50.4"," "," 0.00","I","999.9","100000"
"04030099999","2023-07-21","64.13","-21.940556","14.63","REYKJAVIK, IC","  55.7","24","  47.9","24","1010.6"," 7","999.9"," 0","  6.2","24","  6.8","23"," 11.1","999.9","  59.7"," ","  52.0","*"," 0.00","I","999.9","100000"
"04030099999","2023-07-22","64.13","-21.940556","14.63","REYKJAVIK, IC","  54.2","24","  47.3","24","1013.4"," 6","999.9"," 0","  8.3","24","  4.5","24","  8.0","999.9","  58.8"," ","  51.4"," "," 0.00","I","999.9","000000"
"04030099999","2023-07-23","64.13","-21.940556","14.63","REYKJAVIK, IC","  54.3","24","  50.0","24","1016.5"," 8","999.9"," 0","  8.6","24","  4.2","24","  8.0","999.9","  59.4"," ","  50.2"," ","99.99"," ","999.9","010000"
"04030099999","2023-07-24","64.13","-21.940556","14.63","REYKJAVIK, IC","  53.6","23","  50.1","23","1011.4"," 5","999.9"," 0","  9.4","23","  3.2","22","  7.0","999.9","  59.0","*","  48.2","*"," 0.00","I","999.9","100000"
"04030099999","2023-07-25","64.13","-21.940556","14.63","REYKJAVIK, IC","  54.1","24","  48.3","23","1007.5"," 7","999.9"," 0"," 11.4","24","  3.4","23","  7.0","999.9","  58.5"," ","  49.3"," ","99.99"," ","999.9","010000"
"04030099999","2023-07-26","64.13","-21.940556","14.63","REYKJAVIK, IC","  56.8","24","  48.3","24","1005.7"," 8","999.9"," 0"," 10.5","24","  6.2","24"," 11.1","999.9","  62.8"," ","  51.8","*"," 0.00","I","999.9","000000"
"04030099999","2023-07-27","64.13","-21.940556","14.63","REYKJAVIK, IC","  55.0","22","  42.9","22","1003.3"," 6","999.9"," 0"," 13.9","22","  7.2","22"," 15.0","999.9","  64.4","*","  46.4","*"," 0.00","I","999.9","000000"
"04030099999","2023-07-28","64.13","-21.940556","14.63","REYKJAVIK, IC","  55.1","24","  43.2","22","1004.8"," 5","999.9"," 0"," 17.1","24","  5.8","21"," 15.0","999.9","  62.6","*","  48.2","*"," 0.00","I","999.9","000000"
"04030099999","2023-07-29","64.13","-21.940556","14.63","REYKJAVIK, IC","  54.7","24","  44.5","24","1005.7"," 8","999.9"," 0"," 16.3","24","  5.5","24"," 11.1","999.9","  61.5"," ","  48.2","*"," 0.00","I","999.9","000000"
"04030099999","2023-07-30","64.13","-21.940556","14.63","REYKJAVIK, IC","  54.2","24","  50.2","24","1006.6"," 8","999.9"," 0"," 11.5","24","  4.0","24","  7.0","999.9","  56.8"," ","  51.3"," ","99.99"," ","999.9","110000"
"04030099999","2023-07-31","64.13","-21.940556","14.63","REYKJAVIK, IC","  54.6","24","  50.0","24","1007.5"," 7","999.9"," 0"," 11.9","24","  4.6","24","  8.0","999.9","  60.6"," ","  51.1"," ","99.99"," ","999.9","010000"
"04030099999","2023-08-01","64.13","-21.940556","14.63","REYKJAVIK, IC","  52.5","24","  48.2","24","1007.9"," 7","999.9"," 0","  8.0","24","  4.5","24","  8.9","999.9","  57.7"," ","  47.7"," "," 0.00","I","999.9","000000"
"04030099999","2023-08-02","64.13","-21.940556","14.63","REYKJAVIK, IC","  54.1","24","  46.2","24","1010.7"," 8","999.9"," 0"," 17.1","24","  7.1","24"," 17.1","999.9","  60.8","*","  31.8"," "," 0.00","I","999.9","100000"
"04030099999","2023-08-03","64.13","-21.940556","14.63","REYKJAVIK, IC","  54.0","24","  46.7","24","1015.0"," 8","999.9"," 0"," 15.5","24","  5.8","24","  9.9","999.9","  56.8"," ","  51.6"," ","99.99"," ","999.9","010000"
"04030099999","2023-08-04","64.13","-21.940556","14.63","REYKJAVIK, IC","  52.9","24","  46.8","24","1012.2"," 7","999.9"," 0"," 10.2","24","  5.5","24"," 11.1","999.9","  58.5"," ","  46.2"," ","99.99"," ","999.9","010000"
"04030099999","2023-08-05","64.13","-21.940556","14.63","REYKJAVIK, IC","  53.5","24","  49.3","23","1011.4"," 6","999.9"," 0"," 10.1","24","  5.7","23"," 11.1","999.9","  58.5"," ","  49.5"," ","99.99"," ","999.9","010000"
"04030099999","2023-08-06","64.13","-21.940556","14.63","REYKJAVIK, IC","  52.3","24","  50.4","24","1013.0"," 8","999.9"," 0","  9.7","24","  4.3","24","  8.0","999.9","  55.4"," ","  50.4"," ","99.99"," ","999.9","010000"
"04030099999","2023-08-07","64.13","-21.940556","14.63","REYKJAVIK, IC","  53.5","22","  50.9","22","1016.1"," 7","999.9"," 0"," 16.4","22","  3.8","22","  7.0","999.9","  58.6"," ","  48.7"," ","99.99"," ","999.9","110000"
"04030099999","2023-08-08","64.13","-21.940556","14.63","REYKJAVIK, IC","  53.7","24","  48.4","24","1017.2"," 7","999.9"," 0"," 12.2","24","  4.7","24"," 11.1","999.9","  57.2","*","  48.9"," ","99.99"," ","999.9","010000"
"04030099999","2023-08-09","64.13","-21.940556","14.63","REYKJAVIK, IC","  55.2","24","  40.8","24","1011.9"," 8","999.9"," 0"," 18.6","24","  4.5","24","  9.9","999.9","  64.4","*","  44.6","*"," 0.00","I","999.9","000000"
"04030099999","2023-08-10","64.13","-21.940556","14.63","REYKJAVIK, IC","  56.6","23","  47.7","23","1008.8"," 6","999.9"," 0"," 14.0","23","  6.8","23"," 13.0","999.9","  66.2","*","  51.8","*","99.99"," ","999.9","010000"
"04030099999","2023-08-11","64.13","-21.940556","14.63","REYKJAVIK, IC","  60.2","24","  51.8","24","1006.4"," 7","999.9"," 0"," 15.3","24","  7.4","24"," 14.0","999.9","  66.2"," ","  53.6","*","99.99"," ","999.9","010000"
"04030099999","2023-08-12","64.13","-21.940556","14.63","REYKJAVIK, IC","  56.1","24","  51.1","23","1009.1"," 7","999.9"," 0"," 15.5","24","  5.8","23","  9.9","999.9","  62.6","*","  49.1","*"," 0.00","I","999.9","100000"
"04030099999","2023-08-13","64.13","-21.940556","14.63","REYKJAVIK, IC","  56.9","24","  49.5","24","1013.4"," 5","999.9"," 0"," 12.5","24","  4.8","24","  8.9","999.9","  62.6","*","  50.9"," "," 0.00","I","999.9","000000"
"04030099999","2023-08-14","64.13","-21.940556","14.63","REYKJAVIK, IC","  55.0","24","  47.9","24","1016.3"," 7","999.9"," 0"," 16.0","24","  6.0","24","  9.9","999.9","  61.9"," ","  47.3"," "," 0.00","I","999.9","000000"
"04030099999","2023-08-15","64.13","-21.940556","14.63","REYKJAVIK, IC","  53.7","24","  47.6","23","1017.4"," 7","999.9"," 0"," 14.2","24","  4.2","23","  8.9","999.9","  59.0"," ","  47.5"," ","99.99"," ","999.9","010000"
"04030099999","2023-08-16","64.13","-21.940556","14.63","REYKJAVIK, IC","  54.9","24","  48.8","24","1017.3"," 7","999.9"," 0"," 11.0","24","  7.5","24"," 14.0","999.9","  59.0","*","  50.7","*","99.99"," ","999.9","010000"
"04030099999","2023-08-17","64.13","-21.940556","14.63","REYKJAVIK, IC","  56.0","19","  50.0","19","1017.4"," 5","999.9"," 0"," 10.5","19","  8.6","18"," 12.0","999.9","  59.0","*","  53.1"," ","99.99"," ","999.9","010000"
"04030099999","2023-08-18","64.13","-21.940556","14.63","REYKJAVIK, IC","  58.6","24","  50.1","23","1016.6"," 7","999.9"," 0"," 11.4","24","  9.8","23"," 14.0","999.9","  64.4","*","  53.2"," ","99.99"," ","999.9","010000"
"04030099999","2023-08-19","64.13","-21.940556","14.63","REYKJAVIK, IC","  55.9","24","  47.8","24","1016.3"," 7","999.9"," 0"," 15.6","24","  5.5","24"," 12.0","999.9","  62.2"," ","  51.4"," ","99.99"," ","999.9","010000"
"04030099999","2023-08-20","64.13","-21.940556","14.63","REYKJAVIK, IC","  57.3","24","  47.0","24","1009.3"," 7","999.9"," 0"," 17.0","24","  4.0","24","  9.9","999.9","  69.8","*","  46.9"," "," 0.00","I","999.9","000000"
"04030099999","2023-08-21","64.13","-21.940556","14.63","REYKJAVIK, IC","  51.1","24","  37.5","24","1011.5"," 7","999.9"," 0"," 15.3","24","  8.4","23"," 21.0"," 22.9","  67.1"," ","  44.6","*","99.99"," ","999.9","010000"
"04030099999","2023-08-22","64.13","-21.940556","14.63","REYKJAVIK, IC","  52.2","24","  42.5","24","1011.7"," 8","999.9"," 0"," 15.2","24","  5.3","24","  9.9","999.9","  62.6","*","  41.7"," ","99.99"," ","999.9","010000"
"04030099999","2023-08-23","64.13","-21.940556","14.63","REYKJAVIK, IC","  54.3","23","  50.3","23","1014.1"," 6","999.9"," 0"," 14.8","23","  3.2","23","  6.0","999.9","  62.1"," ","  46.8"," "," 0.00","I","999.9","000000"
"04030099999","2023-08-24","64.13","-21.940556","14.63","REYKJAVIK, IC","  53.9","22","  49.6","22","1019.8"," 8","999.9"," 0"," 18.6","22","  3.2","22","  7.0","999.9","  60.6"," ","  46.4","*"," 0.00","I","999.9","000000"
"04030099999","2023-08-25","64.13","-21.940556","14.63","REYKJAVIK, IC","  54.8","24","  45.9","24","1019.0"," 8","999.9"," 0"," 15.1","24","  4.4","24"," 13.0","999.9","  64.4","*","  44.1"," "," 0.00","I","999.9","100000"
"04030099999","2023-08-26","64.13","-21.940556","14.63","REYKJAVIK, IC","  55.7","24","  53.5","24","1008.0"," 7","999.9"," 0","  6.1","24","  8.7","24"," 14.0","999.9","  59.0","*","  51.1","*","99.99"," ","999.9","010000"
"04030099999","2023-08-27","64.13","-21.940556","14.63","REYKJAVIK, IC","  54.0","23","  46.3","23","1004.9"," 7","999.9"," 0"," 11.6","23","  8.1","23"," 13.0","999.9","  58.1"," ","  50.7"," ","99.99"," ","999.9","010000"
"04030099999","2023-08-28","64.13","-21.940556","14.63","REYKJAVIK, IC","  54.1","24","  51.3","23","1001.2"," 5","999.9"," 0","  7.6","24","  8.6","23"," 15.9","999.9","  59.0","*","  51.4","*","99.99"," ","999.9","010000"
"04030099999","2023-08-29","64.13","-21.940556","14.63","REYKJAVIK, IC","  52.5","24","  45.9","24","1011.1"," 7","999.9"," 0"," 13.1","24","  5.0","24","  9.9","999.9","  57.2","*","  45.9"," "," 0.00","I","999.9","000000"
"04030099999","2023-08-30","64.13","-21.940556","14.63","REYKJAVIK, IC","  52.6","24","  47.4","24","1009.4"," 7","999.9"," 0"," 11.0","24","  6.7","24"," 11.1","999.9","  57.2"," ","  48.9"," ","99.99"," ","999.9","010000"
"04030099999","2023-08-31","64.13","-21.940556","14.63","REYKJAVIK, IC","  51.9","23","  44.1","23","1011.8"," 8","999.9"," 0"," 15.0","23","  6.5","23"," 11.1","999.9","  55.4"," ","  47.1"," "," 0.00","I","999.9","000000"
"04030099999","2023-09-01","64.13","-21.940556","14.63","REYKJAVIK, IC","  53.0","24","  48.5","23","1007.0"," 6","999.9"," 0","  7.9","24"," 17.2","23"," 35.0"," 52.1","  57.2","*","  49.6"," ","99.99"," ","999.9","010000"
"04030099999","2023-09-02","64.13","-21.940556","14.63","REYKJAVIK, IC","  52.7","24","  47.6","23"," 987.2"," 5","999.9"," 0","  5.8","24"," 21.7","23"," 33.0"," 47.0","  57.2","*","  47.8"," ","99.99"," ","999.9","010000"
"04030099999","2023-09-03","64.13","-21.940556","14.63","REYKJAVIK, IC","  47.9","24","  39.3","24"," 991.5"," 8","999.9"," 0","  7.7","24"," 16.8","24"," 26.0"," 41.0","  52.0"," ","  41.0","*","99.99"," ","999.9","010000"
"04030099999","2023-09-04","64.13","-21.940556","14.63","REYKJAVIK, IC","  48.6","24","  43.4","24","1003.7"," 8","999.9"," 0","  8.9","24","  9.3","24"," 15.9","999.9","  54.5"," ","  39.4"," ","99.99"," ","999.9","010000"
"04030099999","2023-09-05","64.13","-21.940556","14.63","REYKJAVIK, IC","  51.6","23","  45.0","22","1014.9"," 7","999.9"," 0","  9.7","23","  8.7","22"," 15.9","999.9","  57.9"," ","  44.2"," ","99.99"," ","999.9","010000"
"04030099999","2023-09-06","64.13","-21.940556","14.63","REYKJAVIK, IC","  54.0","23","  50.3","23","1006.6"," 8","999.9"," 0","  8.5","23"," 10.0","23"," 15.9","999.9","  57.2","*","  51.6"," ","99.99"," ","999.9","010000"
"04030099999","2023-09-07","64.13","-21.940556","14.63","REYKJAVIK, IC","  50.6","23","  50.0","23"," 999.0"," 8","999.9"," 0","  6.7","23","  4.4","23"," 13.0","999.9","  54.9"," ","  48.4"," ","99.99"," ","999.9","010000"
"04030099999","2023-09-08","64.13","-21.940556","14.63","REYKJAVIK, IC","  50.0","24","  47.3","24"," 989.0"," 7","999.9"," 0","  6.5","24"," 18.0","24"," 28.0"," 38.1","  53.6","*","  47.3"," ","99.99"," ","999.9","010000"
"04030099999","2023-09-09","64.13","-21.940556","14.63","REYKJAVIK, IC","  48.4","24","  43.4","24"," 998.3"," 6","999.9"," 0","  9.9","24","  4.9","24"," 12.0","999.9","  53.6"," ","  43.9"," ","99.99"," ","999.9","010000"
"04030099999","2023-09-10","64.13","-21.940556","14.63","REYKJAVIK, IC","  47.4","24","  41.0","24","1005.4"," 8","999.9"," 0"," 16.6","24","  4.4","24"," 12.0","999.9","  52.9"," ","  41.0","*","99.99"," ","999.9","010000"
"04030099999","2023-09-11","64.13","-21.940556","14.63","REYKJAVIK, IC","  45.7","24","  32.1","24","1013.8"," 8","999.9"," 0"," 17.1","24","  8.6","24"," 15.0"," 21.0","  51.8","*","  39.2"," "," 0.00","I","999.9","000000"
"04030099999","2023-09-12","64.13","-21.940556","14.63","REYKJAVIK, IC","  44.8","24","  35.4","24","1018.8"," 7","999.9"," 0"," 14.5","24","  5.9","24"," 11.1","999.9","  53.6","*","  34.5"," "," 0.00","I","999.9","000000"
"04030099999","2023-09-13","64.13","-21.940556","14.63","REYKJAVIK, IC","  46.9","24","  37.1","24","1014.5"," 8","999.9"," 0"," 17.1","24","  8.2","24"," 12.0","999.9","  52.0"," ","  39.6"," "," 0.00","I","999.9","000000"
"04030099999","2023-09-14","64.13","-21.940556","14.63","REYKJAVIK, IC","  46.9","22","  39.3","22","1015.1"," 7","999.9"," 0"," 18.0","22","  5.0","22"," 13.0","999.9","  55.6"," ","  33.8","*"," 0.00","I","999.9","000000"
"04030099999","2023-09-15","64.13","-21.940556","14.63","REYKJAVIK, IC","  46.2","24","  42.2","24","1017.8"," 8","999.9"," 0"," 15.9","24","  6.4","24"," 15.0","999.9","  53.6"," ","  39.0"," ","99.99"," ","999.9","010000"
"04030099999","2023-09-16","64.13","-21.940556","14.63","REYKJAVIK, IC","  49.8","24","  47.8","24","1003.6"," 8","999.9"," 0","  7.0","24"," 10.9","24"," 24.1"," 34.0","  53.6","*","  44.2"," ","99.99"," ","999.9","010000"
"04030099999","2023-09-17","64.13","-21.940556","14.63","REYKJAVIK, IC","  46.2","24","  40.3","24"," 993.9"," 8","999.9"," 0","  7.5","24","  7.5","24"," 17.1","999.9","  52.9"," ","  41.0","*","99.99"," ","999.9","010000"
"04030099999","2023-09-18","64.13","-21.940556","14.63","REYKJAVIK, IC","  46.5","24","  38.7","24"," 991.1"," 7","999.9"," 0"," 15.9","24","  5.0","24"," 11.1","999.9","  55.4","*","  37.4","*"," 0.00","I","999.9","000000"
"04030099999","2023-09-19","64.13","-21.940556","14.63","REYKJAVIK, IC","  49.2","14","  41.3","14"," 990.7"," 5","999.9"," 0"," 12.2","14","  8.8","14"," 15.0","999.9","  54.3"," ","  46.4","*","99.99"," ","999.9","010000"
"04030099999","2023-09-20","64.13","-21.940556","14.63","REYKJAVIK, IC","  49.2","22","  35.6","22","1002.1"," 7","999.9"," 0"," 16.1","22","  6.9","22"," 15.0","999.9","  55.8"," ","  42.8","*"," 0.00","I","999.9","000000"
"04030099999","2023-09-21","64.13","-21.940556","14.63","REYKJAVIK, IC","  42.2","24","  28.9","24","1009.6"," 8","999.9"," 0"," 17.3","24","  4.2","24","  8.9","999.9","  53.1"," ","  33.8","*"," 0.00","I","999.9","000000"
"04030099999","2023-09-22","64.13","-21.940556","14.63","REYKJAVIK, IC","  40.6","24","  30.6","24","1008.9"," 8","999.9"," 0"," 16.6","24","  5.9","24","  8.9","999.9","  49.5"," ","  32.0","*","99.99"," ","999.9","010000"
"04030099999","2023-09-23","64.13","-21.940556","14.63","REYKJAVIK, IC","  44.9","24","  40.6","24","1004.9"," 8","999.9"," 0"," 12.6","24","  7.4","24","  9.9","999.9","  48.2","*","  39.9"," ","99.99"," ","999.9","010000"
"04030099999","2023-09-24","64.13","-21.940556","14.63","REYKJAVIK, IC","  47.0","24","  36.0","24"," 994.1"," 8","999.9"," 0"," 11.7","24"," 10.2","24"," 18.1"," 29.9","  50.0","*","  44.1"," ","99.99"," ","999.9","010000"
"04030099999","2023-09-25","64.13","-21.940556","14.63","REYKJAVIK, IC","  51.4","24","  42.6","24"," 987.3"," 7","999.9"," 0"," 12.9","24","  4.3","24","  8.9","999.9","  57.4","*","  42.8","*","99.99"," ","999.9","010000"
"04030099999","2023-09-26","64.13","-21.940556","14.63","REYKJAVIK, IC","  52.7","24","  42.6","24"," 988.0"," 6","999.9"," 0"," 11.3","24"," 13.3","24"," 18.1"," 29.9","  55.4","*","  50.0","*","99.99"," ","999.9","010000"
"04030099999","2023-09-27","64.13","-21.940556","14.63","REYKJAVIK, IC","  49.8","24","  45.4","24"," 995.6"," 6","999.9"," 0","  9.2","24"," 11.1","24"," 19.0"," 31.1","  53.6","*","  45.7","*","99.99"," ","999.9","010000"
"04030099999","2023-09-28","64.13","-21.940556","14.63","REYKJAVIK, IC","  47.6","20","  42.0","20","1000.0"," 6","999.9"," 0"," 11.8","20","  5.0","20","  8.9","999.9","  53.6"," ","  44.6","*","99.99"," ","999.9","010000"
"04030099999","2023-09-29","64.13","-21.940556","14.63","REYKJAVIK, IC","  43.4","24","  36.1","24","1005.4"," 7","999.9"," 0"," 15.8","24","  3.4","24","  7.0","999.9","  51.8","*","  37.4","*"," 0.00","I","999.9","000000"
"04030099999","2023-09-30","64.13","-21.940556","14.63","REYKJAVIK, IC","  45.2","24","  38.2","24","1009.3"," 8","999.9"," 0"," 13.8","24"," 10.0","24"," 15.0"," 24.1","  50.0","*","  38.5"," ","99.99"," ","999.9","010000"
"04030099999","2023-10-01","64.13","-21.940556","14.63","REYKJAVIK, IC","  50.7","24","  39.4","24","1000.3"," 7","999.9"," 0"," 14.5","24","  8.1","24"," 14.0"," 24.1","  53.8"," ","  44.6","*","99.99"," ","999.9","010000"
"04030099999","2023-10-02","64.13","-21.940556","14.63","REYKJAVIK, IC","  46.9","24","  35.6","24"," 997.2"," 8","999.9"," 0"," 16.3","24","  5.8","24"," 15.0","999.9","  51.8","*","  42.8","*"," 0.00","I","999.9","000000"
"04030099999","2023-10-03","64.13","-21.940556","14.63","REYKJAVIK, IC","  43.9","24","  35.5","24","1002.2"," 8","999.9"," 0"," 14.5","24","  3.1","24","  6.0","999.9","  48.2","*","  39.2","*","99.99"," ","999.9","010000"
"04030099999","2023-10-04","64.13","-21.940556","14.63","REYKJAVIK, IC","  44.1","23","  37.9","23","1007.6"," 7","999.9"," 0"," 13.9","23","  4.0","23","  8.9","999.9","  50.0","*","  40.1"," ","99.99"," ","999.9","010000"
"04030099999","2023-10-05","64.13","-21.940556","14.63","REYKJAVIK, IC","  41.6","22","  36.4","22","1012.6"," 6","999.9"," 0","  7.8","22","  7.4","22"," 12.0","999.9","  46.8"," ","  37.6"," ","99.99"," ","999.9","010000"
"04030099999","2023-10-06","64.13","-21.940556","14.63","REYKJAVIK, IC","  40.4","24","  32.9","24","1021.6"," 8","999.9"," 0"," 15.7","24","  3.5","24","  5.1","999.9","  44.6","*","  33.8","*","99.99"," ","999.9","010000"
"04030099999","2023-10-07","64.13","-21.940556","14.63","REYKJAVIK, IC","  37.6","24","  30.7","24","1027.0"," 8","999.9"," 0"," 17.8","24","  4.3","24","  8.0","999.9","  46.4","*","  26.6","*"," 0.00","I","999.9","000000"
"04030099999","2023-10-08","64.13","-21.940556","14.63","REYKJAVIK, IC","  46.7","24","  43.3","24","1021.7"," 8","999.9"," 0"," 10.1","24"," 12.1","24"," 20.0","999.9","  50.0","*","  41.2"," ","99.99"," ","999.9","010000"
"04030099999","2023-10-09","64.13","-21.940556","14.63","REYKJAVIK, IC","  46.0","24","  43.1","24","1001.4"," 8","999.9"," 0","  4.6","24"," 15.9","24"," 20.0","999.9","  48.2","*","  40.1","*","99.99"," ","999.9","010000"
"04030099999","2023-10-10","64.13","-21.940556","14.63","REYKJAVIK, IC","  38.8","23","  32.2","23"," 994.6"," 8","999.9"," 0"," 10.4","23"," 24.1","23"," 34.0"," 47.0","  43.9"," ","  36.1"," ","99.99"," ","999.9","011000"
"04030099999","2023-10-11","64.13","-21.940556","14.63","REYKJAVIK, IC","  38.0","24","  29.9","24","1006.8"," 8","999.9"," 0"," 13.6","24"," 12.8","24"," 28.0"," 38.1","  41.0","*","  32.0","*","99.99"," ","999.9","011000"
"04030099999","2023-10-12","64.13","-21.940556","14.63","REYKJAVIK, IC","  37.6","20","  32.9","20"," 991.6"," 6","999.9"," 0","  8.1","20"," 17.6","20"," 22.0"," 35.0","  41.0","*","  32.9"," ","99.99"," ","999.9","011000"
"04030099999","2023-10-13","64.13","-21.940556","14.63","REYKJAVIK, IC","  34.6","24","  24.4","24","1013.1"," 8","999.9"," 0"," 12.8","24"," 16.3","24"," 22.9"," 31.1","  39.6"," ","  31.8"," "," 0.00","I","999.9","000000"
"04030099999","2023-10-14","64.13","-21.940556","14.63","REYKJAVIK, IC","  34.1","24","  29.6","24","1018.5"," 8","999.9"," 0","  8.9","24","  6.5","24"," 13.0","999.9","  41.0","*","  29.1"," ","99.99"," ","999.9","011000"
"04030099999","2023-10-15","64.13","-21.940556","14.63","REYKJAVIK, IC","  44.4","24","  43.6","24","1007.7"," 8","999.9"," 0","  8.1","24","  9.0","24"," 13.0","999.9","  48.2","*","  36.1"," ","99.99"," ","999.9","010000"
"04030099999","2023-10-16","64.13","-21.940556","14.63","REYKJAVIK, IC","  42.2","24","  38.5","24","1004.5"," 8","999.9"," 0"," 10.6","24","  5.7","24"," 11.1","999.9","  46.4","*","  37.8","*","99.99"," ","999.9","010000"
"04030099999","2023-10-17","64.13","-21.940556","14.63","REYKJAVIK, IC","  45.3","22","  41.6","22","1002.7"," 8","999.9"," 0","  8.0","22"," 16.6","22"," 24.1"," 36.9","  51.8","*","  37.0"," ","99.99"," ","999.9","010000"
"04030099999","2023-10-18","64.13","-21.940556","14.63","REYKJAVIK, IC","  50.0","24","  42.7","24"," 995.2"," 8","999.9"," 0","  9.1","24"," 20.1","24"," 28.0"," 44.1","  51.8","*","  48.2","*","99.99"," ","999.9","010000"
"04030099999","2023-10-19","64.13","-21.940556","14.63","REYKJAVIK, IC","  51.0","24","  45.0","24"," 985.3"," 8","999.9"," 0","  5.5","24"," 23.0","24"," 31.1"," 47.0","  55.4","*","  46.0"," ","99.99"," ","999.9","010000"
"04030099999","2023-10-20","64.13","-21.940556","14.63","REYKJAVIK, IC","  47.1","24","  44.7","24"," 992.3"," 8","999.9"," 0","  6.4","24"," 16.3","24"," 31.1"," 44.1","  51.8","*","  42.4","*","99.99"," ","999.9","010000"
"04030099999","2023-10-21","64.13","-21.940556","14.63","REYKJAVIK, IC","  44.6","24","  38.6","24","1003.2"," 8","999.9"," 0"," 12.6","24","  9.5","24"," 17.1"," 28.0","  48.2","*","  41.0"," ","99.99"," ","999.9","010000"
"04030099999","2023-10-22","64.13","-21.940556","14.63","REYKJAVIK, IC","  40.1","24","  37.2","24","1003.3"," 6","999.9"," 0"," 11.1","24","  3.5","24","  6.0","999.9","  44.2"," ","  35.6","*","99.99"," ","999.9","010000"
"04030099999","2023-10-23","64.13","-21.940556","14.63","REYKJAVIK, IC","  38.1","24","  30.6","24","1002.8"," 8","999.9"," 0"," 14.3","24","  2.5","24","  5.1","999.9","  48.2","*","  32.0","*"," 0.00","I","999.9","000000"
"04030099999","2023-10-24","64.13","-21.940556","14.63","REYKJAVIK, IC","  38.4","24","  31.9","24","1005.7"," 8","999.9"," 0"," 18.3","24","  4.4","24","  8.0","999.9","  46.4","*","  31.8"," "," 0.00","I","999.9","000000"
"04030099999","2023-10-25","64.13","-21.940556","14.63","REYKJAVIK, IC","  45.4","24","  38.0","24","1003.9"," 7","999.9"," 0"," 13.5","24","  5.8","24","  8.9","999.9","  50.0","*","  38.1"," ","99.99"," ","999.9","010000"
"04030099999","2023-10-26","64.13","-21.940556","14.63","REYKJAVIK, IC","  45.8","24","  38.0","24","1003.5"," 7","999.9"," 0"," 14.7","24","  4.9","24","  9.9","999.9","  48.2","*","  41.0","*"," 0.00","I","999.9","000000"
"04030099999","2023-10-27","64.13","-21.940556","14.63","REYKJAVIK, IC","  41.6","24","  32.9","24","1003.6"," 8","999.9"," 0"," 16.8","24","  7.5","24"," 12.0","999.9","  48.2","*","  35.6","*"," 0.00","I","999.9","000000"
"04030099999","2023-10-28","64.13","-21.940556","14.63","REYKJAVIK, IC","  40.6","24","  29.1","24","1005.9"," 7","999.9"," 0"," 13.9","24","  6.1","24","  9.9","999.9","  46.4","*","  35.6","*"," 0.00","I","999.9","000000"
"04030099999","2023-10-29","64.13","-21.940556","14.63","REYKJAVIK, IC","  36.4","24","  24.6","24","1009.9"," 8","999.9"," 0"," 16.3","24","  4.0","24","  7.0","999.9","  44.6","*","  30.2","*"," 0.00","I","999.9","000000"
"04030099999","2023-10-30","64.13","-21.940556","14.63","REYKJAVIK, IC","  37.9","24","  28.5","24","1011.0"," 6","999.9"," 0"," 13.9","24","  7.4","24"," 11.1","999.9","  42.8","*","  33.8"," "," 0.00","I","999.9","000000"
"04030099999","2023-10-31","64.13","-21.940556","14.63","REYKJAVIK, IC","  37.0","24","  27.1","24","1010.8"," 7","999.9"," 0"," 16.3","24","  8.5","24"," 13.0","999.9","  42.8","*","  32.7"," "," 0.00","I","999.9","000000"
"04030099999","2023-11-01","64.13","-21.940556","14.63","REYKJAVIK, IC","  37.7","24","  24.7","24","1005.4"," 8","999.9"," 0"," 17.7","24","  6.4","24"," 14.0","999.9","  44.6","*","  33.8","*"," 0.00","I","999.9","000000"
"04030099999","2023-11-02","64.13","-21.940556","14.63","REYKJAVIK, IC","  34.0","24","  21.8","24","1005.4"," 7","999.9"," 0"," 12.5","24","  3.8","24","  8.0","999.9","  41.0","*","  28.4","*"," 0.00","I","999.9","000000"
"04030099999","2023-11-03","64.13","-21.940556","14.63","REYKJAVIK, IC","  33.8","24","  22.1","24","1002.8"," 8","999.9"," 0"," 13.2","24","  4.2","24"," 12.0","999.9","  41.0"," ","  30.2"," "," 0.00","I","999.9","000000"
"04030099999","2023-11-04","64.13","-21.940556","14.63","REYKJAVIK, IC","  37.9","24","  28.2","24"," 993.6"," 7","999.9"," 0"," 11.4","24","  5.9","24"," 18.1","999.9","  41.7"," ","  31.3"," "," 0.00","I","999.9","000000"
"04030099999","2023-11-05","64.13","-21.940556","14.63","REYKJAVIK, IC","  38.6","24","  27.4","24"," 995.0"," 8","999.9"," 0"," 12.8","24"," 10.9","24"," 20.0"," 25.1","  41.0","*","  36.5"," "," 0.00","I","999.9","000000"
"04030099999","2023-11-06","64.13","-21.940556","14.63","REYKJAVIK, IC","  38.2","20","  25.5","20","1000.4"," 5","999.9"," 0"," 10.2","20","  7.7","20"," 14.0"," 24.1","  41.0","*","  35.6","*","99.99"," ","999.9","010000"
"04030099999","2023-11-07","64.13","-21.940556","14.63","REYKJAVIK, IC","  38.6","24","  30.7","24","1002.2"," 7","999.9"," 0"," 12.0","24"," 12.6","24"," 15.0"," 22.0","  41.0","*","  33.8"," ","99.99"," ","999.9","010000"
"04030099999","2023-11-08","64.13","-21.940556","14.63","REYKJAVIK, IC","  42.8","24","  24.0","24"," 995.4"," 8","999.9"," 0"," 12.9","24","  8.1","24"," 13.0"," 22.9","  46.4","*","  37.0"," "," 0.00","I","999.9","000000"
"04030099999","2023-11-09","64.13","-21.940556","14.63","REYKJAVIK, IC","  36.8","24","  26.1","24","1005.6"," 6","999.9"," 0"," 12.9","24","  4.2","24"," 14.0","999.9","  43.2"," ","  30.2","*"," 0.00","I","999.9","000000"
"04030099999","2023-11-10","64.13","-21.940556","14.63","REYKJAVIK, IC","  33.7","23","  28.7","23","1011.5"," 7","999.9"," 0"," 13.2","23","  5.0","23","  8.0","999.9","  37.4"," ","  26.6","*","99.99"," ","999.9","010000"
"04030099999","2023-11-11","64.13","-21.940556","14.63","REYKJAVIK, IC","  36.8","24","  33.2","24","1010.3"," 7","999.9"," 0"," 11.0","24","  7.8","24"," 12.0","999.9","  39.2","*","  34.3"," ","99.99"," ","999.9","010000"
"04030099999","2023-11-12","64.13","-21.940556","14.63","REYKJAVIK, IC","  39.6","24","  30.3","24","1004.6"," 7","999.9"," 0"," 14.0","24","  9.2","24"," 12.0","999.9","  41.0","*","  37.0","*"," 0.00","I","999.9","000000"
"04030099999","2023-11-13","64.13","-21.940556","14.63","REYKJAVIK, IC","  40.7","24","  23.2","24"," 997.6"," 8","999.9"," 0"," 15.4","24"," 12.7","24"," 21.0"," 28.9","  44.6","*","  37.0"," "," 0.00","I","999.9","000000"
"04030099999","2023-11-14","64.13","-21.940556","14.63","REYKJAVIK, IC","  43.8","23","  31.6","23","1001.1"," 7","999.9"," 0"," 12.9","23"," 15.1","23"," 24.1"," 35.0","  46.4","*","  40.3"," "," 0.00","I","999.9","000000"
"04030099999","2023-11-15","64.13","-21.940556","14.63","REYKJAVIK, IC","  41.8","24","  32.0","24","1009.2"," 8","999.9"," 0"," 14.1","24","  9.5","24"," 15.9","999.9","  44.6","*","  38.5"," ","99.99"," ","999.9","010000"
"04030099999","2023-11-16","64.13","-21.940556","14.63","REYKJAVIK, IC","  40.2","24","  36.0","24","1009.1"," 8","999.9"," 0"," 13.6","24","  6.5","24"," 14.0","999.9","  43.9"," ","  36.7"," ","99.99"," ","999.9","010000"
"04030099999","2023-11-17","64.13","-21.940556","14.63","REYKJAVIK, IC","  42.0","24","  35.1","24","1010.6"," 7","999.9"," 0"," 13.1","24","  8.1","24"," 13.0"," 20.0","  44.6","*","  39.2"," ","99.99"," ","999.9","010000"
"04030099999","2023-11-18","64.13","-21.940556","14.63","REYKJAVIK, IC","  41.0","24","  34.4","24","1006.0"," 8","999.9"," 0"," 16.4","24","  7.0","24"," 11.1","999.9","  44.6","*","  33.8","*"," 0.00","I","999.9","000000"
"04030099999","2023-11-19","64.13","-21.940556","14.63","REYKJAVIK, IC","  32.7","24","  29.9","24","1009.8"," 8","999.9"," 0"," 13.8","24","  2.8","24","  5.1","999.9","  39.2"," ","  26.6","*","99.99"," ","999.9","110000"
"04030099999","2023-11-20","64.13","-21.940556","14.63","REYKJAVIK, IC","  41.1","24","  39.1","24","1010.9"," 5","999.9"," 0","  6.4","24"," 11.1","24"," 26.0"," 36.9","  48.2","*","  34.5","*","99.99"," ","999.9","110000"
"04030099999","2023-11-21","64.13","-21.940556","14.63","REYKJAVIK, IC","  43.5","23","  40.1","23"," 988.4"," 8","999.9"," 0","  5.2","23"," 23.2","23"," 35.0"," 46.0","  48.2"," ","  35.1"," ","99.99"," ","999.9","011100"
"04030099999","2023-11-22","64.13","-21.940556","14.63","REYKJAVIK, IC","  37.7","24","  30.2","24"," 986.3"," 7","999.9"," 0","  5.4","24"," 26.3","24"," 39.0"," 54.0","  41.2"," ","  32.0","*","99.99"," ","999.9","011100"
"04030099999","2023-11-23","64.13","-21.940556","14.63","REYKJAVIK, IC","  31.0","24","  23.3","24","1014.9"," 7","999.9"," 0"," 10.7","24"," 10.8","24"," 26.0"," 35.9","  35.6","*","  24.4"," ","99.99"," ","999.9","011000"
"04030099999","2023-11-24","64.13","-21.940556","14.63","REYKJAVIK, IC","  34.0","24","  25.5","24","1026.3"," 8","999.9"," 0"," 12.8","24"," 11.3","24"," 15.9","999.9","  39.2","*","  24.4"," ","99.99"," ","999.9","010000"
"04030099999","2023-11-25","64.13","-21.940556","14.63","REYKJAVIK, IC","  41.7","24","  39.7","24","1017.1"," 7","999.9"," 0"," 12.0","24","  8.3","24"," 12.0","999.9","  44.6","*","  35.6"," "," 0.00","I","999.9","000000"
"04030099999","2023-11-26","64.13","-21.940556","14.63","REYKJAVIK, IC","  42.3","24","  39.1","24","1014.9"," 8","999.9"," 0"," 12.3","24","  6.5","24","  9.9","999.9","  44.6","*","  39.7"," "," 0.00","I","999.9","000000"
"04030099999","2023-11-27","64.13","-21.940556","14.63","REYKJAVIK, IC","  41.2","24","  38.3","24","1015.5"," 8","999.9"," 0","  8.8","24"," 10.4","24"," 15.0","999.9","  44.6","*","  35.4","*","99.99"," ","999.9","010000"
"04030099999","2023-11-28","64.13","-21.940556","14.63","REYKJAVIK, IC","  35.8","24","  32.1","24","1015.5"," 7","999.9"," 0","  9.0","24","  5.8","24","  9.9","999.9","  39.2","*","  32.0","*","99.99"," ","999.9","010000"
"04030099999","2023-11-29","64.13","-21.940556","14.63","REYKJAVIK, IC","  36.7","24","  33.9","24","1023.4"," 8","999.9"," 0"," 11.2","24","  4.5","24","  9.9","999.9","  41.0","*","  33.4"," ","99.99"," ","999.9","010000"
"04030099999","2023-11-30","64.13","-21.940556","14.63","REYKJAVIK, IC","  33.6","24","  28.1","24","1031.0"," 8","999.9"," 0"," 13.7","24","  7.5","24"," 17.1","999.9","  38.5"," ","  30.2","*","99.99"," ","999.9","001000"
"04030099999","2023-12-01","64.13","-21.940556","14.63","REYKJAVIK, IC","  29.4","24","  20.2","24","1026.9"," 8","999.9"," 0"," 16.8","24","  5.4","24"," 17.1","999.9","  33.8","*","  23.0","*","99.99"," ","999.9","001000"
"04030099999","2023-12-02","64.13","-21.940556","14.63","REYKJAVIK, IC","  24.9","24","  16.5","24","1022.5"," 8","999.9"," 0"," 18.1","24","  3.0","24","  6.0","999.9","  29.3"," ","  21.2","*"," 0.00","I","999.9","000000"
"04030099999","2023-12-03","64.13","-21.940556","14.63","REYKJAVIK, IC","  29.5","24","  20.9","24","1018.6"," 8","999.9"," 0"," 13.3","24","  8.9","24"," 15.0","999.9","  33.8","*","  21.9"," ","99.99"," ","999.9","001000"
"04030099999","2023-12-04","64.13","-21.940556","14.63","REYKJAVIK, IC","  34.5","24","  23.7","24","1019.7"," 7","999.9"," 0"," 12.4","24"," 10.5","24"," 15.0","999.9","  37.4","*","  31.3","*"," 0.00","I","999.9","000000"
"04030099999","2023-12-05","64.13","-21.940556","14.63","REYKJAVIK, IC","  33.0","24","  22.2","24","1018.3"," 8","999.9"," 0"," 15.0","24"," 10.3","24"," 14.0","999.9","  36.7"," ","  30.2"," "," 0.00","I","999.9","000000"
"04030099999","2023-12-06","64.13","-21.940556","14.63","REYKJAVIK, IC","  33.6","24","  19.8","24","1014.1"," 8","999.9"," 0"," 15.9","24"," 11.3","24"," 15.0"," 24.1","  35.6","*","  30.4"," "," 0.00","I","999.9","000000"
"04030099999","2023-12-07","64.13","-21.940556","14.63","REYKJAVIK, IC","  36.0","24","  20.3","24","1009.3"," 8","999.9"," 0"," 16.3","24","  9.0","24"," 15.0","999.9","  39.2","*","  30.2","*"," 0.00","I","999.9","000000"
"04030099999","2023-12-08","64.13","-21.940556","14.63","REYKJAVIK, IC","  28.9","24","  16.6","24","1010.3"," 7","999.9"," 0"," 15.1","24","  6.2","24"," 12.0","999.9","  34.9"," ","  23.0","*"," 0.00","I","999.9","000000"
"04030099999","2023-12-09","64.13","-21.940556","14.63","REYKJAVIK, IC","  28.1","24","  21.3","24","1004.6"," 8","999.9"," 0"," 14.7","24","  4.1","24","  8.9","999.9","  34.5"," ","  23.0","*"," 0.00","I","999.9","000000"
"04030099999","2023-12-10","64.13","-21.940556","14.63","REYKJAVIK, IC","  29.4","24","  24.6","24","1005.6"," 8","999.9"," 0"," 13.6","24","  2.4","24","  6.0","999.9","  35.6","*","  21.2","*"," 0.00","I","999.9","000000"
"04030099999","2023-12-11","64.13","-21.940556","14.63","REYKJAVIK, IC","  33.4","24","  30.4","24","1007.5"," 6","999.9"," 0","  8.5","24","  6.1","24"," 11.1","999.9","  37.4","*","  28.4","*","99.99"," ","999.9","011000"
"04030099999","2023-12-12","64.13","-21.940556","14.63","REYKJAVIK, IC","  27.9","24","  23.9","24","1006.0"," 7","999.9"," 0"," 12.2","24","  8.1","24"," 15.0","999.9","  37.4","*","  19.0"," ","99.99"," ","999.9","011000"
"04030099999","2023-12-13","64.13","-21.940556","14.63","REYKJAVIK, IC","  42.7","24","  40.6","24"," 978.6"," 7","999.9"," 0","  6.0","24"," 14.2","24"," 21.0"," 29.9","  46.4","*","  31.5"," ","99.99"," ","999.9","010000"
"04030099999","2023-12-14","64.13","-21.940556","14.63","REYKJAVIK, IC","  36.5","24","  30.8","24"," 971.9"," 7","999.9"," 0","  9.1","24"," 22.0","24"," 39.0"," 49.0","  41.0","*","  31.3"," ","99.99"," ","999.9","011100"
"04030099999","2023-12-15","64.13","-21.940556","14.63","REYKJAVIK, IC","  36.6","24","  32.7","24"," 981.8"," 6","999.9"," 0","  5.7","24"," 19.7","24"," 34.0"," 49.9","  40.1"," ","  31.6","*","99.99"," ","999.9","011100"
"04030099999","2023-12-16","64.13","-21.940556","14.63","REYKJAVIK, IC","  35.6","23","  32.2","23"," 992.4"," 6","999.9"," 0","  6.0","23"," 15.9","23"," 32.1"," 45.1","  37.8"," ","  32.0"," ","99.99"," ","999.9","011000"
"04030099999","2023-12-17","64.13","-21.940556","14.63","REYKJAVIK, IC","  35.3","24","  33.8","24"," 992.9"," 8","999.9"," 0"," 10.2","24","  5.8","24","  9.9"," 15.9","  37.9"," ","  32.0"," ","99.99"," ","999.9","011000"
"04030099999","2023-12-18","64.13","-21.940556","14.63","REYKJAVIK, IC","  33.6","24","  32.9","24"," 995.4"," 8","999.9"," 0","  6.3","24","  5.1","24","  8.9","999.9","  37.4","*","  30.7"," ","99.99"," ","999.9","011000"
"04030099999","2023-12-19","64.13","-21.940556","14.63","REYKJAVIK, IC","  31.5","24","  27.1","24","1001.3"," 6","999.9"," 0","  7.3","24"," 11.5","24"," 22.9"," 35.0","  37.4","*","  26.4"," ","99.99"," ","999.9","001000"
"04030099999","2023-12-20","64.13","-21.940556","14.63","REYKJAVIK, IC","  32.6","24","  30.4","24"," 990.2"," 8","999.9"," 0","  7.8","24"," 10.6","24"," 22.0"," 36.9","  41.0","*","  25.9"," ","99.99"," ","999.9","011000"
"04030099999","2023-12-21","64.13","-21.940556","14.63","REYKJAVIK, IC","  26.1","24","  16.2","24","1000.5"," 6","999.9"," 0","  9.7","24"," 13.5","24"," 22.9"," 33.0","  32.4"," ","  22.5","*","99.99"," ","999.9","001000"
"04030099999","2023-12-22","64.13","-21.940556","14.63","REYKJAVIK, IC","  16.8","22","   6.7","22","1006.1"," 7","999.9"," 0"," 12.7","22","  4.4","22","  8.9","999.9","  25.2"," ","  12.9"," "," 0.00","I","999.9","000000"
"04030099999","2023-12-23","64.13","-21.940556","14.63","REYKJAVIK, IC","  26.0","24","  17.6","24"," 997.7"," 8","999.9"," 0"," 11.6","24"," 11.5","24"," 18.1"," 21.0","  30.2","*","  12.6"," ","99.99"," ","999.9","001000"
"04030099999","2023-12-24","64.13","-21.940556","14.63","REYKJAVIK, IC","  26.7","24","  19.7","24"," 996.1"," 7","999.9"," 0"," 12.8","24"," 16.2","24"," 24.1"," 33.0","  30.2","*","  22.5"," "," 0.00","I","999.9","000000"
"04030099999","2023-12-25","64.13","-21.940556","14.63","REYKJAVIK, IC","  28.4","24","  19.0","24","1004.5"," 8","999.9"," 0"," 15.5","24","  6.4","24"," 11.1","999.9","  34.7"," ","  22.8"," "," 0.00","I","999.9","000000"
"04030099999","2023-12-26","64.13","-21.940556","14.63","REYKJAVIK, IC","  29.7","24","  26.0","24","1009.1"," 7","999.9"," 0","  7.1","24","  8.2","24"," 12.0","999.9","  33.8","*","  24.4"," ","99.99"," ","999.9","001000"
"04030099999","2023-12-27","64.13","-21.940556","14.63","REYKJAVIK, IC","  27.0","23","  26.3","23","1003.2"," 8","999.9"," 0"," 15.5","23","  1.8","23","  4.1","999.9","  33.8","*","  21.2","*","99.99"," ","999.9","110000"
"04030099999","2023-12-28","64.13","-21.940556","14.63","REYKJAVIK, IC","  27.5","24","  24.9","24","1003.0"," 8","999.9"," 0","  8.6","24","  3.5","24","  8.9","999.9","  28.6"," ","  23.0","*","99.99"," ","999.9","001000"
"04030099999","2023-12-29","64.13","-21.940556","14.63","REYKJAVIK, IC","  24.4","24","  24.1","24","1005.4"," 6","999.9"," 0","  8.3","24","  1.8","24","  4.1","999.9","  28.4","*","  19.4","*"," 0.00","I","999.9","100000"
"04030099999","2023-12-30","64.13","-21.940556","14.63","REYKJAVIK, IC","  27.0","24","  23.5","24","1006.5"," 8","999.9"," 0"," 15.3","24","  6.6","24"," 13.0","999.9","  35.6","*","  19.4","*"," 0.00","I","999.9","000000"
"04030099999","2023-12-31","64.13","-21.940556","14.63","REYKJAVIK, IC","  24.1","24","  15.5","24","1006.0"," 7","999.9"," 0"," 15.1","24","  7.0","24"," 14.0","999.9","  32.2"," ","  19.4","*"," 0.00","I","999.9","000000"
