"STATION","DATE","LATITUDE","LONGITUDE","ELEVATION","NAME","TEMP","TEMP_ATTRIBUTES","DEWP","DEWP_ATTRIBUTES","SLP","SLP_ATTRIBUTES","STP","STP_ATTRIBUTES","VISIB","VISIB_ATTRIBUTES","WDSP","WDSP_ATTRIBUTES","MXSPD","GUST","MAX","MAX_ATTRIBUTES","MIN","MIN_ATTRIBUTES","PRCP","PRCP_ATTRIBUTES","SNDP","FRSHTT"
"60033099999","2023-01-01","27.151667","-13.219167","63.09","HASSAN I, EH","  65.7","24","  39.4","24","9999.9"," 0","999.9"," 0","  5.7","24","  8.7","24"," 14.0","999.9","  77.0","*","  55.4","*"," 0.00","I","999.9","000000"
"60033099999","2023-01-02","27.151667","-13.219167","63.09","HASSAN I, EH","  63.1","23","  30.9","23","9999.9"," 0","999.9"," 0","  6.0","23","  9.0","23"," 12.0","999.9","  77.0","*","  51.8","*"," 0.00","I","999.9","000000"
"60033099999","2023-01-03","27.151667","-13.219167","63.09","HASSAN I, EH","  66.1","24","  41.8","24","9999.9"," 0","999.9"," 0","  4.4","24"," 11.7","24"," 17.1","999.9","  80.6","*","  55.4","*"," 0.00","I","999.9","000000"
"60033099999","2023-01-04","27.151667","-13.219167","63.09","HASSAN I, EH","  65.8","24","  34.0","24","9999.9"," 0","999.9"," 0","  5.3","24"," 12.1","24"," 15.9","999.9","  78.8","*","  55.4","*"," 0.00","I","999.9","000000"
"60033099999","2023-01-05","27.151667","-13.219167","63.09","HASSAN I, EH","  63.4","24","  30.3","24","9999.9"," 0","999.9"," 0","  6.2","24"," 11.6","24"," 17.1","999.9","  77.0","*","  51.8","*"," 0.00","I","999.9","000000"
"60033099999","2023-01-06","27.151667","-13.219167","63.09","HASSAN I, EH","  63.0","24","  44.4","24","9999.9"," 0","999.9"," 0","  6.2","24"," 11.4","24"," 15.9","999.9","  75.2","*","  51.8","*"," 0.00","I","999.9","000000"
"60033099999","2023-01-07","27.151667","-13.219167","63.09","HASSAN I, EH","  63.8","24","  46.4","24","9999.9"," 0","999.9"," 0","  6.2","24"," 10.8","24"," 15.9","999.9","  78.8","*","  55.4","*"," 0.00","I","999.9","000000"
"60033099999","2023-01-08","27.151667","-13.219167","63.09","HASSAN I, EH","  63.0","24","  51.1","22","9999.9"," 0","999.9"," 0","  4.3","24"," 11.1","23"," 17.1","999.9","  77.0","*","  53.6","*"," 0.00","I","999.9","100000"
"60033099999","2023-01-09","27.151667","-13.219167","63.09","HASSAN I, EH","  64.1","24","  54.7","22","9999.9"," 0","999.9"," 0","  5.5","24"," 10.6","24"," 17.1","999.9","  77.0","*","  53.6","*"," 0.00","I","999.9","000000"
"60033099999","2023-01-10","27.151667","-13.219167","63.09","HASSAN I, EH","  65.6","24","  51.8","23","9999.9"," 0","999.9"," 0","  5.7","24","  8.9","24"," 15.9","999.9","  75.2","*","  60.8","*"," 0.00","I","999.9","000000"
"60033099999","2023-01-11","27.151667","-13.219167","63.09","HASSAN I, EH","  64.7","24","  58.4","24","9999.9"," 0","999.9"," 0","  4.9","24","  9.8","24"," 15.9","999.9","  73.4","*","  60.8","*"," 0.00","I","999.9","000000"
"60033099999","2023-01-12","27.151667","-13.219167","63.09","HASSAN I, EH","  64.5","24","  58.3","24","9999.9"," 0","999.9"," 0","  5.2","24"," 13.7","24"," 19.0","999.9","  73.4","*","  59.0","*"," 0.00","I","999.9","000000"
"60033099999","2023-01-13","27.151667","-13.219167","63.09","HASSAN I, EH","  63.9","24","  57.1","24","9999.9"," 0","999.9"," 0","  5.6","24"," 10.7","24"," 18.1","999.9","  75.2","*","  57.2","*"," 0.00","I","999.9","000000"
"60033099999","2023-01-14","27.151667","-13.219167","63.09","HASSAN I, EH","  66.7","24","  50.8","24","9999.9"," 0","999.9"," 0","  6.2","23"," 12.2","23"," 20.0","999.9","  82.4","*","  57.2","*"," 0.00","I","999.9","000000"
"60033099999","2023-01-15","27.151667","-13.219167","63.09","HASSAN I, EH","  66.1","22","  53.2","21","9999.9"," 0","999.9"," 0","  4.7","22"," 14.3","22"," 20.0","999.9","  80.6","*","  55.4","*"," 0.00","I","999.9","100000"
"60033099999","2023-01-16","27.151667","-13.219167","63.09","HASSAN I, EH","  64.2","23","  57.1","23","9999.9"," 0","999.9"," 0","  5.3","23"," 13.8","23"," 21.0","999.9","  75.2","*","  57.2","*"," 0.00","I","999.9","000000"
"60033099999","2023-01-17","27.151667","-13.219167","63.09","HASSAN I, EH","  62.1","24","  55.2","24","9999.9"," 0","999.9"," 0","  5.1","24"," 10.3","24"," 17.1","999.9","  71.6","*","  53.6","*"," 0.00","I","999.9","000000"
"60033099999","2023-01-18","27.151667","-13.219167","63.09","HASSAN I, EH","  62.7","24","  59.5","24","9999.9"," 0","999.9"," 0","  4.7","24"," 10.7","24"," 20.0","999.9","  69.8","*","  57.2","*","99.99"," ","999.9","010000"
"60033099999","2023-01-19","27.151667","-13.219167","63.09","HASSAN I, EH","  63.8","24","  54.1","23","9999.9"," 0","999.9"," 0","  3.2","24"," 16.2","24"," 25.1","999.9","  69.8","*","  59.0","*"," 0.00","I","999.9","000000"
"60033099999","2023-01-20","27.151667","-13.219167","63.09","HASSAN I, EH","  63.8","23","  47.1","22","9999.9"," 0","999.9"," 0","  2.3","23"," 14.9","22"," 20.0","999.9","  75.2","*","  57.2","*"," 0.00","I","999.9","000000"
"60033099999","2023-01-21","27.151667","-13.219167","63.09","HASSAN I, EH","  61.4","23","  54.7","23","9999.9"," 0","999.9"," 0","  4.4","23"," 11.2","23"," 18.1","999.9","  71.6","*","  51.8","*"," 0.00","I","999.9","000000"
"60033099999","2023-01-22","27.151667","-13.219167","63.09","HASSAN I, EH","  63.1","24","  57.5","24","9999.9"," 0","999.9"," 0","  4.8","24"," 12.1","24"," 19.0","999.9","  73.4","*","  55.4","*"," 0.00","I","999.9","000000"
"60033099999","2023-01-23","27.151667","-13.219167","63.09","HASSAN I, EH","  62.2","24","  57.7","24","9999.9"," 0","999.9"," 0","  4.9","24","  9.1","24"," 15.9","999.9","  69.8","*","  55.4","*"," 0.00","I","999.9","000000"
"60033099999","2023-01-24","27.151667","-13.219167","63.09","HASSAN I, EH","  60.6","24","  51.2","24","9999.9"," 0","999.9"," 0","  4.9","24","  9.2","24"," 17.1","999.9","  73.4","*","  51.8","*"," 0.00","I","999.9","000000"
"60033099999","2023-01-25","27.151667","-13.219167","63.09","HASSAN I, EH","  59.5","24","  50.2","24","9999.9"," 0","999.9"," 0","  4.7","24"," 13.4","24"," 21.0","999.9","  69.8","*","  51.8","*"," 0.00","I","999.9","000000"
"60033099999","2023-01-26","27.151667","-13.219167","63.09","HASSAN I, EH","  59.0","24","  42.5","24","9999.9"," 0","999.9"," 0","  5.4","24"," 13.3","24"," 22.9","999.9","  68.0","*","  51.8","*"," 0.00","I","999.9","000000"
"60033099999","2023-01-27","27.151667","-13.219167","63.09","HASSAN I, EH","  58.3","24","  49.8","24","9999.9"," 0","999.9"," 0","  5.7","24","  9.6","24"," 17.1","999.9","  68.0","*","  46.4","*"," 0.00","I","999.9","000000"
"60033099999","2023-01-28","27.151667","-13.219167","63.09","HASSAN I, EH","  60.1","24","  53.7","24","9999.9"," 0","999.9"," 0","  4.6","24"," 10.4","24"," 21.0","999.9","  68.0","*","  53.6","*","99.99"," ","999.9","010000"
"60033099999","2023-01-29","27.151667","-13.219167","63.09","HASSAN I, EH","  60.5","23","  49.1","23","9999.9"," 0","999.9"," 0","  5.3","23","  7.8","23"," 19.0","999.9","  68.0","*","  55.4","*"," 0.00","I","999.9","000000"
"60033099999","2023-01-30","27.151667","-13.219167","63.09","HASSAN I, EH","  58.8","23","  48.0","23","9999.9"," 0","999.9"," 0","  5.8","23","  8.9","23"," 17.1","999.9","  68.0","*","  50.0","*"," 0.00","I","999.9","000000"
"60033099999","2023-01-31","27.151667","-13.219167","63.09","HASSAN I, EH","  59.9","23","  48.9","23","9999.9"," 0","999.9"," 0","  6.1","23"," 10.8","23"," 17.1","999.9","  71.6","*","  51.8","*"," 0.00","I","999.9","000000"
"60033099999","2023-02-01","27.151667","-13.219167","63.09","HASSAN I, EH","  59.9","23","  40.4","21","9999.9"," 0","999.9"," 0","  3.3","23","  7.7","23"," 15.9","999.9","  71.6","*","  48.2","*"," 0.00","I","999.9","000000"
"60033099999","2023-02-02","27.151667","-13.219167","63.09","HASSAN I, EH","  61.8","23","  18.4","23","9999.9"," 0","999.9"," 0","  4.8","23"," 10.7","23"," 15.0","999.9","  73.4","*","  50.0","*"," 0.00","I","999.9","000000"
"60033099999","2023-02-03","27.151667","-13.219167","63.09","HASSAN I, EH","  61.7","23","  30.0","23","9999.9"," 0","999.9"," 0","  5.0","23"," 11.5","23"," 18.1","999.9","  75.2","*","  53.6","*"," 0.00","I","999.9","000000"
"60033099999","2023-02-04","27.151667","-13.219167","63.09","HASSAN I, EH","  60.0","23","  29.5","23","9999.9"," 0","999.9"," 0","  5.4","23","  8.6","23"," 15.0","999.9","  73.4","*","  50.0","*"," 0.00","I","999.9","000000"
"60033099999","2023-02-05","27.151667","-13.219167","63.09","HASSAN I, EH","  60.3","23","  34.0","23","9999.9"," 0","999.9"," 0","  5.8","23"," 10.1","23"," 15.0","999.9","  73.4","*","  48.2","*"," 0.00","I","999.9","000000"
"60033099999","2023-02-06","27.151667","-13.219167","63.09","HASSAN I, EH","  59.4","23","  51.9","23","9999.9"," 0","999.9"," 0","  5.3","23"," 11.1","23"," 17.1","999.9","  69.8","*","  51.8","*"," 0.00","I","999.9","000000"
"60033099999","2023-02-07","27.151667","-13.219167","63.09","HASSAN I, EH","  58.7","23","  50.6","22","9999.9"," 0","999.9"," 0","  6.0","23","  6.6","22"," 13.0","999.9","  69.8","*","  48.2","*"," 0.00","I","999.9","000000"
"60033099999","2023-02-08","27.151667","-13.219167","63.09","HASSAN I, EH","  59.6","24","  49.9","24","9999.9"," 0","999.9"," 0","  5.4","24","  5.1","24"," 13.0","999.9","  71.6","*","  46.4","*"," 0.00","I","999.9","000000"
"60033099999","2023-02-09","27.151667","-13.219167","63.09","HASSAN I, EH","  60.9","23","  45.3","23","9999.9"," 0","999.9"," 0","  5.3","23","  6.9","23"," 12.0","999.9","  68.0","*","  53.6","*"," 0.00","I","999.9","000000"
"60033099999","2023-02-10","27.151667","-13.219167","63.09","HASSAN I, EH","  62.2","24","  58.4","24","9999.9"," 0","999.9"," 0","  3.4","24"," 13.5","24"," 22.9","999.9","  68.0","*","  55.4","*","99.99"," ","999.9","010000"
"60033099999","2023-02-11","27.151667","-13.219167","63.09","HASSAN I, EH","  62.6","24","  46.9","24","9999.9"," 0","999.9"," 0","  3.7","24"," 13.2","24"," 22.0","999.9","  73.4","*","  55.4","*"," 0.00","I","999.9","000000"
"60033099999","2023-02-12","27.151667","-13.219167","63.09","HASSAN I, EH","  65.3","23","  35.6","23","9999.9"," 0","999.9"," 0","  2.5","23"," 13.9","23"," 22.0","999.9","  75.2","*","  59.0","*"," 0.00","I","999.9","000000"
"60033099999","2023-02-13","27.151667","-13.219167","63.09","HASSAN I, EH","  66.8","24","  37.5","24","9999.9"," 0","999.9"," 0","  1.6","24"," 15.4","24"," 22.9","999.9","  73.4","*","  62.6","*","99.99"," ","999.9","010000"
"60033099999","2023-02-14","27.151667","-13.219167","63.09","HASSAN I, EH","  62.5","24","  54.3","24","9999.9"," 0","999.9"," 0","  3.9","24"," 16.4","24"," 24.1","999.9","  71.6","*","  57.2","*","99.99"," ","999.9","010000"
"60033099999","2023-02-15","27.151667","-13.219167","63.09","HASSAN I, EH","  60.1","24","  53.6","24","9999.9"," 0","999.9"," 0","  5.2","24"," 11.3","24"," 21.0","999.9","  68.0","*","  55.4","*"," 0.00","I","999.9","000000"
"60033099999","2023-02-16","27.151667","-13.219167","63.09","HASSAN I, EH","  57.3","24","  49.6","24","9999.9"," 0","999.9"," 0","  6.0","24","  9.3","24"," 17.1","999.9","  66.2","*","  50.0","*"," 0.00","I","999.9","000000"
"60033099999","2023-02-17","27.151667","-13.219167","63.09","HASSAN I, EH","  58.3","24","  51.9","24","9999.9"," 0","999.9"," 0","  6.1","24","  6.2","24","  9.9","999.9","  68.0","*","  48.2","*"," 0.00","I","999.9","000000"
"60033099999","2023-02-18","27.151667","-13.219167","63.09","HASSAN I, EH","  62.1","23","  56.1","23","9999.9"," 0","999.9"," 0","  5.3","23","  6.6","23"," 14.0","999.9","  71.6","*","  53.6","*"," 0.00","I","999.9","000000"
"60033099999","2023-02-19","27.151667","-13.219167","63.09","HASSAN I, EH","  62.4","24","  55.5","24","9999.9"," 0","999.9"," 0","  4.4","24","  8.2","24"," 14.0","999.9","  73.4","*","  53.6","*"," 0.00","I","999.9","000000"
"60033099999","2023-02-20","27.151667","-13.219167","63.09","HASSAN I, EH","  63.1","24","  58.6","24","9999.9"," 0","999.9"," 0","  3.4","24","  6.3","24"," 11.1","999.9","  73.4","*","  55.4","*"," 0.00","I","999.9","000000"
"60033099999","2023-02-21","27.151667","-13.219167","63.09","HASSAN I, EH","  63.3","23","  59.5","23","9999.9"," 0","999.9"," 0","  2.9","23","  6.7","23","  9.9","999.9","  69.8","*","  57.2","*"," 0.00","I","999.9","000000"
"60033099999","2023-02-22","27.151667","-13.219167","63.09","HASSAN I, EH","  63.4","24","  59.5","24","9999.9"," 0","999.9"," 0","  2.9","24"," 10.0","24"," 18.1","999.9","  73.4","*","  57.2","*"," 0.00","I","999.9","000000"
"60033099999","2023-02-23","27.151667","-13.219167","63.09","HASSAN I, EH","  62.7","24","  59.9","23","9999.9"," 0","999.9"," 0","  3.5","24","  9.7","24"," 17.1","999.9","  69.8","*","  57.2","*"," 0.00","I","999.9","000000"
"60033099999","2023-02-24","27.151667","-13.219167","63.09","HASSAN I, EH","  62.3","24","  56.0","24","9999.9"," 0","999.9"," 0","  5.0","24","  9.2","24"," 15.0","999.9","  69.8","*","  57.2","*"," 0.00","I","999.9","000000"
"60033099999","2023-02-25","27.151667","-13.219167","63.09","HASSAN I, EH","  60.5","24","  54.4","24","9999.9"," 0","999.9"," 0","  5.5","24","  4.7","24"," 11.1","999.9","  69.8","*","  51.8","*"," 0.00","I","999.9","000000"
"60033099999","2023-02-26","27.151667","-13.219167","63.09","HASSAN I, EH","  62.4","24","  57.0","24","9999.9"," 0","999.9"," 0","  6.2","24","  7.4","24"," 13.0","999.9","  71.6","*","  51.8","*"," 0.00","I","999.9","000000"
"60033099999","2023-02-27","27.151667","-13.219167","63.09","HASSAN I, EH","  64.9","24","  58.1","23","9999.9"," 0","999.9"," 0","  5.3","24","  9.3","24"," 18.1","999.9","  73.4","*","  59.0","*"," 0.00","I","999.9","000000"
"60033099999","2023-02-28","27.151667","-13.219167","63.09","HASSAN I, EH","  65.5","24","  59.8","24","9999.9"," 0","999.9"," 0","  5.0","24"," 11.5","24"," 18.1","999.9","  75.2","*","  59.0","*"," 0.00","I","999.9","000000"
"60033099999","2023-03-01","27.151667","-13.219167","63.09","HASSAN I, EH","  65.2","23","  60.5","23","9999.9"," 0","999.9"," 0","  4.5","23","  9.0","23"," 15.0","999.9","  73.4","*","  60.8","*"," 0.00","I","999.9","100000"
"60033099999","2023-03-02","27.151667","-13.219167","63.09","HASSAN I, EH","  65.6","21","  58.5","21","9999.9"," 0","999.9"," 0","  5.4","21"," 10.5","21"," 17.1","999.9","  75.2","*","  57.2","*"," 0.00","I","999.9","000000"
"60033099999","2023-03-03","27.151667","-13.219167","63.09","HASSAN I, EH","  69.5","16","  59.8","16","9999.9"," 0","999.9"," 0","  5.7","16"," 10.4","16"," 15.0","999.9","  77.0","*","  60.8","*"," 0.00","I","999.9","000000"
"60033099999","2023-03-04","27.151667","-13.219167","63.09","HASSAN I, EH","  63.6","24","  58.3","24","9999.9"," 0","999.9"," 0","  6.0","24","  9.3","24"," 18.1","999.9","  73.4","*","  55.4","*"," 0.00","I","999.9","000000"
"60033099999","2023-03-05","27.151667","-13.219167","63.09","HASSAN I, EH","  65.1","24","  58.6","24","9999.9"," 0","999.9"," 0","  5.6","24","  9.6","24"," 15.9","999.9","  75.2","*","  57.2","*"," 0.00","I","999.9","000000"
"60033099999","2023-03-06","27.151667","-13.219167","63.09","HASSAN I, EH","  65.0","23","  59.0","23","9999.9"," 0","999.9"," 0","  5.9","23","  9.3","23"," 15.0","999.9","  77.0","*","  55.4","*"," 0.00","I","999.9","000000"
"60033099999","2023-03-07","27.151667","-13.219167","63.09","HASSAN I, EH","  65.2","24","  60.1","24","9999.9"," 0","999.9"," 0","  5.9","24","  9.3","24"," 14.0","999.9","  77.0","*","  55.4","*"," 0.00","I","999.9","000000"
"60033099999","2023-03-08","27.151667","-13.219167","63.09","HASSAN I, EH","  66.3","24","  60.4","24","9999.9"," 0","999.9"," 0","  6.2","24"," 10.0","24"," 17.1","999.9","  80.6","*","  57.2","*"," 0.00","I","999.9","000000"
"60033099999","2023-03-09","27.151667","-13.219167","63.09","HASSAN I, EH","  67.5","24","  61.9","24","9999.9"," 0","999.9"," 0","  4.7","24"," 15.8","24"," 22.9","999.9","  78.8","*","  59.0","*"," 0.00","I","999.9","000000"
"60033099999","2023-03-10","27.151667","-13.219167","63.09","HASSAN I, EH","  69.3","24","  63.3","24","9999.9"," 0","999.9"," 0","  5.1","24"," 15.5","23"," 18.1","999.9","  84.2","*","  62.6","*"," 0.00","I","999.9","000000"
"60033099999","2023-03-11","27.151667","-13.219167","63.09","HASSAN I, EH","  71.2","23","  60.9","23","9999.9"," 0","999.9"," 0","  4.7","23"," 12.8","23"," 18.1","999.9","  93.2","*","  62.6","*"," 0.00","I","999.9","000000"
"60033099999","2023-03-12","27.151667","-13.219167","63.09","HASSAN I, EH","  73.6","24","  52.1","23","9999.9"," 0","999.9"," 0","  5.6","24","  8.7","24"," 14.0","999.9","  96.8","*","  57.2","*"," 0.00","I","999.9","000000"
"60033099999","2023-03-13","27.151667","-13.219167","63.09","HASSAN I, EH","  66.7","23","  59.8","23","9999.9"," 0","999.9"," 0","  4.5","23"," 13.5","23"," 21.0","999.9","  84.2","*","  57.2","*"," 0.00","I","999.9","100000"
"60033099999","2023-03-14","27.151667","-13.219167","63.09","HASSAN I, EH","  68.9","24","  60.0","24","9999.9"," 0","999.9"," 0","  5.3","24"," 16.4","24"," 21.0","999.9","  84.2","*","  59.0","*"," 0.00","I","999.9","000000"
"60033099999","2023-03-15","27.151667","-13.219167","63.09","HASSAN I, EH","  68.2","23","  60.3","23","9999.9"," 0","999.9"," 0","  5.3","23"," 13.6","23"," 17.1","999.9","  82.4","*","  59.0","*"," 0.00","I","999.9","000000"
"60033099999","2023-03-16","27.151667","-13.219167","63.09","HASSAN I, EH","  67.7","24","  59.2","24","9999.9"," 0","999.9"," 0","  4.7","24"," 16.5","24"," 25.1","999.9","  82.4","*","  59.0","*"," 0.00","I","999.9","000000"
"60033099999","2023-03-17","27.151667","-13.219167","63.09","HASSAN I, EH","  67.6","24","  61.0","24","9999.9"," 0","999.9"," 0","  4.0","24"," 19.6","24"," 24.1","999.9","  78.8","*","  60.8","*"," 0.00","I","999.9","000000"
"60033099999","2023-03-18","27.151667","-13.219167","63.09","HASSAN I, EH","  66.5","24","  55.8","24","9999.9"," 0","999.9"," 0","  3.6","24"," 19.5","24"," 24.1","999.9","  75.2","*","  60.8","*"," 0.00","I","999.9","000000"
"60033099999","2023-03-19","27.151667","-13.219167","63.09","HASSAN I, EH","  65.9","24","  56.5","24","9999.9"," 0","999.9"," 0","  4.3","24"," 16.9","24"," 22.9","999.9","  75.2","*","  59.0","*"," 0.00","I","999.9","000000"
"60033099999","2023-03-20","27.151667","-13.219167","63.09","HASSAN I, EH","  65.2","24","  58.7","24","9999.9"," 0","999.9"," 0","  5.2","24"," 11.6","24"," 18.1","999.9","  75.2","*","  59.0","*"," 0.00","I","999.9","000000"
"60033099999","2023-03-21","27.151667","-13.219167","63.09","HASSAN I, EH","  68.1","24","  56.9","24","9999.9"," 0","999.9"," 0","  5.0","24","  9.8","24"," 18.1","999.9","  84.2","*","  57.2","*"," 0.00","I","999.9","100000"
"60033099999","2023-03-22","27.151667","-13.219167","63.09","HASSAN I, EH","  74.0","24","  54.9","22","9999.9"," 0","999.9"," 0","  4.2","24"," 14.5","24"," 25.1","999.9","  96.8","*","  60.8","*"," 0.00","I","999.9","000000"
"60033099999","2023-03-23","27.151667","-13.219167","63.09","HASSAN I, EH","  71.3","24","  60.2","24","9999.9"," 0","999.9"," 0","  4.3","24"," 12.2","24"," 22.0","999.9","  87.8","*","  62.6","*"," 0.00","I","999.9","000000"
"60033099999","2023-03-24","27.151667","-13.219167","63.09","HASSAN I, EH","  72.1","24","  59.1","24","9999.9"," 0","999.9"," 0","  4.7","24"," 16.5","24"," 22.0","999.9","  89.6","*","  60.8","*"," 0.00","I","999.9","000000"
"60033099999","2023-03-25","27.151667","-13.219167","63.09","HASSAN I, EH","  73.2","23","  57.1","23","9999.9"," 0","999.9"," 0","  5.2","23"," 13.6","23"," 21.0","999.9","  93.2","*","  60.8","*"," 0.00","I","999.9","000000"
"60033099999","2023-03-26","27.151667","-13.219167","63.09","HASSAN I, EH","  69.7","24","  58.5","24","9999.9"," 0","999.9"," 0","  5.5","24"," 14.4","24"," 20.0","999.9","  89.6","*","  59.0","*"," 0.00","I","999.9","000000"
"60033099999","2023-03-27","27.151667","-13.219167","63.09","HASSAN I, EH","  69.7","24","  61.0","24","9999.9"," 0","999.9"," 0","  5.7","24"," 14.1","24"," 20.0"," 25.1","  86.0","*","  60.8","*"," 0.00","I","999.9","000000"
"60033099999","2023-03-28","27.151667","-13.219167","63.09","HASSAN I, EH","  70.7","23","  62.6","23","9999.9"," 0","999.9"," 0","  5.5","23"," 14.3","23"," 20.0","999.9","  86.0","*","  60.8","*"," 0.00","I","999.9","000000"
"60033099999","2023-03-29","27.151667","-13.219167","63.09","HASSAN I, EH","  74.3","24","  57.0","24","9999.9"," 0","999.9"," 0","  3.5","24"," 18.0","24"," 24.1","999.9","  95.0","*","  60.8","*"," 0.00","I","999.9","000000"
"60033099999","2023-03-30","27.151667","-13.219167","63.09","HASSAN I, EH","  82.6","16","  46.3","14","9999.9"," 0","999.9"," 0","  3.8","16"," 13.4","16"," 22.0","999.9"," 105.8","*","  68.0","*"," 0.00","I","999.9","000000"
"60033099999","2023-03-31","27.151667","-13.219167","63.09","HASSAN I, EH","  80.7","24","  43.9","21","9999.9"," 0","999.9"," 0","  4.6","24"," 12.6","24"," 21.0","999.9","  96.8","*","  68.0","*"," 0.00","I","999.9","000000"
"60033099999","2023-04-01","27.151667","-13.219167","63.09","HASSAN I, EH","  69.3","24","  60.9","24","9999.9"," 0","999.9"," 0","  4.5","24"," 15.8","24"," 21.0","999.9","  80.6","*","  62.6","*"," 0.00","I","999.9","000000"
"60033099999","2023-04-02","27.151667","-13.219167","63.09","HASSAN I, EH","  68.3","23","  61.5","22","9999.9"," 0","999.9"," 0","  4.6","23"," 16.8","23"," 22.0","999.9","  80.6","*","  59.0","*"," 0.00","I","999.9","000000"
"60033099999","2023-04-03","27.151667","-13.219167","63.09","HASSAN I, EH","  67.0","24","  59.7","23","9999.9"," 0","999.9"," 0","  5.1","24"," 16.4","24"," 20.0","999.9","  75.2","*","  62.6","*"," 0.00","I","999.9","000000"
"60033099999","2023-04-04","27.151667","-13.219167","63.09","HASSAN I, EH","  65.8","23","  57.6","23","9999.9"," 0","999.9"," 0","  4.2","23"," 16.4","23"," 22.0","999.9","  71.6","*","  62.6","*"," 0.00","I","999.9","000000"
"60033099999","2023-04-05","27.151667","-13.219167","63.09","HASSAN I, EH","  65.4","24","  60.6","24","9999.9"," 0","999.9"," 0","  4.6","24"," 14.6","24"," 22.0","999.9","  73.4","*","  59.0","*"," 0.00","I","999.9","000000"
"60033099999","2023-04-06","27.151667","-13.219167","63.09","HASSAN I, EH","  67.0","24","  59.5","24","9999.9"," 0","999.9"," 0","  4.8","24"," 13.9","24"," 20.0","999.9","  75.2","*","  62.6","*"," 0.00","I","999.9","000000"
"60033099999","2023-04-07","27.151667","-13.219167","63.09","HASSAN I, EH","  65.8","24","  61.1","24","9999.9"," 0","999.9"," 0","  4.1","24","  7.3","24"," 13.0","999.9","  71.6","*","  60.8","*"," 0.00","I","999.9","000000"
"60033099999","2023-04-08","27.151667","-13.219167","63.09","HASSAN I, EH","  66.1","24","  58.6","24","9999.9"," 0","999.9"," 0","  5.4","24","  8.8","24"," 15.9","999.9","  78.8","*","  59.0","*"," 0.00","I","999.9","000000"
"60033099999","2023-04-09","27.151667","-13.219167","63.09","HASSAN I, EH","  69.3","24","  61.0","24","9999.9"," 0","999.9"," 0","  5.2","24"," 12.3","24"," 20.0","999.9","  84.2","*","  59.0","*"," 0.00","I","999.9","000000"
"60033099999","2023-04-10","27.151667","-13.219167","63.09","HASSAN I, EH","  78.7","24","  39.8","23","9999.9"," 0","999.9"," 0","  3.3","24"," 15.8","24"," 27.0","999.9","  96.8","*","  64.4","*"," 0.00","I","999.9","000000"
"60033099999","2023-04-11","27.151667","-13.219167","63.09","HASSAN I, EH","  72.0","22","  53.4","21","9999.9"," 0","999.9"," 0","  3.9","22"," 12.2","22"," 36.9"," 56.3","  82.4","*","  62.6","*","99.99"," ","999.9","010000"
"60033099999","2023-04-12","27.151667","-13.219167","63.09","HASSAN I, EH","  72.5","24","  51.6","21","9999.9"," 0","999.9"," 0","  4.1","24"," 11.6","24"," 19.0","999.9","  87.8","*","  64.4","*"," 0.00","I","999.9","000000"
"60033099999","2023-04-13","27.151667","-13.219167","63.09","HASSAN I, EH","  69.4","24","  59.5","24","9999.9"," 0","999.9"," 0","  3.5","24"," 15.7","24"," 26.0","999.9","  82.4","*","  60.8","*"," 0.00","I","999.9","000000"
"60033099999","2023-04-14","27.151667","-13.219167","63.09","HASSAN I, EH","  68.5","24","  59.6","24","9999.9"," 0","999.9"," 0","  4.6","23"," 17.5","24"," 20.0","999.9","  80.6","*","  62.6","*"," 0.00","I","999.9","000000"
"60033099999","2023-04-15","27.151667","-13.219167","63.09","HASSAN I, EH","  68.8","24","  61.6","24","9999.9"," 0","999.9"," 0","  4.9","24"," 14.1","24"," 18.1","999.9","  82.4","*","  59.0","*"," 0.00","I","999.9","000000"
"60033099999","2023-04-16","27.151667","-13.219167","63.09","HASSAN I, EH","  68.0","24","  64.2","24","9999.9"," 0","999.9"," 0","  4.8","23"," 10.9","24"," 15.0","999.9","  75.2","*","  62.6","*"," 0.00","I","999.9","000000"
"60033099999","2023-04-17","27.151667","-13.219167","63.09","HASSAN I, EH","  67.6","24","  61.8","24","9999.9"," 0","999.9"," 0","  4.6","24"," 10.2","24"," 18.1","999.9","  75.2","*","  60.8","*"," 0.00","I","999.9","000000"
"60033099999","2023-04-18","27.151667","-13.219167","63.09","HASSAN I, EH","  67.0","24","  62.6","24","9999.9"," 0","999.9"," 0","  4.7","24","  9.8","24"," 14.0","999.9","  73.4","*","  59.0","*"," 0.00","I","999.9","000000"
"60033099999","2023-04-19","27.151667","-13.219167","63.09","HASSAN I, EH","  68.7","24","  61.3","24","9999.9"," 0","999.9"," 0","  5.0","22"," 11.5","22"," 17.1","999.9","  75.2","*","  64.4","*"," 0.00","I","999.9","000000"
"60033099999","2023-04-20","27.151667","-13.219167","63.09","HASSAN I, EH","  66.1","24","  57.8","23","9999.9"," 0","999.9"," 0","  5.5","24","  8.7","24"," 14.0","999.9","  73.4","*","  59.0","*"," 0.00","I","999.9","000000"
"60033099999","2023-04-21","27.151667","-13.219167","63.09","HASSAN I, EH","  66.9","24","  59.2","24","9999.9"," 0","999.9"," 0","  5.5","24","  7.7","24"," 15.0","999.9","  75.2","*","  59.0","*"," 0.00","I","999.9","000000"
"60033099999","2023-04-22","27.151667","-13.219167","63.09","HASSAN I, EH","  68.8","24","  63.6","23","9999.9"," 0","999.9"," 0","  5.5","24","  9.4","24"," 18.1","999.9","  78.8","*","  59.0","*"," 0.00","I","999.9","000000"
"60033099999","2023-04-23","27.151667","-13.219167","63.09","HASSAN I, EH","  68.0","23","  60.9","23","9999.9"," 0","999.9"," 0","  5.6","22"," 12.0","23"," 18.1","999.9","  77.0","*","  60.8","*"," 0.00","I","999.9","000000"
"60033099999","2023-04-24","27.151667","-13.219167","63.09","HASSAN I, EH","  69.5","23","  62.9","23","9999.9"," 0","999.9"," 0","  4.8","23"," 13.4","23"," 18.1","999.9","  78.8","*","  64.4","*"," 0.00","I","999.9","000000"
"60033099999","2023-04-25","27.151667","-13.219167","63.09","HASSAN I, EH","  70.7","24","  65.1","24","9999.9"," 0","999.9"," 0","  4.6","24","  7.8","23"," 13.0","999.9","  80.6","*","  66.2","*"," 0.00","I","999.9","000000"
"60033099999","2023-04-26","27.151667","-13.219167","63.09","HASSAN I, EH","  72.1","23","  63.9","23","9999.9"," 0","999.9"," 0","  4.8","23"," 12.6","23"," 21.0","999.9","  84.2","*","  62.6","*"," 0.00","I","999.9","000000"
"60033099999","2023-04-27","27.151667","-13.219167","63.09","HASSAN I, EH","  70.4","24","  65.7","24","9999.9"," 0","999.9"," 0","  5.3","24"," 10.1","24"," 14.0","999.9","  78.8","*","  64.4","*"," 0.00","I","999.9","000000"
"60033099999","2023-04-28","27.151667","-13.219167","63.09","HASSAN I, EH","  72.2","24","  63.9","24","9999.9"," 0","999.9"," 0","  5.3","24"," 11.0","24"," 18.1","999.9","  82.4","*","  64.4","*"," 0.00","I","999.9","000000"
"60033099999","2023-04-29","27.151667","-13.219167","63.09","HASSAN I, EH","  73.8","23","  61.9","23","9999.9"," 0","999.9"," 0","  5.3","23"," 14.7","23"," 19.0","999.9","  89.6","*","  64.4","*"," 0.00","I","999.9","000000"
"60033099999","2023-04-30","27.151667","-13.219167","63.09","HASSAN I, EH","  75.0","24","  61.9","24","9999.9"," 0","999.9"," 0","  4.9","24"," 14.9","24"," 22.0","999.9","  91.4","*","  64.4","*"," 0.00","I","999.9","000000"
"60033099999","2023-05-01","27.151667","-13.219167","63.09","HASSAN I, EH","  73.6","24","  59.8","24","9999.9"," 0","999.9"," 0","  5.2","24"," 13.5","24"," 18.1","999.9","  87.8","*","  62.6","*"," 0.00","I","999.9","000000"
"60033099999","2023-05-02","27.151667","-13.219167","63.09","HASSAN I, EH","  71.9","23","  63.6","22","9999.9"," 0","999.9"," 0","  5.2","23","  9.6","23"," 14.0","999.9","  89.6","*","  62.6","*"," 0.00","I","999.9","000000"
"60033099999","2023-05-03","27.151667","-13.219167","63.09","HASSAN I, EH","  73.0","23","  60.9","22","9999.9"," 0","999.9"," 0","  4.8","23"," 10.2","23"," 15.9","999.9","  84.2","*","  59.0","*"," 0.00","I","999.9","100000"
"60033099999","2023-05-04","27.151667","-13.219167","63.09","HASSAN I, EH","  73.3","24","  65.1","23","9999.9"," 0","999.9"," 0","  5.0","24"," 16.9","24"," 20.0","999.9","  82.4","*","  66.2","*"," 0.00","I","999.9","000000"
"60033099999","2023-05-05","27.151667","-13.219167","63.09","HASSAN I, EH","  70.7","23","  60.0","23","9999.9"," 0","999.9"," 0","  4.6","23"," 15.8","22"," 21.0","999.9","  78.8","*","  62.6","*"," 0.00","I","999.9","000000"
"60033099999","2023-05-06","27.151667","-13.219167","63.09","HASSAN I, EH","  71.7","22","  60.4","22","9999.9"," 0","999.9"," 0","  3.8","22"," 19.5","22"," 26.0"," 36.9","  80.6","*","  64.4","*"," 0.00","I","999.9","000000"
"60033099999","2023-05-07","27.151667","-13.219167","63.09","HASSAN I, EH","  70.9","24","  62.7","24","9999.9"," 0","999.9"," 0","  3.5","24"," 19.4","24"," 24.1","999.9","  78.8","*","  66.2","*"," 0.00","I","999.9","000000"
"60033099999","2023-05-08","27.151667","-13.219167","63.09","HASSAN I, EH","  71.1","23","  66.6","23","9999.9"," 0","999.9"," 0","  3.7","23"," 18.4","23"," 22.0","999.9","  80.6","*","  66.2","*"," 0.00","I","999.9","000000"
"60033099999","2023-05-09","27.151667","-13.219167","63.09","HASSAN I, EH","  74.6","23","  65.1","23","9999.9"," 0","999.9"," 0","  4.2","23"," 14.3","23"," 20.0","999.9","  91.4","*","  64.4","*"," 0.00","I","999.9","000000"
"60033099999","2023-05-10","27.151667","-13.219167","63.09","HASSAN I, EH","  73.3","24","  66.8","24","9999.9"," 0","999.9"," 0","  3.7","24"," 13.2","23"," 18.1","999.9","  86.0","*","  64.4","*"," 0.00","I","999.9","000000"
"60033099999","2023-05-11","27.151667","-13.219167","63.09","HASSAN I, EH","  72.3","22","  65.4","22","9999.9"," 0","999.9"," 0","  3.6","22"," 18.3","22"," 22.0","999.9","  84.2","*","  66.2","*"," 0.00","I","999.9","000000"
"60033099999","2023-05-12","27.151667","-13.219167","63.09","HASSAN I, EH","  71.9","22","  61.4","22","9999.9"," 0","999.9"," 0","  3.5","22"," 19.3","22"," 25.1","999.9","  82.4","*","  64.4","*"," 0.00","I","999.9","000000"
"60033099999","2023-05-13","27.151667","-13.219167","63.09","HASSAN I, EH","  69.2","21","  60.8","21","9999.9"," 0","999.9"," 0","  4.2","21"," 16.0","21"," 22.9","999.9","  80.6","*","  62.6","*"," 0.00","I","999.9","000000"
"60033099999","2023-05-14","27.151667","-13.219167","63.09","HASSAN I, EH","  70.4","23","  55.5","23","9999.9"," 0","999.9"," 0","  4.3","23"," 16.1","23"," 20.0","999.9","  80.6","*","  60.8","*"," 0.00","I","999.9","000000"
"60033099999","2023-05-15","27.151667","-13.219167","63.09","HASSAN I, EH","  70.5","24","  60.2","24","9999.9"," 0","999.9"," 0","  4.3","24"," 14.1","24"," 19.0","999.9","  84.2","*","  62.6","*"," 0.00","I","999.9","000000"
"60033099999","2023-05-16","27.151667","-13.219167","63.09","HASSAN I, EH","  68.2","23","  63.3","23","9999.9"," 0","999.9"," 0","  4.2","23"," 15.3","23"," 20.0","999.9","  77.0","*","  62.6","*","99.99"," ","999.9","010010"
"60033099999","2023-05-17","27.151667","-13.219167","63.09","HASSAN I, EH","  68.4","23","  58.3","23","9999.9"," 0","999.9"," 0","  4.8","23"," 14.9","23"," 21.0","999.9","  77.0","*","  62.6","*"," 0.00","I","999.9","000000"
"60033099999","2023-05-18","27.151667","-13.219167","63.09","HASSAN I, EH","  68.2","22","  61.5","22","9999.9"," 0","999.9"," 0","  4.5","22"," 11.9","22"," 19.0","999.9","  77.0","*","  62.6","*","99.99"," ","999.9","010000"
"60033099999","2023-05-19","27.151667","-13.219167","63.09","HASSAN I, EH","  69.0","24","  59.1","24","9999.9"," 0","999.9"," 0","  4.2","24"," 12.1","24"," 21.0","999.9","  77.0","*","  60.8","*"," 0.00","I","999.9","000000"
"60033099999","2023-05-20","27.151667","-13.219167","63.09","HASSAN I, EH","  67.5","24","  57.6","24","9999.9"," 0","999.9"," 0","  4.9","24","  9.4","24"," 15.0","999.9","  75.2","*","  60.8","*"," 0.00","I","999.9","000000"
"60033099999","2023-05-21","27.151667","-13.219167","63.09","HASSAN I, EH","  67.5","23","  57.4","23","9999.9"," 0","999.9"," 0","  5.4","23","  8.3","23"," 15.0","999.9","  75.2","*","  59.0","*"," 0.00","I","999.9","000000"
"60033099999","2023-05-22","27.151667","-13.219167","63.09","HASSAN I, EH","  67.8","22","  56.7","22","9999.9"," 0","999.9"," 0","  4.6","22","  8.7","22"," 17.1","999.9","  75.2","*","  60.8","*"," 0.00","I","999.9","000000"
"60033099999","2023-05-23","27.151667","-13.219167","63.09","HASSAN I, EH","  67.8","24","  57.5","24","9999.9"," 0","999.9"," 0","  4.6","23","  9.3","24"," 15.9"," 28.0","  75.2","*","  60.8","*"," 0.00","I","999.9","000000"
"60033099999","2023-05-24","27.151667","-13.219167","63.09","HASSAN I, EH","  68.4","20","  56.8","20","9999.9"," 0","999.9"," 0","  5.1","20","  8.8","20"," 15.0","999.9","  77.0","*","  57.2","*"," 0.00","I","999.9","000000"
"60033099999","2023-05-25","27.151667","-13.219167","63.09","HASSAN I, EH","  68.8","23","  59.5","23","9999.9"," 0","999.9"," 0","  5.1","23","  9.1","23"," 15.9","999.9","  78.8","*","  60.8","*"," 0.00","I","999.9","000000"
"60033099999","2023-05-26","27.151667","-13.219167","63.09","HASSAN I, EH","  68.8","24","  61.0","24","9999.9"," 0","999.9"," 0","  4.9","24","  7.9","24"," 13.0","999.9","  77.0","*","  62.6","*"," 0.00","I","999.9","000000"
"60033099999","2023-05-27","27.151667","-13.219167","63.09","HASSAN I, EH","  69.6","24","  59.2","24","9999.9"," 0","999.9"," 0","  5.1","24","  6.6","24"," 14.0","999.9","  78.8","*","  62.6","*"," 0.00","I","999.9","000000"
"60033099999","2023-05-28","27.151667","-13.219167","63.09","HASSAN I, EH","  70.9","24","  59.2","24","9999.9"," 0","999.9"," 0","  5.6","23","  8.3","24"," 15.0","999.9","  80.6","*","  60.8","*"," 0.00","I","999.9","000000"
"60033099999","2023-05-29","27.151667","-13.219167","63.09","HASSAN I, EH","  71.5","23","  61.5","23","9999.9"," 0","999.9"," 0","  5.2","23","  9.0","23"," 15.9","999.9","  78.8","*","  64.4","*"," 0.00","I","999.9","000000"
"60033099999","2023-05-30","27.151667","-13.219167","63.09","HASSAN I, EH","  71.5","24","  62.3","24","9999.9"," 0","999.9"," 0","  6.0","24"," 10.4","24"," 18.1","999.9","  80.6","*","  62.6","*"," 0.00","I","999.9","000000"
"60033099999","2023-05-31","27.151667","-13.219167","63.09","HASSAN I, EH","  70.8","24","  62.8","24","9999.9"," 0","999.9"," 0","  6.0","24","  9.3","24"," 15.0","999.9","  78.8","*","  62.6","*"," 0.00","I","999.9","000000"
"60033099999","2023-06-01","27.151667","-13.219167","63.09","HASSAN I, EH","  69.7","21","  65.8","21","9999.9"," 0","999.9"," 0","  4.9","21","  6.3","21"," 13.0","999.9","  78.8","*","  60.8","*"," 0.00","I","999.9","100000"
"60033099999","2023-06-02","27.151667","-13.219167","63.09","HASSAN I, EH","  72.4","24","  64.9","24","9999.9"," 0","999.9"," 0","  4.9","24","  9.6","24"," 15.0","999.9","  80.6","*","  57.2","*"," 0.00","I","999.9","000000"
"60033099999","2023-06-03","27.151667","-13.219167","63.09","HASSAN I, EH","  73.0","23","  64.9","23","9999.9"," 0","999.9"," 0","  5.2","23","  9.2","23"," 15.0","999.9","  80.6","*","  66.2","*"," 0.00","I","999.9","000000"
"60033099999","2023-06-04","27.151667","-13.219167","63.09","HASSAN I, EH","  74.2","22","  66.7","22","9999.9"," 0","999.9"," 0","  5.5","22","  9.8","22"," 17.1","999.9","  82.4","*","  66.2","*"," 0.00","I","999.9","000000"
"60033099999","2023-06-05","27.151667","-13.219167","63.09","HASSAN I, EH","  73.6","23","  64.4","23","9999.9"," 0","999.9"," 0","  5.3","23","  7.8","23"," 13.0","999.9","  84.2","*","  66.2","*"," 0.00","I","999.9","000000"
"60033099999","2023-06-06","27.151667","-13.219167","63.09","HASSAN I, EH","  75.0","24","  62.5","24","9999.9"," 0","999.9"," 0","  5.3","24"," 11.7","22"," 19.0","999.9","  82.4","*","  66.2","*"," 0.00","I","999.9","000000"
"60033099999","2023-06-07","27.151667","-13.219167","63.09","HASSAN I, EH","  76.1","23","  73.9","23","9999.9"," 0","999.9"," 0","  3.6","23"," 15.5","23"," 22.9","999.9","  84.2","*","  71.6","*"," 0.00","I","999.9","000000"
"60033099999","2023-06-08","27.151667","-13.219167","63.09","HASSAN I, EH","  74.4","21","  69.1","21","9999.9"," 0","999.9"," 0","  4.3","21","  8.5","21"," 14.0","999.9","  82.4","*","  69.8","*"," 0.00","I","999.9","000000"
"60033099999","2023-06-09","27.151667","-13.219167","63.09","HASSAN I, EH","  74.1","24","  64.7","24","9999.9"," 0","999.9"," 0","  4.8","24","  7.9","24"," 14.0","999.9","  82.4","*","  66.2","*"," 0.00","I","999.9","000000"
"60033099999","2023-06-10","27.151667","-13.219167","63.09","HASSAN I, EH","  74.3","23","  63.2","23","9999.9"," 0","999.9"," 0","  5.2","23","  9.8","23"," 15.9","999.9","  82.4","*","  66.2","*"," 0.00","I","999.9","000000"
"60033099999","2023-06-11","27.151667","-13.219167","63.09","HASSAN I, EH","  73.3","24","  66.2","24","9999.9"," 0","999.9"," 0","  5.1","24","  9.1","24"," 15.9","999.9","  80.6","*","  64.4","*"," 0.00","I","999.9","000000"
"60033099999","2023-06-12","27.151667","-13.219167","63.09","HASSAN I, EH","  74.7","24","  67.3","24","9999.9"," 0","999.9"," 0","  5.1","24","  9.8","24"," 18.1","999.9","  84.2","*","  66.2","*"," 0.00","I","999.9","000000"
"60033099999","2023-06-13","27.151667","-13.219167","63.09","HASSAN I, EH","  74.5","24","  65.0","24","9999.9"," 0","999.9"," 0","  4.8","24"," 11.8","24"," 20.0","999.9","  80.6","*","  68.0","*"," 0.00","I","999.9","000000"
"60033099999","2023-06-14","27.151667","-13.219167","63.09","HASSAN I, EH","  74.5","22","  65.1","22","9999.9"," 0","999.9"," 0","  4.7","22"," 13.2","22"," 18.1","999.9","  82.4","*","  66.2","*"," 0.00","I","999.9","000000"
"60033099999","2023-06-15","27.151667","-13.219167","63.09","HASSAN I, EH","  74.1","18","  65.5","18","9999.9"," 0","999.9"," 0","  4.5","18"," 11.8","18"," 18.1","999.9","  84.2","*","  68.0","*"," 0.00","I","999.9","000000"
"60033099999","2023-06-16","27.151667","-13.219167","63.09","HASSAN I, EH","  75.0","24","  68.5","24","9999.9"," 0","999.9"," 0","  4.4","24"," 10.8","24"," 15.9","999.9","  84.2","*","  68.0","*"," 0.00","I","999.9","000000"
"60033099999","2023-06-17","27.151667","-13.219167","63.09","HASSAN I, EH","  75.8","22","  67.8","22","9999.9"," 0","999.9"," 0","  4.4","22"," 12.0","22"," 15.9","999.9","  84.2","*","  68.0","*"," 0.00","I","999.9","000000"
"60033099999","2023-06-18","27.151667","-13.219167","63.09","HASSAN I, EH","  74.2","21","  67.7","21","9999.9"," 0","999.9"," 0","  5.0","21"," 11.8","21"," 15.9","999.9","  82.4","*","  68.0","*"," 0.00","I","999.9","000000"
"60033099999","2023-06-19","27.151667","-13.219167","63.09","HASSAN I, EH","  75.1","23","  67.9","23","9999.9"," 0","999.9"," 0","  5.1","23","  8.9","23"," 15.9","999.9","  82.4","*","  69.8","*"," 0.00","I","999.9","000000"
"60033099999","2023-06-20","27.151667","-13.219167","63.09","HASSAN I, EH","  74.8","24","  68.5","24","9999.9"," 0","999.9"," 0","  5.9","24","  7.3","24"," 15.9","999.9","  82.4","*","  68.0","*"," 0.00","I","999.9","000000"
"60033099999","2023-06-21","27.151667","-13.219167","63.09","HASSAN I, EH","  78.1","22","  66.0","22","9999.9"," 0","999.9"," 0","  6.0","22"," 10.8","22"," 17.1","999.9","  87.8","*","  68.0","*"," 0.00","I","999.9","000000"
"60033099999","2023-06-22","27.151667","-13.219167","63.09","HASSAN I, EH","  78.1","20","  67.7","20","9999.9"," 0","999.9"," 0","  5.7","20"," 12.3","20"," 20.0"," 22.9","  87.8","*","  69.8","*"," 0.00","I","999.9","000000"
"60033099999","2023-06-23","27.151667","-13.219167","63.09","HASSAN I, EH","  76.5","24","  68.5","24","9999.9"," 0","999.9"," 0","  5.9","24"," 13.9","24"," 19.0","999.9","  84.2","*","  69.8","*"," 0.00","I","999.9","000000"
"60033099999","2023-06-24","27.151667","-13.219167","63.09","HASSAN I, EH","  76.0","22","  66.9","22","9999.9"," 0","999.9"," 0","  5.9","22"," 14.3","22"," 19.0","999.9","  84.2","*","  69.8","*"," 0.00","I","999.9","000000"
"60033099999","2023-06-25","27.151667","-13.219167","63.09","HASSAN I, EH","  77.5","20","  71.4","20","9999.9"," 0","999.9"," 0","  4.9","20"," 12.8","20"," 17.1","999.9","  84.2","*","  71.6","*"," 0.00","I","999.9","000000"
"60033099999","2023-06-26","27.151667","-13.219167","63.09","HASSAN I, EH","  76.8","23","  71.9","23","9999.9"," 0","999.9"," 0","  4.6","23","  8.4","23"," 12.0","999.9","  86.0","*","  71.6","*"," 0.00","I","999.9","000000"
"60033099999","2023-06-27","27.151667","-13.219167","63.09","HASSAN I, EH","  76.8","23","  74.7","23","9999.9"," 0","999.9"," 0","  3.5","23"," 10.7","23"," 14.0","999.9","  87.8","*","  71.6","*"," 0.00","I","999.9","100000"
"60033099999","2023-06-28","27.151667","-13.219167","63.09","HASSAN I, EH","  80.2","24","  74.0","24","9999.9"," 0","999.9"," 0","  3.5","24"," 11.7","24"," 19.0","999.9","  93.2","*","  71.6","*"," 0.00","I","999.9","100000"
"60033099999","2023-06-29","27.151667","-13.219167","63.09","HASSAN I, EH","  77.7","20","  71.3","20","9999.9"," 0","999.9"," 0","  3.4","20"," 16.3","20"," 22.0","999.9","  89.6","*","  71.6","*"," 0.00","I","999.9","000000"
"60033099999","2023-06-30","27.151667","-13.219167","63.09","HASSAN I, EH","  77.0","23","  71.2","23","9999.9"," 0","999.9"," 0","  3.5","23"," 20.1","23"," 25.1"," 33.0","  86.0","*","  71.6","*"," 0.00","I","999.9","000000"
"60033099999","2023-07-01","27.151667","-13.219167","63.09","HASSAN I, EH","  76.9","21","  67.5","21","9999.9"," 0","999.9"," 0","  4.1","21"," 20.5","21"," 22.0","999.9","  84.2","*","  71.6","*"," 0.00","I","999.9","000000"
"60033099999","2023-07-02","27.151667","-13.219167","63.09","HASSAN I, EH","  78.3","23","  68.5","23","9999.9"," 0","999.9"," 0","  4.6","23"," 14.7","23"," 19.0","999.9","  89.6","*","  71.6","*"," 0.00","I","999.9","000000"
"60033099999","2023-07-03","27.151667","-13.219167","63.09","HASSAN I, EH","  78.7","24","  69.6","24","9999.9"," 0","999.9"," 0","  5.0","24"," 15.6","24"," 17.1","999.9","  89.6","*","  71.6","*"," 0.00","I","999.9","000000"
"60033099999","2023-07-04","27.151667","-13.219167","63.09","HASSAN I, EH","  79.4","22","  69.8","22","9999.9"," 0","999.9"," 0","  5.0","22"," 18.0","22"," 20.0","999.9","  91.4","*","  71.6","*"," 0.00","I","999.9","000000"
"60033099999","2023-07-05","27.151667","-13.219167","63.09","HASSAN I, EH","  79.7","23","  69.4","23","9999.9"," 0","999.9"," 0","  4.9","23"," 15.9","23"," 19.0","999.9","  93.2","*","  69.8","*"," 0.00","I","999.9","000000"
"60033099999","2023-07-06","27.151667","-13.219167","63.09","HASSAN I, EH","  76.6","22","  67.7","22","9999.9"," 0","999.9"," 0","  5.6","22"," 15.5","22"," 19.0","999.9","  87.8","*","  69.8","*"," 0.00","I","999.9","000000"
"60033099999","2023-07-07","27.151667","-13.219167","63.09","HASSAN I, EH","  75.6","23","  67.0","22","9999.9"," 0","999.9"," 0","  5.6","23"," 15.2","23"," 20.0","999.9","  84.2","*","  69.8","*"," 0.00","I","999.9","000000"
"60033099999","2023-07-08","27.151667","-13.219167","63.09","HASSAN I, EH","  75.8","23","  66.6","23","9999.9"," 0","999.9"," 0","  5.2","23"," 16.0","23"," 21.0","999.9","  86.0","*","  68.0","*"," 0.00","I","999.9","000000"
"60033099999","2023-07-09","27.151667","-13.219167","63.09","HASSAN I, EH","  77.7","22","  69.2","22","9999.9"," 0","999.9"," 0","  5.0","22"," 17.6","22"," 22.0","999.9","  87.8","*","  71.6","*"," 0.00","I","999.9","000000"
"60033099999","2023-07-10","27.151667","-13.219167","63.09","HASSAN I, EH","  79.0","22","  71.4","22","9999.9"," 0","999.9"," 0","  4.8","22"," 18.0","22"," 22.0","999.9","  91.4","*","  71.6","*"," 0.00","I","999.9","000000"
"60033099999","2023-07-11","27.151667","-13.219167","63.09","HASSAN I, EH","  77.8","24","  72.8","24","9999.9"," 0","999.9"," 0","  3.3","24"," 19.8","24"," 26.0","999.9","  91.4","*","  69.8","*"," 0.00","I","999.9","000000"
"60033099999","2023-07-12","27.151667","-13.219167","63.09","HASSAN I, EH","  81.1","22","  72.8","22","9999.9"," 0","999.9"," 0","  3.0","22"," 20.7","22"," 29.9"," 35.0","  96.8","*","  71.6","*"," 0.00","I","999.9","000000"
"60033099999","2023-07-13","27.151667","-13.219167","63.09","HASSAN I, EH","  81.9","23","  69.9","23","9999.9"," 0","999.9"," 0","  3.4","23"," 21.5","23"," 27.0","999.9","  98.6","*","  71.6","*"," 0.00","I","999.9","000000"
"60033099999","2023-07-14","27.151667","-13.219167","63.09","HASSAN I, EH","  80.7","22","  68.7","22","9999.9"," 0","999.9"," 0","  3.3","22"," 22.4","22"," 27.0","999.9","  96.8","*","  71.6","*"," 0.00","I","999.9","000000"
"60033099999","2023-07-15","27.151667","-13.219167","63.09","HASSAN I, EH","  78.0","22","  69.2","22","9999.9"," 0","999.9"," 0","  4.3","22"," 22.4","22"," 26.0"," 35.9","  87.8","*","  71.6","*"," 0.00","I","999.9","000000"
"60033099999","2023-07-16","27.151667","-13.219167","63.09","HASSAN I, EH","  77.2","22","  69.1","22","9999.9"," 0","999.9"," 0","  4.5","22"," 20.8","21"," 22.9","999.9","  84.2","*","  71.6","*"," 0.00","I","999.9","000000"
"60033099999","2023-07-17","27.151667","-13.219167","63.09","HASSAN I, EH","  76.6","22","  68.0","22","9999.9"," 0","999.9"," 0","  4.7","22"," 17.0","22"," 21.0","999.9","  86.0","*","  71.6","*"," 0.00","I","999.9","000000"
"60033099999","2023-07-18","27.151667","-13.219167","63.09","HASSAN I, EH","  77.3","21","  71.1","21","9999.9"," 0","999.9"," 0","  4.8","21"," 12.7","21"," 18.1","999.9","  86.0","*","  68.0","*"," 0.00","I","999.9","000000"
"60033099999","2023-07-19","27.151667","-13.219167","63.09","HASSAN I, EH","  79.3","23","  72.6","23","9999.9"," 0","999.9"," 0","  4.9","23"," 15.7","23"," 21.0","999.9","  89.6","*","  73.4","*"," 0.00","I","999.9","000000"
"60033099999","2023-07-20","27.151667","-13.219167","63.09","HASSAN I, EH","  77.7","21","  71.8","21","9999.9"," 0","999.9"," 0","  4.3","21"," 21.1","21"," 25.1","999.9","  87.8","*","  71.6","*"," 0.00","I","999.9","000000"
"60033099999","2023-07-21","27.151667","-13.219167","63.09","HASSAN I, EH","  78.1","22","  70.0","22","9999.9"," 0","999.9"," 0","  2.8","22"," 25.1","22"," 28.0","999.9","  86.0","*","  71.6","*"," 0.00","I","999.9","000000"
"60033099999","2023-07-22","27.151667","-13.219167","63.09","HASSAN I, EH","  77.0","23","  69.6","23","9999.9"," 0","999.9"," 0","  2.8","23"," 24.5","23"," 28.0"," 38.1","  86.0","*","  71.6","*"," 0.00","I","999.9","000000"
"60033099999","2023-07-23","27.151667","-13.219167","63.09","HASSAN I, EH","  77.6","21","  68.6","21","9999.9"," 0","999.9"," 0","  4.5","21"," 20.3","21"," 22.9","999.9","  86.0","*","  69.8","*"," 0.00","I","999.9","000000"
"60033099999","2023-07-24","27.151667","-13.219167","63.09","HASSAN I, EH","  77.1","21","  68.0","21","9999.9"," 0","999.9"," 0","  5.0","21"," 18.1","21"," 22.0","999.9","  87.8","*","  69.8","*"," 0.00","I","999.9","000000"
"60033099999","2023-07-25","27.151667","-13.219167","63.09","HASSAN I, EH","  78.7","19","  67.3","19","9999.9"," 0","999.9"," 0","  5.0","19"," 18.0","19"," 21.0","999.9","  87.8","*","  71.6","*"," 0.00","I","999.9","000000"
"60033099999","2023-07-26","27.151667","-13.219167","63.09","HASSAN I, EH","  76.9","24","  68.4","24","9999.9"," 0","999.9"," 0","  4.9","24"," 18.5","23"," 21.0","999.9","  87.8","*","  71.6","*"," 0.00","I","999.9","000000"
"60033099999","2023-07-27","27.151667","-13.219167","63.09","HASSAN I, EH","  75.2","21","  67.2","21","9999.9"," 0","999.9"," 0","  5.1","21"," 19.1","21"," 27.0","999.9","  84.2","*","  69.8","*"," 0.00","I","999.9","000000"
"60033099999","2023-07-28","27.151667","-13.219167","63.09","HASSAN I, EH","  76.2","23","  67.3","23","9999.9"," 0","999.9"," 0","  5.5","23"," 18.3","23"," 21.0","999.9","  86.0","*","  69.8","*"," 0.00","I","999.9","000000"
"60033099999","2023-07-29","27.151667","-13.219167","63.09","HASSAN I, EH","  77.3","22","  66.9","22","9999.9"," 0","999.9"," 0","  5.6","22"," 16.6","22"," 22.0","999.9","  89.6","*","  69.8","*"," 0.00","I","999.9","000000"
"60033099999","2023-07-30","27.151667","-13.219167","63.09","HASSAN I, EH","  79.3","18","  70.7","18","9999.9"," 0","999.9"," 0","  3.6","17"," 21.7","17"," 28.9","999.9","  89.6","*","  69.8","*"," 0.00","I","999.9","000000"
"60033099999","2023-07-31","27.151667","-13.219167","63.09","HASSAN I, EH","  79.3","22","  70.7","22","9999.9"," 0","999.9"," 0","  4.0","22"," 21.2","22"," 28.9","999.9","  91.4","*","  69.8","*"," 0.00","I","999.9","000000"
"60033099999","2023-08-01","27.151667","-13.219167","63.09","HASSAN I, EH","  77.6","22","  68.7","22","9999.9"," 0","999.9"," 0","  3.4","22"," 21.6","22"," 28.9","999.9","  91.4","*","  69.8","*"," 0.00","I","999.9","000000"
"60033099999","2023-08-02","27.151667","-13.219167","63.09","HASSAN I, EH","  77.3","22","  69.3","22","9999.9"," 0","999.9"," 0","  3.8","22"," 22.6","22"," 27.0","999.9","  87.8","*","  69.8","*"," 0.00","I","999.9","000000"
"60033099999","2023-08-03","27.151667","-13.219167","63.09","HASSAN I, EH","  77.8","23","  70.1","23","9999.9"," 0","999.9"," 0","  4.5","23"," 23.4","23"," 27.0","999.9","  87.8","*","  71.6","*"," 0.00","I","999.9","000000"
"60033099999","2023-08-04","27.151667","-13.219167","63.09","HASSAN I, EH","  76.2","21","  69.4","21","9999.9"," 0","999.9"," 0","  4.4","21"," 18.8","20"," 22.9","999.9","  84.2","*","  69.8","*"," 0.00","I","999.9","000000"
"60033099999","2023-08-05","27.151667","-13.219167","63.09","HASSAN I, EH","  75.5","22","  69.1","22","9999.9"," 0","999.9"," 0","  4.6","22"," 15.0","22"," 18.1","999.9","  84.2","*","  69.8","*"," 0.00","I","999.9","000000"
"60033099999","2023-08-06","27.151667","-13.219167","63.09","HASSAN I, EH","  75.6","24","  70.4","24","9999.9"," 0","999.9"," 0","  4.8","24","  9.4","24"," 14.0","999.9","  82.4","*","  68.0","*"," 0.00","I","999.9","000000"
"60033099999","2023-08-07","27.151667","-13.219167","63.09","HASSAN I, EH","  74.7","18","  71.0","18","9999.9"," 0","999.9"," 0","  5.0","18","  8.7","18"," 13.0","999.9","  82.4","*","  68.0","*"," 0.00","I","999.9","000000"
"60033099999","2023-08-08","27.151667","-13.219167","63.09","HASSAN I, EH","  77.9","20","  69.6","20","9999.9"," 0","999.9"," 0","  5.0","20"," 13.9","20"," 18.1","999.9","  86.0","*","  71.6","*"," 0.00","I","999.9","000000"
"60033099999","2023-08-09","27.151667","-13.219167","63.09","HASSAN I, EH","  78.0","22","  73.6","22","9999.9"," 0","999.9"," 0","  3.9","22"," 21.8","21"," 28.0","999.9","  87.8","*","  71.6","*"," 0.00","I","999.9","000000"
"60033099999","2023-08-10","27.151667","-13.219167","63.09","HASSAN I, EH","  82.7","21","  73.1","21","9999.9"," 0","999.9"," 0","  3.4","21"," 21.9","21"," 27.0","999.9"," 102.2","*","  71.6","*"," 0.00","I","999.9","000000"
"60033099999","2023-08-11","27.151667","-13.219167","63.09","HASSAN I, EH","  86.7","24","  70.9","24","9999.9"," 0","999.9"," 0","  4.0","24"," 15.8","24"," 24.1","999.9"," 111.2","*","  73.4","*"," 0.00","I","999.9","000000"
"60033099999","2023-08-12","27.151667","-13.219167","63.09","HASSAN I, EH","  90.7","21","  66.3","21","9999.9"," 0","999.9"," 0","  4.0","21"," 13.4","21"," 20.0","999.9"," 111.2","*","  75.2","*"," 0.00","I","999.9","000000"
"60033099999","2023-08-13","27.151667","-13.219167","63.09","HASSAN I, EH","  90.1","19","  68.9","19","9999.9"," 0","999.9"," 0","  5.5","19"," 12.9","19"," 21.0","999.9"," 107.6","*","  73.4","*"," 0.00","I","999.9","000000"
"60033099999","2023-08-14","27.151667","-13.219167","63.09","HASSAN I, EH","  81.0","23","  72.5","23","9999.9"," 0","999.9"," 0","  4.1","23"," 18.1","23"," 27.0","999.9","  96.8","*","  73.4","*"," 0.00","I","999.9","000000"
"60033099999","2023-08-15","27.151667","-13.219167","63.09","HASSAN I, EH","  79.7","23","  69.9","23","9999.9"," 0","999.9"," 0","  3.6","23"," 23.3","23"," 28.0","999.9","  96.8","*","  71.6","*"," 0.00","I","999.9","000000"
"60033099999","2023-08-16","27.151667","-13.219167","63.09","HASSAN I, EH","  77.5","24","  69.2","24","9999.9"," 0","999.9"," 0","  4.3","24"," 18.6","24"," 24.1","999.9","  89.6","*","  69.8","*"," 0.00","I","999.9","000000"
"60033099999","2023-08-17","27.151667","-13.219167","63.09","HASSAN I, EH","  77.8","19","  71.5","19","9999.9"," 0","999.9"," 0","  5.0","19"," 17.6","19"," 24.1","999.9","  91.4","*","  71.6","*"," 0.00","I","999.9","000000"
"60033099999","2023-08-18","27.151667","-13.219167","63.09","HASSAN I, EH","  83.4","19","  67.2","19","9999.9"," 0","999.9"," 0","  4.0","19"," 19.9","19"," 28.0"," 38.1","  98.6","*","  69.8","*"," 0.00","I","999.9","000000"
"60033099999","2023-08-19","27.151667","-13.219167","63.09","HASSAN I, EH","  78.7","24","  74.8","24","9999.9"," 0","999.9"," 0","  4.5","24"," 15.4","24"," 21.0","999.9","  91.4","*","  73.4","*"," 0.00","I","999.9","000000"
"60033099999","2023-08-20","27.151667","-13.219167","63.09","HASSAN I, EH","  77.8","22","  76.3","22","9999.9"," 0","999.9"," 0","  4.2","22"," 13.5","22"," 28.0","999.9","  89.6","*","  73.4","*"," 0.00","I","999.9","000000"
"60033099999","2023-08-21","27.151667","-13.219167","63.09","HASSAN I, EH","  77.5","21","  76.4","20","9999.9"," 0","999.9"," 0","  3.6","21"," 15.3","21"," 28.0","999.9","  84.2","*","  75.2","*"," 0.00","I","999.9","000000"
"60033099999","2023-08-22","27.151667","-13.219167","63.09","HASSAN I, EH","  80.8","24","  70.8","24","9999.9"," 0","999.9"," 0","  3.8","24"," 16.0","24"," 21.0","999.9","  95.0","*","  71.6","*"," 0.00","I","999.9","000000"
"60033099999","2023-08-23","27.151667","-13.219167","63.09","HASSAN I, EH","  79.6","20","  73.8","20","9999.9"," 0","999.9"," 0","  4.3","20"," 14.6","20"," 19.0","999.9","  91.4","*","  71.6","*"," 0.00","I","999.9","000000"
"60033099999","2023-08-24","27.151667","-13.219167","63.09","HASSAN I, EH","  77.7","20","  74.5","20","9999.9"," 0","999.9"," 0","  4.2","20","  9.6","20"," 15.9","999.9","  87.8","*","  71.6","*"," 0.00","I","999.9","000000"
"60033099999","2023-08-25","27.151667","-13.219167","63.09","HASSAN I, EH","  78.5","24","  75.1","24","9999.9"," 0","999.9"," 0","  2.9","24","  8.9","24"," 18.1","999.9","  93.2","*","  71.6","*","99.99"," ","999.9","110000"
"60033099999","2023-08-26","27.151667","-13.219167","63.09","HASSAN I, EH","  82.8","24","  72.5","24","9999.9"," 0","999.9"," 0","  4.2","24"," 13.9","24"," 19.0","999.9","  96.8","*","  75.2","*"," 0.00","I","999.9","000000"
"60033099999","2023-08-27","27.151667","-13.219167","63.09","HASSAN I, EH","  79.7","20","  71.7","20","9999.9"," 0","999.9"," 0","  3.5","20"," 20.5","20"," 26.0","999.9","  91.4","*","  71.6","*"," 0.00","I","999.9","000000"
"60033099999","2023-08-28","27.151667","-13.219167","63.09","HASSAN I, EH","  76.5","21","  67.4","21","9999.9"," 0","999.9"," 0","  3.8","21"," 19.6","21"," 22.0","999.9","  86.0","*","  68.0","*"," 0.00","I","999.9","000000"
"60033099999","2023-08-29","27.151667","-13.219167","63.09","HASSAN I, EH","  76.9","22","  69.5","22","9999.9"," 0","999.9"," 0","  3.6","22"," 16.1","22"," 20.0","999.9","  87.8","*","  69.8","*"," 0.00","I","999.9","000000"
"60033099999","2023-08-30","27.151667","-13.219167","63.09","HASSAN I, EH","  76.3","24","  67.5","24","9999.9"," 0","999.9"," 0","  4.0","24"," 13.5","24"," 19.0","999.9","  86.0","*","  69.8","*"," 0.00","I","999.9","000000"
"60033099999","2023-08-31","27.151667","-13.219167","63.09","HASSAN I, EH","  76.6","22","  66.1","22","9999.9"," 0","999.9"," 0","  4.6","22"," 13.5","22"," 19.0","999.9","  89.6","*","  69.8","*"," 0.00","I","999.9","000000"
"60033099999","2023-09-01","27.151667","-13.219167","63.09","HASSAN I, EH","  75.9","24","  67.7","24","9999.9"," 0","999.9"," 0","  5.0","24"," 13.7","24"," 19.0","999.9","  87.8","*","  68.0","*"," 0.00","I","999.9","000000"
"60033099999","2023-09-02","27.151667","-13.219167","63.09","HASSAN I, EH","  76.3","22","  68.7","22","9999.9"," 0","999.9"," 0","  4.9","22"," 13.8","22"," 18.1","999.9","  86.0","*","  69.8","*"," 0.00","I","999.9","000000"
"60033099999","2023-09-03","27.151667","-13.219167","63.09","HASSAN I, EH","  74.7","23","  68.2","23","9999.9"," 0","999.9"," 0","  5.0","23","  7.7","23"," 15.0","999.9","  82.4","*","  68.0","*"," 0.00","I","999.9","000000"
"60033099999","2023-09-04","27.151667","-13.219167","63.09","HASSAN I, EH","  74.5","24","  66.1","24","9999.9"," 0","999.9"," 0","  5.6","24","  6.2","24"," 14.0","999.9","  82.4","*","  66.2","*"," 0.00","I","999.9","000000"
"60033099999","2023-09-05","27.151667","-13.219167","63.09","HASSAN I, EH","  75.4","22","  65.7","22","9999.9"," 0","999.9"," 0","  5.4","22"," 11.8","22"," 17.1","999.9","  86.0","*","  68.0","*"," 0.00","I","999.9","000000"
"60033099999","2023-09-06","27.151667","-13.219167","63.09","HASSAN I, EH","  77.7","22","  69.1","22","9999.9"," 0","999.9"," 0","  5.0","22"," 12.5","22"," 18.1","999.9","  91.4","*","  69.8","*"," 0.00","I","999.9","000000"
"60033099999","2023-09-07","27.151667","-13.219167","63.09","HASSAN I, EH","  80.9","21","  65.2","21","9999.9"," 0","999.9"," 0","  5.2","21"," 10.6","21"," 15.0","999.9","  95.0","*","  71.6","*"," 0.00","I","999.9","000000"
"60033099999","2023-09-08","27.151667","-13.219167","63.09","HASSAN I, EH","  80.3","21","  67.0","21","9999.9"," 0","999.9"," 0","  5.4","21"," 11.7","21"," 15.9","999.9","  91.4","*","  69.8","*"," 0.00","I","999.9","000000"
"60033099999","2023-09-09","27.151667","-13.219167","63.09","HASSAN I, EH","  80.4","19","  68.8","18","9999.9"," 0","999.9"," 0","  5.9","19"," 11.3","19"," 17.1","999.9","  91.4","*","  71.6","*"," 0.00","I","999.9","000000"
"60033099999","2023-09-10","27.151667","-13.219167","63.09","HASSAN I, EH","  77.4","20","  68.1","20","9999.9"," 0","999.9"," 0","  5.7","19"," 10.7","19"," 15.9","999.9","  86.0","*","  69.8","*"," 0.00","I","999.9","000000"
"60033099999","2023-09-11","27.151667","-13.219167","63.09","HASSAN I, EH","  77.4","24","  69.7","24","9999.9"," 0","999.9"," 0","  6.2","24"," 12.4","24"," 18.1","999.9","  95.0","*","  69.8","*"," 0.00","I","999.9","000000"
"60033099999","2023-09-12","27.151667","-13.219167","63.09","HASSAN I, EH","  77.4","21","  66.8","21","9999.9"," 0","999.9"," 0","  6.1","21"," 12.9","21"," 18.1","999.9","  89.6","*","  69.8","*"," 0.00","I","999.9","000000"
"60033099999","2023-09-13","27.151667","-13.219167","63.09","HASSAN I, EH","  76.4","24","  67.0","24","9999.9"," 0","999.9"," 0","  6.2","24"," 13.7","24"," 21.0","999.9","  87.8","*","  68.0","*"," 0.00","I","999.9","000000"
"60033099999","2023-09-14","27.151667","-13.219167","63.09","HASSAN I, EH","  74.5","20","  67.3","20","9999.9"," 0","999.9"," 0","  6.2","20"," 10.7","20"," 18.1","999.9","  84.2","*","  66.2","*"," 0.00","I","999.9","000000"
"60033099999","2023-09-15","27.151667","-13.219167","63.09","HASSAN I, EH","  75.6","23","  65.7","23","9999.9"," 0","999.9"," 0","  6.2","23"," 11.0","23"," 20.0","999.9","  86.0","*","  66.2","*"," 0.00","I","999.9","000000"
"60033099999","2023-09-16","27.151667","-13.219167","63.09","HASSAN I, EH","  75.0","23","  66.7","23","9999.9"," 0","999.9"," 0","  6.1","23"," 10.2","23"," 15.9","999.9","  84.2","*","  66.2","*"," 0.00","I","999.9","000000"
"60033099999","2023-09-17","27.151667","-13.219167","63.09","HASSAN I, EH","  76.6","22","  68.2","22","9999.9"," 0","999.9"," 0","  6.1","22"," 13.1","22"," 22.0","999.9","  87.8","*","  68.0","*"," 0.00","I","999.9","000000"
"60033099999","2023-09-18","27.151667","-13.219167","63.09","HASSAN I, EH","  75.3","24","  63.6","24","9999.9"," 0","999.9"," 0","  5.8","24"," 17.4","24"," 22.0","999.9","  84.2","*","  69.8","*"," 0.00","I","999.9","000000"
"60033099999","2023-09-19","27.151667","-13.219167","63.09","HASSAN I, EH","  72.2","14","  67.2","14","9999.9"," 0","999.9"," 0","  6.2","14"," 13.0","14"," 18.1","999.9","  84.2","*","  68.0","*"," 0.00","I","999.9","000000"
"60033099999","2023-09-20","27.151667","-13.219167","63.09","HASSAN I, EH","  76.8","19","  64.0","19","9999.9"," 0","999.9"," 0","  5.6","19"," 14.3","19"," 18.1","999.9","  86.0","*","  66.2","*"," 0.00","I","999.9","000000"
"60033099999","2023-09-21","27.151667","-13.219167","63.09","HASSAN I, EH","  74.4","24","  66.1","24","9999.9"," 0","999.9"," 0","  5.6","24"," 12.1","24"," 18.1","999.9","  86.0","*","  66.2","*"," 0.00","I","999.9","000000"
"60033099999","2023-09-22","27.151667","-13.219167","63.09","HASSAN I, EH","  74.9","24","  68.5","24","9999.9"," 0","999.9"," 0","  6.2","24"," 14.8","24"," 48.0","999.9","  86.0","*","  66.2","*"," 0.00","I","999.9","000000"
"60033099999","2023-09-23","27.151667","-13.219167","63.09","HASSAN I, EH","  75.5","24","  65.7","24","9999.9"," 0","999.9"," 0","  6.2","24"," 13.1","24"," 19.0","999.9","  84.2","*","  69.8","*"," 0.00","I","999.9","000000"
"60033099999","2023-09-24","27.151667","-13.219167","63.09","HASSAN I, EH","  74.5","21","  64.6","21","9999.9"," 0","999.9"," 0","  6.2","19"," 11.0","19"," 17.1","999.9","  84.2","*","  62.6","*"," 0.00","I","999.9","000000"
"60033099999","2023-09-25","27.151667","-13.219167","63.09","HASSAN I, EH","  74.2","23","  65.2","23","9999.9"," 0","999.9"," 0","  6.2","23"," 11.1","23"," 17.1","999.9","  84.2","*","  66.2","*"," 0.00","I","999.9","000000"
"60033099999","2023-09-26","27.151667","-13.219167","63.09","HASSAN I, EH","  75.1","22","  67.3","22","9999.9"," 0","999.9"," 0","  6.1","22"," 11.8","22"," 18.1","999.9","  86.0","*","  66.2","*"," 0.00","I","999.9","000000"
"60033099999","2023-09-27","27.151667","-13.219167","63.09","HASSAN I, EH","  75.0","23","  68.0","23","9999.9"," 0","999.9"," 0","  5.6","23"," 14.4","22"," 19.0","999.9","  84.2","*","  68.0","*"," 0.00","I","999.9","000000"
"60033099999","2023-09-28","27.151667","-13.219167","63.09","HASSAN I, EH","  74.0","18","  68.9","18","9999.9"," 0","999.9"," 0","  6.2","18"," 13.8","18"," 17.1","999.9","  82.4","*","  69.8","*"," 0.00","I","999.9","000000"
"60033099999","2023-09-29","27.151667","-13.219167","63.09","HASSAN I, EH","  77.9","20","  71.4","20","9999.9"," 0","999.9"," 0","  5.7","20","  9.2","20"," 12.0","999.9","  86.0","*","  73.4","*"," 0.00","I","999.9","000000"
"60033099999","2023-09-30","27.151667","-13.219167","63.09","HASSAN I, EH","  82.0","20","  67.9","20","9999.9"," 0","999.9"," 0","  4.6","20","  9.6","20"," 14.0","999.9","  98.6","*","  69.8","*"," 0.00","I","999.9","000000"
"60033099999","2023-10-01","27.151667","-13.219167","63.09","HASSAN I, EH","  80.6","24","  67.8","24","9999.9"," 0","999.9"," 0","  4.8","24"," 12.0","24"," 22.0","999.9"," 102.2","*","  68.0","*"," 0.00","I","999.9","000000"
"60033099999","2023-10-02","27.151667","-13.219167","63.09","HASSAN I, EH","  82.7","21","  63.9","20","9999.9"," 0","999.9"," 0","  4.6","21"," 13.9","21"," 21.0","999.9"," 105.8","*","  68.0","*"," 0.00","I","999.9","000000"
"60033099999","2023-10-03","27.151667","-13.219167","63.09","HASSAN I, EH","  89.2","24","  42.5","24","9999.9"," 0","999.9"," 0","  4.8","24"," 16.6","24"," 21.0","999.9"," 107.6","*","  78.8","*"," 0.00","I","999.9","000000"
"60033099999","2023-10-04","27.151667","-13.219167","63.09","HASSAN I, EH","  86.7","21","  44.9","21","9999.9"," 0","999.9"," 0","  5.3","21"," 14.1","21"," 20.0","999.9"," 105.8","*","  75.2","*"," 0.00","I","999.9","000000"
"60033099999","2023-10-05","27.151667","-13.219167","63.09","HASSAN I, EH","  85.4","18","  51.3","18","9999.9"," 0","999.9"," 0","  5.1","18","  9.8","18"," 17.1","999.9"," 105.8","*","  69.8","*"," 0.00","I","999.9","000000"
"60033099999","2023-10-06","27.151667","-13.219167","63.09","HASSAN I, EH","  87.3","23","  42.7","23","9999.9"," 0","999.9"," 0","  4.6","23"," 12.1","23"," 17.1","999.9"," 100.4","*","  77.0","*"," 0.00","I","999.9","000000"
"60033099999","2023-10-07","27.151667","-13.219167","63.09","HASSAN I, EH","  91.2","22","  37.2","22","9999.9"," 0","999.9"," 0","  3.3","22"," 13.1","22"," 22.9","999.9"," 104.0","*","  77.0","*"," 0.00","I","999.9","000000"
"60033099999","2023-10-08","27.151667","-13.219167","63.09","HASSAN I, EH","  93.9","24","  31.5","24","9999.9"," 0","999.9"," 0","  3.3","24"," 15.7","24"," 25.1","999.9"," 105.8","*","  82.4","*"," 0.00","I","999.9","000000"
"60033099999","2023-10-09","27.151667","-13.219167","63.09","HASSAN I, EH","  93.0","21","  23.0","21","9999.9"," 0","999.9"," 0","  4.4","21"," 14.9","21"," 25.1","999.9"," 105.8","*","  82.4","*"," 0.00","I","999.9","000000"
"60033099999","2023-10-10","27.151667","-13.219167","63.09","HASSAN I, EH","  85.9","22","  30.8","22","9999.9"," 0","999.9"," 0","  5.0","22"," 10.4","22"," 15.0","999.9"," 102.2","*","  75.2","*"," 0.00","I","999.9","000000"
"60033099999","2023-10-11","27.151667","-13.219167","63.09","HASSAN I, EH","  80.9","22","  54.2","21","9999.9"," 0","999.9"," 0","  5.6","22"," 11.7","22"," 18.1","999.9","  96.8","*","  69.8","*"," 0.00","I","999.9","000000"
"60033099999","2023-10-12","27.151667","-13.219167","63.09","HASSAN I, EH","  80.4","20","  57.1","18","9999.9"," 0","999.9"," 0","  5.5","20"," 10.7","20"," 20.0","999.9"," 102.2","*","  64.4","*"," 0.00","I","999.9","000000"
"60033099999","2023-10-13","27.151667","-13.219167","63.09","HASSAN I, EH","  86.5","23","  33.6","23","9999.9"," 0","999.9"," 0","  6.0","23"," 11.2","23"," 19.0","999.9"," 102.2","*","  73.4","*"," 0.00","I","999.9","000000"
"60033099999","2023-10-14","27.151667","-13.219167","63.09","HASSAN I, EH","  86.9","20","  34.7","20","9999.9"," 0","999.9"," 0","  6.2","20"," 11.1","20"," 15.9","999.9"," 100.4","*","  73.4","*"," 0.00","I","999.9","000000"
"60033099999","2023-10-15","27.151667","-13.219167","63.09","HASSAN I, EH","  83.7","24","  40.3","24","9999.9"," 0","999.9"," 0","  6.2","24"," 12.0","24"," 15.9","999.9","  95.0","*","  75.2","*"," 0.00","I","999.9","000000"
"60033099999","2023-10-16","27.151667","-13.219167","63.09","HASSAN I, EH","  78.5","24","  66.3","24","9999.9"," 0","999.9"," 0","  5.7","23","  7.7","23"," 14.0","999.9","  91.4","*","  69.8","*"," 0.00","I","999.9","000000"
"60033099999","2023-10-17","27.151667","-13.219167","63.09","HASSAN I, EH","  80.1","19","  63.0","19","9999.9"," 0","999.9"," 0","  6.0","19","  9.2","19"," 17.1","999.9","  93.2","*","  69.8","*"," 0.00","I","999.9","000000"
"60033099999","2023-10-18","27.151667","-13.219167","63.09","HASSAN I, EH","  78.1","22","  71.0","22","9999.9"," 0","999.9"," 0","  5.9","22"," 12.1","22"," 15.9","999.9","  87.8","*","  71.6","*"," 0.00","I","999.9","000000"
"60033099999","2023-10-19","27.151667","-13.219167","63.09","HASSAN I, EH","  73.4","24","  69.6","23","9999.9"," 0","999.9"," 0","  5.0","24","  7.0","24"," 12.0","999.9","  82.4","*","  66.2","*"," 0.00","I","999.9","100000"
"60033099999","2023-10-20","27.151667","-13.219167","63.09","HASSAN I, EH","  74.1","24","  70.8","24","9999.9"," 0","999.9"," 0","  4.9","24","  9.2","24"," 14.0","999.9","  80.6","*","  69.8","*","99.99"," ","999.9","010000"
"60033099999","2023-10-21","27.151667","-13.219167","63.09","HASSAN I, EH","  72.9","24","  64.4","24","9999.9"," 0","999.9"," 0","  5.6","24","  5.3","24"," 11.1","999.9","  80.6","*","  66.2","*"," 0.00","I","999.9","000000"
"60033099999","2023-10-22","27.151667","-13.219167","63.09","HASSAN I, EH","  73.1","22","  71.3","22","9999.9"," 0","999.9"," 0","  5.5","22","  6.8","22"," 11.1","999.9","  78.8","*","  69.8","*","99.99"," ","999.9","010000"
"60033099999","2023-10-23","27.151667","-13.219167","63.09","HASSAN I, EH","  72.3","23","  64.4","23","9999.9"," 0","999.9"," 0","  5.9","23","  8.1","23"," 14.0","999.9","  82.4","*","  64.4","*"," 0.00","I","999.9","000000"
"60033099999","2023-10-24","27.151667","-13.219167","63.09","HASSAN I, EH","  71.5","23","  60.6","23","9999.9"," 0","999.9"," 0","  6.2","23"," 11.0","23"," 15.0","999.9","  80.6","*","  64.4","*"," 0.00","I","999.9","000000"
"60033099999","2023-10-25","27.151667","-13.219167","63.09","HASSAN I, EH","  71.6","24","  62.2","24","9999.9"," 0","999.9"," 0","  6.2","24"," 11.1","24"," 18.1","999.9","  82.4","*","  64.4","*"," 0.00","I","999.9","000000"
"60033099999","2023-10-26","27.151667","-13.219167","63.09","HASSAN I, EH","  73.2","23","  65.3","23","9999.9"," 0","999.9"," 0","  5.9","23","  9.8","23"," 18.1","999.9","  82.4","*","  66.2","*"," 0.00","I","999.9","000000"
"60033099999","2023-10-27","27.151667","-13.219167","63.09","HASSAN I, EH","  72.6","22","  65.5","22","9999.9"," 0","999.9"," 0","  5.8","22"," 10.5","22"," 18.1","999.9","  80.6","*","  64.4","*"," 0.00","I","999.9","000000"
"60033099999","2023-10-28","27.151667","-13.219167","63.09","HASSAN I, EH","  73.7","23","  67.0","23","9999.9"," 0","999.9"," 0","  6.2","23","  9.4","23"," 15.9","999.9","  82.4","*","  66.2","*"," 0.00","I","999.9","000000"
"60033099999","2023-10-29","27.151667","-13.219167","63.09","HASSAN I, EH","  71.2","21","  64.5","21","9999.9"," 0","999.9"," 0","  6.2","21","  6.6","21"," 11.1","999.9","  82.4","*","  62.6","*"," 0.00","I","999.9","000000"
"60033099999","2023-10-30","27.151667","-13.219167","63.09","HASSAN I, EH","  74.5","24","  58.8","24","9999.9"," 0","999.9"," 0","  6.2","24","  6.3","24"," 11.1","999.9","  91.4","*","  62.6","*"," 0.00","I","999.9","000000"
"60033099999","2023-10-31","27.151667","-13.219167","63.09","HASSAN I, EH","  72.1","24","  67.0","24","9999.9"," 0","999.9"," 0","  4.5","24","  4.6","24","  9.9","999.9","  80.6","*","  64.4","*"," 0.00","I","999.9","100000"
"60033099999","2023-11-01","27.151667","-13.219167","63.09","HASSAN I, EH","  74.8","23","  68.4","23","9999.9"," 0","999.9"," 0","  4.7","23","  8.1","23"," 14.0","999.9","  84.2","*","  68.0","*"," 0.00","I","999.9","100000"
"60033099999","2023-11-02","27.151667","-13.219167","63.09","HASSAN I, EH","  74.0","23","  66.5","23","9999.9"," 0","999.9"," 0","  5.7","23"," 13.0","23"," 28.9","999.9","  82.4","*","  69.8","*"," 0.00","I","999.9","000000"
"60033099999","2023-11-03","27.151667","-13.219167","63.09","HASSAN I, EH","  72.1","22","  64.2","22","9999.9"," 0","999.9"," 0","  5.6","22"," 12.5","22"," 21.0","999.9","  78.8","*","  68.0","*"," 0.00","I","999.9","000000"
"60033099999","2023-11-04","27.151667","-13.219167","63.09","HASSAN I, EH","  71.8","22","  59.9","22","9999.9"," 0","999.9"," 0","  5.9","22"," 11.5","22"," 17.1","999.9","  75.2","*","  69.8","*"," 0.00","I","999.9","000000"
"60033099999","2023-11-05","27.151667","-13.219167","63.09","HASSAN I, EH","  72.4","24","  63.6","24","9999.9"," 0","999.9"," 0","  6.2","24","  9.3","24"," 17.1","999.9","  78.8","*","  68.0","*"," 0.00","I","999.9","000000"
"60033099999","2023-11-06","27.151667","-13.219167","63.09","HASSAN I, EH","  71.0","17","  59.3","17","9999.9"," 0","999.9"," 0","  5.4","17"," 14.2","17"," 22.0","999.9","  77.0","*","  66.2","*"," 0.00","I","999.9","000000"
"60033099999","2023-11-07","27.151667","-13.219167","63.09","HASSAN I, EH","  68.9","22","  52.3","22","9999.9"," 0","999.9"," 0","  3.4","22"," 19.2","22"," 27.0","999.9","  73.4","*","  66.2","*"," 0.00","I","999.9","000000"
"60033099999","2023-11-08","27.151667","-13.219167","63.09","HASSAN I, EH","  69.1","21","  51.8","21","9999.9"," 0","999.9"," 0","  5.1","21"," 16.1","21"," 21.0","999.9","  75.2","*","  64.4","*"," 0.00","I","999.9","000000"
"60033099999","2023-11-09","27.151667","-13.219167","63.09","HASSAN I, EH","  70.4","21","  59.3","21","9999.9"," 0","999.9"," 0","  5.0","21"," 13.4","21"," 20.0","999.9","  80.6","*","  62.6","*"," 0.00","I","999.9","000000"
"60033099999","2023-11-10","27.151667","-13.219167","63.09","HASSAN I, EH","  70.0","23","  60.7","23","9999.9"," 0","999.9"," 0","  4.9","23"," 14.8","23"," 20.0","999.9","  80.6","*","  62.6","*"," 0.00","I","999.9","100000"
"60033099999","2023-11-11","27.151667","-13.219167","63.09","HASSAN I, EH","  72.6","22","  65.2","22","9999.9"," 0","999.9"," 0","  5.8","21"," 13.9","21"," 17.1","999.9","  84.2","*","  66.2","*"," 0.00","I","999.9","000000"
"60033099999","2023-11-12","27.151667","-13.219167","63.09","HASSAN I, EH","  72.1","23","  60.3","23","9999.9"," 0","999.9"," 0","  4.3","23"," 11.5","23"," 17.1","999.9","  87.8","*","  60.8","*"," 0.00","I","999.9","000000"
"60033099999","2023-11-13","27.151667","-13.219167","63.09","HASSAN I, EH","  76.8","23","  48.9","23","9999.9"," 0","999.9"," 0","  5.0","23"," 10.1","23"," 15.0","999.9","  96.8","*","  62.6","*"," 0.00","I","999.9","000000"
"60033099999","2023-11-14","27.151667","-13.219167","63.09","HASSAN I, EH","  83.2","21","  40.1","21","9999.9"," 0","999.9"," 0","  5.5","21"," 12.0","21"," 17.1","999.9","  98.6","*","  71.6","*"," 0.00","I","999.9","000000"
"60033099999","2023-11-15","27.151667","-13.219167","63.09","HASSAN I, EH","  79.0","23","  42.2","23","9999.9"," 0","999.9"," 0","  5.7","23","  9.2","23"," 15.9","999.9","  93.2","*","  69.8","*"," 0.00","I","999.9","000000"
"60033099999","2023-11-16","27.151667","-13.219167","63.09","HASSAN I, EH","  71.8","22","  62.5","21","9999.9"," 0","999.9"," 0","  4.2","22"," 10.8","22"," 15.0","999.9","  89.6","*","  62.6","*"," 0.00","I","999.9","100000"
"60033099999","2023-11-17","27.151667","-13.219167","63.09","HASSAN I, EH","  72.8","19","  58.2","19","9999.9"," 0","999.9"," 0","  4.3","19"," 11.3","19"," 17.1","999.9","  89.6","*","  60.8","*"," 0.00","I","999.9","100000"
"60033099999","2023-11-18","27.151667","-13.219167","63.09","HASSAN I, EH","  73.1","22","  52.7","21","9999.9"," 0","999.9"," 0","  4.6","22","  9.4","22"," 15.0","999.9","  91.4","*","  59.0","*"," 0.00","I","999.9","100000"
"60033099999","2023-11-19","27.151667","-13.219167","63.09","HASSAN I, EH","  73.9","23","  41.5","23","9999.9"," 0","999.9"," 0","  5.8","23","  9.3","23"," 14.0","999.9","  89.6","*","  60.8","*"," 0.00","I","999.9","000000"
"60033099999","2023-11-20","27.151667","-13.219167","63.09","HASSAN I, EH","  76.1","23","  25.4","23","9999.9"," 0","999.9"," 0","  5.2","23"," 10.6","23"," 19.0","999.9","  89.6","*","  66.2","*"," 0.00","I","999.9","000000"
"60033099999","2023-11-21","27.151667","-13.219167","63.09","HASSAN I, EH","  73.8","22","  34.1","21","9999.9"," 0","999.9"," 0","  5.6","22","  9.1","22"," 14.0","999.9","  87.8","*","  62.6","*"," 0.00","I","999.9","000000"
"60033099999","2023-11-22","27.151667","-13.219167","63.09","HASSAN I, EH","  69.5","21","  62.7","21","9999.9"," 0","999.9"," 0","  4.7","21"," 12.8","21"," 18.1","999.9","  78.8","*","  64.4","*"," 0.00","I","999.9","000000"
"60033099999","2023-11-23","27.151667","-13.219167","63.09","HASSAN I, EH","  68.5","24","  61.3","24","9999.9"," 0","999.9"," 0","  5.3","24"," 10.7","24"," 18.1","999.9","  77.0","*","  64.4","*"," 0.00","I","999.9","000000"
"60033099999","2023-11-24","27.151667","-13.219167","63.09","HASSAN I, EH","  66.5","24","  56.8","24","9999.9"," 0","999.9"," 0","  5.4","24","  9.2","24"," 14.0","999.9","  77.0","*","  59.0","*"," 0.00","I","999.9","000000"
"60033099999","2023-11-25","27.151667","-13.219167","63.09","HASSAN I, EH","  65.7","23","  57.8","23","9999.9"," 0","999.9"," 0","  6.2","23","  5.9","23"," 15.0","999.9","  75.2","*","  57.2","*"," 0.00","I","999.9","000000"
"60033099999","2023-11-26","27.151667","-13.219167","63.09","HASSAN I, EH","  65.1","22","  57.0","22","9999.9"," 0","999.9"," 0","  6.2","22","  7.0","22"," 13.0","999.9","  73.4","*","  57.2","*"," 0.00","I","999.9","000000"
"60033099999","2023-11-27","27.151667","-13.219167","63.09","HASSAN I, EH","  66.8","22","  56.0","22","9999.9"," 0","999.9"," 0","  5.6","22","  6.6","22"," 12.0","999.9","  80.6","*","  55.4","*"," 0.00","I","999.9","000000"
"60033099999","2023-11-28","27.151667","-13.219167","63.09","HASSAN I, EH","  66.1","23","  56.1","23","9999.9"," 0","999.9"," 0","  5.6","23","  6.5","23"," 12.0","999.9","  78.8","*","  55.4","*"," 0.00","I","999.9","000000"
"60033099999","2023-11-29","27.151667","-13.219167","63.09","HASSAN I, EH","  64.2","23","  57.0","23","9999.9"," 0","999.9"," 0","  5.6","23","  5.5","23","  8.9","999.9","  77.0","*","  53.6","*"," 0.00","I","999.9","000000"
"60033099999","2023-11-30","27.151667","-13.219167","63.09","HASSAN I, EH","  65.5","24","  45.2","23","9999.9"," 0","999.9"," 0","  4.6","24"," 11.6","24"," 22.0","999.9","  82.4","*","  55.4","*"," 0.00","I","999.9","000000"
"60033099999","2023-12-01","27.151667","-13.219167","63.09","HASSAN I, EH","  67.8","21","  66.1","21","9999.9"," 0","999.9"," 0","  4.6","21"," 12.3","21"," 20.0","999.9","  77.0","*","  60.8","*","99.99"," ","999.9","010000"
"60033099999","2023-12-02","27.151667","-13.219167","63.09","HASSAN I, EH","  69.3","23","  61.2","23","9999.9"," 0","999.9"," 0","  4.4","23"," 10.4","23"," 18.1","999.9","  79.0","*","  62.6","*"," 0.00","I","999.9","100000"
"60033099999","2023-12-03","27.151667","-13.219167","63.09","HASSAN I, EH","  65.4","24","  58.3","24","9999.9"," 0","999.9"," 0","  5.7","24","  9.9","24"," 15.0","999.9","  75.2","*","  57.2","*"," 0.00","I","999.9","000000"
"60033099999","2023-12-04","27.151667","-13.219167","63.09","HASSAN I, EH","  64.4","24","  58.9","24","9999.9"," 0","999.9"," 0","  5.7","24","  6.0","24","  9.9","999.9","  77.0","*","  57.2","*"," 0.00","I","999.9","000000"
"60033099999","2023-12-05","27.151667","-13.219167","63.09","HASSAN I, EH","  66.7","23","  61.0","23","9999.9"," 0","999.9"," 0","  5.3","23","  6.5","23"," 12.0","999.9","  73.4","*","  60.8","*"," 0.00","I","999.9","000000"
"60033099999","2023-12-06","27.151667","-13.219167","63.09","HASSAN I, EH","  67.9","23","  65.3","23","9999.9"," 0","999.9"," 0","  4.7","23","  8.2","23"," 14.0","999.9","  75.2","*","  60.8","*"," 0.00","I","999.9","000000"
"60033099999","2023-12-07","27.151667","-13.219167","63.09","HASSAN I, EH","  66.1","23","  61.0","23","9999.9"," 0","999.9"," 0","  5.0","23","  9.2","23"," 15.0","999.9","  73.4","*","  59.0","*"," 0.00","I","999.9","000000"
"60033099999","2023-12-08","27.151667","-13.219167","63.09","HASSAN I, EH","  68.2","20","  61.3","20","9999.9"," 0","999.9"," 0","  5.5","20"," 13.8","20"," 15.9","999.9","  77.0","*","  60.8","*"," 0.00","I","999.9","000000"
"60033099999","2023-12-09","27.151667","-13.219167","63.09","HASSAN I, EH","  67.6","23","  62.4","23","9999.9"," 0","999.9"," 0","  5.1","23","  8.1","23"," 12.0","999.9","  80.6","*","  60.8","*"," 0.00","I","999.9","000000"
"60033099999","2023-12-10","27.151667","-13.219167","63.09","HASSAN I, EH","  72.1","22","  41.2","21","9999.9"," 0","999.9"," 0","  4.9","22","  8.5","22"," 13.0","999.9","  89.6","*","  57.2","*"," 0.00","I","999.9","100000"
"60033099999","2023-12-11","27.151667","-13.219167","63.09","HASSAN I, EH","  72.1","22","  25.0","22","9999.9"," 0","999.9"," 0","  4.5","22"," 13.0","22"," 24.1","999.9","  82.4","*","  62.6","*"," 0.00","I","999.9","000000"
"60033099999","2023-12-12","27.151667","-13.219167","63.09","HASSAN I, EH","  70.2","20","  24.6","20","9999.9"," 0","999.9"," 0","  3.7","20","  9.5","20"," 15.0","999.9","  82.4","*","  59.0","*"," 0.00","I","999.9","000000"
"60033099999","2023-12-13","27.151667","-13.219167","63.09","HASSAN I, EH","  71.6","21","  29.9","21","9999.9"," 0","999.9"," 0","  2.5","21","  9.4","21"," 15.0","999.9","  82.4","*","  60.8","*"," 0.00","I","999.9","000000"
"60033099999","2023-12-14","27.151667","-13.219167","63.09","HASSAN I, EH","  66.6","22","  59.0","22","9999.9"," 0","999.9"," 0","  4.4","22"," 15.4","22"," 20.0","999.9","  73.4","*","  60.8","*"," 0.00","I","999.9","000000"
"60033099999","2023-12-15","27.151667","-13.219167","63.09","HASSAN I, EH","  67.2","23","  45.3","22","9999.9"," 0","999.9"," 0","  5.2","23","  6.7","23"," 11.1","999.9","  84.2","*","  53.6","*"," 0.00","I","999.9","000000"
"60033099999","2023-12-16","27.151667","-13.219167","63.09","HASSAN I, EH","  67.7","23","  19.6","23","9999.9"," 0","999.9"," 0","  4.2","23"," 16.6","23"," 26.0","999.9","  75.2","*","  60.8","*"," 0.00","I","999.9","000000"
"60033099999","2023-12-17","27.151667","-13.219167","63.09","HASSAN I, EH","  64.2","23","  20.0","23","9999.9"," 0","999.9"," 0","  4.0","23"," 16.9","23"," 22.0","999.9","  73.4","*","  57.2","*"," 0.00","I","999.9","000000"
"60033099999","2023-12-18","27.151667","-13.219167","63.09","HASSAN I, EH","  62.1","23","  25.7","23","9999.9"," 0","999.9"," 0","  4.8","23"," 11.9","23"," 18.1","999.9","  73.4","*","  51.8","*"," 0.00","I","999.9","000000"
"60033099999","2023-12-19","27.151667","-13.219167","63.09","HASSAN I, EH","  61.8","21","  36.3","21","9999.9"," 0","999.9"," 0","  5.2","21","  8.7","20"," 11.1","999.9","  71.6","*","  50.0","*"," 0.00","I","999.9","000000"
"60033099999","2023-12-20","27.151667","-13.219167","63.09","HASSAN I, EH","  61.7","22","  50.1","22","9999.9"," 0","999.9"," 0","  6.0","22","  9.2","22"," 15.9","999.9","  71.6","*","  50.0","*"," 0.00","I","999.9","000000"
"60033099999","2023-12-21","27.151667","-13.219167","63.09","HASSAN I, EH","  61.0","24","  58.0","23","9999.9"," 0","999.9"," 0","  4.2","24","  6.8","24"," 15.9","999.9","  69.8","*","  50.0","*","99.99"," ","999.9","010000"
"60033099999","2023-12-22","27.151667","-13.219167","63.09","HASSAN I, EH","  62.2","23","  55.9","23","9999.9"," 0","999.9"," 0","  5.0","23","  7.5","22","999.9","999.9","  73.4","*","  51.8","*"," 0.00","I","999.9","000000"
"60033099999","2023-12-23","27.151667","-13.219167","63.09","HASSAN I, EH","  62.4","23","  25.3","23","9999.9"," 0","999.9"," 0","  5.6","23","  8.0","23"," 15.9","999.9","  75.2","*","  51.8","*"," 0.00","I","999.9","000000"
"60033099999","2023-12-24","27.151667","-13.219167","63.09","HASSAN I, EH","  63.2","23","  21.5","23","9999.9"," 0","999.9"," 0","  6.2","23","  8.8","23"," 15.0","999.9","  78.8","*","  48.2","*"," 0.00","I","999.9","000000"
"60033099999","2023-12-25","27.151667","-13.219167","63.09","HASSAN I, EH","  64.3","24","  26.0","22","9999.9"," 0","999.9"," 0","  6.0","24","  9.8","24"," 15.9","999.9","  82.4","*","  55.4","*"," 0.00","I","999.9","000000"
"60033099999","2023-12-26","27.151667","-13.219167","63.09","HASSAN I, EH","  64.9","24","  23.0","24","9999.9"," 0","999.9"," 0","  5.8","24","  9.3","24"," 17.1","999.9","  82.4","*","  48.2","*"," 0.00","I","999.9","000000"
"60033099999","2023-12-27","27.151667","-13.219167","63.09","HASSAN I, EH","  66.7","24","  21.4","23","9999.9"," 0","999.9"," 0","  5.9","24"," 11.0","24"," 18.1","999.9","  80.6","*","  55.4","*"," 0.00","I","999.9","000000"
"60033099999","2023-12-28","27.151667","-13.219167","63.09","HASSAN I, EH","  65.6","23","  22.1","21","9999.9"," 0","999.9"," 0","  5.4","23","  9.7","23"," 15.9","999.9","  80.6","*","  51.8","*"," 0.00","I","999.9","000000"
"60033099999","2023-12-29","27.151667","-13.219167","63.09","HASSAN I, EH","  66.2","23","  15.7","23","9999.9"," 0","999.9"," 0","  5.8","23"," 10.0","23"," 17.1","999.9","  82.4","*","  53.6","*"," 0.00","I","999.9","000000"
"60033099999","2023-12-30","27.151667","-13.219167","63.09","HASSAN I, EH","  64.8","24","  21.1","24","9999.9"," 0","999.9"," 0","  6.2","24","  8.2","24"," 12.0","999.9","  82.4","*","  53.6","*"," 0.00","I","999.9","000000"
"60033099999","2023-12-31","27.151667","-13.219167","63.09","HASSAN I, EH","  65.2","24","  28.1","24","9999.9"," 0","999.9"," 0","  6.2","24","  7.3","24"," 11.1","999.9","  84.2","*","  53.6","*"," 0.00","I","999.9","000000"
