"STATION","DATE","LATITUDE","LONGITUDE","ELEVATION","NAME","TEMP","TEMP_ATTRIBUTES","DEWP","DEWP_ATTRIBUTES","SLP","SLP_ATTRIBUTES","STP","STP_ATTRIBUTES","VISIB","VISIB_ATTRIBUTES","WDSP","WDSP_ATTRIBUTES","MXSPD","GUST","MAX","MAX_ATTRIBUTES","MIN","MIN_ATTRIBUTES","PRCP","PRCP_ATTRIBUTES","SNDP","FRSHTT"
"87289099999","2023-01-01","-29.689425","-57.152078","70.1","PASO DE LOS LIBRES, AR","  85.3","24","  66.3","24","1007.9","21","000.0","21","  5.6","24","  9.5","24"," 22.0"," 45.1"," 104.0","*","  73.4"," "," 0.00","D","999.9","010010"
"87289099999","2023-01-02","-29.689425","-57.152078","70.1","PASO DE LOS LIBRES, AR","  78.3","24","  65.1","24","1008.4","23","000.4","23","  5.6","24","  9.9","24"," 18.1","999.9"," 105.3"," ","  72.7"," "," 1.06","G","999.9","010000"
"87289099999","2023-01-03","-29.689425","-57.152078","70.1","PASO DE LOS LIBRES, AR","  77.4","24","  55.3","24","1008.9","24","000.8","24","  6.2","24","  6.6","24"," 11.1","999.9","  89.6","*","  63.5"," "," 0.00","G","999.9","000000"
"87289099999","2023-01-04","-29.689425","-57.152078","70.1","PASO DE LOS LIBRES, AR","  79.4","24","  56.6","24","1010.0","24","002.0","24","  6.2","24","  7.7","24"," 14.0","999.9","  91.9","*","  64.4"," "," 0.00","C","999.9","000000"
"87289099999","2023-01-05","-29.689425","-57.152078","70.1","PASO DE LOS LIBRES, AR","  83.0","24","  59.7","24","1011.0","24","003.0","24","  6.2","24","  8.9","24"," 15.0","999.9","  96.8","*","  69.8","*"," 0.00","C","999.9","000000"
"87289099999","2023-01-06","-29.689425","-57.152078","70.1","PASO DE LOS LIBRES, AR","  84.4","24","  60.8","24","1013.6","24","005.6","24","  6.2","24","  7.6","24"," 15.0","999.9","  97.7"," ","  70.9"," "," 0.00","C","999.9","000000"
"87289099999","2023-01-07","-29.689425","-57.152078","70.1","PASO DE LOS LIBRES, AR","  83.0","24","  60.5","24","1016.2","24","008.1","24","  6.2","24"," 10.0","24"," 15.9","999.9","  97.9"," ","  68.9"," "," 0.00","C","999.9","000000"
"87289099999","2023-01-08","-29.689425","-57.152078","70.1","PASO DE LOS LIBRES, AR","  82.0","24","  61.2","24","1015.5","24","007.5","24","  6.2","24","  9.6","24"," 14.0","999.9","  96.6"," ","  69.1"," "," 0.00","C","999.9","000000"
"87289099999","2023-01-09","-29.689425","-57.152078","70.1","PASO DE LOS LIBRES, AR","  84.0","24","  62.7","23","1011.8","23","003.8","23","  6.1","24","  7.7","24"," 11.1","999.9","  96.8","*","  70.9"," "," 0.00","C","999.9","000000"
"87289099999","2023-01-10","-29.689425","-57.152078","70.1","PASO DE LOS LIBRES, AR","  85.1","24","  62.9","24","1009.4","23","001.5","23","  6.2","24","  6.7","24"," 15.0","999.9","  98.6","*","  71.6","*"," 0.00","C","999.9","000010"
"87289099999","2023-01-11","-29.689425","-57.152078","70.1","PASO DE LOS LIBRES, AR","  84.1","24","  66.3","24","1008.8","20","000.8","20","  5.9","24","  8.1","24"," 15.9"," 29.9"," 102.2","*","  70.7","*"," 0.00","H","999.9","010010"
"87289099999","2023-01-12","-29.689425","-57.152078","70.1","PASO DE LOS LIBRES, AR","  81.5","24","  68.2","24","1008.1","18","000.1","18","  6.0","24","  6.1","24"," 14.0","999.9"," 102.2"," ","  72.5"," "," 0.04","C","999.9","010010"
"87289099999","2023-01-13","-29.689425","-57.152078","70.1","PASO DE LOS LIBRES, AR","  74.1","24","  67.0","24","1007.1","24","999.1","24","  6.2","24","  8.5","24"," 17.1","999.9","  94.8"," ","  70.7"," "," 0.08","G","999.9","000010"
"87289099999","2023-01-14","-29.689425","-57.152078","70.1","PASO DE LOS LIBRES, AR","  75.4","24","  56.7","24","1010.4","24","002.2","24","  6.2","24","  5.6","24"," 14.0","999.9","  89.6","*","  58.3"," "," 0.00","G","999.9","000000"
"87289099999","2023-01-15","-29.689425","-57.152078","70.1","PASO DE LOS LIBRES, AR","  80.4","24","  59.2","23","1012.1","23","004.0","23","  6.2","24","  6.5","24"," 15.0","999.9","  95.4","*","  64.0","*"," 0.00","C","999.9","000000"
"87289099999","2023-01-16","-29.689425","-57.152078","70.1","PASO DE LOS LIBRES, AR","  84.8","24","  64.7","24","1011.7","24","003.7","24","  6.2","24","  7.2","24"," 15.0","999.9","  97.2","*","  71.2"," "," 0.00","C","999.9","000000"
"87289099999","2023-01-17","-29.689425","-57.152078","70.1","PASO DE LOS LIBRES, AR","  89.1","24","  66.6","24","1011.4","24","003.5","24","  6.2","24"," 10.5","24"," 20.0","999.9"," 100.8","*","  77.0","*"," 0.00","C","999.9","000000"
"87289099999","2023-01-18","-29.689425","-57.152078","70.1","PASO DE LOS LIBRES, AR","  87.1","24","  68.5","24","1013.4","24","005.4","24","  6.2","24","  9.7","24"," 15.9","999.9"," 102.2"," ","  75.2","*"," 0.00","C","999.9","000000"
"87289099999","2023-01-19","-29.689425","-57.152078","70.1","PASO DE LOS LIBRES, AR","  87.8","24","  71.7","23","1012.9","23","004.9","23","  6.2","24","  9.7","24"," 18.1","999.9"," 100.9","*","  76.1"," "," 0.00","C","999.9","000010"
"87289099999","2023-01-20","-29.689425","-57.152078","70.1","PASO DE LOS LIBRES, AR","  88.7","23","  70.7","23","1007.7","23","999.8","23","  6.2","23","  6.4","23"," 11.1","999.9"," 102.4","*","  75.9"," "," 0.00","C","999.9","000010"
"87289099999","2023-01-21","-29.689425","-57.152078","70.1","PASO DE LOS LIBRES, AR","  82.9","23","  71.5","23","1004.8","23","996.9","23","  6.2","23","  7.0","23"," 18.1","999.9"," 104.2"," ","  78.8"," "," 0.00","C","999.9","010010"
"87289099999","2023-01-22","-29.689425","-57.152078","70.1","PASO DE LOS LIBRES, AR","  82.5","24","  65.5","24","1006.1","24","998.1","24","  6.2","24","  6.7","24"," 12.0","999.9","  97.2","*","  68.0"," "," 0.00","G","999.9","000000"
"87289099999","2023-01-23","-29.689425","-57.152078","70.1","PASO DE LOS LIBRES, AR","  86.8","24","  59.3","24","1007.7","24","999.7","24","  6.2","24","  7.7","24"," 14.0","999.9"," 100.9","*","  70.2"," "," 0.00","C","999.9","000000"
"87289099999","2023-01-24","-29.689425","-57.152078","70.1","PASO DE LOS LIBRES, AR","  90.1","24","  61.6","24","1006.2","24","998.3","24","  6.1","24","  6.8","24","  9.9","999.9"," 105.8","*","  73.4"," "," 0.00","C","999.9","000000"
"87289099999","2023-01-25","-29.689425","-57.152078","70.1","PASO DE LOS LIBRES, AR","  86.0","24","  65.5","24","1007.2","23","999.3","23","  5.6","24","  7.0","24"," 19.0","999.9"," 105.8"," ","  75.2"," "," 0.39","C","999.9","010010"
"87289099999","2023-01-26","-29.689425","-57.152078","70.1","PASO DE LOS LIBRES, AR","  79.3","24","  71.0","24","1007.4","24","999.4","24","  6.0","24","  8.2","24"," 26.0","999.9"," 102.2"," ","  73.4","*"," 0.35","D","999.9","010010"
"87289099999","2023-01-27","-29.689425","-57.152078","70.1","PASO DE LOS LIBRES, AR","  85.2","24","  72.7","24","1008.0","23","000.0","23","  6.2","24","  6.1","24"," 15.0","999.9"," 100.6","*","  72.5"," "," 0.00","C","999.9","000000"
"87289099999","2023-01-28","-29.689425","-57.152078","70.1","PASO DE LOS LIBRES, AR","  80.9","24","  70.7","24","1010.5","23","002.5","23","  6.0","24","  8.1","24"," 15.0","999.9"," 101.7"," ","  75.2","*"," 0.12","C","999.9","010000"
"87289099999","2023-01-29","-29.689425","-57.152078","70.1","PASO DE LOS LIBRES, AR","  84.7","24","  69.1","24","1011.4","23","003.4","23","  6.1","24","  9.4","24"," 20.0","999.9","  97.0","*","  72.7"," "," 0.00","C","999.9","000000"
"87289099999","2023-01-30","-29.689425","-57.152078","70.1","PASO DE LOS LIBRES, AR","  83.9","24","  64.8","24","1007.9","23","999.9","23","  6.2","24","  6.9","24","  9.9","999.9","  97.9"," ","  72.7"," "," 0.00","C","999.9","000000"
"87289099999","2023-01-31","-29.689425","-57.152078","70.1","PASO DE LOS LIBRES, AR","  85.5","23","  59.1","23","1007.0","21","999.1","21","  6.2","23","  8.0","23"," 15.0","999.9","  97.2","*","  68.9"," "," 0.00","C","999.9","000000"
"87289099999","2023-02-01","-29.689425","-57.152078","70.1","PASO DE LOS LIBRES, AR","  88.3","23","  63.7","23","1008.6","23","000.6","23","  6.1","23","  4.2","23","  9.9","999.9"," 102.2","*","  75.2","*"," 0.00","C","999.9","000000"
"87289099999","2023-02-02","-29.689425","-57.152078","70.1","PASO DE LOS LIBRES, AR","  85.7","23","  69.5","23","1008.5","22","000.6","22","  6.1","23","  9.3","23"," 25.1","999.9"," 102.4"," ","  72.5","*"," 0.00","H","999.9","010010"
"87289099999","2023-02-03","-29.689425","-57.152078","70.1","PASO DE LOS LIBRES, AR","  76.8","23","  66.9","22","1010.2","22","002.1","22","  6.2","23"," 14.6","23"," 25.1","999.9","  95.5"," ","  69.8"," "," 1.06","G","999.9","000000"
"87289099999","2023-02-04","-29.689425","-57.152078","70.1","PASO DE LOS LIBRES, AR","  76.4","23","  63.5","23","1013.3","23","005.2","23","  6.2","23","  6.5","23"," 15.0","999.9","  87.8"," ","  67.3"," "," 0.00","G","999.9","000000"
"87289099999","2023-02-05","-29.689425","-57.152078","70.1","PASO DE LOS LIBRES, AR","  76.0","23","  54.8","23","1013.5","23","005.3","23","  6.2","23","  7.0","23"," 15.0","999.9","  89.8","*","  61.0"," "," 0.00","C","999.9","000000"
"87289099999","2023-02-06","-29.689425","-57.152078","70.1","PASO DE LOS LIBRES, AR","  78.4","23","  55.1","23","1010.6","23","002.5","23","  6.0","23","  2.8","23","  9.9","999.9","  96.8","*","  59.9"," "," 0.00","C","999.9","000000"
"87289099999","2023-02-07","-29.689425","-57.152078","70.1","PASO DE LOS LIBRES, AR","  84.9","24","  60.7","23","1009.9","23","002.1","24","  5.3","24","  5.0","24","  8.9","999.9"," 100.8","*","  68.9"," "," 0.00","C","999.9","000000"
"87289099999","2023-02-08","-29.689425","-57.152078","70.1","PASO DE LOS LIBRES, AR","  85.0","24","  64.5","24","1009.0","23","001.0","23","  5.2","24","  8.6","24"," 28.0"," 38.1"," 102.9","*","  72.5"," "," 0.00","H","999.9","010010"
"87289099999","2023-02-09","-29.689425","-57.152078","70.1","PASO DE LOS LIBRES, AR","  81.7","24","  68.8","24","1010.1","21","002.0","22","  6.0","24"," 10.5","24"," 17.1"," 26.0"," 104.9"," ","  71.6"," "," 0.12","G","999.9","010010"
"87289099999","2023-02-10","-29.689425","-57.152078","70.1","PASO DE LOS LIBRES, AR","  86.2","24","  70.0","24","1009.5","24","001.6","24","  5.9","24","  4.7","24","  8.9","999.9","  98.6","*","  73.4"," "," 0.00","G","999.9","000000"
"87289099999","2023-02-11","-29.689425","-57.152078","70.1","PASO DE LOS LIBRES, AR","  87.4","24","  69.7","24","1009.5","22","001.5","22","  5.5","24","  5.7","24"," 11.1","999.9","  99.3"," ","  75.0"," "," 0.00","C","999.9","000000"
"87289099999","2023-02-12","-29.689425","-57.152078","70.1","PASO DE LOS LIBRES, AR","  88.7","24","  64.8","24","1007.7","24","999.8","24","  5.8","24","  5.9","24","  9.9","999.9"," 104.0","*","  74.7"," "," 0.00","C","999.9","000000"
"87289099999","2023-02-13","-29.689425","-57.152078","70.1","PASO DE LOS LIBRES, AR","  90.0","24","  67.5","24","1004.5","24","996.7","24","  5.1","24","  6.3","24"," 15.9","999.9"," 103.5"," ","  77.5"," "," 0.00","C","999.9","000000"
"87289099999","2023-02-14","-29.689425","-57.152078","70.1","PASO DE LOS LIBRES, AR","  83.6","24","  71.6","24","1004.8","24","996.9","24","  4.3","24","  9.4","24"," 28.0"," 61.0"," 102.2"," ","  71.4","*"," 0.16","C","999.9","010010"
"87289099999","2023-02-15","-29.689425","-57.152078","70.1","PASO DE LOS LIBRES, AR","  84.9","16","  68.6","16","1004.8"," 7","997.6","15","  5.4","16","  4.4","16","  8.0","999.9","  99.0"," ","  69.3"," "," 0.16","B","999.9","000000"
"87289099999","2023-02-16","-29.689425","-57.152078","70.1","PASO DE LOS LIBRES, AR","  81.1","16","  69.8","16","1000.7"," 8","992.4","14","  5.1","16"," 11.3","16"," 27.0"," 54.0","  94.3"," ","  69.1","*"," 0.00","H","999.9","010010"
"87289099999","2023-02-17","-29.689425","-57.152078","70.1","PASO DE LOS LIBRES, AR","  62.1","16","  40.2","16","1011.8"," 8","005.1","16","  6.1","16"," 18.2","16"," 25.1"," 35.9","  69.8","*","  55.4"," "," 0.47","B","999.9","010000"
"87289099999","2023-02-18","-29.689425","-57.152078","70.1","PASO DE LOS LIBRES, AR","  65.0","16","  41.3","14","1021.8","16","013.4","16","  6.2","16","  9.9","16"," 15.9","999.9","  73.8","*","  47.8"," "," 0.00","A","999.9","000000"
"87289099999","2023-02-19","-29.689425","-57.152078","70.1","PASO DE LOS LIBRES, AR","  71.5","17","  46.4","17","1019.5","17","011.2","17","  6.2","17","  6.8","17"," 11.1","999.9","  82.4","*","  55.4","*"," 0.00","B","999.9","000000"
"87289099999","2023-02-20","-29.689425","-57.152078","70.1","PASO DE LOS LIBRES, AR","  79.5","16","  59.8","16","1014.1","16","005.9","16","  5.7","16","  5.9","16","  9.9","999.9","  89.8","*","  61.7"," "," 0.00","B","999.9","000000"
"87289099999","2023-02-21","-29.689425","-57.152078","70.1","PASO DE LOS LIBRES, AR","  82.2","16","  65.2","16","1013.4","16","005.3","16","  5.7","16","  6.8","16","  9.9","999.9","  90.7"," ","  68.0"," "," 0.00","B","999.9","000000"
"87289099999","2023-02-22","-29.689425","-57.152078","70.1","PASO DE LOS LIBRES, AR","  83.6","16","  64.6","16","1013.7","14","005.7","14","  6.2","16","  7.9","16"," 11.1","999.9","  91.6","*","  68.9"," "," 0.00","B","999.9","000000"
"87289099999","2023-02-23","-29.689425","-57.152078","70.1","PASO DE LOS LIBRES, AR","  81.1","24","  65.8","24","1011.8","24","003.8","24","  6.0","24","  8.2","24"," 22.9","999.9","  93.2","*","  72.5"," "," 0.00","C","999.9","000010"
"87289099999","2023-02-24","-29.689425","-57.152078","70.1","PASO DE LOS LIBRES, AR","  77.9","24","  70.0","24","1010.3","23","002.2","23","  4.6","24","  5.8","24"," 11.1","999.9","  94.1"," ","  71.1"," "," 0.00","H","999.9","010010"
"87289099999","2023-02-25","-29.689425","-57.152078","70.1","PASO DE LOS LIBRES, AR","  79.9","24","  65.2","24","1006.8","22","998.8","22","  5.6","24","  7.2","24","999.9","999.9","  95.0","*","  67.8","*"," 0.00","G","999.9","000010"
"87289099999","2023-02-26","-29.689425","-57.152078","70.1","PASO DE LOS LIBRES, AR","  83.6","24","  62.2","24","1010.3","24","002.3","24","  5.7","24","  5.4","24"," 24.1"," 34.0","  97.7","*","  68.0"," "," 0.00","H","999.9","010010"
"87289099999","2023-02-27","-29.689425","-57.152078","70.1","PASO DE LOS LIBRES, AR","  82.6","24","  63.9","24","1015.8","24","007.8","24","  6.1","24","  5.3","24"," 17.1","999.9","  99.5"," ","  69.8","*"," 0.00","G","999.9","000010"
"87289099999","2023-02-28","-29.689425","-57.152078","70.1","PASO DE LOS LIBRES, AR","  82.9","24","  64.3","24","1015.3","24","007.2","24","  6.0","24","  6.6","24"," 12.0","999.9","  97.7"," ","  70.7"," "," 0.00","C","999.9","000010"
"87289099999","2023-03-01","-29.689425","-57.152078","70.1","PASO DE LOS LIBRES, AR","  84.9","24","  65.6","24","1010.7","23","002.7","23","  5.6","24","  6.8","24"," 22.0"," 35.9","  98.6","*","  71.6"," "," 0.00","C","999.9","000000"
"87289099999","2023-03-02","-29.689425","-57.152078","70.1","PASO DE LOS LIBRES, AR","  75.8","22","  70.0","22","1010.2","22","002.1","22","  5.6","22","  5.7","22"," 15.9","999.9","  99.5"," ","  72.9","*"," 0.04","G","999.9","010000"
"87289099999","2023-03-03","-29.689425","-57.152078","70.1","PASO DE LOS LIBRES, AR","  76.3","18","  71.9","18","1007.3","10","999.2","10","  5.3","18","  5.9","18"," 11.1","999.9","  84.4","*","  71.6","*"," 0.43","G","999.9","010010"
"87289099999","2023-03-04","-29.689425","-57.152078","70.1","PASO DE LOS LIBRES, AR","  78.3","24","  71.1","24","1008.8","24","000.7","24","  6.0","24","  5.9","24"," 12.0","999.9","  91.4","*","  71.2"," "," 0.20","G","999.9","010000"
"87289099999","2023-03-05","-29.689425","-57.152078","70.1","PASO DE LOS LIBRES, AR","  81.5","24","  68.7","24","1011.9","24","003.8","24","  6.2","24","  5.6","24"," 11.1","999.9","  93.2","*","  70.7"," "," 0.00","G","999.9","000000"
"87289099999","2023-03-06","-29.689425","-57.152078","70.1","PASO DE LOS LIBRES, AR","  79.4","24","  65.2","24","1010.3","24","002.3","24","  6.2","24","  7.9","24"," 12.0","999.9","  93.0"," ","  69.1"," "," 0.00","C","999.9","000000"
"87289099999","2023-03-07","-29.689425","-57.152078","70.1","PASO DE LOS LIBRES, AR","  80.1","24","  68.5","24","1008.1","24","000.1","24","  6.2","24","  6.5","24"," 12.0","999.9","  91.4","*","  68.0"," "," 0.00","C","999.9","000000"
"87289099999","2023-03-08","-29.689425","-57.152078","70.1","PASO DE LOS LIBRES, AR","  84.6","24","  67.4","24","1008.0","23","000.0","23","  6.2","24","  4.5","24","  8.0","999.9","  98.6","*","  72.7"," "," 0.00","C","999.9","000000"
"87289099999","2023-03-09","-29.689425","-57.152078","70.1","PASO DE LOS LIBRES, AR","  85.9","24","  67.1","24","1010.7","24","002.8","24","  5.9","24","  4.8","24","  9.9","999.9"," 100.4","*","  72.7"," "," 0.00","C","999.9","000000"
"87289099999","2023-03-10","-29.689425","-57.152078","70.1","PASO DE LOS LIBRES, AR","  86.3","24","  69.2","24","1011.6","24","003.6","24","  6.0","24","  4.7","24","  8.0","999.9"," 100.2"," ","  74.7"," "," 0.00","C","999.9","000000"
"87289099999","2023-03-11","-29.689425","-57.152078","70.1","PASO DE LOS LIBRES, AR","  87.0","24","  67.1","24","1011.7","24","003.8","24","  6.2","24","  6.2","24"," 15.0","999.9"," 100.4","*","  73.4","*"," 0.00","C","999.9","000000"
"87289099999","2023-03-12","-29.689425","-57.152078","70.1","PASO DE LOS LIBRES, AR","  86.6","24","  68.3","24","1012.0","24","004.1","24","  5.5","24","  8.3","24"," 11.1","999.9"," 100.9"," ","  73.9"," "," 0.00","C","999.9","000000"
"87289099999","2023-03-13","-29.689425","-57.152078","70.1","PASO DE LOS LIBRES, AR","  86.9","24","  69.6","24","1011.6","24","003.6","24","  5.3","24","  9.2","24"," 15.9","999.9","  99.0"," ","  75.2"," "," 0.00","C","999.9","000000"
"87289099999","2023-03-14","-29.689425","-57.152078","70.1","PASO DE LOS LIBRES, AR","  84.7","24","  71.3","24","1011.0","24","003.0","24","  5.4","24","  8.3","24"," 22.0"," 26.0","  98.6"," ","  76.6"," "," 0.00","H","999.9","010010"
"87289099999","2023-03-15","-29.689425","-57.152078","70.1","PASO DE LOS LIBRES, AR","  78.9","24","  73.7","24","1011.1","20","003.0","20","  5.9","24","  6.5","24"," 12.0","999.9","  93.2"," ","  75.2","*"," 0.00","G","999.9","010010"
"87289099999","2023-03-16","-29.689425","-57.152078","70.1","PASO DE LOS LIBRES, AR","  81.6","24","  73.8","24","1010.8","24","002.8","24","  6.1","24","  6.1","24","  9.9","999.9","  93.4","*","  75.2"," "," 0.63","G","999.9","010000"
"87289099999","2023-03-17","-29.689425","-57.152078","70.1","PASO DE LOS LIBRES, AR","  80.2","24","  74.0","24","1011.8","23","003.8","23","  6.0","24","  6.2","24"," 15.9","999.9","  93.6","*","  75.2"," "," 0.00","G","999.9","010010"
"87289099999","2023-03-18","-29.689425","-57.152078","70.1","PASO DE LOS LIBRES, AR","  80.5","24","  73.2","24","1013.4","23","005.3","23","  5.6","24","  5.1","24"," 15.9"," 32.1","  94.8"," ","  74.5"," "," 0.12","G","999.9","010010"
"87289099999","2023-03-19","-29.689425","-57.152078","70.1","PASO DE LOS LIBRES, AR","  80.8","24","  72.5","24","1012.1","22","004.0","22","  6.0","24","  4.5","24"," 11.1","999.9","  93.6","*","  72.0"," "," 0.31","G","999.9","000010"
"87289099999","2023-03-20","-29.689425","-57.152078","70.1","PASO DE LOS LIBRES, AR","  84.4","24","  72.1","24","1011.8","24","003.8","24","  6.0","24","  5.6","24"," 14.0","999.9","  97.2","*","  73.4","*"," 0.00","G","999.9","000000"
"87289099999","2023-03-21","-29.689425","-57.152078","70.1","PASO DE LOS LIBRES, AR","  80.1","24","  71.0","24","1013.9","22","005.9","22","  6.2","24","  9.9","24"," 21.0","999.9","  99.3"," ","  74.3"," "," 0.00","C","999.9","000000"
"87289099999","2023-03-22","-29.689425","-57.152078","70.1","PASO DE LOS LIBRES, AR","  76.6","24","  70.8","24","1015.0","23","007.0","23","  6.0","24"," 10.2","24"," 19.0","999.9","  87.8"," ","  71.4"," "," 0.35","C","999.9","010010"
"87289099999","2023-03-23","-29.689425","-57.152078","70.1","PASO DE LOS LIBRES, AR","  77.2","24","  71.6","24","1014.5","22","006.4","22","  5.9","24","  7.1","24"," 22.0"," 36.9","  93.2","*","  71.4"," "," 0.31","C","999.9","010010"
"87289099999","2023-03-24","-29.689425","-57.152078","70.1","PASO DE LOS LIBRES, AR","  78.2","24","  71.9","24","1014.4","23","006.3","23","  5.8","24","  5.3","24"," 12.0","999.9","  92.5"," ","  70.0"," "," 1.06","G","999.9","000000"
"87289099999","2023-03-25","-29.689425","-57.152078","70.1","PASO DE LOS LIBRES, AR","  75.4","24","  71.4","24","1011.6","22","003.5","22","  4.8","24","  9.5","24"," 18.1","999.9","  90.1"," ","  71.6","*"," 0.00","G","999.9","010010"
"87289099999","2023-03-26","-29.689425","-57.152078","70.1","PASO DE LOS LIBRES, AR","  74.9","24","  66.0","24","1016.2","24","008.0","24","  6.1","24","  8.3","24"," 13.0","999.9","  83.8"," ","  67.1"," "," 0.79","G","999.9","000000"
"87289099999","2023-03-27","-29.689425","-57.152078","70.1","PASO DE LOS LIBRES, AR","  72.7","24","  61.3","24","1016.8","23","008.6","23","  6.1","24","  7.2","24"," 12.0","999.9","  83.3"," ","  62.4"," "," 0.00","G","999.9","000000"
"87289099999","2023-03-28","-29.689425","-57.152078","70.1","PASO DE LOS LIBRES, AR","  74.2","24","  61.2","24","1011.7","24","003.5","24","  6.1","24","  5.8","24","  8.9","999.9","  88.5","*","  63.5"," "," 0.00","C","999.9","000000"
"87289099999","2023-03-29","-29.689425","-57.152078","70.1","PASO DE LOS LIBRES, AR","  77.5","24","  68.8","24","1008.7","24","000.7","24","  5.2","24","  5.8","24"," 29.9","999.9","  95.0","*","  68.7"," "," 0.00","H","999.9","010010"
"87289099999","2023-03-30","-29.689425","-57.152078","70.1","PASO DE LOS LIBRES, AR","  75.5","24","  69.7","24","1011.9","19","003.7","19","  5.8","24","  6.1","24"," 21.0","999.9","  95.4"," ","  68.9"," "," 0.67","G","999.9","010010"
"87289099999","2023-03-31","-29.689425","-57.152078","70.1","PASO DE LOS LIBRES, AR","  76.7","24","  71.6","24","1014.7","22","006.6","22","  6.2","24","  7.1","24"," 15.9"," 27.0","  86.4"," ","  71.1"," "," 0.00","G","999.9","010010"
"87289099999","2023-04-01","-29.689425","-57.152078","70.1","PASO DE LOS LIBRES, AR","  66.3","24","  52.0","24","1019.4","24","011.1","24","  6.2","24"," 11.8","24"," 18.1","999.9","  83.5"," ","  55.4"," "," 0.00","G","999.9","000000"
"87289099999","2023-04-02","-29.689425","-57.152078","70.1","PASO DE LOS LIBRES, AR","  67.6","24","  55.3","23","1016.0","23","007.7","23","  6.2","24","  7.4","24"," 12.0","999.9","  80.6","*","  55.4","*"," 0.00","C","999.9","000000"
"87289099999","2023-04-03","-29.689425","-57.152078","70.1","PASO DE LOS LIBRES, AR","  71.1","24","  58.0","24","1012.3","24","004.1","24","  6.2","24","  7.1","24"," 12.0","999.9","  84.9","*","  59.9"," "," 0.00","C","999.9","000000"
"87289099999","2023-04-04","-29.689425","-57.152078","70.1","PASO DE LOS LIBRES, AR","  71.5","24","  63.0","24","1013.7","23","005.5","23","  6.1","24","  7.4","24"," 12.0","999.9","  85.6"," ","  66.2"," "," 0.00","G","999.9","010000"
"87289099999","2023-04-05","-29.689425","-57.152078","70.1","PASO DE LOS LIBRES, AR","  73.5","24","  63.7","24","1014.8","24","006.6","24","  6.0","24"," 10.3","24"," 15.0","999.9","  82.9","*","  66.2","*"," 0.00","C","999.9","000000"
"87289099999","2023-04-06","-29.689425","-57.152078","70.1","PASO DE LOS LIBRES, AR","  73.8","24","  64.3","24","1015.0","24","006.9","24","  6.2","24","  9.6","24"," 14.0","999.9","  83.5"," ","  68.0"," "," 0.00","C","999.9","000000"
"87289099999","2023-04-07","-29.689425","-57.152078","70.1","PASO DE LOS LIBRES, AR","  70.9","24","  60.1","24","1016.4","24","008.2","24","  6.2","24"," 10.1","24"," 15.0","999.9","  80.6"," ","  64.0"," "," 0.00","C","999.9","000000"
"87289099999","2023-04-08","-29.689425","-57.152078","70.1","PASO DE LOS LIBRES, AR","  70.0","24","  59.7","24","1017.4","24","009.1","24","  6.2","24","  8.4","24"," 12.0","999.9","  81.0"," ","  61.7"," "," 0.00","C","999.9","000000"
"87289099999","2023-04-09","-29.689425","-57.152078","70.1","PASO DE LOS LIBRES, AR","  72.6","24","  63.1","24","1016.5","23","008.3","23","  6.2","24","  5.9","24","  9.9","999.9","  84.7","*","  62.6","*"," 0.00","C","999.9","000000"
"87289099999","2023-04-10","-29.689425","-57.152078","70.1","PASO DE LOS LIBRES, AR","  74.3","24","  64.0","24","1016.4","24","008.3","24","  5.5","24","  3.0","24","  5.1","999.9","  87.8","*","  62.2"," "," 0.00","B","999.9","000000"
"87289099999","2023-04-11","-29.689425","-57.152078","70.1","PASO DE LOS LIBRES, AR","  73.6","22","  64.8","22","1013.0","22","004.8","22","  5.4","22","  3.3","22"," 12.0","999.9","  89.8","*","  60.1"," "," 0.00","B","999.9","000000"
"87289099999","2023-04-12","-29.689425","-57.152078","70.1","PASO DE LOS LIBRES, AR","  77.3","24","  68.4","24","1009.6","24","001.5","24","  5.9","24","  8.4","24"," 18.1","999.9","  90.7"," ","  69.8"," "," 0.00","H","999.9","010010"
"87289099999","2023-04-13","-29.689425","-57.152078","70.1","PASO DE LOS LIBRES, AR","  66.6","24","  57.9","24","1012.9","24","004.7","24","  5.7","24"," 14.1","24"," 20.0","999.9","  89.8"," ","  63.5"," "," 0.20","G","999.9","010010"
"87289099999","2023-04-14","-29.689425","-57.152078","70.1","PASO DE LOS LIBRES, AR","  63.9","24","  52.6","24","1016.0","24","007.7","24","  6.2","24"," 12.7","24"," 19.0","999.9","  75.2","*","  54.7"," "," 0.00","G","999.9","000000"
"87289099999","2023-04-15","-29.689425","-57.152078","70.1","PASO DE LOS LIBRES, AR","  67.0","24","  57.2","24","1016.2","23","007.9","24","  6.0","24","  9.1","24"," 14.0","999.9","  77.0","*","  58.8"," "," 0.00","C","999.9","000000"
"87289099999","2023-04-16","-29.689425","-57.152078","70.1","PASO DE LOS LIBRES, AR","  69.6","24","  62.7","24","1013.6","24","005.4","24","  6.2","24","  8.0","24"," 14.0","999.9","  77.5"," ","  61.5"," "," 0.00","D","999.9","010000"
"87289099999","2023-04-17","-29.689425","-57.152078","70.1","PASO DE LOS LIBRES, AR","  67.3","24","  59.1","24","1010.2","24","002.0","24","  6.0","24","  7.6","24"," 11.1","999.9","  76.1"," ","  58.6"," "," 0.00","G","999.9","000000"
"87289099999","2023-04-18","-29.689425","-57.152078","70.1","PASO DE LOS LIBRES, AR","  62.2","24","  52.0","24","1007.8","24","999.5","24","  5.8","24","  8.2","24"," 21.0","999.9","  75.2","*","  51.8"," "," 0.00","C","999.9","000000"
"87289099999","2023-04-19","-29.689425","-57.152078","70.1","PASO DE LOS LIBRES, AR","  61.3","24","  44.5","24","1009.6","24","001.2","24","  5.9","24"," 12.2","24"," 22.9","999.9","  75.6"," ","  48.2","*"," 0.00","C","999.9","000000"
"87289099999","2023-04-20","-29.689425","-57.152078","70.1","PASO DE LOS LIBRES, AR","  60.2","24","  46.3","24","1018.5","24","010.1","24","  6.2","24","  6.6","24"," 12.0","999.9","  74.1"," ","  48.2"," "," 0.00","C","999.9","000000"
"87289099999","2023-04-21","-29.689425","-57.152078","70.1","PASO DE LOS LIBRES, AR","  63.6","24","  49.0","24","1016.6","24","008.3","24","  6.1","24","  6.6","24"," 11.1","999.9","  80.6","*","  50.4"," "," 0.00","C","999.9","000000"
"87289099999","2023-04-22","-29.689425","-57.152078","70.1","PASO DE LOS LIBRES, AR","  66.6","24","  55.4","24","1017.5","24","009.3","24","  6.2","24","  4.5","24","  8.0","999.9","  80.6"," ","  56.7"," "," 0.00","C","999.9","000000"
"87289099999","2023-04-23","-29.689425","-57.152078","70.1","PASO DE LOS LIBRES, AR","  70.2","24","  55.9","24","1018.1","22","009.8","22","  6.2","24","  7.7","24"," 14.0","999.9","  84.2","*","  60.8","*"," 0.00","C","999.9","000000"
"87289099999","2023-04-24","-29.689425","-57.152078","70.1","PASO DE LOS LIBRES, AR","  71.5","24","  59.3","24","1016.7","24","008.5","24","  6.0","24","  7.0","24"," 13.0","999.9","  84.9","*","  60.8"," "," 0.00","H","999.9","010010"
"87289099999","2023-04-25","-29.689425","-57.152078","70.1","PASO DE LOS LIBRES, AR","  68.6","24","  64.2","23","1014.7","22","006.5","22","  5.8","24","  4.8","24","  9.9","999.9","  86.0"," ","  65.7"," "," 0.75","G","999.9","000010"
"87289099999","2023-04-26","-29.689425","-57.152078","70.1","PASO DE LOS LIBRES, AR","  65.6","24","  59.8","24","1014.6","22","006.3","22","  5.6","24","  5.9","24"," 33.0","999.9","  76.1"," ","  57.2"," "," 0.00","G","999.9","000000"
"87289099999","2023-04-27","-29.689425","-57.152078","70.1","PASO DE LOS LIBRES, AR","  66.0","24","  59.3","24","1015.9","24","007.6","24","  5.5","24","  3.0","24","  6.0","999.9","  77.4","*","  55.4"," "," 0.00","C","999.9","000000"
"87289099999","2023-04-28","-29.689425","-57.152078","70.1","PASO DE LOS LIBRES, AR","  68.1","24","  58.9","24","1015.5","21","007.2","21","  5.4","24","  4.3","24","  8.9","999.9","  82.4","*","  55.9"," "," 0.00","B","999.9","000000"
"87289099999","2023-04-29","-29.689425","-57.152078","70.1","PASO DE LOS LIBRES, AR","  69.3","24","  58.4","24","1012.9","24","004.7","24","  6.2","24","  6.2","24"," 12.0","999.9","  84.6","*","  56.8"," "," 0.00","C","999.9","000000"
"87289099999","2023-04-30","-29.689425","-57.152078","70.1","PASO DE LOS LIBRES, AR","  76.9","24","  65.2","24","1010.5","23","002.4","23","  6.0","24","  7.0","24"," 15.9","999.9","  91.4","*","  62.6"," "," 0.00","B","999.9","000000"
"87289099999","2023-05-01","-29.689425","-57.152078","70.1","PASO DE LOS LIBRES, AR","  65.3","24","  60.9","24","1014.6","24","006.4","24","  5.5","24"," 13.5","24"," 19.0"," 25.1","  91.0"," ","  58.8","*"," 0.00","G","999.9","010010"
"87289099999","2023-05-02","-29.689425","-57.152078","70.1","PASO DE LOS LIBRES, AR","  59.6","24","  55.6","24","1016.2","18","007.8","18","  5.1","24"," 16.3","24"," 22.0"," 34.0","  63.5"," ","  57.0"," "," 1.54","G","999.9","010000"
"87289099999","2023-05-03","-29.689425","-57.152078","70.1","PASO DE LOS LIBRES, AR","  60.6","24","  57.7","24","1016.0","22","007.6","22","  5.0","24"," 13.1","24"," 17.1"," 25.1","  64.4","*","  57.2"," "," 0.00","G","999.9","010000"
"87289099999","2023-05-04","-29.689425","-57.152078","70.1","PASO DE LOS LIBRES, AR","  63.9","24","  62.5","24","1015.5","24","007.2","24","  3.8","24","  7.6","24","  9.9","999.9","  66.7","*","  59.5"," "," 0.01","G","999.9","010000"
"87289099999","2023-05-05","-29.689425","-57.152078","70.1","PASO DE LOS LIBRES, AR","  64.5","24","  64.1","24","1015.7","23","007.4","23","  3.4","24","  3.7","24","  8.0","999.9","  67.1"," ","  63.0"," "," 0.39","G","999.9","010010"
"87289099999","2023-05-06","-29.689425","-57.152078","70.1","PASO DE LOS LIBRES, AR","  64.3","24","  63.1","24","1015.6","19","007.3","19","  4.7","24","  5.9","24","  8.9","999.9","  66.2","*","  62.4"," "," 1.38","G","999.9","010010"
"87289099999","2023-05-07","-29.689425","-57.152078","70.1","PASO DE LOS LIBRES, AR","  63.2","24","  61.9","24","1014.8","21","006.5","21","  5.5","24","  4.7","24"," 11.1","999.9","  66.0"," ","  60.8","*"," 0.00","G","999.9","010010"
"87289099999","2023-05-08","-29.689425","-57.152078","70.1","PASO DE LOS LIBRES, AR","  62.3","24","  57.6","24","1018.4","22","010.0","21","  4.5","24","  4.8","24","  8.9","999.9","  75.4","*","  52.7"," "," 0.39","G","999.9","100000"
"87289099999","2023-05-09","-29.689425","-57.152078","70.1","PASO DE LOS LIBRES, AR","  62.0","24","  55.3","24","1020.1","23","011.8","23","  6.0","24","  4.0","24"," 29.9","999.9","  75.7"," ","  51.8"," "," 0.00","G","999.9","000000"
"87289099999","2023-05-10","-29.689425","-57.152078","70.1","PASO DE LOS LIBRES, AR","  61.8","24","  54.9","24","1020.6","24","012.3","24","  5.0","24","  4.5","24","  9.9","999.9","  73.4"," ","  52.5"," "," 0.00","C","999.9","100000"
"87289099999","2023-05-11","-29.689425","-57.152078","70.1","PASO DE LOS LIBRES, AR","  58.0","23","  51.3","23","1020.5","21","012.1","21","  6.1","23","  5.1","23","  9.9","999.9","  73.4"," ","  50.0"," "," 0.00","C","999.9","000000"
"87289099999","2023-05-12","-29.689425","-57.152078","70.1","PASO DE LOS LIBRES, AR","  57.4","24","  49.7","24","1021.7","23","013.3","23","  6.1","24","  4.5","24","  8.0","999.9","  70.5","*","  45.5"," "," 0.00","C","999.9","000000"
"87289099999","2023-05-13","-29.689425","-57.152078","70.1","PASO DE LOS LIBRES, AR","  59.8","24","  52.4","24","1019.7","23","011.3","23","  5.5","24","  2.3","24","  7.0","999.9","  75.6","*","  48.2"," "," 0.00","C","999.9","000000"
"87289099999","2023-05-14","-29.689425","-57.152078","70.1","PASO DE LOS LIBRES, AR","  62.3","24","  53.7","24","1019.4","24","011.1","24","  6.1","24","  2.4","24","  6.0","999.9","  79.2","*","  49.1"," "," 0.00","C","999.9","000000"
"87289099999","2023-05-15","-29.689425","-57.152078","70.1","PASO DE LOS LIBRES, AR","  62.8","24","  55.6","24","1019.9","23","011.6","23","  5.6","24","  2.2","24","  4.1","999.9","  80.6","*","  49.1"," "," 0.00","C","999.9","000000"
"87289099999","2023-05-16","-29.689425","-57.152078","70.1","PASO DE LOS LIBRES, AR","  64.1","24","  56.6","24","1018.6","22","010.2","22","  6.2","24","  4.2","24","  7.0","999.9","  80.6"," ","  52.9"," "," 0.00","C","999.9","000000"
"87289099999","2023-05-17","-29.689425","-57.152078","70.1","PASO DE LOS LIBRES, AR","  65.7","24","  57.6","24","1015.2","24","006.9","24","  6.0","24","  6.2","24","  8.9","999.9","  79.7"," ","  54.9"," "," 0.00","C","999.9","000000"
"87289099999","2023-05-18","-29.689425","-57.152078","70.1","PASO DE LOS LIBRES, AR","  65.9","22","  59.4","22","1017.0","22","008.7","22","  5.7","22","  3.4","22","  6.0","999.9","  81.1","*","  55.4","*"," 0.00","C","999.9","000000"
"87289099999","2023-05-19","-29.689425","-57.152078","70.1","PASO DE LOS LIBRES, AR","  67.9","24","  60.9","24","1016.1","24","007.9","24","  6.0","24","  4.1","24","  6.0","999.9","  82.2"," ","  59.0","*"," 0.00","C","999.9","000000"
"87289099999","2023-05-20","-29.689425","-57.152078","70.1","PASO DE LOS LIBRES, AR","  67.2","24","  63.4","24","1016.9","24","008.6","24","  5.3","24","  5.8","24","  9.9","999.9","  79.0"," ","  62.8"," "," 0.01","G","999.9","010000"
"87289099999","2023-05-21","-29.689425","-57.152078","70.1","PASO DE LOS LIBRES, AR","  65.8","24","  63.3","24","1013.8","24","005.5","24","  5.3","24","  6.7","24"," 15.0","999.9","  72.5"," ","  64.4"," "," 0.16","G","999.9","010000"
"87289099999","2023-05-22","-29.689425","-57.152078","70.1","PASO DE LOS LIBRES, AR","  65.6","24","  62.8","24","1013.3","23","005.0","24","  5.2","24","  4.1","24","  8.0","999.9","  73.4","*","  59.0","*"," 0.02","G","999.9","010000"
"87289099999","2023-05-23","-29.689425","-57.152078","70.1","PASO DE LOS LIBRES, AR","  71.5","24","  66.3","24","1015.0","24","006.8","24","  6.0","24","  5.2","24","  7.0","999.9","  82.4","*","  62.2"," "," 0.00","G","999.9","000000"
"87289099999","2023-05-24","-29.689425","-57.152078","70.1","PASO DE LOS LIBRES, AR","  74.4","24","  66.1","24","1012.9","24","004.8","24","  6.2","24","  5.2","24","  8.0","999.9","  84.9","*","  65.8"," "," 0.00","C","999.9","000000"
"87289099999","2023-05-25","-29.689425","-57.152078","70.1","PASO DE LOS LIBRES, AR","  72.7","23","  63.0","23","1012.9","23","004.7","23","  6.0","23","  5.5","23"," 12.0"," 25.1","  86.0","*","  62.6"," "," 0.00","C","999.9","000000"
"87289099999","2023-05-26","-29.689425","-57.152078","70.1","PASO DE LOS LIBRES, AR","  69.8","24","  64.5","24","1010.1","18","001.9","18","  5.3","24","  7.3","24"," 24.1"," 27.0","  85.5"," ","  65.8"," "," 0.79","C","999.9","010010"
"87289099999","2023-05-27","-29.689425","-57.152078","70.1","PASO DE LOS LIBRES, AR","  65.8","24","  61.5","24","1016.6","24","008.3","24","  6.0","24"," 10.9","24"," 20.0","999.9","  73.4"," ","  60.3","*"," 0.71","D","999.9","010000"
"87289099999","2023-05-28","-29.689425","-57.152078","70.1","PASO DE LOS LIBRES, AR","  55.5","24","  45.7","24","1024.9","24","016.5","24","  6.2","24"," 12.1","24"," 17.1"," 27.0","  66.9"," ","  49.6"," "," 0.00","C","999.9","000000"
"87289099999","2023-05-29","-29.689425","-57.152078","70.1","PASO DE LOS LIBRES, AR","  54.8","24","  46.9","24","1022.7","24","014.1","24","  6.2","24","  8.6","24"," 12.0","999.9","  64.4","*","  47.7"," "," 0.00","C","999.9","000000"
"87289099999","2023-05-30","-29.689425","-57.152078","70.1","PASO DE LOS LIBRES, AR","  58.0","24","  52.2","24","1020.8","24","012.3","24","  6.2","24","  5.9","24"," 11.1","999.9","  69.8","*","  51.1"," "," 0.00","C","999.9","000000"
"87289099999","2023-05-31","-29.689425","-57.152078","70.1","PASO DE LOS LIBRES, AR","  62.5","24","  58.4","24","1019.0","23","010.6","23","  5.5","23","  3.2","24","  5.1","999.9","  77.0","*","  51.6"," "," 0.00","C","999.9","000000"
"87289099999","2023-06-01","-29.689425","-57.152078","70.1","PASO DE LOS LIBRES, AR","  68.8","22","  63.6","21","1019.4","19","011.1","19","  5.4","22","  2.7","22","  5.1","999.9","  79.5","*","  57.2"," "," 0.00","C","999.9","000000"
"87289099999","2023-06-02","-29.689425","-57.152078","70.1","PASO DE LOS LIBRES, AR","  67.0","24","  61.2","24","1015.7","23","007.5","23","  5.0","24","  4.5","24","  8.9","999.9","  79.5"," ","  58.1"," "," 0.00","C","999.9","000000"
"87289099999","2023-06-03","-29.689425","-57.152078","70.1","PASO DE LOS LIBRES, AR","  70.0","24","  63.7","24","1014.2","24","006.0","24","  6.2","24","  4.6","24"," 12.0","999.9","  82.4","*","  61.5"," "," 0.00","C","999.9","000000"
"87289099999","2023-06-04","-29.689425","-57.152078","70.1","PASO DE LOS LIBRES, AR","  68.4","24","  65.3","24","1017.5","23","009.3","23","  5.6","24","  3.2","24","  8.0","999.9","  82.6"," ","  62.6"," "," 0.00","H","999.9","010010"
"87289099999","2023-06-05","-29.689425","-57.152078","70.1","PASO DE LOS LIBRES, AR","  66.0","24","  63.9","24","1021.3","24","013.0","24","  5.9","24","  8.3","24"," 17.1","999.9","  76.1"," ","  64.2"," "," 1.22","G","999.9","010010"
"87289099999","2023-06-06","-29.689425","-57.152078","70.1","PASO DE LOS LIBRES, AR","  68.9","24","  63.7","24","1017.1","23","008.8","23","  5.9","24","  6.3","24","  9.9","999.9","  80.6","*","  61.7"," "," 0.00","G","999.9","000000"
"87289099999","2023-06-07","-29.689425","-57.152078","70.1","PASO DE LOS LIBRES, AR","  70.2","24","  63.7","24","1016.9","24","008.6","24","  6.2","24","  3.7","24","  9.9","999.9","  82.4","*","  61.3"," "," 0.00","C","999.9","000000"
"87289099999","2023-06-08","-29.689425","-57.152078","70.1","PASO DE LOS LIBRES, AR","  71.3","23","  64.2","23","1015.3","22","007.2","22","  5.3","23","  4.8","23","  9.9","999.9","  82.8"," ","  64.0"," "," 0.00","C","999.9","000000"
"87289099999","2023-06-09","-29.689425","-57.152078","70.1","PASO DE LOS LIBRES, AR","  70.2","24","  63.2","24","1010.4","24","002.3","23","  6.1","24","  5.8","24"," 12.0","999.9","  82.4","*","  62.6"," "," 0.00","C","999.9","000000"
"87289099999","2023-06-10","-29.689425","-57.152078","70.1","PASO DE LOS LIBRES, AR","  66.3","24","  62.3","24","1010.6","22","002.4","22","  5.6","24","  8.2","24"," 20.0","999.9","  72.3"," ","  59.0","*"," 0.00","H","999.9","010010"
"87289099999","2023-06-11","-29.689425","-57.152078","70.1","PASO DE LOS LIBRES, AR","  52.6","24","  40.8","24","1020.5","24","012.0","24","  6.2","24"," 14.3","24"," 21.0","999.9","  71.4"," ","  46.4","*"," 0.24","G","999.9","010000"
"87289099999","2023-06-12","-29.689425","-57.152078","70.1","PASO DE LOS LIBRES, AR","  44.9","24","  34.3","24","1026.8","24","018.1","24","  6.2","24","  8.6","24"," 15.9","999.9","  56.1"," ","  35.6","*"," 0.00","G","999.9","000000"
"87289099999","2023-06-13","-29.689425","-57.152078","70.1","PASO DE LOS LIBRES, AR","  46.2","24","  37.2","24","1031.2","24","022.5","24","  6.1","24","  8.7","24"," 15.0","999.9","  56.1","*","  37.4"," "," 0.00","C","999.9","000000"
"87289099999","2023-06-14","-29.689425","-57.152078","70.1","PASO DE LOS LIBRES, AR","  50.3","24","  42.3","24","1027.8","22","019.2","22","  6.2","24"," 10.1","24"," 15.0","999.9","  62.6","*","  40.6"," "," 0.00","H","999.9","010000"
"87289099999","2023-06-15","-29.689425","-57.152078","70.1","PASO DE LOS LIBRES, AR","  56.0","22","  51.1","22","1022.9","18","014.4","18","  5.4","22"," 10.0","22"," 13.0","999.9","  62.6","*","  45.3"," "," 0.04","G","999.9","010000"
"87289099999","2023-06-16","-29.689425","-57.152078","70.1","PASO DE LOS LIBRES, AR","  56.9","24","  52.0","24","1022.4","24","014.0","24","  6.1","24","  7.2","24"," 11.1","999.9","  64.6","*","  49.6"," "," 0.00","G","999.9","000000"
"87289099999","2023-06-17","-29.689425","-57.152078","70.1","PASO DE LOS LIBRES, AR","  54.4","24","  49.8","24","1025.2","24","016.7","24","  6.1","24","  4.1","24","  7.0","999.9","  66.2","*","  44.6","*"," 0.00","C","999.9","000000"
"87289099999","2023-06-18","-29.689425","-57.152078","70.1","PASO DE LOS LIBRES, AR","  55.7","23","  50.0","23","1024.0","20","015.5","20","  5.6","23","  4.2","23","  7.0","999.9","  66.9"," ","  47.3"," "," 0.00","C","999.9","000000"
"87289099999","2023-06-19","-29.689425","-57.152078","70.1","PASO DE LOS LIBRES, AR","  54.2","24","  48.8","24","1021.4","23","012.9","23","  6.2","24","  6.8","24"," 18.1","999.9","  66.6"," ","  44.6"," "," 0.00","H","999.9","010000"
"87289099999","2023-06-20","-29.689425","-57.152078","70.1","PASO DE LOS LIBRES, AR","  59.5","24","  54.4","24","1020.3","23","011.9","23","  6.2","24","  5.9","24"," 11.1","999.9","  68.0","*","  48.2"," "," 0.00","G","999.9","000000"
"87289099999","2023-06-21","-29.689425","-57.152078","70.1","PASO DE LOS LIBRES, AR","  57.1","24","  56.0","24","1016.0","22","007.6","22","  4.5","24","  6.2","24"," 11.1","999.9","  69.8"," ","  53.6"," "," 0.01","G","999.9","010000"
"87289099999","2023-06-22","-29.689425","-57.152078","70.1","PASO DE LOS LIBRES, AR","  54.3","23","  53.5","23","1015.7","23","007.2","23","  3.5","23","  6.3","23"," 11.1","999.9","  59.4"," ","  51.8","*"," 0.51","G","999.9","010000"
"87289099999","2023-06-23","-29.689425","-57.152078","70.1","PASO DE LOS LIBRES, AR","  60.3","24","  58.8","24","1012.0","23","003.6","23","  5.3","24","  4.0","24","  7.0","999.9","  68.4","*","  52.9"," "," 0.00","G","999.9","010000"
"87289099999","2023-06-24","-29.689425","-57.152078","70.1","PASO DE LOS LIBRES, AR","  71.3","24","  66.4","24","1009.9","17","001.6","17","  4.7","24","  6.3","24"," 18.1","999.9","  84.2","*","  58.1"," "," 0.00","G","999.9","100000"
"87289099999","2023-06-25","-29.689425","-57.152078","70.1","PASO DE LOS LIBRES, AR","  74.8","23","  68.1","23","1011.9","11","003.8","11","  6.2","23","  5.6","23"," 15.0","999.9","  84.9"," ","  66.6"," "," 0.00","C","999.9","000000"
"87289099999","2023-06-26","-29.689425","-57.152078","70.1","PASO DE LOS LIBRES, AR","  74.1","24","  67.5","24","1012.0","22","003.8","22","  6.1","24","  6.8","24"," 17.1"," 27.0","  84.2","*","  69.4","*"," 0.00","C","999.9","000000"
"87289099999","2023-06-27","-29.689425","-57.152078","70.1","PASO DE LOS LIBRES, AR","  73.9","24","  64.3","23","1011.3","21","003.2","21","  5.8","24","  8.9","24"," 20.0"," 32.1","  86.0","*","  64.4","*"," 0.00","C","999.9","000000"
"87289099999","2023-06-28","-29.689425","-57.152078","70.1","PASO DE LOS LIBRES, AR","  62.9","24","  56.6","24","1020.1","21","011.8","21","  5.9","24"," 12.0","24"," 18.1","999.9","  86.0"," ","  56.7","*"," 0.24","G","999.9","010010"
"87289099999","2023-06-29","-29.689425","-57.152078","70.1","PASO DE LOS LIBRES, AR","  52.6","23","  43.3","23","1026.0","23","017.4","23","  6.2","23","  8.3","23"," 15.9","999.9","  63.1"," ","  42.4"," "," 0.00","G","999.9","000000"
"87289099999","2023-06-30","-29.689425","-57.152078","70.1","PASO DE LOS LIBRES, AR","  56.7","24","  48.1","24","1022.9","23","014.5","23","  6.2","24","  7.1","24","  9.9","999.9","  64.4","*","  50.0","*"," 0.00","B","999.9","000000"
"87289099999","2023-07-01","-29.689425","-57.152078","70.1","PASO DE LOS LIBRES, AR","  62.0","24","  56.8","24","1020.7","24","012.3","24","  5.7","24","  5.2","24","  8.9","999.9","  72.3","*","  52.3"," "," 0.00","C","999.9","000000"
"87289099999","2023-07-02","-29.689425","-57.152078","70.1","PASO DE LOS LIBRES, AR","  63.6","24","  60.6","24","1017.2","23","008.9","23","  5.4","24","  7.3","24"," 12.0"," 20.0","  72.7"," ","  56.5"," "," 0.00","C","999.9","000000"
"87289099999","2023-07-03","-29.689425","-57.152078","70.1","PASO DE LOS LIBRES, AR","  65.1","24","  61.9","24","1016.8","23","008.5","23","  3.5","24","  7.0","24"," 13.0","999.9","  77.0","*","  57.9"," "," 0.00","C","999.9","100000"
"87289099999","2023-07-04","-29.689425","-57.152078","70.1","PASO DE LOS LIBRES, AR","  71.0","24","  63.0","24","1015.7","24","007.5","24","  6.0","24","  5.5","24","  8.9","999.9","  80.6","*","  59.0"," "," 0.00","C","999.9","000000"
"87289099999","2023-07-05","-29.689425","-57.152078","70.1","PASO DE LOS LIBRES, AR","  69.7","24","  61.4","24","1014.6","24","006.4","24","  5.4","24","  5.7","24"," 11.1","999.9","  82.4","*","  59.9"," "," 0.00","C","999.9","000000"
"87289099999","2023-07-06","-29.689425","-57.152078","70.1","PASO DE LOS LIBRES, AR","  70.2","23","  61.9","23","1011.1","22","002.9","22","  6.1","23","  7.2","23"," 18.1","999.9","  82.4","*","  62.6"," "," 0.00","H","999.9","010010"
"87289099999","2023-07-07","-29.689425","-57.152078","70.1","PASO DE LOS LIBRES, AR","  65.2","24","  63.2","24","1010.3","20","002.1","20","  5.0","24","  7.7","24"," 15.0"," 22.0","  82.4"," ","  62.6","*"," 0.03","G","999.9","010010"
"87289099999","2023-07-08","-29.689425","-57.152078","70.1","PASO DE LOS LIBRES, AR","  63.4","24","  59.2","24","1012.9","22","004.6","22","  6.1","24"," 11.1","24"," 15.9","999.9","  68.0","*","  59.0"," "," 1.34","G","999.9","010010"
"87289099999","2023-07-09","-29.689425","-57.152078","70.1","PASO DE LOS LIBRES, AR","  59.8","24","  57.3","24","1014.6","22","006.3","22","  5.3","24","  9.1","24"," 14.0","999.9","  68.0"," ","  56.3"," "," 0.00","G","999.9","000000"
"87289099999","2023-07-10","-29.689425","-57.152078","70.1","PASO DE LOS LIBRES, AR","  61.5","24","  57.6","24","1014.4","23","006.1","23","  6.2","24","  8.4","24"," 15.0","999.9","  66.9","*","  57.2"," "," 0.00","C","999.9","000000"
"87289099999","2023-07-11","-29.689425","-57.152078","70.1","PASO DE LOS LIBRES, AR","  59.4","24","  54.7","24","1013.7","24","005.3","24","  6.2","24"," 13.8","24"," 18.1"," 28.9","  67.1"," ","  56.5"," "," 0.00","C","999.9","000000"
"87289099999","2023-07-12","-29.689425","-57.152078","70.1","PASO DE LOS LIBRES, AR","  57.5","24","  55.5","24","1005.5","24","997.1","24","  5.3","24"," 14.5","24"," 22.0"," 35.0","  61.7"," ","  53.4","*"," 0.01","G","999.9","010010"
"87289099999","2023-07-13","-29.689425","-57.152078","70.1","PASO DE LOS LIBRES, AR","  51.6","23","  48.7","23","1016.3","21","007.8","21","  4.6","23"," 17.3","23"," 27.0"," 44.1","  58.8"," ","  49.3","*"," 0.31","G","999.9","010000"
"87289099999","2023-07-14","-29.689425","-57.152078","70.1","PASO DE LOS LIBRES, AR","  49.5","24","  45.4","24","1024.0","24","015.4","24","  6.2","24","  5.9","24","  9.9","999.9","  55.4","*","  46.4","*"," 0.16","G","999.9","000000"
"87289099999","2023-07-15","-29.689425","-57.152078","70.1","PASO DE LOS LIBRES, AR","  49.5","24","  45.6","24","1020.0","24","011.4","24","  5.9","24","  3.5","24","  6.0","999.9","  59.0","*","  42.8"," "," 0.00","G","999.9","000000"
"87289099999","2023-07-16","-29.689425","-57.152078","70.1","PASO DE LOS LIBRES, AR","  49.7","24","  45.0","24","1020.9","24","012.3","24","  6.2","24","  6.1","24"," 12.0","999.9","  59.0","*","  42.1"," "," 0.00","C","999.9","000000"
"87289099999","2023-07-17","-29.689425","-57.152078","70.1","PASO DE LOS LIBRES, AR","  47.9","24","  39.2","24","1024.9","24","016.3","24","  6.2","24","  9.6","24"," 15.0","999.9","  59.0"," ","  41.0"," "," 0.00","C","999.9","000000"
"87289099999","2023-07-18","-29.689425","-57.152078","70.1","PASO DE LOS LIBRES, AR","  45.8","24","  36.2","24","1029.3","24","020.7","24","  6.2","24","  9.8","24"," 15.0","999.9","  56.8"," ","  39.0"," "," 0.00","C","999.9","000000"
"87289099999","2023-07-19","-29.689425","-57.152078","70.1","PASO DE LOS LIBRES, AR","  49.7","24","  41.3","24","1029.0","24","020.4","24","  6.2","24"," 12.5","24"," 18.1"," 28.9","  59.4","*","  42.4"," "," 0.00","C","999.9","000000"
"87289099999","2023-07-20","-29.689425","-57.152078","70.1","PASO DE LOS LIBRES, AR","  58.3","24","  53.4","24","1021.6","22","013.1","22","  6.2","24","  7.7","24"," 12.0","999.9","  71.6","*","  45.1"," "," 0.00","C","999.9","000000"
"87289099999","2023-07-21","-29.689425","-57.152078","70.1","PASO DE LOS LIBRES, AR","  70.3","24","  62.7","24","1014.5","22","006.1","21","  5.8","24","  8.2","24"," 13.0"," 27.0","  84.7","*","  54.5"," "," 0.00","C","999.9","000000"
"87289099999","2023-07-22","-29.689425","-57.152078","70.1","PASO DE LOS LIBRES, AR","  76.5","24","  63.6","24","1010.3","24","002.2","24","  6.1","24"," 11.4","24"," 22.0","999.9","  86.0","*","  67.5"," "," 0.00","C","999.9","000000"
"87289099999","2023-07-23","-29.689425","-57.152078","70.1","PASO DE LOS LIBRES, AR","  68.5","24","  61.1","24","1015.6","24","007.4","24","  5.5","24"," 10.1","24"," 14.0","999.9","  85.6"," ","  61.7"," "," 0.00","C","999.9","000000"
"87289099999","2023-07-24","-29.689425","-57.152078","70.1","PASO DE LOS LIBRES, AR","  60.1","24","  53.4","24","1019.2","24","010.8","24","  5.9","24"," 11.7","24"," 18.1","999.9","  73.2"," ","  55.4","*"," 0.00","H","999.9","010000"
"87289099999","2023-07-25","-29.689425","-57.152078","70.1","PASO DE LOS LIBRES, AR","  57.4","24","  55.3","24","1016.7","23","008.2","23","  6.1","24","  7.8","24"," 12.0","999.9","  62.6","*","  53.6","*"," 0.28","G","999.9","010000"
"87289099999","2023-07-26","-29.689425","-57.152078","70.1","PASO DE LOS LIBRES, AR","  58.5","24","  55.9","24","1016.2","22","007.8","22","  5.5","24","  8.5","24"," 17.1","999.9","  61.7"," ","  53.6","*"," 0.31","G","999.9","010010"
"87289099999","2023-07-27","-29.689425","-57.152078","70.1","PASO DE LOS LIBRES, AR","  51.0","23","  46.3","23","1022.4","22","013.9","22","  4.0","23","  5.8","23"," 13.0","999.9","  60.8","*","  40.8"," "," 0.00","G","999.9","100000"
"87289099999","2023-07-28","-29.689425","-57.152078","70.1","PASO DE LOS LIBRES, AR","  56.9","24","  47.2","24","1025.0","24","016.6","24","  6.2","24","  8.8","24"," 14.0","999.9","  64.4","*","  44.4"," "," 0.00","C","999.9","000000"
"87289099999","2023-07-29","-29.689425","-57.152078","70.1","PASO DE LOS LIBRES, AR","  54.9","24","  47.4","24","1025.5","24","017.0","24","  6.2","24","  7.1","24","  9.9","999.9","  65.1","*","  47.5"," "," 0.00","C","999.9","000000"
"87289099999","2023-07-30","-29.689425","-57.152078","70.1","PASO DE LOS LIBRES, AR","  57.6","24","  50.7","23","1020.4","23","011.9","23","  6.2","24","  5.0","24","  8.0","999.9","  73.9","*","  46.2"," "," 0.00","C","999.9","000000"
"87289099999","2023-07-31","-29.689425","-57.152078","70.1","PASO DE LOS LIBRES, AR","  64.9","24","  58.6","24","1020.5","24","012.1","24","  6.2","24","  5.1","24","  7.0","999.9","  80.6","*","  49.8"," "," 0.00","C","999.9","000000"
"87289099999","2023-08-01","-29.689425","-57.152078","70.1","PASO DE LOS LIBRES, AR","  70.8","24","  64.7","24","1017.5","24","009.2","24","  5.9","24","  4.7","24","  7.0","999.9","  86.0","*","  59.0"," "," 0.00","C","999.9","000000"
"87289099999","2023-08-02","-29.689425","-57.152078","70.1","PASO DE LOS LIBRES, AR","  73.0","24","  64.9","24","1015.0","24","006.9","24","  5.3","24","  4.9","24"," 12.0","999.9","  88.5","*","  61.7"," "," 0.00","C","999.9","000000"
"87289099999","2023-08-03","-29.689425","-57.152078","70.1","PASO DE LOS LIBRES, AR","  70.9","24","  64.8","24","1016.3","23","008.1","23","  5.3","24","  5.6","24"," 11.1","999.9","  88.9"," ","  60.8"," "," 0.00","C","999.9","000000"
"87289099999","2023-08-04","-29.689425","-57.152078","70.1","PASO DE LOS LIBRES, AR","  68.2","24","  63.5","24","1015.3","22","007.0","22","  5.7","24","  5.6","24"," 11.1","999.9","  82.4"," ","  60.8","*"," 0.00","C","999.9","000000"
"87289099999","2023-08-05","-29.689425","-57.152078","70.1","PASO DE LOS LIBRES, AR","  69.6","24","  64.9","24","1015.9","24","007.7","24","  6.2","24","  8.3","24"," 12.0","999.9","  81.5"," ","  62.6"," "," 0.00","C","999.9","000000"
"87289099999","2023-08-06","-29.689425","-57.152078","70.1","PASO DE LOS LIBRES, AR","  73.2","23","  63.7","23","1011.0","23","002.8","23","  6.2","23","  6.4","23"," 12.0","999.9","  89.6","*","  62.6"," "," 0.00","C","999.9","000000"
"87289099999","2023-08-07","-29.689425","-57.152078","70.1","PASO DE LOS LIBRES, AR","  65.9","21","  54.9","21","1017.3","19","009.1","19","  6.2","20"," 13.6","21"," 22.9"," 33.0","  89.6"," ","  55.4","*"," 0.00","H","999.9","010010"
"87289099999","2023-08-08","-29.689425","-57.152078","70.1","PASO DE LOS LIBRES, AR","  54.9","24","  47.2","24","1024.4","24","015.9","24","  6.2","24"," 15.5","24"," 19.0","999.9","  66.2"," ","  47.5"," "," 0.00","G","999.9","000000"
"87289099999","2023-08-09","-29.689425","-57.152078","70.1","PASO DE LOS LIBRES, AR","  61.6","24","  54.6","24","1018.3","24","010.0","24","  6.2","24","  6.9","24"," 13.0","999.9","  71.6","*","  50.4"," "," 0.00","C","999.9","000000"
"87289099999","2023-08-10","-29.689425","-57.152078","70.1","PASO DE LOS LIBRES, AR","  63.9","24","  61.0","24","1011.1","23","002.8","23","  5.3","24","  6.7","24","  9.9","999.9","  75.2","*","  55.8"," "," 0.00","H","999.9","110010"
"87289099999","2023-08-11","-29.689425","-57.152078","70.1","PASO DE LOS LIBRES, AR","  65.4","24","  59.8","24","1011.8","24","003.5","24","  5.3","24","  9.9","24"," 15.0","999.9","  75.2"," ","  59.4"," "," 0.02","G","999.9","110010"
"87289099999","2023-08-12","-29.689425","-57.152078","70.1","PASO DE LOS LIBRES, AR","  53.6","24","  35.7","24","1023.9","24","015.5","24","  5.9","24"," 11.9","24"," 18.1"," 27.0","  71.6"," ","  42.8","*"," 0.00","G","999.9","000000"
"87289099999","2023-08-13","-29.689425","-57.152078","70.1","PASO DE LOS LIBRES, AR","  47.9","24","  34.0","24","1026.9","24","018.3","24","  6.2","24","  5.0","24"," 11.1","999.9","  63.0"," ","  34.7"," "," 0.00","C","999.9","000000"
"87289099999","2023-08-14","-29.689425","-57.152078","70.1","PASO DE LOS LIBRES, AR","  53.7","24","  41.1","24","1020.9","24","012.4","24","  6.2","24","  3.6","24","  6.0","999.9","  71.6","*","  40.1"," "," 0.00","C","999.9","000000"
"87289099999","2023-08-15","-29.689425","-57.152078","70.1","PASO DE LOS LIBRES, AR","  64.6","24","  52.0","24","1015.4","24","007.0","24","  5.7","24","  4.8","24","  7.0","999.9","  84.2","*","  48.2"," "," 0.00","C","999.9","000000"
"87289099999","2023-08-16","-29.689425","-57.152078","70.1","PASO DE LOS LIBRES, AR","  76.6","24","  64.8","24","1011.8","24","003.6","24","  5.7","24","  6.6","24"," 13.0","999.9","  91.4","*","  58.3"," "," 0.00","C","999.9","000000"
"87289099999","2023-08-17","-29.689425","-57.152078","70.1","PASO DE LOS LIBRES, AR","  79.7","23","  65.0","23","1008.1","22","000.0","22","  5.8","23","  8.8","23"," 22.9","999.9","  93.2","*","  70.7"," "," 0.00","C","999.9","000010"
"87289099999","2023-08-18","-29.689425","-57.152078","70.1","PASO DE LOS LIBRES, AR","  65.6","24","  60.9","24","1008.0","23","999.8","23","  5.5","24"," 11.1","24"," 27.0"," 41.0","  92.5"," ","  60.4","*"," 0.79","G","999.9","010110"
"87289099999","2023-08-19","-29.689425","-57.152078","70.1","PASO DE LOS LIBRES, AR","  57.8","24","  48.0","24","1013.2","23","004.9","23","  5.7","24","  7.1","24"," 15.0","999.9","  69.6"," ","  46.4","*"," 0.00","G","999.9","000000"
"87289099999","2023-08-20","-29.689425","-57.152078","70.1","PASO DE LOS LIBRES, AR","  59.3","24","  52.5","24","1009.5","24","001.1","24","  6.1","24","  5.0","24","  8.9","999.9","  71.6","*","  49.8"," "," 0.00","C","999.9","000000"
"87289099999","2023-08-21","-29.689425","-57.152078","70.1","PASO DE LOS LIBRES, AR","  64.6","24","  58.5","24","1007.8","23","999.5","23","  4.9","24","  4.2","24"," 11.1","999.9","  80.6","*","  51.8"," "," 0.00","C","999.9","100000"
"87289099999","2023-08-22","-29.689425","-57.152078","70.1","PASO DE LOS LIBRES, AR","  77.0","24","  67.6","24"," 998.3","24","990.3","24","  5.5","24"," 10.1","24"," 26.0"," 35.9","  90.0","*","  59.0"," "," 0.00","C","999.9","000000"
"87289099999","2023-08-23","-29.689425","-57.152078","70.1","PASO DE LOS LIBRES, AR","  64.3","24","  59.3","24","1001.5","24","993.3","24","  5.5","24"," 12.7","24"," 15.9","999.9","  90.5"," ","  60.4","*"," 0.00","D","999.9","010000"
"87289099999","2023-08-24","-29.689425","-57.152078","70.1","PASO DE LOS LIBRES, AR","  58.5","23","  42.6","23","1011.7","23","003.3","23","  6.2","23"," 13.7","23"," 18.1","999.9","  69.8","*","  49.1"," "," 0.00","G","999.9","000000"
"87289099999","2023-08-25","-29.689425","-57.152078","70.1","PASO DE LOS LIBRES, AR","  57.3","24","  39.4","24","1017.9","24","009.4","24","  6.2","24"," 10.9","24"," 19.0","999.9","  75.9"," ","  46.4","*"," 0.00","C","999.9","000000"
"87289099999","2023-08-26","-29.689425","-57.152078","70.1","PASO DE LOS LIBRES, AR","  53.9","24","  40.0","24","1023.5","24","015.0","24","  6.1","24","  7.8","24"," 11.1","999.9","  68.2"," ","  43.3"," "," 0.00","C","999.9","000000"
"87289099999","2023-08-27","-29.689425","-57.152078","70.1","PASO DE LOS LIBRES, AR","  53.0","23","  36.7","23","1025.5","22","017.0","22","  6.2","23","  8.0","23"," 14.0","999.9","  63.9"," ","  41.0"," "," 0.00","C","999.9","000000"
"87289099999","2023-08-28","-29.689425","-57.152078","70.1","PASO DE LOS LIBRES, AR","  51.9","24","  36.6","24","1023.3","23","014.7","23","  6.2","24"," 11.5","24"," 15.9"," 26.0","  64.8"," ","  42.4"," "," 0.00","C","999.9","000000"
"87289099999","2023-08-29","-29.689425","-57.152078","70.1","PASO DE LOS LIBRES, AR","  56.6","24","  44.5","24","1020.2","24","011.8","24","  5.9","24","  6.7","24","  9.9","999.9","  72.0","*","  44.6","*"," 0.00","C","999.9","000000"
"87289099999","2023-08-30","-29.689425","-57.152078","70.1","PASO DE LOS LIBRES, AR","  61.6","24","  50.2","24","1015.7","23","007.1","24","  5.6","24","  4.8","24","  8.0","999.9","  81.0","*","  46.4"," "," 0.00","C","999.9","000000"
"87289099999","2023-08-31","-29.689425","-57.152078","70.1","PASO DE LOS LIBRES, AR","  66.3","24","  55.6","24","1015.4","22","007.1","22","  4.4","24","  5.9","24"," 12.0","999.9","  81.3","*","  53.6","*"," 0.00","C","999.9","000000"
"87289099999","2023-09-01","-29.689425","-57.152078","70.1","PASO DE LOS LIBRES, AR","  65.9","24","  59.3","24","1010.8","24","002.6","24","  5.5","24","  7.9","24"," 12.0","999.9","  81.7"," ","  60.8"," "," 0.08","G","999.9","010010"
"87289099999","2023-09-02","-29.689425","-57.152078","70.1","PASO DE LOS LIBRES, AR","  66.9","24","  63.7","24","1007.0","24","998.8","24","  6.1","24","  6.0","24","  8.9","999.9","  73.4","*","  61.7"," "," 0.08","G","999.9","000010"
"87289099999","2023-09-03","-29.689425","-57.152078","70.1","PASO DE LOS LIBRES, AR","  67.7","24","  65.9","24","1005.7","22","997.6","22","  5.2","24","  8.4","24"," 13.0","999.9","  73.2"," ","  65.7"," "," 0.55","G","999.9","010010"
"87289099999","2023-09-04","-29.689425","-57.152078","70.1","PASO DE LOS LIBRES, AR","  61.5","24","  59.6","24","1009.9","23","001.7","23","  4.3","24"," 14.9","24"," 21.0"," 36.9","  70.7"," ","  57.0","*"," 1.38","G","999.9","010010"
"87289099999","2023-09-05","-29.689425","-57.152078","70.1","PASO DE LOS LIBRES, AR","  54.2","23","  46.0","23","1023.0","22","014.5","22","  6.2","23"," 11.0","23"," 20.0","999.9","  63.3","*","  44.6","*"," 0.12","G","999.9","000000"
"87289099999","2023-09-06","-29.689425","-57.152078","70.1","PASO DE LOS LIBRES, AR","  57.0","24","  50.5","24","1020.2","23","011.8","23","  6.2","24"," 12.1","24"," 17.1"," 27.0","  66.9","*","  49.6"," "," 0.00","G","999.9","010010"
"87289099999","2023-09-07","-29.689425","-57.152078","70.1","PASO DE LOS LIBRES, AR","  66.1","23","  63.1","23","1010.2","19","001.9","19","  5.1","23","  7.5","23"," 15.0","999.9","  77.4","*","  53.6"," "," 0.28","G","999.9","010010"
"87289099999","2023-09-08","-29.689425","-57.152078","70.1","PASO DE LOS LIBRES, AR","  60.3","23","  56.9","23","1014.0","23","005.7","23","  5.8","23"," 11.0","23"," 15.0","999.9","  77.9"," ","  58.3"," "," 0.75","G","999.9","010010"
"87289099999","2023-09-09","-29.689425","-57.152078","70.1","PASO DE LOS LIBRES, AR","  61.4","24","  54.8","24","1016.9","23","008.5","23","  6.1","24","  8.4","24"," 12.0","999.9","  69.8","*","  53.6","*"," 0.00","G","999.9","010010"
"87289099999","2023-09-10","-29.689425","-57.152078","70.1","PASO DE LOS LIBRES, AR","  64.0","24","  60.8","24","1014.4","24","006.1","24","  5.8","24","  5.9","24","  9.9","999.9","  75.2","*","  57.2"," "," 0.00","G","999.9","010000"
"87289099999","2023-09-11","-29.689425","-57.152078","70.1","PASO DE LOS LIBRES, AR","  76.8","24","  68.9","24","1006.4","21","998.3","21","  4.9","24"," 11.3","24"," 29.9"," 45.1","  93.2","*","  59.9"," "," 0.00","H","999.9","010010"
"87289099999","2023-09-12","-29.689425","-57.152078","70.1","PASO DE LOS LIBRES, AR","  57.9","24","  55.0","24","1012.7","20","004.4","20","  4.6","24"," 18.5","24"," 26.0"," 36.9","  71.6","*","  50.0","*"," 1.34","G","999.9","010010"
"87289099999","2023-09-13","-29.689425","-57.152078","70.1","PASO DE LOS LIBRES, AR","  51.2","24","  47.0","24","1016.0","24","007.5","24","  4.7","24"," 18.7","24"," 28.9"," 46.0","  57.2","*","  46.4","*"," 0.59","G","999.9","010010"
"87289099999","2023-09-14","-29.689425","-57.152078","70.1","PASO DE LOS LIBRES, AR","  52.7","21","  43.6","21","1021.1","20","012.5","20","  5.9","21","  4.2","21","  8.0","999.9","  66.2","*","  41.0","*"," 0.00","G","999.9","000000"
"87289099999","2023-09-15","-29.689425","-57.152078","70.1","PASO DE LOS LIBRES, AR","  59.3","24","  48.1","24","1017.3","23","008.8","23","  6.0","24","  4.7","24"," 11.1","999.9","  75.2","*","  46.9"," "," 0.00","C","999.9","000000"
"87289099999","2023-09-16","-29.689425","-57.152078","70.1","PASO DE LOS LIBRES, AR","  69.0","24","  54.8","24","1007.6","24","999.4","24","  6.1","24","  6.9","24"," 17.1"," 29.9","  86.2","*","  55.4"," "," 0.00","C","999.9","000000"
"87289099999","2023-09-17","-29.689425","-57.152078","70.1","PASO DE LOS LIBRES, AR","  78.6","24","  67.1","24","1004.6","24","996.6","24","  5.7","24","  7.8","24"," 20.0"," 33.0","  95.0","*","  65.8"," "," 0.00","C","999.9","000000"
"87289099999","2023-09-18","-29.689425","-57.152078","70.1","PASO DE LOS LIBRES, AR","  69.7","24","  65.0","24","1008.4","24","000.3","24","  6.1","24"," 11.7","24"," 20.0","999.9","  95.0"," ","  60.8","*"," 0.00","G","999.9","010010"
"87289099999","2023-09-19","-29.689425","-57.152078","70.1","PASO DE LOS LIBRES, AR","  61.8","15","  58.4","15","1013.8","15","005.5","15","  6.0","15"," 13.8","15"," 19.0"," 29.9","  74.5"," ","  60.1"," "," 0.00","G","999.9","010010"
"87289099999","2023-09-20","-29.689425","-57.152078","70.1","PASO DE LOS LIBRES, AR","  70.9","23","  67.8","23","1013.5","22","005.3","22","  3.6","23","  4.0","23","  8.9","999.9","  80.6","*","  64.4","*"," 0.02","G","999.9","110000"
"87289099999","2023-09-21","-29.689425","-57.152078","70.1","PASO DE LOS LIBRES, AR","  72.5","24","  69.5","24","1009.6","21","001.5","21","  4.8","24","  5.5","24"," 15.0","999.9","  82.8","*","  66.9"," "," 0.79","G","999.9","010010"
"87289099999","2023-09-22","-29.689425","-57.152078","70.1","PASO DE LOS LIBRES, AR","  76.4","24","  72.1","24","1008.1","22","000.1","22","  6.0","24"," 10.0","24"," 20.0","999.9","  83.3"," ","  67.1"," "," 0.98","G","999.9","010010"
"87289099999","2023-09-23","-29.689425","-57.152078","70.1","PASO DE LOS LIBRES, AR","  73.8","24","  69.0","24","1007.3","24","999.2","24","  5.6","24","  9.1","24"," 15.0","999.9","  82.8"," ","  66.2","*"," 0.00","G","999.9","000000"
"87289099999","2023-09-24","-29.689425","-57.152078","70.1","PASO DE LOS LIBRES, AR","  72.3","24","  67.4","24","1008.7","22","000.6","22","  6.2","24"," 12.0","24"," 20.0","999.9","  83.1"," ","  66.7"," "," 0.00","C","999.9","000000"
"87289099999","2023-09-25","-29.689425","-57.152078","70.1","PASO DE LOS LIBRES, AR","  62.9","24","  59.5","24","1010.6","23","002.3","23","  5.6","24"," 14.5","24"," 20.0","999.9","  78.6"," ","  58.3"," "," 0.43","G","999.9","010010"
"87289099999","2023-09-26","-29.689425","-57.152078","70.1","PASO DE LOS LIBRES, AR","  60.7","24","  58.3","24","1007.0","21","998.7","21","  4.9","24"," 16.0","24"," 25.1","999.9","  62.6","*","  59.0","*"," 0.79","G","999.9","010000"
"87289099999","2023-09-27","-29.689425","-57.152078","70.1","PASO DE LOS LIBRES, AR","  59.9","24","  51.6","24","1017.8","24","009.4","24","  5.9","24"," 10.8","24"," 25.1","999.9","  68.0","*","  52.7"," "," 0.16","G","999.9","010000"
"87289099999","2023-09-28","-29.689425","-57.152078","70.1","PASO DE LOS LIBRES, AR","  58.8","20","  49.6","20","1017.8","19","009.4","19","  6.2","20","  6.2","20","  9.9","999.9","  70.5","*","  50.0","*"," 0.00","G","999.9","000000"
"87289099999","2023-09-29","-29.689425","-57.152078","70.1","PASO DE LOS LIBRES, AR","  63.2","24","  54.9","24","1017.9","23","009.5","23","  6.2","24","  5.4","24"," 15.0","999.9","  74.1","*","  53.4"," "," 0.00","B","999.9","000000"
"87289099999","2023-09-30","-29.689425","-57.152078","70.1","PASO DE LOS LIBRES, AR","  63.1","24","  54.1","24","1018.8","24","010.5","24","  6.2","24","  9.3","24"," 20.0","999.9","  74.1"," ","  54.9"," "," 0.00","C","999.9","000000"
"87289099999","2023-10-01","-29.689425","-57.152078","70.1","PASO DE LOS LIBRES, AR","  61.8","24","  47.8","24","1017.3","24","008.9","24","  6.1","24","  7.3","24","  9.9","999.9","  73.9","*","  50.0"," "," 0.00","C","999.9","000000"
"87289099999","2023-10-02","-29.689425","-57.152078","70.1","PASO DE LOS LIBRES, AR","  61.9","24","  47.4","24","1012.6","24","004.3","24","  6.2","24"," 11.5","24"," 20.0","999.9","  75.2","*","  46.4"," "," 0.00","C","999.9","000000"
"87289099999","2023-10-03","-29.689425","-57.152078","70.1","PASO DE LOS LIBRES, AR","  64.0","23","  54.5","23","1006.7","22","998.4","22","  5.8","23"," 10.1","23"," 45.1","999.9","  77.0","*","  53.6"," "," 0.00","H","999.9","010010"
"87289099999","2023-10-04","-29.689425","-57.152078","70.1","PASO DE LOS LIBRES, AR","  64.4","24","  57.4","24","1009.3","20","001.0","20","  5.5","24"," 20.0","24"," 45.1","999.9","  77.7"," ","  59.0"," "," 0.91","G","999.9","010010"
"87289099999","2023-10-05","-29.689425","-57.152078","70.1","PASO DE LOS LIBRES, AR","  61.0","23","  48.8","23","1012.0","22","003.6","21","  6.2","23","  3.5","23","  9.9","999.9","  71.6"," ","  49.6"," "," 0.00","G","999.9","000000"
"87289099999","2023-10-06","-29.689425","-57.152078","70.1","PASO DE LOS LIBRES, AR","  64.4","24","  53.3","24","1009.5","23","001.3","23","  6.2","24","  6.0","24","  9.9","999.9","  78.8","*","  51.8","*"," 0.00","C","999.9","000000"
"87289099999","2023-10-07","-29.689425","-57.152078","70.1","PASO DE LOS LIBRES, AR","  69.5","24","  51.8","24","1014.6","23","006.5","24","  6.2","24","  9.1","24"," 15.0","999.9","  81.1","*","  58.3"," "," 0.00","C","999.9","000000"
"87289099999","2023-10-08","-29.689425","-57.152078","70.1","PASO DE LOS LIBRES, AR","  67.7","24","  52.0","24","1017.1","24","008.9","24","  6.0","24","  8.5","24"," 15.0","999.9","  81.7"," ","  57.0"," "," 0.00","C","999.9","000000"
"87289099999","2023-10-09","-29.689425","-57.152078","70.1","PASO DE LOS LIBRES, AR","  66.6","24","  55.8","24","1017.8","24","009.6","24","  6.1","24","  7.1","24","  9.9","999.9","  77.4"," ","  53.6"," "," 0.00","C","999.9","000000"
"87289099999","2023-10-10","-29.689425","-57.152078","70.1","PASO DE LOS LIBRES, AR","  71.6","23","  59.4","23","1012.6","23","004.4","23","  5.9","23","  8.2","23","  9.9","999.9","  86.0","*","  59.0"," "," 0.00","C","999.9","000000"
"87289099999","2023-10-11","-29.689425","-57.152078","70.1","PASO DE LOS LIBRES, AR","  67.5","24","  60.5","24","1009.7","22","001.5","22","  5.8","24"," 10.6","24"," 24.1"," 35.9","  86.0"," ","  59.0","*"," 0.24","C","999.9","010010"
"87289099999","2023-10-12","-29.689425","-57.152078","70.1","PASO DE LOS LIBRES, AR","  54.3","22","  43.0","22","1019.8","18","011.4","18","  5.8","22"," 17.4","22"," 25.1"," 38.1","  73.4"," ","  46.4","*"," 0.06","C","999.9","010010"
"87289099999","2023-10-13","-29.689425","-57.152078","70.1","PASO DE LOS LIBRES, AR","  56.8","24","  42.5","24","1022.4","24","013.9","24","  6.2","24","  9.8","24"," 17.1","999.9","  69.8","*","  44.6","*"," 0.00","C","999.9","000000"
"87289099999","2023-10-14","-29.689425","-57.152078","70.1","PASO DE LOS LIBRES, AR","  63.1","24","  51.9","24","1019.2","24","010.9","24","  6.2","24"," 10.3","24"," 15.0","999.9","  77.0","*","  53.1"," "," 0.00","C","999.9","000000"
"87289099999","2023-10-15","-29.689425","-57.152078","70.1","PASO DE LOS LIBRES, AR","  71.2","24","  61.0","24","1014.7","24","006.5","24","  6.1","24"," 10.0","24"," 15.9","999.9","  84.2","*","  60.3"," "," 0.00","C","999.9","000000"
"87289099999","2023-10-16","-29.689425","-57.152078","70.1","PASO DE LOS LIBRES, AR","  73.2","24","  69.2","24","1007.8","23","999.7","23","  5.6","24","  9.2","24"," 18.1","999.9","  85.1"," ","  66.9"," "," 0.08","G","999.9","010010"
"87289099999","2023-10-17","-29.689425","-57.152078","70.1","PASO DE LOS LIBRES, AR","  68.5","23","  65.2","23","1012.7","19","004.5","19","  5.3","23"," 10.2","23"," 18.1","999.9","  78.1"," ","  66.2","*"," 0.67","G","999.9","010010"
"87289099999","2023-10-18","-29.689425","-57.152078","70.1","PASO DE LOS LIBRES, AR","  61.8","24","  54.3","24","1018.4","24","010.0","24","  5.9","24"," 13.8","24"," 18.1"," 25.1","  72.0"," ","  55.4","*"," 0.20","G","999.9","010010"
"87289099999","2023-10-19","-29.689425","-57.152078","70.1","PASO DE LOS LIBRES, AR","  62.8","24","  58.2","24","1016.8","22","008.5","22","  5.7","24"," 11.2","24"," 18.1"," 27.0","  66.2"," ","  58.6"," "," 0.16","G","999.9","010010"
"87289099999","2023-10-20","-29.689425","-57.152078","70.1","PASO DE LOS LIBRES, AR","  69.0","24","  64.1","24","1016.0","24","007.7","24","  5.4","24","  7.9","24"," 11.1","999.9","  78.8","*","  61.2"," "," 0.03","G","999.9","010000"
"87289099999","2023-10-21","-29.689425","-57.152078","70.1","PASO DE LOS LIBRES, AR","  75.5","24","  68.4","24","1012.9","23","004.7","23","  6.0","24","  9.7","24"," 15.0"," 22.9","  86.0","*","  64.4"," "," 0.00","G","999.9","000000"
"87289099999","2023-10-22","-29.689425","-57.152078","70.1","PASO DE LOS LIBRES, AR","  73.0","24","  70.6","24","1010.0","17","001.9","17","  4.7","24"," 10.5","24"," 27.0","999.9","  86.0"," ","  69.8","*"," 0.08","G","999.9","010010"
"87289099999","2023-10-23","-29.689425","-57.152078","70.1","PASO DE LOS LIBRES, AR","  70.7","24","  69.1","24","1010.5","24","002.3","24","  4.7","24","  7.6","24"," 14.0","999.9","  72.7"," ","  68.9"," "," 5.08","G","999.9","010010"
"87289099999","2023-10-24","-29.689425","-57.152078","70.1","PASO DE LOS LIBRES, AR","  68.0","24","  65.7","24","1011.9","22","003.7","22","  5.5","24","  9.0","24"," 15.0","999.9","  72.7"," ","  65.3"," "," 0.04","G","999.9","110000"
"87289099999","2023-10-25","-29.689425","-57.152078","70.1","PASO DE LOS LIBRES, AR","  64.5","24","  60.3","24","1013.4","24","005.1","24","  5.7","24","  8.0","24"," 12.0","999.9","  70.7"," ","  60.8"," "," 0.00","G","999.9","010000"
"87289099999","2023-10-26","-29.689425","-57.152078","70.1","PASO DE LOS LIBRES, AR","  65.5","24","  55.5","24","1010.5","23","002.2","23","  6.2","24","  7.7","24"," 11.1","999.9","  73.9","*","  56.1"," "," 0.02","G","999.9","000000"
"87289099999","2023-10-27","-29.689425","-57.152078","70.1","PASO DE LOS LIBRES, AR","  69.1","24","  58.7","24","1006.0","24","997.9","24","  6.2","24","  8.1","24"," 11.1","999.9","  80.6","*","  58.6"," "," 0.00","G","999.9","000000"
"87289099999","2023-10-28","-29.689425","-57.152078","70.1","PASO DE LOS LIBRES, AR","  74.0","24","  68.9","24","1002.2","23","994.1","23","  5.7","24","  5.4","24","  9.9","999.9","  82.4","*","  67.1"," "," 0.12","G","999.9","010010"
"87289099999","2023-10-29","-29.689425","-57.152078","70.1","PASO DE LOS LIBRES, AR","  74.1","24","  69.2","24","1002.6","21","994.6","21","  5.0","24","  4.7","24"," 11.1","999.9","  84.2","*","  64.4","*"," 0.00","G","999.9","100000"
"87289099999","2023-10-30","-29.689425","-57.152078","70.1","PASO DE LOS LIBRES, AR","  75.2","24","  66.7","24","1006.2","24","998.2","24","  6.2","24","  8.9","24"," 17.1"," 27.0","  85.3"," ","  68.0"," "," 0.00","C","999.9","000000"
"87289099999","2023-10-31","-29.689425","-57.152078","70.1","PASO DE LOS LIBRES, AR","  74.4","24","  66.3","24","1011.4","24","003.3","24","  6.0","24"," 11.5","24"," 17.1","999.9","  84.0"," ","  66.2"," "," 0.00","C","999.9","000000"
"87289099999","2023-11-01","-29.689425","-57.152078","70.1","PASO DE LOS LIBRES, AR","  68.2","24","  62.8","24","1013.0","16","004.9","16","  6.0","24"," 14.3","24"," 19.0"," 28.9","  82.6"," ","  61.9"," "," 0.00","D","999.9","010000"
"87289099999","2023-11-02","-29.689425","-57.152078","70.1","PASO DE LOS LIBRES, AR","  65.7","24","  62.6","24","1005.8","15","997.6","15","  5.0","24"," 14.9","24"," 21.0"," 35.0","  75.2"," ","  64.2","*"," 0.29","C","999.9","010010"
"87289099999","2023-11-03","-29.689425","-57.152078","70.1","PASO DE LOS LIBRES, AR","  59.6","24","  54.7","24","1010.5","20","002.2","20","  5.5","24"," 18.1","24"," 28.0"," 32.1","  69.8"," ","  51.6","*"," 0.15","D","999.9","010000"
"87289099999","2023-11-04","-29.689425","-57.152078","70.1","PASO DE LOS LIBRES, AR","  61.2","24","  50.2","24","1017.1","24","008.7","24","  6.1","24","  8.6","24"," 14.0","999.9","  71.6","*","  50.0","*"," 0.00","C","999.9","000000"
"87289099999","2023-11-05","-29.689425","-57.152078","70.1","PASO DE LOS LIBRES, AR","  65.0","24","  54.1","24","1015.5","23","007.1","24","  6.2","24","  5.8","24"," 12.0","999.9","  77.0","*","  52.7"," "," 0.00","C","999.9","000000"
"87289099999","2023-11-06","-29.689425","-57.152078","70.1","PASO DE LOS LIBRES, AR","  68.4","20","  57.0","20","1014.5","20","006.2","20","  6.1","20","  8.9","20"," 13.0","999.9","  83.1","*","  59.0"," "," 0.00","B","999.9","000000"
"87289099999","2023-11-07","-29.689425","-57.152078","70.1","PASO DE LOS LIBRES, AR","  79.2","24","  66.5","24","1009.2","24","001.2","24","  6.0","24","  8.3","24"," 12.0","999.9","  95.0","*","  67.3"," "," 0.00","C","999.9","000000"
"87289099999","2023-11-08","-29.689425","-57.152078","70.1","PASO DE LOS LIBRES, AR","  78.3","24","  69.7","24","1007.6","23","999.5","23","  5.5","24","  7.2","24"," 18.1"," 35.0","  95.0"," ","  73.0","*"," 0.04","G","999.9","010010"
"87289099999","2023-11-09","-29.689425","-57.152078","70.1","PASO DE LOS LIBRES, AR","  74.1","24","  69.3","24","1011.0","20","002.8","20","  5.6","24"," 11.9","24"," 18.1","999.9","  83.3"," ","  70.9"," "," 0.16","G","999.9","010010"
"87289099999","2023-11-10","-29.689425","-57.152078","70.1","PASO DE LOS LIBRES, AR","  73.6","24","  67.7","24","1007.7","24","999.6","24","  6.1","24"," 11.8","24"," 15.0"," 25.1","  83.1","*","  68.0"," "," 0.00","G","999.9","000010"
"87289099999","2023-11-11","-29.689425","-57.152078","70.1","PASO DE LOS LIBRES, AR","  82.7","24","  75.4","24","1000.0","23","992.0","23","  5.5","24","  8.6","24"," 15.0","999.9","  90.1","*","  70.5"," "," 0.02","G","999.9","010000"
"87289099999","2023-11-12","-29.689425","-57.152078","70.1","PASO DE LOS LIBRES, AR","  79.3","24","  74.0","24","1001.5","20","993.6","20","  5.6","24"," 13.6","24"," 22.0"," 38.1","  90.3"," ","  74.5","*"," 0.04","G","999.9","010010"
"87289099999","2023-11-13","-29.689425","-57.152078","70.1","PASO DE LOS LIBRES, AR","  71.6","24","  69.6","24","1006.1","22","998.0","22","  4.3","24","  6.6","24"," 21.0"," 40.0","  83.5"," ","  68.0"," "," 1.42","G","999.9","010010"
"87289099999","2023-11-14","-29.689425","-57.152078","70.1","PASO DE LOS LIBRES, AR","  73.0","23","  70.6","23","1008.4","18","000.3","18","  5.6","23","  5.7","23","  9.9","999.9","  77.0","*","  69.8"," "," 0.00","G","999.9","010010"
"87289099999","2023-11-15","-29.689425","-57.152078","70.1","PASO DE LOS LIBRES, AR","  70.6","24","  68.3","24","1005.4","24","997.3","24","  5.5","24","  3.6","24","  8.0","999.9","  77.7"," ","  66.0"," "," 0.20","G","999.9","010000"
"87289099999","2023-11-16","-29.689425","-57.152078","70.1","PASO DE LOS LIBRES, AR","  76.3","24","  68.1","24","1004.4","24","996.3","24","  6.1","24","  7.7","24"," 15.9","999.9","  86.0","*","  66.2"," "," 0.08","G","999.9","000000"
"87289099999","2023-11-17","-29.689425","-57.152078","70.1","PASO DE LOS LIBRES, AR","  76.0","24","  69.9","24","1000.5","24","992.5","24","  6.2","24","  9.2","24"," 15.0","999.9","  85.5"," ","  69.3"," "," 0.00","G","999.9","000000"
"87289099999","2023-11-18","-29.689425","-57.152078","70.1","PASO DE LOS LIBRES, AR","  76.2","24","  67.9","24","1002.8","22","994.8","22","  5.9","24","  9.2","24"," 18.1"," 27.0","  84.4"," ","  69.8"," "," 0.01","G","999.9","010000"
"87289099999","2023-11-19","-29.689425","-57.152078","70.1","PASO DE LOS LIBRES, AR","  70.8","24","  48.0","24","1013.8","24","005.6","24","  6.2","24"," 11.1","24"," 15.9","999.9","  83.3"," ","  58.1"," "," 0.00","G","999.9","000000"
"87289099999","2023-11-20","-29.689425","-57.152078","70.1","PASO DE LOS LIBRES, AR","  76.2","24","  59.5","24","1011.1","23","003.0","23","  6.2","24","  7.9","24"," 13.0","999.9","  89.6","*","  64.4"," "," 0.00","C","999.9","000000"
"87289099999","2023-11-21","-29.689425","-57.152078","70.1","PASO DE LOS LIBRES, AR","  81.8","24","  71.9","24","1005.8","24","997.8","24","  5.1","24","  7.2","24"," 13.0","999.9","  93.9","*","  69.8"," "," 0.00","C","999.9","000000"
"87289099999","2023-11-22","-29.689425","-57.152078","70.1","PASO DE LOS LIBRES, AR","  72.7","24","  69.2","24","1006.6","20","998.6","20","  5.4","24"," 11.1","24"," 20.0","999.9","  93.9"," ","  68.0"," "," 0.12","G","999.9","010010"
"87289099999","2023-11-23","-29.689425","-57.152078","70.1","PASO DE LOS LIBRES, AR","  71.7","24","  62.5","24","1014.9","24","006.7","24","  6.2","24"," 12.0","24"," 15.9","999.9","  84.2","*","  63.9","*"," 0.91","G","999.9","000000"
"87289099999","2023-11-24","-29.689425","-57.152078","70.1","PASO DE LOS LIBRES, AR","  74.5","24","  58.2","24","1020.7","24","012.5","24","  6.2","24","  8.3","24"," 12.0","999.9","  84.6","*","  64.0"," "," 0.00","G","999.9","000000"
"87289099999","2023-11-25","-29.689425","-57.152078","70.1","PASO DE LOS LIBRES, AR","  72.6","24","  56.9","24","1017.9","24","009.7","24","  6.2","24"," 11.3","24"," 15.9","999.9","  85.3"," ","  62.6","*"," 0.00","C","999.9","000000"
"87289099999","2023-11-26","-29.689425","-57.152078","70.1","PASO DE LOS LIBRES, AR","  77.2","24","  64.1","24","1013.1","23","005.0","23","  6.2","24","  7.3","24"," 12.0","999.9","  87.8","*","  68.0"," "," 0.00","G","999.9","010000"
"87289099999","2023-11-27","-29.689425","-57.152078","70.1","PASO DE LOS LIBRES, AR","  77.3","24","  70.4","24","1012.3","23","004.2","23","  6.2","24","  6.7","24","  9.9","999.9","  87.3"," ","  73.4","*"," 0.00","C","999.9","000000"
"87289099999","2023-11-28","-29.689425","-57.152078","70.1","PASO DE LOS LIBRES, AR","  76.9","24","  68.2","24","1010.4","23","002.3","23","  6.2","24","  8.4","24"," 12.0","999.9","  87.8","*","  66.2"," "," 0.00","C","999.9","000000"
"87289099999","2023-11-29","-29.689425","-57.152078","70.1","PASO DE LOS LIBRES, AR","  77.8","24","  67.4","24","1007.8","23","999.7","23","  6.2","24","  8.2","24"," 12.0","999.9","  88.3"," ","  66.6"," "," 0.00","C","999.9","000000"
"87289099999","2023-11-30","-29.689425","-57.152078","70.1","PASO DE LOS LIBRES, AR","  78.1","24","  71.2","24","1008.9","24","000.9","24","  6.2","24","  7.5","24"," 18.1","999.9","  88.9"," ","  69.8"," "," 0.00","C","999.9","000010"
"87289099999","2023-12-01","-29.689425","-57.152078","70.1","PASO DE LOS LIBRES, AR","  85.6","24","  74.6","24","1006.0","23","998.0","23","  6.2","24","  8.8","24"," 18.1"," 29.9"," 100.4","*","  73.9"," "," 0.00","C","999.9","000000"
"87289099999","2023-12-02","-29.689425","-57.152078","70.1","PASO DE LOS LIBRES, AR","  73.8","24","  70.9","24","1007.8","22","999.7","22","  4.7","24"," 10.5","24"," 24.1"," 34.0","  99.9"," ","  68.0","*"," 2.01","G","999.9","010010"
"87289099999","2023-12-03","-29.689425","-57.152078","70.1","PASO DE LOS LIBRES, AR","  70.7","24","  68.6","24","1010.6","23","002.4","23","  5.0","24","  8.7","24"," 22.9","999.9","  73.4","*","  68.0"," "," 1.18","G","999.9","010010"
"87289099999","2023-12-04","-29.689425","-57.152078","70.1","PASO DE LOS LIBRES, AR","  69.8","24","  63.9","24","1015.5","22","007.3","22","  5.9","24"," 16.2","24"," 20.0"," 34.0","  73.4"," ","  64.0"," "," 1.22","G","999.9","010000"
"87289099999","2023-12-05","-29.689425","-57.152078","70.1","PASO DE LOS LIBRES, AR","  74.0","24","  66.0","24","1013.4","24","005.3","24","  6.2","24"," 11.7","24"," 15.9","999.9","  86.0","*","  64.4"," "," 0.00","G","999.9","000000"
"87289099999","2023-12-06","-29.689425","-57.152078","70.1","PASO DE LOS LIBRES, AR","  79.4","24","  74.7","24","1008.2","23","000.2","23","  6.0","24","  9.8","24"," 20.0","999.9","  87.8","*","  72.1"," "," 0.01","G","999.9","010010"
"87289099999","2023-12-07","-29.689425","-57.152078","70.1","PASO DE LOS LIBRES, AR","  76.1","24","  68.3","24","1010.7","24","002.6","24","  5.7","24","  8.7","24"," 15.9","999.9","  88.2"," ","  69.8"," "," 0.08","G","999.9","000010"
"87289099999","2023-12-08","-29.689425","-57.152078","70.1","PASO DE LOS LIBRES, AR","  73.5","24","  58.8","24","1017.3","24","009.2","24","  6.2","24"," 12.0","24"," 18.1"," 25.1","  84.6","*","  63.5"," "," 0.00","G","999.9","000000"
"87289099999","2023-12-09","-29.689425","-57.152078","70.1","PASO DE LOS LIBRES, AR","  72.1","24","  56.3","24","1014.6","24","006.5","24","  6.1","24"," 12.4","24"," 17.1","999.9","  87.8"," ","  60.8"," "," 0.00","H","999.9","010000"
"87289099999","2023-12-10","-29.689425","-57.152078","70.1","PASO DE LOS LIBRES, AR","  75.3","24","  61.4","24","1012.8","22","004.6","22","  6.2","24"," 10.9","24"," 19.0"," 26.0","  84.6","*","  64.0"," "," 0.00","G","999.9","000000"
"87289099999","2023-12-11","-29.689425","-57.152078","70.1","PASO DE LOS LIBRES, AR","  76.0","24","  65.6","24","1011.6","22","003.5","22","  6.1","24","  8.4","24"," 14.0","999.9","  87.8","*","  66.2"," "," 0.00","C","999.9","000000"
"87289099999","2023-12-12","-29.689425","-57.152078","70.1","PASO DE LOS LIBRES, AR","  81.6","24","  70.1","24","1010.7","21","002.7","21","  6.2","24","  7.2","24"," 28.0","999.9","  91.9","*","  71.6"," "," 0.00","C","999.9","000000"
"87289099999","2023-12-13","-29.689425","-57.152078","70.1","PASO DE LOS LIBRES, AR","  77.9","24","  73.8","24","1007.2","19","999.2","19","  5.4","24","  6.5","24"," 22.9"," 33.0","  93.0"," ","  73.4","*"," 0.75","C","999.9","010010"
"87289099999","2023-12-14","-29.689425","-57.152078","70.1","PASO DE LOS LIBRES, AR","  75.2","24","  72.1","24","1007.2","23","999.1","23","  6.0","24","  7.3","24"," 22.9"," 35.0","  81.9"," ","  71.6","*"," 0.41","C","999.9","010010"
"87289099999","2023-12-15","-29.689425","-57.152078","70.1","PASO DE LOS LIBRES, AR","  76.9","24","  73.7","24","1007.1","20","999.1","20","  5.5","24"," 10.7","24"," 27.0","999.9","  87.8","*","  69.8","*"," 2.68","C","999.9","010010"
"87289099999","2023-12-16","-29.689425","-57.152078","70.1","PASO DE LOS LIBRES, AR","  80.8","24","  75.0","24","1008.2","24","000.1","24","  6.0","24","  7.4","24"," 15.5","999.9","  93.6","*","  70.0"," "," 0.17","D","999.9","010000"
"87289099999","2023-12-17","-29.689425","-57.152078","70.1","PASO DE LOS LIBRES, AR","  89.1","24","  79.2","24","1004.6","23","996.7","23","  6.2","24","  7.4","24"," 15.9","999.9","  98.6","*","  79.5"," "," 0.00","C","999.9","000000"
"87289099999","2023-12-18","-29.689425","-57.152078","70.1","PASO DE LOS LIBRES, AR","  79.5","24","  75.2","24","1006.6","24","998.6","24","  5.8","24"," 10.0","24"," 32.1"," 45.1","  99.5"," ","  71.6","*"," 0.47","C","999.9","010010"
"87289099999","2023-12-19","-29.689425","-57.152078","70.1","PASO DE LOS LIBRES, AR","  72.1","23","  67.1","23","1011.5","22","003.4","22","  6.2","23"," 13.9","23"," 18.1","999.9","  86.9"," ","  68.0"," "," 0.01","D","999.9","010000"
"87289099999","2023-12-20","-29.689425","-57.152078","70.1","PASO DE LOS LIBRES, AR","  71.7","24","  65.7","24","1012.0","23","003.8","23","  6.2","24"," 11.5","24"," 49.0","999.9","  78.8","*","  66.2","*"," 0.00","H","999.9","010000"
"87289099999","2023-12-21","-29.689425","-57.152078","70.1","PASO DE LOS LIBRES, AR","  77.7","24","  71.9","24","1011.6","24","003.5","24","  6.2","24","  6.8","24","  9.9","999.9","  86.5","*","  69.1"," "," 0.00","G","999.9","010000"
"87289099999","2023-12-22","-29.689425","-57.152078","70.1","PASO DE LOS LIBRES, AR","  80.7","24","  73.9","24","1010.2","23","002.2","23","  6.2","24","  6.4","24"," 18.1","999.9","  91.6","*","  72.0"," "," 0.00","H","999.9","010010"
"87289099999","2023-12-23","-29.689425","-57.152078","70.1","PASO DE LOS LIBRES, AR","  78.2","24","  72.7","24","1009.6","24","001.5","24","  5.3","24","  5.0","24"," 12.0"," 40.0","  92.3"," ","  71.4"," "," 1.69","G","999.9","010010"
"87289099999","2023-12-24","-29.689425","-57.152078","70.1","PASO DE LOS LIBRES, AR","  82.1","24","  73.6","24","1009.8","24","001.8","24","  6.2","24","  7.1","24"," 11.1","999.9","  91.4","*","  74.3"," "," 0.00","G","999.9","000000"
"87289099999","2023-12-25","-29.689425","-57.152078","70.1","PASO DE LOS LIBRES, AR","  80.8","24","  71.7","24","1009.7","24","001.7","24","  6.2","24","  9.2","24"," 18.1","999.9","  91.2"," ","  75.2","*"," 0.04","G","999.9","010010"
"87289099999","2023-12-26","-29.689425","-57.152078","70.1","PASO DE LOS LIBRES, AR","  72.8","24","  56.0","24","1016.3","24","008.1","24","  6.2","24","  8.1","24"," 11.1","999.9","  81.3","*","  61.7"," "," 0.00","G","999.9","000000"
"87289099999","2023-12-27","-29.689425","-57.152078","70.1","PASO DE LOS LIBRES, AR","  73.5","24","  59.5","24","1015.0","24","006.8","24","  6.2","24","  5.8","24","  9.9","999.9","  84.7","*","  62.2"," "," 0.00","C","999.9","000000"
"87289099999","2023-12-28","-29.689425","-57.152078","70.1","PASO DE LOS LIBRES, AR","  80.2","24","  68.8","24","1007.8","24","999.7","24","  6.2","24","  5.6","23"," 13.0","999.9","  95.7","*","  66.2"," "," 0.00","C","999.9","000000"
"87289099999","2023-12-29","-29.689425","-57.152078","70.1","PASO DE LOS LIBRES, AR","  79.3","24","  72.4","24","1008.7","22","000.7","22","  5.5","24","  6.7","24"," 29.9"," 47.0","  95.9"," ","  69.8"," "," 1.42","G","999.9","010010"
"87289099999","2023-12-30","-29.689425","-57.152078","70.1","PASO DE LOS LIBRES, AR","  73.5","24","  59.5","24","1016.0","23","007.9","23","  6.2","24"," 11.6","24"," 20.0","999.9","  86.9"," ","  63.5"," "," 0.00","G","999.9","000000"
"87289099999","2023-12-31","-29.689425","-57.152078","70.1","PASO DE LOS LIBRES, AR","  71.1","24","  58.4","24","1014.8","24","006.6","24","  6.2","24","  8.0","24"," 13.0","999.9","  80.6","*","  62.4"," "," 0.00","C","999.9","000000"
