"STATION","DATE","LATITUDE","LONGITUDE","ELEVATION","NAME","TEMP","TEMP_ATTRIBUTES","DEWP","DEWP_ATTRIBUTES","SLP","SLP_ATTRIBUTES","STP","STP_ATTRIBUTES","VISIB","VISIB_ATTRIBUTES","WDSP","WDSP_ATTRIBUTES","MXSPD","GUST","MAX","MAX_ATTRIBUTES","MIN","MIN_ATTRIBUTES","PRCP","PRCP_ATTRIBUTES","SNDP","FRSHTT"
"99402899999","2023-01-01","34.008","-118.5","2.0","SANTA MONICA PIER, CA US","  57.0","22","9999.9"," 0","1008.7","22","999.9"," 0","999.9"," 0","999.9"," 0","999.9","999.9","  58.8","*","  54.9","*"," 0.00","I","999.9","000000"
"99402899999","2023-01-02","34.008","-118.5","2.0","SANTA MONICA PIER, CA US","  54.9","24","9999.9"," 0","1013.3","24","999.9"," 0","999.9"," 0","999.9"," 0","999.9","999.9","  59.5","*","  50.0","*"," 0.00","I","999.9","000000"
"99402899999","2023-01-03","34.008","-118.5","2.0","SANTA MONICA PIER, CA US","  53.4","24","9999.9"," 0","1017.6","24","999.9"," 0","999.9"," 0","999.9"," 0","999.9","999.9","  57.7","*","  50.2","*"," 0.00","I","999.9","000000"
"99402899999","2023-01-04","34.008","-118.5","2.0","SANTA MONICA PIER, CA US","  58.2","24","9999.9"," 0","1019.0","24","999.9"," 0","999.9"," 0","999.9"," 0","999.9","999.9","  60.6","*","  57.2","*"," 0.00","I","999.9","000000"
"99402899999","2023-01-05","34.008","-118.5","2.0","SANTA MONICA PIER, CA US","  57.7","24","9999.9"," 0","1017.9","24","999.9"," 0","999.9"," 0","999.9"," 0","999.9","999.9","  59.5","*","  55.0","*"," 0.00","I","999.9","000000"
"99402899999","2023-01-06","34.008","-118.5","2.0","SANTA MONICA PIER, CA US","  54.3","24","9999.9"," 0","1023.1","24","999.9"," 0","999.9"," 0","999.9"," 0","999.9","999.9","  58.8","*","  49.3","*"," 0.00","I","999.9","000000"
"99402899999","2023-01-07","34.008","-118.5","2.0","SANTA MONICA PIER, CA US","  57.4","24","9999.9"," 0","1021.8","24","999.9"," 0","999.9"," 0","999.9"," 0","999.9","999.9","  61.2","*","  54.7","*"," 0.00","I","999.9","000000"
"99402899999","2023-01-08","34.008","-118.5","2.0","SANTA MONICA PIER, CA US","  56.0","24","9999.9"," 0","1021.9","24","999.9"," 0","999.9"," 0","999.9"," 0","999.9","999.9","  59.4","*","  51.8","*"," 0.00","I","999.9","000000"
"99402899999","2023-01-09","34.008","-118.5","2.0","SANTA MONICA PIER, CA US","  55.1","24","9999.9"," 0","1020.9","24","999.9"," 0","999.9"," 0","999.9"," 0","999.9","999.9","  58.5","*","  51.4","*"," 0.00","I","999.9","000000"
"99402899999","2023-01-10","34.008","-118.5","2.0","SANTA MONICA PIER, CA US","  58.4","24","9999.9"," 0","1017.5","24","999.9"," 0","999.9"," 0","999.9"," 0","999.9","999.9","  59.9","*","  56.1","*"," 0.00","I","999.9","000000"
"99402899999","2023-01-11","34.008","-118.5","2.0","SANTA MONICA PIER, CA US","  54.9","24","9999.9"," 0","1022.6","24","999.9"," 0","999.9"," 0","999.9"," 0","999.9","999.9","  58.8","*","  50.5","*"," 0.00","I","999.9","000000"
"99402899999","2023-01-12","34.008","-118.5","2.0","SANTA MONICA PIER, CA US","  56.7","16","9999.9"," 0","1023.5","16","999.9"," 0","999.9"," 0","999.9"," 0","999.9","999.9","  64.2","*","  54.7","*"," 0.00","I","999.9","000000"
"99402899999","2023-01-13","34.008","-118.5","2.0","SANTA MONICA PIER, CA US","  61.0","24","9999.9"," 0","1021.5","24","999.9"," 0","999.9"," 0","999.9"," 0","999.9","999.9","  67.3","*","  56.8","*"," 0.00","I","999.9","000000"
"99402899999","2023-01-14","34.008","-118.5","2.0","SANTA MONICA PIER, CA US","  55.1","24","9999.9"," 0","1017.2","24","999.9"," 0","999.9"," 0","999.9"," 0","999.9","999.9","  58.6","*","  51.6","*"," 0.00","I","999.9","000000"
"99402899999","2023-01-15","34.008","-118.5","2.0","SANTA MONICA PIER, CA US","  55.8","24","9999.9"," 0","1011.0","24","999.9"," 0","999.9"," 0","999.9"," 0","999.9","999.9","  57.7","*","  52.7","*"," 0.00","I","999.9","000000"
"99402899999","2023-01-16","34.008","-118.5","2.0","SANTA MONICA PIER, CA US","  53.6","24","9999.9"," 0","1008.3","24","999.9"," 0","999.9"," 0","999.9"," 0","999.9","999.9","  57.2","*","  50.2","*"," 0.00","I","999.9","000000"
"99402899999","2023-01-17","34.008","-118.5","2.0","SANTA MONICA PIER, CA US","  53.0","24","9999.9"," 0","1011.9","24","999.9"," 0","999.9"," 0","999.9"," 0","999.9","999.9","  56.7","*","  48.9","*"," 0.00","I","999.9","000000"
"99402899999","2023-01-18","34.008","-118.5","2.0","SANTA MONICA PIER, CA US","  53.3","23","9999.9"," 0","1019.2","23","999.9"," 0","999.9"," 0","999.9"," 0","999.9","999.9","  57.6","*","  47.5","*"," 0.00","I","999.9","000000"
"99402899999","2023-01-19","34.008","-118.5","2.0","SANTA MONICA PIER, CA US","  51.6","24","9999.9"," 0","1021.5","24","999.9"," 0","999.9"," 0","999.9"," 0","999.9","999.9","  55.9","*","  46.4","*"," 0.00","I","999.9","000000"
"99402899999","2023-01-20","34.008","-118.5","2.0","SANTA MONICA PIER, CA US","  53.3","24","9999.9"," 0","1020.9","24","999.9"," 0","999.9"," 0","999.9"," 0","999.9","999.9","  56.1","*","  48.2","*"," 0.00","I","999.9","000000"
"99402899999","2023-01-21","34.008","-118.5","2.0","SANTA MONICA PIER, CA US","  53.7","23","9999.9"," 0","1025.8","23","999.9"," 0","999.9"," 0","999.9"," 0","999.9","999.9","  59.4","*","  48.2","*"," 0.00","I","999.9","000000"
"99402899999","2023-01-22","34.008","-118.5","2.0","SANTA MONICA PIER, CA US","  52.3","24","9999.9"," 0","1020.6","24","999.9"," 0","999.9"," 0","999.9"," 0","999.9","999.9","  57.6","*","  45.5","*"," 0.00","I","999.9","000000"
"99402899999","2023-01-23","34.008","-118.5","2.0","SANTA MONICA PIER, CA US","  57.5","24","9999.9"," 0","1015.2","24","999.9"," 0","999.9"," 0","999.9"," 0","999.9","999.9","  67.6","*","  51.6","*"," 0.00","I","999.9","000000"
"99402899999","2023-01-24","34.008","-118.5","2.0","SANTA MONICA PIER, CA US","  55.4","24","9999.9"," 0","1023.5","24","999.9"," 0","999.9"," 0","999.9"," 0","999.9","999.9","  61.9","*","  50.2","*"," 0.00","I","999.9","000000"
"99402899999","2023-01-25","34.008","-118.5","2.0","SANTA MONICA PIER, CA US","  53.9","22","9999.9"," 0","1025.6","22","999.9"," 0","999.9"," 0","999.9"," 0","999.9","999.9","  58.3","*","  47.7","*"," 0.00","I","999.9","000000"
"99402899999","2023-01-26","34.008","-118.5","2.0","SANTA MONICA PIER, CA US","  59.1","24","9999.9"," 0","1026.4","24","999.9"," 0","999.9"," 0","999.9"," 0","999.9","999.9","  61.5","*","  56.5","*"," 0.00","I","999.9","000000"
"99402899999","2023-01-27","34.008","-118.5","2.0","SANTA MONICA PIER, CA US","  57.0","24","9999.9"," 0","1023.9","24","999.9"," 0","999.9"," 0","999.9"," 0","999.9","999.9","  63.7","*","  50.2","*"," 0.00","I","999.9","000000"
"99402899999","2023-01-28","34.008","-118.5","2.0","SANTA MONICA PIER, CA US","  54.4","24","9999.9"," 0","1016.2","24","999.9"," 0","999.9"," 0","999.9"," 0","999.9","999.9","  58.6","*","  50.2","*"," 0.00","I","999.9","000000"
"99402899999","2023-01-29","34.008","-118.5","2.0","SANTA MONICA PIER, CA US","  54.8","23","9999.9"," 0","1014.8","23","999.9"," 0","999.9"," 0","999.9"," 0","999.9","999.9","  57.4","*","  53.2","*"," 0.00","I","999.9","000000"
"99402899999","2023-01-30","34.008","-118.5","2.0","SANTA MONICA PIER, CA US","  51.4","24","9999.9"," 0","1014.0","24","999.9"," 0","999.9"," 0","999.9"," 0","999.9","999.9","  58.3","*","  48.6","*"," 0.00","I","999.9","000000"
"99402899999","2023-01-31","34.008","-118.5","2.0","SANTA MONICA PIER, CA US","  55.0","23","9999.9"," 0","1017.0","23","999.9"," 0","999.9"," 0","999.9"," 0","999.9","999.9","  65.3","*","  49.5","*"," 0.00","I","999.9","000000"
"99402899999","2023-02-01","34.008","-118.5","2.0","SANTA MONICA PIER, CA US","  56.4","23","9999.9"," 0","1020.3","23","999.9"," 0","999.9"," 0","999.9"," 0","999.9","999.9","  64.9","*","  48.9","*"," 0.00","I","999.9","000000"
"99402899999","2023-02-02","34.008","-118.5","2.0","SANTA MONICA PIER, CA US","  54.8","23","9999.9"," 0","1024.8","23","999.9"," 0","999.9"," 0","999.9"," 0","999.9","999.9","  59.5","*","  49.1","*"," 0.00","I","999.9","000000"
"99402899999","2023-02-03","34.008","-118.5","2.0","SANTA MONICA PIER, CA US","  56.8","23","9999.9"," 0","1024.7","23","999.9"," 0","999.9"," 0","999.9"," 0","999.9","999.9","  62.4","*","  53.8","*"," 0.00","I","999.9","000000"
"99402899999","2023-02-04","34.008","-118.5","2.0","SANTA MONICA PIER, CA US","  55.8","23","9999.9"," 0","1021.8","23","999.9"," 0","999.9"," 0","999.9"," 0","999.9","999.9","  61.9","*","  50.2","*"," 0.00","I","999.9","000000"
"99402899999","2023-02-05","34.008","-118.5","2.0","SANTA MONICA PIER, CA US","  56.3","23","9999.9"," 0","1022.6","23","999.9"," 0","999.9"," 0","999.9"," 0","999.9","999.9","  58.8","*","  53.8","*"," 0.00","I","999.9","000000"
"99402899999","2023-02-06","34.008","-118.5","2.0","SANTA MONICA PIER, CA US","  58.2","23","9999.9"," 0","1022.6","23","999.9"," 0","999.9"," 0","999.9"," 0","999.9","999.9","  69.1","*","  54.0","*"," 0.00","I","999.9","000000"
"99402899999","2023-02-07","34.008","-118.5","2.0","SANTA MONICA PIER, CA US","  59.4","22","9999.9"," 0","1023.9","22","999.9"," 0","999.9"," 0","999.9"," 0","999.9","999.9","  68.0","*","  53.1","*"," 0.00","I","999.9","000000"
"99402899999","2023-02-08","34.008","-118.5","2.0","SANTA MONICA PIER, CA US","  58.4","23","9999.9"," 0","1024.1","23","999.9"," 0","999.9"," 0","999.9"," 0","999.9","999.9","  62.1","*","  52.7","*"," 0.00","I","999.9","000000"
"99402899999","2023-02-09","34.008","-118.5","2.0","SANTA MONICA PIER, CA US","  58.1","23","9999.9"," 0","1023.0","23","999.9"," 0","999.9"," 0","999.9"," 0","999.9","999.9","  70.7","*","  53.4","*"," 0.00","I","999.9","000000"
"99402899999","2023-02-10","34.008","-118.5","2.0","SANTA MONICA PIER, CA US","  65.4","24","9999.9"," 0","1021.5","24","999.9"," 0","999.9"," 0","999.9"," 0","999.9","999.9","  75.4","*","  59.4","*"," 0.00","I","999.9","000000"
"99402899999","2023-02-11","34.008","-118.5","2.0","SANTA MONICA PIER, CA US","  56.7","24","9999.9"," 0","1014.9","24","999.9"," 0","999.9"," 0","999.9"," 0","999.9","999.9","  64.9","*","  52.0","*"," 0.00","I","999.9","000000"
"99402899999","2023-02-12","34.008","-118.5","2.0","SANTA MONICA PIER, CA US","  52.0","23","9999.9"," 0","1013.6","23","999.9"," 0","999.9"," 0","999.9"," 0","999.9","999.9","  54.7","*","  48.2","*"," 0.00","I","999.9","000000"
"99402899999","2023-02-13","34.008","-118.5","2.0","SANTA MONICA PIER, CA US","  53.5","24","9999.9"," 0","1013.3","24","999.9"," 0","999.9"," 0","999.9"," 0","999.9","999.9","  56.5","*","  50.5","*"," 0.00","I","999.9","000000"
"99402899999","2023-02-14","34.008","-118.5","2.0","SANTA MONICA PIER, CA US","  55.0","19","9999.9"," 0","1014.6","19","999.9"," 0","999.9"," 0","999.9"," 0","999.9","999.9","  56.3","*","  51.6","*"," 0.00","I","999.9","000000"
"99402899999","2023-02-15","34.008","-118.5","2.0","SANTA MONICA PIER, CA US","  52.3","24","9999.9"," 0","1016.7","24","999.9"," 0","999.9"," 0","999.9"," 0","999.9","999.9","  60.1","*","  46.6","*"," 0.00","I","999.9","000000"
"99402899999","2023-02-16","34.008","-118.5","2.0","SANTA MONICA PIER, CA US","  52.7","23","9999.9"," 0","1024.5","23","999.9"," 0","999.9"," 0","999.9"," 0","999.9","999.9","  57.2","*","  47.7","*"," 0.00","I","999.9","000000"
"99402899999","2023-02-17","34.008","-118.5","2.0","SANTA MONICA PIER, CA US","  55.9","24","9999.9"," 0","1019.9","24","999.9"," 0","999.9"," 0","999.9"," 0","999.9","999.9","  63.1","*","  52.0","*"," 0.00","I","999.9","000000"
"99402899999","2023-02-18","34.008","-118.5","2.0","SANTA MONICA PIER, CA US","  56.7","24","9999.9"," 0","1016.5","24","999.9"," 0","999.9"," 0","999.9"," 0","999.9","999.9","  64.0","*","  52.0","*"," 0.00","I","999.9","000000"
"99402899999","2023-02-19","34.008","-118.5","2.0","SANTA MONICA PIER, CA US","  54.0","23","9999.9"," 0","1017.3","23","999.9"," 0","999.9"," 0","999.9"," 0","999.9","999.9","  57.9","*","  48.9","*"," 0.00","I","999.9","000000"
"99402899999","2023-02-20","34.008","-118.5","2.0","SANTA MONICA PIER, CA US","  54.9","23","9999.9"," 0","1019.3","23","999.9"," 0","999.9"," 0","999.9"," 0","999.9","999.9","  57.9","*","  50.5","*"," 0.00","I","999.9","000000"
"99402899999","2023-02-21","34.008","-118.5","2.0","SANTA MONICA PIER, CA US","  56.2","24","9999.9"," 0","1013.5","24","999.9"," 0","999.9"," 0","999.9"," 0","999.9","999.9","  58.6","*","  52.5","*"," 0.00","I","999.9","000000"
"99402899999","2023-02-22","34.008","-118.5","2.0","SANTA MONICA PIER, CA US","  51.5","24","9999.9"," 0","1007.8","24","999.9"," 0","999.9"," 0","999.9"," 0","999.9","999.9","  55.4","*","  48.4","*"," 0.00","I","999.9","000000"
"99402899999","2023-02-23","34.008","-118.5","2.0","SANTA MONICA PIER, CA US","  48.1","24","9999.9"," 0","1014.9","24","999.9"," 0","999.9"," 0","999.9"," 0","999.9","999.9","  50.4","*","  44.4","*"," 0.00","I","999.9","000000"
"99402899999","2023-02-24","34.008","-118.5","2.0","SANTA MONICA PIER, CA US","  49.1","24","9999.9"," 0","1016.6","24","999.9"," 0","999.9"," 0","999.9"," 0","999.9","999.9","  54.0","*","  45.0","*"," 0.00","I","999.9","000000"
"99402899999","2023-02-25","34.008","-118.5","2.0","SANTA MONICA PIER, CA US","  49.5","24","9999.9"," 0","1012.2","24","999.9"," 0","999.9"," 0","999.9"," 0","999.9","999.9","  55.0","*","  45.3","*"," 0.00","I","999.9","000000"
"99402899999","2023-02-26","34.008","-118.5","2.0","SANTA MONICA PIER, CA US","  45.8","24","9999.9"," 0","1018.2","24","999.9"," 0","999.9"," 0","999.9"," 0","999.9","999.9","  51.4","*","  42.4","*"," 0.00","I","999.9","000000"
"99402899999","2023-02-27","34.008","-118.5","2.0","SANTA MONICA PIER, CA US","  49.6","23","9999.9"," 0","1021.9","23","999.9"," 0","999.9"," 0","999.9"," 0","999.9","999.9","  53.1","*","  47.3","*"," 0.00","I","999.9","000000"
"99402899999","2023-02-28","34.008","-118.5","2.0","SANTA MONICA PIER, CA US","  51.1","24","9999.9"," 0","1019.2","24","999.9"," 0","999.9"," 0","999.9"," 0","999.9","999.9","  53.1","*","  46.2","*"," 0.00","I","999.9","000000"
"99402899999","2023-03-01","34.008","-118.5","2.0","SANTA MONICA PIER, CA US","  52.1","24","9999.9"," 0","1010.8","24","999.9"," 0","999.9"," 0","999.9"," 0","999.9","999.9","  53.8","*","  49.6","*"," 0.00","I","999.9","000000"
"99402899999","2023-03-02","34.008","-118.5","2.0","SANTA MONICA PIER, CA US","  50.8","21","9999.9"," 0","1015.8","21","999.9"," 0","999.9"," 0","999.9"," 0","999.9","999.9","  54.0","*","  47.5","*"," 0.00","I","999.9","000000"
"99402899999","2023-03-03","34.008","-118.5","2.0","SANTA MONICA PIER, CA US","  52.9"," 6","9999.9"," 0","1016.6"," 6","999.9"," 0","999.9"," 0","999.9"," 0","999.9","999.9","  54.0","*","  49.8","*"," 0.00","I","999.9","000000"
"99402899999","2023-03-04","34.008","-118.5","2.0","SANTA MONICA PIER, CA US","  52.0","24","9999.9"," 0","1015.4","24","999.9"," 0","999.9"," 0","999.9"," 0","999.9","999.9","  55.4","*","  48.0","*"," 0.00","I","999.9","000000"
"99402899999","2023-03-05","34.008","-118.5","2.0","SANTA MONICA PIER, CA US","  52.1","24","9999.9"," 0","1018.6","24","999.9"," 0","999.9"," 0","999.9"," 0","999.9","999.9","  54.3","*","  49.8","*"," 0.00","I","999.9","000000"
"99402899999","2023-03-06","34.008","-118.5","2.0","SANTA MONICA PIER, CA US","  52.7","24","9999.9"," 0","1021.1","24","999.9"," 0","999.9"," 0","999.9"," 0","999.9","999.9","  54.5","*","  48.9","*"," 0.00","I","999.9","000000"
"99402899999","2023-03-07","34.008","-118.5","2.0","SANTA MONICA PIER, CA US","  51.5","24","9999.9"," 0","1021.5","24","999.9"," 0","999.9"," 0","999.9"," 0","999.9","999.9","  54.1","*","  46.9","*"," 0.00","I","999.9","000000"
"99402899999","2023-03-08","34.008","-118.5","2.0","SANTA MONICA PIER, CA US","  51.5","21","9999.9"," 0","1020.8","21","999.9"," 0","999.9"," 0","999.9"," 0","999.9","999.9","  54.5","*","  48.4","*"," 0.00","I","999.9","000000"
"99402899999","2023-03-09","34.008","-118.5","2.0","SANTA MONICA PIER, CA US","  53.2","22","9999.9"," 0","1020.3","22","999.9"," 0","999.9"," 0","999.9"," 0","999.9","999.9","  56.7","*","  49.3","*"," 0.00","I","999.9","000000"
"99402899999","2023-03-10","34.008","-118.5","2.0","SANTA MONICA PIER, CA US","  53.6","24","9999.9"," 0","1019.3","24","999.9"," 0","999.9"," 0","999.9"," 0","999.9","999.9","  55.8","*","  50.5","*"," 0.00","I","999.9","000000"
"99402899999","2023-03-11","34.008","-118.5","2.0","SANTA MONICA PIER, CA US","  56.8","23","9999.9"," 0","1017.8","23","999.9"," 0","999.9"," 0","999.9"," 0","999.9","999.9","  58.1","*","  55.0","*"," 0.00","I","999.9","000000"
"99402899999","2023-03-12","34.008","-118.5","2.0","SANTA MONICA PIER, CA US","  55.6","24","9999.9"," 0","1020.5","24","999.9"," 0","999.9"," 0","999.9"," 0","999.9","999.9","  57.6","*","  54.0","*"," 0.00","I","999.9","000000"
"99402899999","2023-03-13","34.008","-118.5","2.0","SANTA MONICA PIER, CA US","  54.9","24","9999.9"," 0","1021.0","24","999.9"," 0","999.9"," 0","999.9"," 0","999.9","999.9","  56.1","*","  53.8","*"," 0.00","I","999.9","000000"
"99402899999","2023-03-14","34.008","-118.5","2.0","SANTA MONICA PIER, CA US","  55.4","24","9999.9"," 0","1018.4","24","999.9"," 0","999.9"," 0","  0.0"," 4","999.9","999.9","  58.8","*","  53.8","*"," 0.00","I","999.9","000000"
"99402899999","2023-03-15","34.008","-118.5","2.0","SANTA MONICA PIER, CA US","  56.2","24","9999.9"," 0","1014.5","24","999.9"," 0","999.9"," 0","999.9"," 0","999.9","999.9","  57.6","*","  54.0","*"," 0.00","I","999.9","000000"
"99402899999","2023-03-16","34.008","-118.5","2.0","SANTA MONICA PIER, CA US","  54.6","23","9999.9"," 0","1017.0","23","999.9"," 0","999.9"," 0","999.9"," 0","999.9","999.9","  55.6","*","  53.2","*"," 0.00","I","999.9","000000"
"99402899999","2023-03-17","34.008","-118.5","2.0","SANTA MONICA PIER, CA US","  54.1","21","9999.9"," 0","1018.1","21","999.9"," 0","999.9"," 0","999.9"," 0","999.9","999.9","  56.3","*","  51.1","*"," 0.00","I","999.9","000000"
"99402899999","2023-03-18","34.008","-118.5","2.0","SANTA MONICA PIER, CA US","  59.2","23","9999.9"," 0","1016.8","23","999.9"," 0","999.9"," 0","999.9"," 0","999.9","999.9","  69.1","*","  53.6","*"," 0.00","I","999.9","000000"
"99402899999","2023-03-19","34.008","-118.5","2.0","SANTA MONICA PIER, CA US","  58.7","24","9999.9"," 0","1016.0","24","999.9"," 0","999.9"," 0","999.9"," 0","999.9","999.9","  63.9","*","  55.0","*"," 0.00","I","999.9","000000"
"99402899999","2023-03-20","34.008","-118.5","2.0","SANTA MONICA PIER, CA US","  55.1","24","9999.9"," 0","1014.4","24","999.9"," 0","999.9"," 0","999.9"," 0","999.9","999.9","  56.8","*","  53.4","*"," 0.00","I","999.9","000000"
"99402899999","2023-03-21","34.008","-118.5","2.0","SANTA MONICA PIER, CA US","  53.4","22","9999.9"," 0","1009.6","22","999.9"," 0","999.9"," 0","999.9"," 0","999.9","999.9","  56.7","*","  47.8","*"," 0.00","I","999.9","000000"
"99402899999","2023-03-22","34.008","-118.5","2.0","SANTA MONICA PIER, CA US","  52.5","24","9999.9"," 0","1013.1","24","999.9"," 0","999.9"," 0","999.9"," 0","999.9","999.9","  55.9","*","  48.7","*"," 0.00","I","999.9","000000"
"99402899999","2023-03-23","34.008","-118.5","2.0","SANTA MONICA PIER, CA US","  53.1","24","9999.9"," 0","1022.1","24","999.9"," 0","999.9"," 0","999.9"," 0","999.9","999.9","  55.4","*","  50.9","*"," 0.00","I","999.9","000000"
"99402899999","2023-03-24","34.008","-118.5","2.0","SANTA MONICA PIER, CA US","  55.6","24","9999.9"," 0","1023.6","24","999.9"," 0","999.9"," 0","999.9"," 0","999.9","999.9","  58.6","*","  53.6","*"," 0.00","I","999.9","000000"
"99402899999","2023-03-25","34.008","-118.5","2.0","SANTA MONICA PIER, CA US","  55.4","24","9999.9"," 0","1020.8","24","999.9"," 0","999.9"," 0","999.9"," 0","999.9","999.9","  60.4","*","  51.4","*"," 0.00","I","999.9","000000"
"99402899999","2023-03-26","34.008","-118.5","2.0","SANTA MONICA PIER, CA US","  56.2","24","9999.9"," 0","1019.1","24","999.9"," 0","999.9"," 0","999.9"," 0","999.9","999.9","  64.9","*","  52.2","*"," 0.00","I","999.9","000000"
"99402899999","2023-03-27","34.008","-118.5","2.0","SANTA MONICA PIER, CA US","  57.7","24","9999.9"," 0","1020.5","24","999.9"," 0","999.9"," 0","999.9"," 0","999.9","999.9","  68.4","*","  52.7","*"," 0.00","I","999.9","000000"
"99402899999","2023-03-28","34.008","-118.5","2.0","SANTA MONICA PIER, CA US","  57.3","24","9999.9"," 0","1019.2","24","999.9"," 0","999.9"," 0","999.9"," 0","999.9","999.9","  60.6","*","  54.5","*"," 0.00","I","999.9","000000"
"99402899999","2023-03-29","34.008","-118.5","2.0","SANTA MONICA PIER, CA US","  52.5","23","9999.9"," 0","1015.6","23","999.9"," 0","999.9"," 0","999.9"," 0","999.9","999.9","  55.0","*","  48.4","*"," 0.00","I","999.9","000000"
"99402899999","2023-03-30","34.008","-118.5","2.0","SANTA MONICA PIER, CA US","  50.9","23","9999.9"," 0","1013.9","23","999.9"," 0","999.9"," 0","999.9"," 0","999.9","999.9","  54.3","*","  46.6","*"," 0.00","I","999.9","000000"
"99402899999","2023-03-31","34.008","-118.5","2.0","SANTA MONICA PIER, CA US","  51.8","24","9999.9"," 0","1021.1","24","999.9"," 0","999.9"," 0","999.9"," 0","999.9","999.9","  56.1","*","  47.8","*"," 0.00","I","999.9","000000"
"99402899999","2023-04-01","34.008","-118.5","2.0","SANTA MONICA PIER, CA US","  54.7","24","9999.9"," 0","1021.0","24","999.9"," 0","999.9"," 0","999.9"," 0","999.9","999.9","  57.4","*","  49.8","*"," 0.00","I","999.9","000000"
"99402899999","2023-04-02","34.008","-118.5","2.0","SANTA MONICA PIER, CA US","  54.9","24","9999.9"," 0","1019.6","24","999.9"," 0","999.9"," 0","999.9"," 0","999.9","999.9","  57.7","*","  51.3","*"," 0.00","I","999.9","000000"
"99402899999","2023-04-03","34.008","-118.5","2.0","SANTA MONICA PIER, CA US","  54.9","24","9999.9"," 0","1014.6","24","999.9"," 0","999.9"," 0","999.9"," 0","999.9","999.9","  56.8","*","  53.1","*"," 0.00","I","999.9","000000"
"99402899999","2023-04-04","34.008","-118.5","2.0","SANTA MONICA PIER, CA US","  53.1","22","9999.9"," 0","1018.6","22","999.9"," 0","999.9"," 0","999.9"," 0","999.9","999.9","  57.6","*","  49.6","*"," 0.00","I","999.9","000000"
"99402899999","2023-04-05","34.008","-118.5","2.0","SANTA MONICA PIER, CA US","  53.8","24","9999.9"," 0","1020.2","24","999.9"," 0","999.9"," 0","999.9"," 0","999.9","999.9","  56.1","*","  50.4","*"," 0.00","I","999.9","000000"
"99402899999","2023-04-06","34.008","-118.5","2.0","SANTA MONICA PIER, CA US","  56.9","22","9999.9"," 0","1018.5","22","999.9"," 0","999.9"," 0","999.9"," 0","999.9","999.9","  60.4","*","  54.5","*"," 0.00","I","999.9","000000"
"99402899999","2023-04-07","34.008","-118.5","2.0","SANTA MONICA PIER, CA US","  56.0","23","9999.9"," 0","1017.5","23","999.9"," 0","999.9"," 0","999.9"," 0","999.9","999.9","  59.4","*","  54.5","*"," 0.00","I","999.9","000000"
"99402899999","2023-04-08","34.008","-118.5","2.0","SANTA MONICA PIER, CA US","  54.8","24","9999.9"," 0","1018.1","24","999.9"," 0","999.9"," 0","999.9"," 0","999.9","999.9","  56.5","*","  52.9","*"," 0.00","I","999.9","000000"
"99402899999","2023-04-09","34.008","-118.5","2.0","SANTA MONICA PIER, CA US","  53.4","22","9999.9"," 0","1019.7","22","999.9"," 0","999.9"," 0","999.9"," 0","999.9","999.9","  55.4","*","  52.2","*"," 0.00","I","999.9","000000"
"99402899999","2023-04-10","34.008","-118.5","2.0","SANTA MONICA PIER, CA US","  52.1","24","9999.9"," 0","1018.1","24","999.9"," 0","999.9"," 0","999.9"," 0","999.9","999.9","  52.9","*","  50.9","*"," 0.00","I","999.9","000000"
"99402899999","2023-04-11","34.008","-118.5","2.0","SANTA MONICA PIER, CA US","  52.7","23","9999.9"," 0","1017.2","22","999.9"," 0","999.9"," 0","999.9"," 0","999.9","999.9","  54.0","*","  51.6","*"," 0.00","I","999.9","000000"
"99402899999","2023-04-12","34.008","-118.5","2.0","SANTA MONICA PIER, CA US","  54.3","24","9999.9"," 0","1013.6","24","999.9"," 0","999.9"," 0","999.9"," 0","999.9","999.9","  57.2","*","  52.3","*"," 0.00","I","999.9","000000"
"99402899999","2023-04-13","34.008","-118.5","2.0","SANTA MONICA PIER, CA US","  54.4","24","9999.9"," 0","1010.0","24","999.9"," 0","999.9"," 0","999.9"," 0","999.9","999.9","  55.6","*","  53.4","*"," 0.00","I","999.9","000000"
"99402899999","2023-04-14","34.008","-118.5","2.0","SANTA MONICA PIER, CA US","  54.9","24","9999.9"," 0","1013.3","24","999.9"," 0","999.9"," 0","999.9"," 0","999.9","999.9","  56.3","*","  53.6","*"," 0.00","I","999.9","000000"
"99402899999","2023-04-15","34.008","-118.5","2.0","SANTA MONICA PIER, CA US","  55.3","23","9999.9"," 0","1018.4","23","999.9"," 0","999.9"," 0","999.9"," 0","999.9","999.9","  56.3","*","  52.2","*"," 0.00","I","999.9","000000"
"99402899999","2023-04-16","34.008","-118.5","2.0","SANTA MONICA PIER, CA US","  54.5","24","9999.9"," 0","1019.9","24","999.9"," 0","999.9"," 0","999.9"," 0","999.9","999.9","  55.9","*","  53.6","*"," 0.00","I","999.9","000000"
"99402899999","2023-04-17","34.008","-118.5","2.0","SANTA MONICA PIER, CA US","  55.4","24","9999.9"," 0","1016.2","24","999.9"," 0","999.9"," 0","999.9"," 0","999.9","999.9","  56.8","*","  54.0","*"," 0.00","I","999.9","000000"
"99402899999","2023-04-18","34.008","-118.5","2.0","SANTA MONICA PIER, CA US","  55.4","22","9999.9"," 0","1015.2","22","999.9"," 0","999.9"," 0","999.9"," 0","999.9","999.9","  56.1","*","  54.9","*"," 0.00","I","999.9","000000"
"99402899999","2023-04-19","34.008","-118.5","2.0","SANTA MONICA PIER, CA US","  55.8","23","9999.9"," 0","1016.8","23","999.9"," 0","999.9"," 0","999.9"," 0","999.9","999.9","  59.2","*","  52.7","*"," 0.00","I","999.9","000000"
"99402899999","2023-04-20","34.008","-118.5","2.0","SANTA MONICA PIER, CA US","  59.2","22","9999.9"," 0","1019.1","22","999.9"," 0","999.9"," 0","999.9"," 0","999.9","999.9","  64.8","*","  56.1","*"," 0.00","I","999.9","000000"
"99402899999","2023-04-21","34.008","-118.5","2.0","SANTA MONICA PIER, CA US","  62.7","23","9999.9"," 0","1019.5","23","999.9"," 0","999.9"," 0","999.9"," 0","999.9","999.9","  65.1","*","  60.6","*"," 0.00","I","999.9","000000"
"99402899999","2023-04-22","34.008","-118.5","2.0","SANTA MONICA PIER, CA US","  62.4","24","9999.9"," 0","1013.4","24","999.9"," 0","999.9"," 0","999.9"," 0","999.9","999.9","  69.3","*","  58.5","*"," 0.00","I","999.9","000000"
"99402899999","2023-04-23","34.008","-118.5","2.0","SANTA MONICA PIER, CA US","  59.3","22","9999.9"," 0","1009.9","22","999.9"," 0","999.9"," 0","999.9"," 0","999.9","999.9","  62.1","*","  57.4","*"," 0.00","I","999.9","000000"
"99402899999","2023-04-24","34.008","-118.5","2.0","SANTA MONICA PIER, CA US","  57.7","23","9999.9"," 0","1011.9","23","999.9"," 0","999.9"," 0","999.9"," 0","999.9","999.9","  58.8","*","  56.5","*"," 0.00","I","999.9","000000"
"99402899999","2023-04-25","34.008","-118.5","2.0","SANTA MONICA PIER, CA US","  58.3","24","9999.9"," 0","1012.9","24","999.9"," 0","999.9"," 0","999.9"," 0","999.9","999.9","  59.9","*","  56.8","*"," 0.00","I","999.9","000000"
"99402899999","2023-04-26","34.008","-118.5","2.0","SANTA MONICA PIER, CA US","  57.1","24","9999.9"," 0","1015.0","24","999.9"," 0","999.9"," 0","999.9"," 0","999.9","999.9","  58.6","*","  55.2","*"," 0.00","I","999.9","000000"
"99402899999","2023-04-27","34.008","-118.5","2.0","SANTA MONICA PIER, CA US","  53.9","24","9999.9"," 0","1014.6","24","999.9"," 0","999.9"," 0","999.9"," 0","999.9","999.9","  55.4","*","  52.5","*"," 0.00","I","999.9","000000"
"99402899999","2023-04-28","34.008","-118.5","2.0","SANTA MONICA PIER, CA US","  53.8","22","9999.9"," 0","1014.9","22","999.9"," 0","999.9"," 0","999.9"," 0","999.9","999.9","  55.4","*","  52.3","*"," 0.00","I","999.9","000000"
"99402899999","2023-04-29","34.008","-118.5","2.0","SANTA MONICA PIER, CA US","  54.3","24","9999.9"," 0","1016.9","24","999.9"," 0","999.9"," 0","999.9"," 0","999.9","999.9","  55.6","*","  53.4","*"," 0.00","I","999.9","000000"
"99402899999","2023-04-30","34.008","-118.5","2.0","SANTA MONICA PIER, CA US","  54.8","24","9999.9"," 0","1014.7","24","999.9"," 0","999.9"," 0","999.9"," 0","999.9","999.9","  56.5","*","  53.4","*"," 0.00","I","999.9","000000"
"99402899999","2023-05-01","34.008","-118.5","2.0","SANTA MONICA PIER, CA US","  56.1","24","9999.9"," 0","1011.7","24","999.9"," 0","999.9"," 0","999.9"," 0","999.9","999.9","  57.9","*","  54.9","*"," 0.00","I","999.9","000000"
"99402899999","2023-05-02","34.008","-118.5","2.0","SANTA MONICA PIER, CA US","  55.5","24","9999.9"," 0","1012.6","24","999.9"," 0","999.9"," 0","999.9"," 0","999.9","999.9","  58.1","*","  54.1","*"," 0.00","I","999.9","000000"
"99402899999","2023-05-03","34.008","-118.5","2.0","SANTA MONICA PIER, CA US","  54.4","24","9999.9"," 0","1013.6","24","999.9"," 0","999.9"," 0","999.9"," 0","999.9","999.9","  57.2","*","  50.4","*"," 0.00","I","999.9","000000"
"99402899999","2023-05-04","34.008","-118.5","2.0","SANTA MONICA PIER, CA US","  55.8","23","9999.9"," 0","1012.8","23","999.9"," 0","999.9"," 0","999.9"," 0","999.9","999.9","  57.4","*","  51.8","*"," 0.00","I","999.9","000000"
"99402899999","2023-05-05","34.008","-118.5","2.0","SANTA MONICA PIER, CA US","  57.2","24","9999.9"," 0","1017.3","24","999.9"," 0","999.9"," 0","999.9"," 0","999.9","999.9","  58.8","*","  54.9","*"," 0.00","I","999.9","000000"
"99402899999","2023-05-06","34.008","-118.5","2.0","SANTA MONICA PIER, CA US","  57.0","24","9999.9"," 0","1019.1","24","999.9"," 0","999.9"," 0","999.9"," 0","999.9","999.9","  59.2","*","  52.5","*"," 0.00","I","999.9","000000"
"99402899999","2023-05-07","34.008","-118.5","2.0","SANTA MONICA PIER, CA US","  57.6","23","9999.9"," 0","1019.3","23","999.9"," 0","999.9"," 0","999.9"," 0","999.9","999.9","  59.7","*","  53.8","*"," 0.00","I","999.9","000000"
"99402899999","2023-05-08","34.008","-118.5","2.0","SANTA MONICA PIER, CA US","  58.1","23","9999.9"," 0","1017.8","23","999.9"," 0","999.9"," 0","999.9"," 0","999.9","999.9","  59.4","*","  56.5","*"," 0.00","I","999.9","000000"
"99402899999","2023-05-09","34.008","-118.5","2.0","SANTA MONICA PIER, CA US","  58.7","24","9999.9"," 0","1016.3","23","999.9"," 0","999.9"," 0","999.9"," 0","999.9","999.9","  60.1","*","  56.7","*"," 0.00","I","999.9","000000"
"99402899999","2023-05-10","34.008","-118.5","2.0","SANTA MONICA PIER, CA US","  57.2","23","9999.9"," 0","1016.3","23","999.9"," 0","999.9"," 0","999.9"," 0","999.9","999.9","  59.2","*","  54.7","*"," 0.00","I","999.9","000000"
"99402899999","2023-05-11","34.008","-118.5","2.0","SANTA MONICA PIER, CA US","  58.1","22","9999.9"," 0","1017.0","22","999.9"," 0","999.9"," 0","999.9"," 0","999.9","999.9","  59.5","*","  55.8","*"," 0.00","I","999.9","000000"
"99402899999","2023-05-12","34.008","-118.5","2.0","SANTA MONICA PIER, CA US","  58.0","24","9999.9"," 0","1015.4","24","999.9"," 0","999.9"," 0","999.9"," 0","999.9","999.9","  59.5","*","  55.9","*"," 0.00","I","999.9","000000"
"99402899999","2023-05-13","34.008","-118.5","2.0","SANTA MONICA PIER, CA US","  58.1","22","9999.9"," 0","1013.0","22","999.9"," 0","999.9"," 0","999.9"," 0","999.9","999.9","  59.4","*","  57.0","*"," 0.00","I","999.9","000000"
"99402899999","2023-05-14","34.008","-118.5","2.0","SANTA MONICA PIER, CA US","  59.1","24","9999.9"," 0","1012.9","24","999.9"," 0","999.9"," 0","999.9"," 0","999.9","999.9","  61.2","*","  57.6","*"," 0.00","I","999.9","000000"
"99402899999","2023-05-15","34.008","-118.5","2.0","SANTA MONICA PIER, CA US","  59.5","24","9999.9"," 0","1017.4","24","999.9"," 0","999.9"," 0","999.9"," 0","999.9","999.9","  60.8","*","  58.8","*"," 0.00","I","999.9","000000"
"99402899999","2023-05-16","34.008","-118.5","2.0","SANTA MONICA PIER, CA US","  58.7","22","9999.9"," 0","1017.6","22","999.9"," 0","999.9"," 0","999.9"," 0","999.9","999.9","  59.7","*","  57.6","*"," 0.00","I","999.9","000000"
"99402899999","2023-05-17","34.008","-118.5","2.0","SANTA MONICA PIER, CA US","  56.8","24","9999.9"," 0","1014.6","24","999.9"," 0","999.9"," 0","999.9"," 0","999.9","999.9","  58.8","*","  55.6","*"," 0.00","I","999.9","000000"
"99402899999","2023-05-18","34.008","-118.5","2.0","SANTA MONICA PIER, CA US","  58.7","22","9999.9"," 0","1012.4","22","999.9"," 0","999.9"," 0","999.9"," 0","999.9","999.9","  60.6","*","  56.5","*"," 0.00","I","999.9","000000"
"99402899999","2023-05-19","34.008","-118.5","2.0","SANTA MONICA PIER, CA US","  59.7","24","9999.9"," 0","1016.2","24","999.9"," 0","999.9"," 0","999.9"," 0","999.9","999.9","  61.0","*","  58.8","*"," 0.00","I","999.9","000000"
"99402899999","2023-05-20","34.008","-118.5","2.0","SANTA MONICA PIER, CA US","  60.5","23","9999.9"," 0","1018.6","23","999.9"," 0","999.9"," 0","999.9"," 0","999.9","999.9","  61.5","*","  59.7","*"," 0.00","I","999.9","000000"
"99402899999","2023-05-21","34.008","-118.5","2.0","SANTA MONICA PIER, CA US","  59.4","24","9999.9"," 0","1017.4","24","999.9"," 0","999.9"," 0","999.9"," 0","999.9","999.9","  60.6","*","  58.5","*"," 0.00","I","999.9","000000"
"99402899999","2023-05-22","34.008","-118.5","2.0","SANTA MONICA PIER, CA US","  59.9","24","9999.9"," 0","1014.8","24","999.9"," 0","999.9"," 0","999.9"," 0","999.9","999.9","  61.3","*","  58.8","*"," 0.00","I","999.9","000000"
"99402899999","2023-05-23","34.008","-118.5","2.0","SANTA MONICA PIER, CA US","  59.2","24","9999.9"," 0","1014.3","24","999.9"," 0","999.9"," 0","999.9"," 0","999.9","999.9","  60.6","*","  58.3","*"," 0.00","I","999.9","000000"
"99402899999","2023-05-24","34.008","-118.5","2.0","SANTA MONICA PIER, CA US","  59.3","22","9999.9"," 0","1014.5","22","999.9"," 0","999.9"," 0","999.9"," 0","999.9","999.9","  61.0","*","  57.6","*"," 0.00","I","999.9","000000"
"99402899999","2023-05-25","34.008","-118.5","2.0","SANTA MONICA PIER, CA US","  61.0","24","9999.9"," 0","1012.9","24","999.9"," 0","999.9"," 0","999.9"," 0","999.9","999.9","  61.9","*","  60.3","*"," 0.00","I","999.9","000000"
"99402899999","2023-05-26","34.008","-118.5","2.0","SANTA MONICA PIER, CA US","  60.3","24","9999.9"," 0","1014.1","24","999.9"," 0","999.9"," 0","999.9"," 0","999.9","999.9","  61.0","*","  57.7","*"," 0.00","I","999.9","000000"
"99402899999","2023-05-27","34.008","-118.5","2.0","SANTA MONICA PIER, CA US","  59.9","24","9999.9"," 0","1015.3","24","999.9"," 0","999.9"," 0","999.9"," 0","999.9","999.9","  61.0","*","  57.9","*"," 0.00","I","999.9","000000"
"99402899999","2023-05-28","34.008","-118.5","2.0","SANTA MONICA PIER, CA US","  60.1","24","9999.9"," 0","1014.6","24","999.9"," 0","999.9"," 0","999.9"," 0","999.9","999.9","  61.2","*","  58.5","*"," 0.00","I","999.9","000000"
"99402899999","2023-05-29","34.008","-118.5","2.0","SANTA MONICA PIER, CA US","  61.3","24","9999.9"," 0","1015.1","24","999.9"," 0","999.9"," 0","999.9"," 0","999.9","999.9","  62.1","*","  60.4","*"," 0.00","I","999.9","000000"
"99402899999","2023-05-30","34.008","-118.5","2.0","SANTA MONICA PIER, CA US","  60.6","23","9999.9"," 0","1015.5","23","999.9"," 0","999.9"," 0","999.9"," 0","999.9","999.9","  61.2","*","  59.9","*"," 0.00","I","999.9","000000"
"99402899999","2023-05-31","34.008","-118.5","2.0","SANTA MONICA PIER, CA US","  60.1","24","9999.9"," 0","1013.9","24","999.9"," 0","999.9"," 0","999.9"," 0","999.9","999.9","  61.0","*","  59.2","*"," 0.00","I","999.9","000000"
"99402899999","2023-06-01","34.008","-118.5","2.0","SANTA MONICA PIER, CA US","  61.0","21","9999.9"," 0","1013.6","21","999.9"," 0","999.9"," 0","999.9"," 0","999.9","999.9","  62.2","*","  60.4","*"," 0.00","I","999.9","000000"
"99402899999","2023-06-02","34.008","-118.5","2.0","SANTA MONICA PIER, CA US","  60.9","24","9999.9"," 0","1015.3","24","999.9"," 0","999.9"," 0","999.9"," 0","999.9","999.9","  61.3","*","  59.9","*"," 0.00","I","999.9","000000"
"99402899999","2023-06-03","34.008","-118.5","2.0","SANTA MONICA PIER, CA US","  60.0","24","9999.9"," 0","1014.5","24","999.9"," 0","999.9"," 0","999.9"," 0","999.9","999.9","  61.3","*","  58.1","*"," 0.00","I","999.9","000000"
"99402899999","2023-06-04","34.008","-118.5","2.0","SANTA MONICA PIER, CA US","  59.8","17","9999.9"," 0","1013.2","17","999.9"," 0","999.9"," 0","999.9"," 0","999.9","999.9","  61.3","*","  58.5","*"," 0.00","I","999.9","000000"
"99402899999","2023-06-05","34.008","-118.5","2.0","SANTA MONICA PIER, CA US","  59.6","24","9999.9"," 0","1012.7","22","999.9"," 0","999.9"," 0","999.9"," 0","999.9","999.9","  61.3","*","  57.6","*"," 0.00","I","999.9","000000"
"99402899999","2023-06-06","34.008","-118.5","2.0","SANTA MONICA PIER, CA US","  60.5","24","9999.9"," 0","1013.0","24","999.9"," 0","999.9"," 0","999.9"," 0","999.9","999.9","  62.1","*","  59.4","*"," 0.00","I","999.9","000000"
"99402899999","2023-06-07","34.008","-118.5","2.0","SANTA MONICA PIER, CA US","  60.7","24","9999.9"," 0","1014.8","24","999.9"," 0","999.9"," 0","999.9"," 0","999.9","999.9","  62.1","*","  59.5","*"," 0.00","I","999.9","000000"
"99402899999","2023-06-08","34.008","-118.5","2.0","SANTA MONICA PIER, CA US","  61.1","23","9999.9"," 0","1016.5","23","999.9"," 0","999.9"," 0","999.9"," 0","999.9","999.9","  62.6","*","  58.8","*"," 0.00","I","999.9","000000"
"99402899999","2023-06-09","34.008","-118.5","2.0","SANTA MONICA PIER, CA US","  60.9","24","9999.9"," 0","1017.1","24","999.9"," 0","999.9"," 0","999.9"," 0","999.9","999.9","  62.1","*","  59.2","*"," 0.00","I","999.9","000000"
"99402899999","2023-06-10","34.008","-118.5","2.0","SANTA MONICA PIER, CA US","  61.2","23","9999.9"," 0","1014.4","23","999.9"," 0","999.9"," 0","999.9"," 0","999.9","999.9","  61.9","*","  60.6","*"," 0.00","I","999.9","000000"
"99402899999","2023-06-11","34.008","-118.5","2.0","SANTA MONICA PIER, CA US","  61.3","24","9999.9"," 0","1012.8","24","999.9"," 0","999.9"," 0","999.9"," 0","999.9","999.9","  62.8","*","  60.4","*"," 0.00","I","999.9","000000"
"99402899999","2023-06-12","34.008","-118.5","2.0","SANTA MONICA PIER, CA US","  61.6","24","9999.9"," 0","1016.5","24","999.9"," 0","999.9"," 0","999.9"," 0","999.9","999.9","  62.6","*","  60.8","*"," 0.00","I","999.9","000000"
"99402899999","2023-06-13","34.008","-118.5","2.0","SANTA MONICA PIER, CA US","  61.5","23","9999.9"," 0","1017.5","23","999.9"," 0","999.9"," 0","999.9"," 0","999.9","999.9","  62.6","*","  60.3","*"," 0.00","I","999.9","000000"
"99402899999","2023-06-14","34.008","-118.5","2.0","SANTA MONICA PIER, CA US","  61.1","24","9999.9"," 0","1015.2","24","999.9"," 0","999.9"," 0","999.9"," 0","999.9","999.9","  61.9","*","  59.5","*"," 0.00","I","999.9","000000"
"99402899999","2023-06-15","34.008","-118.5","2.0","SANTA MONICA PIER, CA US","  61.3","22","9999.9"," 0","1013.9","22","999.9"," 0","999.9"," 0","999.9"," 0","999.9","999.9","  63.0","*","  59.7","*"," 0.00","I","999.9","000000"
"99402899999","2023-06-16","34.008","-118.5","2.0","SANTA MONICA PIER, CA US","  62.3","23","9999.9"," 0","1014.6","23","999.9"," 0","999.9"," 0","999.9"," 0","999.9","999.9","  63.0","*","  61.7","*"," 0.00","I","999.9","000000"
"99402899999","2023-06-17","34.008","-118.5","2.0","SANTA MONICA PIER, CA US","  62.2","23","9999.9"," 0","1015.4","23","999.9"," 0","999.9"," 0","999.9"," 0","999.9","999.9","  64.4","*","  61.2","*"," 0.00","I","999.9","000000"
"99402899999","2023-06-18","34.008","-118.5","2.0","SANTA MONICA PIER, CA US","  61.0","24","9999.9"," 0","1014.0","24","999.9"," 0","999.9"," 0","999.9"," 0","999.9","999.9","  62.4","*","  59.7","*"," 0.00","I","999.9","000000"
"99402899999","2023-06-19","34.008","-118.5","2.0","SANTA MONICA PIER, CA US","  62.2","23","9999.9"," 0","1014.0","23","999.9"," 0","999.9"," 0","999.9"," 0","999.9","999.9","  63.1","*","  61.2","*"," 0.00","I","999.9","000000"
"99402899999","2023-06-20","34.008","-118.5","2.0","SANTA MONICA PIER, CA US","  62.3","24","9999.9"," 0","1015.8","24","999.9"," 0","999.9"," 0","999.9"," 0","999.9","999.9","  64.0","*","  60.3","*"," 0.00","I","999.9","000000"
"99402899999","2023-06-21","34.008","-118.5","2.0","SANTA MONICA PIER, CA US","  62.5","24","9999.9"," 0","1015.5","24","999.9"," 0","999.9"," 0","999.9"," 0","999.9","999.9","  64.2","*","  59.0","*"," 0.00","I","999.9","000000"
"99402899999","2023-06-22","34.008","-118.5","2.0","SANTA MONICA PIER, CA US","  61.6","23","9999.9"," 0","1014.7","23","999.9"," 0","999.9"," 0","999.9"," 0","999.9","999.9","  63.9","*","  60.1","*"," 0.00","I","999.9","000000"
"99402899999","2023-06-23","34.008","-118.5","2.0","SANTA MONICA PIER, CA US","  60.7","23","9999.9"," 0","1016.6","23","999.9"," 0","999.9"," 0","999.9"," 0","999.9","999.9","  63.3","*","  58.1","*"," 0.00","I","999.9","000000"
"99402899999","2023-06-24","34.008","-118.5","2.0","SANTA MONICA PIER, CA US","  60.9","14","9999.9"," 0","1016.2","14","999.9"," 0","999.9"," 0","999.9"," 0","999.9","999.9","  62.1","*","  58.8","*"," 0.00","I","999.9","000000"
"99402899999","2023-06-25","34.008","-118.5","2.0","SANTA MONICA PIER, CA US","  61.5","10","9999.9"," 0","1018.3","10","999.9"," 0","999.9"," 0","999.9"," 0","999.9","999.9","  62.2","*","  59.9","*"," 0.00","I","999.9","000000"
"99402899999","2023-06-26","34.008","-118.5","2.0","SANTA MONICA PIER, CA US","  61.1","23","9999.9"," 0","1015.2","23","999.9"," 0","999.9"," 0","999.9"," 0","999.9","999.9","  62.6","*","  58.8","*"," 0.00","I","999.9","000000"
"99402899999","2023-06-27","34.008","-118.5","2.0","SANTA MONICA PIER, CA US","  60.9","24","9999.9"," 0","1012.5","24","999.9"," 0","999.9"," 0","999.9"," 0","999.9","999.9","  61.9","*","  59.0","*"," 0.00","I","999.9","000000"
"99402899999","2023-06-28","34.008","-118.5","2.0","SANTA MONICA PIER, CA US","  61.5","24","9999.9"," 0","1012.6","24","999.9"," 0","999.9"," 0","999.9"," 0","999.9","999.9","  62.8","*","  60.3","*"," 0.00","I","999.9","000000"
"99402899999","2023-06-29","34.008","-118.5","2.0","SANTA MONICA PIER, CA US","  61.6","21","9999.9"," 0","1013.0","21","999.9"," 0","999.9"," 0","999.9"," 0","999.9","999.9","  63.7","*","  60.3","*"," 0.00","I","999.9","000000"
"99402899999","2023-06-30","34.008","-118.5","2.0","SANTA MONICA PIER, CA US","  59.6","24","9999.9"," 0","1013.1","24","999.9"," 0","999.9"," 0","999.9"," 0","999.9","999.9","  62.4","*","  57.6","*"," 0.00","I","999.9","000000"
"99402899999","2023-07-01","34.008","-118.5","2.0","SANTA MONICA PIER, CA US","  61.0","23","9999.9"," 0","1012.7","23","999.9"," 0","999.9"," 0","999.9"," 0","999.9","999.9","  62.6","*","  59.0","*"," 0.00","I","999.9","000000"
"99402899999","2023-07-02","34.008","-118.5","2.0","SANTA MONICA PIER, CA US","  60.7","22","9999.9"," 0","1013.5","22","999.9"," 0","999.9"," 0","999.9"," 0","999.9","999.9","  62.2","*","  59.4","*"," 0.00","I","999.9","000000"
"99402899999","2023-07-03","34.008","-118.5","2.0","SANTA MONICA PIER, CA US","  59.6","24","9999.9"," 0","1013.0","24","999.9"," 0","999.9"," 0","999.9"," 0","999.9","999.9","  61.3","*","  57.9","*"," 0.00","I","999.9","000000"
"99402899999","2023-07-04","34.008","-118.5","2.0","SANTA MONICA PIER, CA US","  59.8","24","9999.9"," 0","1013.5","24","999.9"," 0","999.9"," 0","999.9"," 0","999.9","999.9","  62.4","*","  58.3","*"," 0.00","I","999.9","000000"
"99402899999","2023-07-05","34.008","-118.5","2.0","SANTA MONICA PIER, CA US","  60.4","24","9999.9"," 0","1014.7","24","999.9"," 0","999.9"," 0","999.9"," 0","999.9","999.9","  61.7","*","  59.0","*"," 0.00","I","999.9","000000"
"99402899999","2023-07-06","34.008","-118.5","2.0","SANTA MONICA PIER, CA US","  61.1","23","9999.9"," 0","1014.1","23","999.9"," 0","999.9"," 0","999.9"," 0","999.9","999.9","  62.6","*","  59.9","*"," 0.00","I","999.9","000000"
"99402899999","2023-07-07","34.008","-118.5","2.0","SANTA MONICA PIER, CA US","  61.5","24","9999.9"," 0","1012.2","24","999.9"," 0","999.9"," 0","999.9"," 0","999.9","999.9","  63.7","*","  59.9","*"," 0.00","I","999.9","000000"
"99402899999","2023-07-08","34.008","-118.5","2.0","SANTA MONICA PIER, CA US","  62.1","23","9999.9"," 0","1011.1","23","999.9"," 0","999.9"," 0","999.9"," 0","999.9","999.9","  64.0","*","  60.3","*"," 0.00","I","999.9","000000"
"99402899999","2023-07-09","34.008","-118.5","2.0","SANTA MONICA PIER, CA US","  62.6","24","9999.9"," 0","1012.6","24","999.9"," 0","999.9"," 0","999.9"," 0","999.9","999.9","  64.8","*","  60.6","*"," 0.00","I","999.9","000000"
"99402899999","2023-07-10","34.008","-118.5","2.0","SANTA MONICA PIER, CA US","  63.0","24","9999.9"," 0","1013.4","24","999.9"," 0","999.9"," 0","999.9"," 0","999.9","999.9","  66.9","*","  61.0","*"," 0.00","I","999.9","000000"
"99402899999","2023-07-11","34.008","-118.5","2.0","SANTA MONICA PIER, CA US","  62.4","24","9999.9"," 0","1014.5","24","999.9"," 0","999.9"," 0","999.9"," 0","999.9","999.9","  64.4","*","  60.6","*"," 0.00","I","999.9","000000"
"99402899999","2023-07-12","34.008","-118.5","2.0","SANTA MONICA PIER, CA US","  62.0","24","9999.9"," 0","1015.6","24","999.9"," 0","999.9"," 0","999.9"," 0","999.9","999.9","  66.0","*","  60.1","*"," 0.00","I","999.9","000000"
"99402899999","2023-07-13","34.008","-118.5","2.0","SANTA MONICA PIER, CA US","  65.4","22","9999.9"," 0","1014.8","22","999.9"," 0","999.9"," 0","999.9"," 0","999.9","999.9","  67.3","*","  63.0","*"," 0.00","I","999.9","000000"
"99402899999","2023-07-14","34.008","-118.5","2.0","SANTA MONICA PIER, CA US","  64.0","24","9999.9"," 0","1012.8","24","999.9"," 0","999.9"," 0","999.9"," 0","999.9","999.9","  66.9","*","  61.3","*"," 0.00","I","999.9","000000"
"99402899999","2023-07-15","34.008","-118.5","2.0","SANTA MONICA PIER, CA US","  63.9","23","9999.9"," 0","1011.5","23","999.9"," 0","999.9"," 0","999.9"," 0","999.9","999.9","  66.7","*","  62.2","*"," 0.00","I","999.9","000000"
"99402899999","2023-07-16","34.008","-118.5","2.0","SANTA MONICA PIER, CA US","  64.6","24","9999.9"," 0","1012.4","24","999.9"," 0","999.9"," 0","999.9"," 0","999.9","999.9","  67.1","*","  63.5","*"," 0.00","I","999.9","000000"
"99402899999","2023-07-17","34.008","-118.5","2.0","SANTA MONICA PIER, CA US","  65.7","24","9999.9"," 0","1013.3","24","999.9"," 0","999.9"," 0","999.9"," 0","999.9","999.9","  67.6","*","  64.2","*"," 0.00","I","999.9","000000"
"99402899999","2023-07-18","34.008","-118.5","2.0","SANTA MONICA PIER, CA US","  66.5","23","9999.9"," 0","1014.4","23","999.9"," 0","999.9"," 0","999.9"," 0","999.9","999.9","  68.4","*","  65.3","*"," 0.00","I","999.9","000000"
"99402899999","2023-07-19","34.008","-118.5","2.0","SANTA MONICA PIER, CA US","  66.4","24","9999.9"," 0","1015.3","24","999.9"," 0","999.9"," 0","999.9"," 0","999.9","999.9","  67.6","*","  65.5","*"," 0.00","I","999.9","000000"
"99402899999","2023-07-20","34.008","-118.5","2.0","SANTA MONICA PIER, CA US","  66.7","22","9999.9"," 0","1015.1","22","999.9"," 0","999.9"," 0","999.9"," 0","999.9","999.9","  68.2","*","  65.3","*"," 0.00","I","999.9","000000"
"99402899999","2023-07-21","34.008","-118.5","2.0","SANTA MONICA PIER, CA US","  65.9","23","9999.9"," 0","1013.8","23","999.9"," 0","999.9"," 0","999.9"," 0","999.9","999.9","  68.0","*","  64.6","*"," 0.00","I","999.9","000000"
"99402899999","2023-07-22","34.008","-118.5","2.0","SANTA MONICA PIER, CA US","  64.5","22","9999.9"," 0","1012.2","22","999.9"," 0","999.9"," 0","999.9"," 0","999.9","999.9","  66.0","*","  62.8","*"," 0.00","I","999.9","000000"
"99402899999","2023-07-23","34.008","-118.5","2.0","SANTA MONICA PIER, CA US","  66.9","24","9999.9"," 0","1012.5","24","999.9"," 0","999.9"," 0","999.9"," 0","999.9","999.9","  69.1","*","  65.7","*"," 0.00","I","999.9","000000"
"99402899999","2023-07-24","34.008","-118.5","2.0","SANTA MONICA PIER, CA US","  66.8","24","9999.9"," 0","1015.2","24","999.9"," 0","999.9"," 0","999.9"," 0","999.9","999.9","  67.8","*","  64.9","*"," 0.00","I","999.9","000000"
"99402899999","2023-07-25","34.008","-118.5","2.0","SANTA MONICA PIER, CA US","  66.0","24","9999.9"," 0","1015.2","24","999.9"," 0","999.9"," 0","999.9"," 0","999.9","999.9","  67.6","*","  64.4","*"," 0.00","I","999.9","000000"
"99402899999","2023-07-26","34.008","-118.5","2.0","SANTA MONICA PIER, CA US","  68.6","24","9999.9"," 0","1014.1","24","999.9"," 0","999.9"," 0","999.9"," 0","999.9","999.9","  71.4","*","  65.7","*"," 0.00","I","999.9","000000"
"99402899999","2023-07-27","34.008","-118.5","2.0","SANTA MONICA PIER, CA US","  69.4","22","9999.9"," 0","1013.0","22","999.9"," 0","999.9"," 0","999.9"," 0","999.9","999.9","  70.9","*","  67.8","*"," 0.00","I","999.9","000000"
"99402899999","2023-07-28","34.008","-118.5","2.0","SANTA MONICA PIER, CA US","  69.1","24","9999.9"," 0","1013.3","24","999.9"," 0","999.9"," 0","999.9"," 0","999.9","999.9","  70.3","*","  68.4","*"," 0.00","I","999.9","000000"
"99402899999","2023-07-29","34.008","-118.5","2.0","SANTA MONICA PIER, CA US","  68.5","24","9999.9"," 0","1014.4","24","999.9"," 0","999.9"," 0","999.9"," 0","999.9","999.9","  69.4","*","  67.6","*"," 0.00","I","999.9","000000"
"99402899999","2023-07-30","34.008","-118.5","2.0","SANTA MONICA PIER, CA US","  69.4","24","9999.9"," 0","1013.1","24","999.9"," 0","999.9"," 0","999.9"," 0","999.9","999.9","  70.7","*","  68.2","*"," 0.00","I","999.9","000000"
"99402899999","2023-07-31","34.008","-118.5","2.0","SANTA MONICA PIER, CA US","  70.9","24","9999.9"," 0","1013.2","24","999.9"," 0","999.9"," 0","999.9"," 0","999.9","999.9","  74.8","*","  69.1","*"," 0.00","I","999.9","000000"
"99402899999","2023-08-01","34.008","-118.5","2.0","SANTA MONICA PIER, CA US","  70.3","23","9999.9"," 0","1015.2","23","999.9"," 0","999.9"," 0","999.9"," 0","999.9","999.9","  73.2","*","  69.3","*"," 0.00","I","999.9","000000"
"99402899999","2023-08-02","34.008","-118.5","2.0","SANTA MONICA PIER, CA US","  69.2","23","9999.9"," 0","1015.8","23","999.9"," 0","999.9"," 0","999.9"," 0","999.9","999.9","  71.4","*","  66.9","*"," 0.00","I","999.9","000000"
"99402899999","2023-08-03","34.008","-118.5","2.0","SANTA MONICA PIER, CA US","  67.2","24","9999.9"," 0","1015.7","24","999.9"," 0","999.9"," 0","999.9"," 0","999.9","999.9","  70.2","*","  63.9","*"," 0.00","I","999.9","000000"
"99402899999","2023-08-04","34.008","-118.5","2.0","SANTA MONICA PIER, CA US","  67.1","21","9999.9"," 0","1014.2","21","999.9"," 0","999.9"," 0","999.9"," 0","999.9","999.9","  69.3","*","  65.1","*"," 0.00","I","999.9","000000"
"99402899999","2023-08-05","34.008","-118.5","2.0","SANTA MONICA PIER, CA US","  67.5","24","9999.9"," 0","1012.3","24","999.9"," 0","999.9"," 0","999.9"," 0","999.9","999.9","  68.9","*","  65.1","*"," 0.00","I","999.9","000000"
"99402899999","2023-08-06","34.008","-118.5","2.0","SANTA MONICA PIER, CA US","  67.7","24","9999.9"," 0","1013.3","24","999.9"," 0","999.9"," 0","999.9"," 0","999.9","999.9","  69.1","*","  65.8","*"," 0.00","I","999.9","000000"
"99402899999","2023-08-07","34.008","-118.5","2.0","SANTA MONICA PIER, CA US","  66.3","22","9999.9"," 0","1016.3","22","999.9"," 0","999.9"," 0","999.9"," 0","999.9","999.9","  69.3","*","  64.2","*"," 0.00","I","999.9","000000"
"99402899999","2023-08-08","34.008","-118.5","2.0","SANTA MONICA PIER, CA US","  67.3","24","9999.9"," 0","1016.9","24","999.9"," 0","999.9"," 0","999.9"," 0","999.9","999.9","  70.0","*","  64.4","*"," 0.00","I","999.9","000000"
"99402899999","2023-08-09","34.008","-118.5","2.0","SANTA MONICA PIER, CA US","  68.0","22","9999.9"," 0","1015.0","22","999.9"," 0","999.9"," 0","999.9"," 0","999.9","999.9","  70.2","*","  66.9","*"," 0.00","I","999.9","000000"
"99402899999","2023-08-10","34.008","-118.5","2.0","SANTA MONICA PIER, CA US","  67.5","22","9999.9"," 0","1014.8","22","999.9"," 0","999.9"," 0","999.9"," 0","999.9","999.9","  70.2","*","  66.2","*"," 0.00","I","999.9","000000"
"99402899999","2023-08-11","34.008","-118.5","2.0","SANTA MONICA PIER, CA US","  67.1","23","9999.9"," 0","1015.5","23","999.9"," 0","999.9"," 0","999.9"," 0","999.9","999.9","  68.2","*","  65.8","*"," 0.00","I","999.9","000000"
"99402899999","2023-08-12","34.008","-118.5","2.0","SANTA MONICA PIER, CA US","  67.9","24","9999.9"," 0","1015.9","24","999.9"," 0","999.9"," 0","999.9"," 0","999.9","999.9","  68.9","*","  67.3","*"," 0.00","I","999.9","000000"
"99402899999","2023-08-13","34.008","-118.5","2.0","SANTA MONICA PIER, CA US","  68.1","23","9999.9"," 0","1015.0","23","999.9"," 0","999.9"," 0","999.9"," 0","999.9","999.9","  69.6","*","  66.9","*"," 0.00","I","999.9","000000"
"99402899999","2023-08-14","34.008","-118.5","2.0","SANTA MONICA PIER, CA US","  66.5","24","9999.9"," 0","1014.0","24","999.9"," 0","999.9"," 0","999.9"," 0","999.9","999.9","  67.6","*","  65.7","*"," 0.00","I","999.9","000000"
"99402899999","2023-08-15","34.008","-118.5","2.0","SANTA MONICA PIER, CA US","  65.5","24","9999.9"," 0","1014.7","24","999.9"," 0","999.9"," 0","999.9"," 0","999.9","999.9","  67.3","*","  64.0","*"," 0.00","I","999.9","000000"
"99402899999","2023-08-16","34.008","-118.5","2.0","SANTA MONICA PIER, CA US","  66.0","24","9999.9"," 0","1013.6","24","999.9"," 0","999.9"," 0","999.9"," 0","999.9","999.9","  67.6","*","  63.1","*"," 0.00","I","999.9","000000"
"99402899999","2023-08-17","34.008","-118.5","2.0","SANTA MONICA PIER, CA US","  65.3","23","9999.9"," 0","1011.6","23","999.9"," 0","999.9"," 0","999.9"," 0","999.9","999.9","  67.3","*","  63.0","*"," 0.00","I","999.9","000000"
"99402899999","2023-08-18","34.008","-118.5","2.0","SANTA MONICA PIER, CA US","  64.4","23","9999.9"," 0","1011.6","23","999.9"," 0","999.9"," 0","999.9"," 0","999.9","999.9","  65.8","*","  63.1","*"," 0.00","I","999.9","000000"
"99402899999","2023-08-19","34.008","-118.5","2.0","SANTA MONICA PIER, CA US","  65.2","23","9999.9"," 0","1010.8","23","999.9"," 0","999.9"," 0","999.9"," 0","999.9","999.9","  67.5","*","  62.8","*"," 0.00","I","999.9","000000"
"99402899999","2023-08-20","34.008","-118.5","2.0","SANTA MONICA PIER, CA US","  71.0","24","9999.9"," 0","1005.8","24","999.9"," 0","999.9"," 0","999.9"," 0","999.9","999.9","  78.4","*","  67.3","*"," 0.00","I","999.9","000000"
"99402899999","2023-08-21","34.008","-118.5","2.0","SANTA MONICA PIER, CA US","  68.1","24","9999.9"," 0","1011.3","24","999.9"," 0","999.9"," 0","999.9"," 0","999.9","999.9","  75.2","*","  64.8","*"," 0.00","I","999.9","000000"
"99402899999","2023-08-22","34.008","-118.5","2.0","SANTA MONICA PIER, CA US","  67.2","24","9999.9"," 0","1015.1","24","999.9"," 0","999.9"," 0","999.9"," 0","999.9","999.9","  68.7","*","  65.3","*"," 0.00","I","999.9","000000"
"99402899999","2023-08-23","34.008","-118.5","2.0","SANTA MONICA PIER, CA US","  67.7","24","9999.9"," 0","1012.9","24","999.9"," 0","999.9"," 0","999.9"," 0","999.9","999.9","  70.0","*","  65.7","*"," 0.00","I","999.9","000000"
"99402899999","2023-08-24","34.008","-118.5","2.0","SANTA MONICA PIER, CA US","  65.7","23","9999.9"," 0","1013.4","23","999.9"," 0","999.9"," 0","999.9"," 0","999.9","999.9","  68.4","*","  64.0","*"," 0.00","I","999.9","000000"
"99402899999","2023-08-25","34.008","-118.5","2.0","SANTA MONICA PIER, CA US","  65.0","24","9999.9"," 0","1014.3","24","999.9"," 0","999.9"," 0","999.9"," 0","999.9","999.9","  66.7","*","  63.5","*"," 0.00","I","999.9","000000"
"99402899999","2023-08-26","34.008","-118.5","2.0","SANTA MONICA PIER, CA US","  66.0","24","9999.9"," 0","1014.0","24","999.9"," 0","999.9"," 0","999.9"," 0","999.9","999.9","  68.0","*","  63.1","*"," 0.00","I","999.9","000000"
"99402899999","2023-08-27","34.008","-118.5","2.0","SANTA MONICA PIER, CA US","  67.1","23","9999.9"," 0","1013.0","23","999.9"," 0","999.9"," 0","999.9"," 0","999.9","999.9","  70.3","*","  64.0","*"," 0.00","I","999.9","000000"
"99402899999","2023-08-28","34.008","-118.5","2.0","SANTA MONICA PIER, CA US","  68.4","24","9999.9"," 0","1011.3","24","999.9"," 0","999.9"," 0","999.9"," 0","999.9","999.9","  70.7","*","  67.1","*"," 0.00","I","999.9","000000"
"99402899999","2023-08-29","34.008","-118.5","2.0","SANTA MONICA PIER, CA US","  68.9","24","9999.9"," 0","1010.9","24","999.9"," 0","999.9"," 0","999.9"," 0","999.9","999.9","  73.0","*","  66.4","*"," 0.00","I","999.9","000000"
"99402899999","2023-08-30","34.008","-118.5","2.0","SANTA MONICA PIER, CA US","  69.8","24","9999.9"," 0","1010.1","24","999.9"," 0","999.9"," 0","999.9"," 0","999.9","999.9","  73.2","*","  66.9","*"," 0.00","I","999.9","000000"
"99402899999","2023-08-31","34.008","-118.5","2.0","SANTA MONICA PIER, CA US","  68.2","23","9999.9"," 0","1010.2","23","999.9"," 0","999.9"," 0","999.9"," 0","999.9","999.9","  73.2","*","  64.8","*"," 0.00","I","999.9","000000"
"99402899999","2023-09-01","34.008","-118.5","2.0","SANTA MONICA PIER, CA US","  69.0","23","9999.9"," 0","1010.8","23","999.9"," 0","999.9"," 0","999.9"," 0","999.9","999.9","  70.9","*","  67.3","*"," 0.00","I","999.9","000000"
"99402899999","2023-09-02","34.008","-118.5","2.0","SANTA MONICA PIER, CA US","  69.3","24","9999.9"," 0","1015.2","24","999.9"," 0","999.9"," 0","999.9"," 0","999.9","999.9","  72.7","*","  67.1","*"," 0.00","I","999.9","000000"
"99402899999","2023-09-03","34.008","-118.5","2.0","SANTA MONICA PIER, CA US","  70.0","24","9999.9"," 0","1017.0","24","999.9"," 0","999.9"," 0","999.9"," 0","999.9","999.9","  71.8","*","  68.5","*"," 0.00","I","999.9","000000"
"99402899999","2023-09-04","34.008","-118.5","2.0","SANTA MONICA PIER, CA US","  67.2","24","9999.9"," 0","1014.1","24","999.9"," 0","999.9"," 0","999.9"," 0","999.9","999.9","  68.9","*","  64.6","*"," 0.00","I","999.9","000000"
"99402899999","2023-09-05","34.008","-118.5","2.0","SANTA MONICA PIER, CA US","  67.1","24","9999.9"," 0","1012.4","24","999.9"," 0","999.9"," 0","999.9"," 0","999.9","999.9","  68.9","*","  66.0","*"," 0.00","I","999.9","000000"
"99402899999","2023-09-06","34.008","-118.5","2.0","SANTA MONICA PIER, CA US","  68.2","23","9999.9"," 0","1014.3","23","999.9"," 0","999.9"," 0","999.9"," 0","999.9","999.9","  69.8","*","  67.1","*"," 0.00","I","999.9","000000"
"99402899999","2023-09-07","34.008","-118.5","2.0","SANTA MONICA PIER, CA US","  67.6","23","9999.9"," 0","1014.4","23","999.9"," 0","999.9"," 0","999.9"," 0","999.9","999.9","  71.6","*","  64.6","*"," 0.00","I","999.9","000000"
"99402899999","2023-09-08","34.008","-118.5","2.0","SANTA MONICA PIER, CA US","  68.1","24","9999.9"," 0","1015.5","24","999.9"," 0","999.9"," 0","999.9"," 0","999.9","999.9","  70.7","*","  65.7","*"," 0.00","I","999.9","000000"
"99402899999","2023-09-09","34.008","-118.5","2.0","SANTA MONICA PIER, CA US","  69.7","24","9999.9"," 0","1015.8","24","999.9"," 0","999.9"," 0","999.9"," 0","999.9","999.9","  72.7","*","  68.2","*"," 0.00","I","999.9","000000"
"99402899999","2023-09-10","34.008","-118.5","2.0","SANTA MONICA PIER, CA US","  73.0","24","9999.9"," 0","1013.7","24","999.9"," 0","999.9"," 0","999.9"," 0","999.9","999.9","  76.6","*","  69.6","*"," 0.00","I","999.9","000000"
"99402899999","2023-09-11","34.008","-118.5","2.0","SANTA MONICA PIER, CA US","  69.7","24","9999.9"," 0","1013.2","24","999.9"," 0","999.9"," 0","999.9"," 0","999.9","999.9","  73.2","*","  68.0","*"," 0.00","I","999.9","000000"
"99402899999","2023-09-12","34.008","-118.5","2.0","SANTA MONICA PIER, CA US","  68.4","24","9999.9"," 0","1013.2","24","999.9"," 0","999.9"," 0","999.9"," 0","999.9","999.9","  71.1","*","  66.4","*"," 0.00","I","999.9","000000"
"99402899999","2023-09-13","34.008","-118.5","2.0","SANTA MONICA PIER, CA US","  67.8","24","9999.9"," 0","1014.3","24","999.9"," 0","999.9"," 0","999.9"," 0","999.9","999.9","  70.0","*","  66.4","*"," 0.00","I","999.9","000000"
"99402899999","2023-09-14","34.008","-118.5","2.0","SANTA MONICA PIER, CA US","  67.1","23","9999.9"," 0","1014.2","23","999.9"," 0","999.9"," 0","999.9"," 0","999.9","999.9","  69.6","*","  65.8","*"," 0.00","I","999.9","000000"
"99402899999","2023-09-15","34.008","-118.5","2.0","SANTA MONICA PIER, CA US","  67.1","24","9999.9"," 0","1014.8","24","999.9"," 0","999.9"," 0","999.9"," 0","999.9","999.9","  68.9","*","  66.0","*"," 0.00","I","999.9","000000"
"99402899999","2023-09-16","34.008","-118.5","2.0","SANTA MONICA PIER, CA US","  66.0","24","9999.9"," 0","1015.1","24","999.9"," 0","999.9"," 0","999.9"," 0","999.9","999.9","  67.3","*","  64.9","*"," 0.00","I","999.9","000000"
"99402899999","2023-09-17","34.008","-118.5","2.0","SANTA MONICA PIER, CA US","  65.7","24","9999.9"," 0","1015.6","24","999.9"," 0","999.9"," 0","999.9"," 0","999.9","999.9","  67.5","*","  64.6","*"," 0.00","I","999.9","000000"
"99402899999","2023-09-18","34.008","-118.5","2.0","SANTA MONICA PIER, CA US","  65.7","24","9999.9"," 0","1015.6","24","999.9"," 0","999.9"," 0","999.9"," 0","999.9","999.9","  67.5","*","  63.1","*"," 0.00","I","999.9","000000"
"99402899999","2023-09-19","34.008","-118.5","2.0","SANTA MONICA PIER, CA US","  65.0","14","9999.9"," 0","1014.4","14","999.9"," 0","999.9"," 0","999.9"," 0","999.9","999.9","  66.9","*","  63.1","*"," 0.00","I","999.9","000000"
"99402899999","2023-09-20","34.008","-118.5","2.0","SANTA MONICA PIER, CA US","  66.2","23","9999.9"," 0","1012.6","23","999.9"," 0","999.9"," 0","999.9"," 0","999.9","999.9","  67.3","*","  64.8","*"," 0.00","I","999.9","000000"
"99402899999","2023-09-21","34.008","-118.5","2.0","SANTA MONICA PIER, CA US","  65.4","24","9999.9"," 0","1013.2","24","999.9"," 0","999.9"," 0","999.9"," 0","999.9","999.9","  66.7","*","  64.4","*"," 0.00","I","999.9","000000"
"99402899999","2023-09-22","34.008","-118.5","2.0","SANTA MONICA PIER, CA US","  64.1","23","9999.9"," 0","1015.4","23","999.9"," 0","999.9"," 0","999.9"," 0","999.9","999.9","  66.6","*","  61.2","*"," 0.00","I","999.9","000000"
"99402899999","2023-09-23","34.008","-118.5","2.0","SANTA MONICA PIER, CA US","  64.7","24","9999.9"," 0","1016.1","24","999.9"," 0","999.9"," 0","999.9"," 0","999.9","999.9","  66.4","*","  61.2","*"," 0.00","I","999.9","000000"
"99402899999","2023-09-24","34.008","-118.5","2.0","SANTA MONICA PIER, CA US","  64.8","24","9999.9"," 0","1016.1","24","999.9"," 0","999.9"," 0","999.9"," 0","999.9","999.9","  67.1","*","  62.8","*"," 0.00","I","999.9","000000"
"99402899999","2023-09-25","34.008","-118.5","2.0","SANTA MONICA PIER, CA US","  63.9","24","9999.9"," 0","1017.0","24","999.9"," 0","999.9"," 0","999.9"," 0","999.9","999.9","  65.7","*","  61.5","*"," 0.00","I","999.9","000000"
"99402899999","2023-09-26","34.008","-118.5","2.0","SANTA MONICA PIER, CA US","  64.8","24","9999.9"," 0","1016.7","24","999.9"," 0","999.9"," 0","999.9"," 0","999.9","999.9","  67.8","*","  60.6","*"," 0.00","I","999.9","000000"
"99402899999","2023-09-27","34.008","-118.5","2.0","SANTA MONICA PIER, CA US","  65.5","23","9999.9"," 0","1013.5","23","999.9"," 0","999.9"," 0","999.9"," 0","999.9","999.9","  67.8","*","  61.9","*"," 0.00","I","999.9","000000"
"99402899999","2023-09-28","34.008","-118.5","2.0","SANTA MONICA PIER, CA US","  66.5","22","9999.9"," 0","1011.9","22","999.9"," 0","999.9"," 0","999.9"," 0","999.9","999.9","  69.4","*","  65.1","*"," 0.00","I","999.9","000000"
"99402899999","2023-09-29","34.008","-118.5","2.0","SANTA MONICA PIER, CA US","  66.1","23","9999.9"," 0","1011.5","23","999.9"," 0","999.9"," 0","999.9"," 0","999.9","999.9","  66.9","*","  65.3","*"," 0.00","I","999.9","000000"
"99402899999","2023-09-30","34.008","-118.5","2.0","SANTA MONICA PIER, CA US","  65.1","23","9999.9"," 0","1011.2","23","999.9"," 0","999.9"," 0","999.9"," 0","999.9","999.9","  66.7","*","  63.9","*"," 0.00","I","999.9","000000"
"99402899999","2023-10-01","34.008","-118.5","2.0","SANTA MONICA PIER, CA US","  62.3","24","9999.9"," 0","1011.9","24","999.9"," 0","999.9"," 0","999.9"," 0","999.9","999.9","  64.8","*","  59.2","*"," 0.00","I","999.9","000000"
"99402899999","2023-10-02","34.008","-118.5","2.0","SANTA MONICA PIER, CA US","  61.6","24","9999.9"," 0","1015.1","24","999.9"," 0","999.9"," 0","999.9"," 0","999.9","999.9","  64.4","*","  57.6","*"," 0.00","I","999.9","000000"
"99402899999","2023-10-03","34.008","-118.5","2.0","SANTA MONICA PIER, CA US","  63.0","23","9999.9"," 0","1014.8","23","999.9"," 0","999.9"," 0","999.9"," 0","999.9","999.9","  66.4","*","  59.5","*"," 0.00","I","999.9","000000"
"99402899999","2023-10-04","34.008","-118.5","2.0","SANTA MONICA PIER, CA US","  65.4","23","9999.9"," 0","1012.9","23","999.9"," 0","999.9"," 0","999.9"," 0","999.9","999.9","  69.6","*","  62.1","*"," 0.00","I","999.9","000000"
"99402899999","2023-10-05","34.008","-118.5","2.0","SANTA MONICA PIER, CA US","  68.1","20","9999.9"," 0","1013.4","20","999.9"," 0","999.9"," 0","999.9"," 0","999.9","999.9","  71.4","*","  64.9","*"," 0.00","I","999.9","000000"
"99402899999","2023-10-06","34.008","-118.5","2.0","SANTA MONICA PIER, CA US","  68.1","22","9999.9"," 0","1013.0","22","999.9"," 0","999.9"," 0","999.9"," 0","999.9","999.9","  71.4","*","  62.1","*"," 0.00","I","999.9","000000"
"99402899999","2023-10-07","34.008","-118.5","2.0","SANTA MONICA PIER, CA US","  66.5","23","9999.9"," 0","1011.8","23","999.9"," 0","999.9"," 0","999.9"," 0","999.9","999.9","  72.0","*","  63.0","*"," 0.00","I","999.9","000000"
"99402899999","2023-10-08","34.008","-118.5","2.0","SANTA MONICA PIER, CA US","  62.5","24","9999.9"," 0","1012.2","24","999.9"," 0","999.9"," 0","999.9"," 0","999.9","999.9","  64.6","*","  61.0","*"," 0.00","I","999.9","000000"
"99402899999","2023-10-09","34.008","-118.5","2.0","SANTA MONICA PIER, CA US","  62.8","24","9999.9"," 0","1011.3","24","999.9"," 0","999.9"," 0","999.9"," 0","999.9","999.9","  64.4","*","  61.2","*"," 0.00","I","999.9","000000"
"99402899999","2023-10-10","34.008","-118.5","2.0","SANTA MONICA PIER, CA US","  63.9","22","9999.9"," 0","1009.2","22","999.9"," 0","999.9"," 0","999.9"," 0","999.9","999.9","  65.8","*","  62.1","*"," 0.00","I","999.9","000000"
"99402899999","2023-10-11","34.008","-118.5","2.0","SANTA MONICA PIER, CA US","  64.3","23","9999.9"," 0","1006.5","23","999.9"," 0","999.9"," 0","999.9"," 0","999.9","999.9","  66.2","*","  62.8","*"," 0.00","I","999.9","000000"
"99402899999","2023-10-12","34.008","-118.5","2.0","SANTA MONICA PIER, CA US","  65.1","23","9999.9"," 0","1006.4","23","999.9"," 0","999.9"," 0","999.9"," 0","999.9","999.9","  68.7","*","  61.9","*"," 0.00","I","999.9","000000"
"99402899999","2023-10-13","34.008","-118.5","2.0","SANTA MONICA PIER, CA US","  65.5","24","9999.9"," 0","1011.0","24","999.9"," 0","999.9"," 0","999.9"," 0","999.9","999.9","  68.7","*","  61.2","*"," 0.00","I","999.9","000000"
"99402899999","2023-10-14","34.008","-118.5","2.0","SANTA MONICA PIER, CA US","  64.4","24","9999.9"," 0","1016.0","24","999.9"," 0","999.9"," 0","999.9"," 0","999.9","999.9","  67.3","*","  61.2","*"," 0.00","I","999.9","000000"
"99402899999","2023-10-15","34.008","-118.5","2.0","SANTA MONICA PIER, CA US","  66.2","23","9999.9"," 0","1017.0","23","999.9"," 0","999.9"," 0","999.9"," 0","999.9","999.9","  69.6","*","  62.6","*"," 0.00","I","999.9","000000"
"99402899999","2023-10-16","34.008","-118.5","2.0","SANTA MONICA PIER, CA US","  66.8","24","9999.9"," 0","1016.0","24","999.9"," 0","999.9"," 0","999.9"," 0","999.9","999.9","  69.4","*","  63.1","*"," 0.00","I","999.9","000000"
"99402899999","2023-10-17","34.008","-118.5","2.0","SANTA MONICA PIER, CA US","  64.2","23","9999.9"," 0","1013.5","23","999.9"," 0","999.9"," 0","999.9"," 0","999.9","999.9","  68.2","*","  58.6","*"," 0.00","I","999.9","000000"
"99402899999","2023-10-18","34.008","-118.5","2.0","SANTA MONICA PIER, CA US","  64.0","23","9999.9"," 0","1012.7","23","999.9"," 0","999.9"," 0","999.9"," 0","999.9","999.9","  66.7","*","  61.0","*"," 0.00","I","999.9","000000"
"99402899999","2023-10-19","34.008","-118.5","2.0","SANTA MONICA PIER, CA US","  63.0","24","9999.9"," 0","1014.1","24","999.9"," 0","999.9"," 0","999.9"," 0","999.9","999.9","  67.3","*","  59.9","*"," 0.00","I","999.9","000000"
"99402899999","2023-10-20","34.008","-118.5","2.0","SANTA MONICA PIER, CA US","  65.7","21","9999.9"," 0","1013.1","21","999.9"," 0","999.9"," 0","999.9"," 0","999.9","999.9","  68.4","*","  63.9","*"," 0.00","I","999.9","000000"
"99402899999","2023-10-21","34.008","-118.5","2.0","SANTA MONICA PIER, CA US","  67.0","24","9999.9"," 0","1010.8","24","999.9"," 0","999.9"," 0","999.9"," 0","999.9","999.9","  70.2","*","  64.0","*"," 0.00","I","999.9","000000"
"99402899999","2023-10-22","34.008","-118.5","2.0","SANTA MONICA PIER, CA US","  64.1","23","9999.9"," 0","1010.4","23","999.9"," 0","999.9"," 0","999.9"," 0","999.9","999.9","  67.8","*","  60.1","*"," 0.00","I","999.9","000000"
"99402899999","2023-10-23","34.008","-118.5","2.0","SANTA MONICA PIER, CA US","  65.4","24","9999.9"," 0","1008.2","24","999.9"," 0","999.9"," 0","999.9"," 0","999.9","999.9","  71.2","*","  63.7","*"," 0.00","I","999.9","000000"
"99402899999","2023-10-24","34.008","-118.5","2.0","SANTA MONICA PIER, CA US","  64.5","23","9999.9"," 0","1009.5","23","999.9"," 0","999.9"," 0","999.9"," 0","999.9","999.9","  67.3","*","  60.3","*"," 0.00","I","999.9","000000"
"99402899999","2023-10-25","34.008","-118.5","2.0","SANTA MONICA PIER, CA US","  65.4","22","9999.9"," 0","1014.1","22","999.9"," 0","999.9"," 0","999.9"," 0","999.9","999.9","  66.9","*","  64.8","*"," 0.00","I","999.9","000000"
"99402899999","2023-10-26","34.008","-118.5","2.0","SANTA MONICA PIER, CA US","  64.1","22","9999.9"," 0","1016.5","22","999.9"," 0","999.9"," 0","999.9"," 0","999.9","999.9","  65.7","*","  62.8","*"," 0.00","I","999.9","000000"
"99402899999","2023-10-27","34.008","-118.5","2.0","SANTA MONICA PIER, CA US","  62.9","24","9999.9"," 0","1016.3","24","999.9"," 0","999.9"," 0","999.9"," 0","999.9","999.9","  66.6","*","  59.0","*"," 0.00","I","999.9","000000"
"99402899999","2023-10-28","34.008","-118.5","2.0","SANTA MONICA PIER, CA US","  62.3","21","9999.9"," 0","1015.6","21","999.9"," 0","999.9"," 0","999.9"," 0","999.9","999.9","  65.5","*","  58.5","*"," 0.00","I","999.9","000000"
"99402899999","2023-10-29","34.008","-118.5","2.0","SANTA MONICA PIER, CA US","  65.4","24","9999.9"," 0","1015.8","24","999.9"," 0","999.9"," 0","999.9"," 0","999.9","999.9","  78.4","*","  57.0","*"," 0.00","I","999.9","000000"
"99402899999","2023-10-30","34.008","-118.5","2.0","SANTA MONICA PIER, CA US","  67.1","24","9999.9"," 0","1018.3","24","999.9"," 0","999.9"," 0","999.9"," 0","999.9","999.9","  81.5","*","  56.8","*"," 0.00","I","999.9","000000"
"99402899999","2023-10-31","34.008","-118.5","2.0","SANTA MONICA PIER, CA US","  71.7","23","9999.9"," 0","1017.3","23","999.9"," 0","999.9"," 0","999.9"," 0","999.9","999.9","  80.4","*","  66.0","*"," 0.00","I","999.9","000000"
"99402899999","2023-11-01","34.008","-118.5","2.0","SANTA MONICA PIER, CA US","  71.5","18","9999.9"," 0","1016.6","18","999.9"," 0","999.9"," 0","999.9"," 0","999.9","999.9","  78.3","*","  65.3","*"," 0.00","I","999.9","000000"
"99402899999","2023-11-02","34.008","-118.5","2.0","SANTA MONICA PIER, CA US","  66.9","16","9999.9"," 0","1017.8","16","999.9"," 0","999.9"," 0","999.9"," 0","999.9","999.9","  71.6","*","  63.0","*"," 0.00","I","999.9","000000"
"99402899999","2023-11-03","34.008","-118.5","2.0","SANTA MONICA PIER, CA US","  62.8","23","9999.9"," 0","1017.9","23","999.9"," 0","999.9"," 0","999.9"," 0","999.9","999.9","  70.3","*","  59.0","*"," 0.00","I","999.9","000000"
"99402899999","2023-11-04","34.008","-118.5","2.0","SANTA MONICA PIER, CA US","  59.8","24","9999.9"," 0","1017.7","24","999.9"," 0","999.9"," 0","999.9"," 0","999.9","999.9","  64.4","*","  54.3","*"," 0.00","I","999.9","000000"
"99402899999","2023-11-05","34.008","-118.5","2.0","SANTA MONICA PIER, CA US","  61.4","22","9999.9"," 0","1015.8","22","999.9"," 0","999.9"," 0","999.9"," 0","999.9","999.9","  64.9","*","  57.2","*"," 0.00","I","999.9","000000"
"99402899999","2023-11-06","34.008","-118.5","2.0","SANTA MONICA PIER, CA US","  62.1","21","9999.9"," 0","1013.9","21","999.9"," 0","999.9"," 0","999.9"," 0","999.9","999.9","  65.1","*","  57.6","*"," 0.00","I","999.9","000000"
"99402899999","2023-11-07","34.008","-118.5","2.0","SANTA MONICA PIER, CA US","  63.3","24","9999.9"," 0","1015.2","24","999.9"," 0","999.9"," 0","999.9"," 0","999.9","999.9","  65.1","*","  62.2","*"," 0.00","I","999.9","000000"
"99402899999","2023-11-08","34.008","-118.5","2.0","SANTA MONICA PIER, CA US","  65.9","24","9999.9"," 0","1017.1","24","999.9"," 0","999.9"," 0","999.9"," 0","999.9","999.9","  76.5","*","  62.6","*"," 0.00","I","999.9","000000"
"99402899999","2023-11-09","34.008","-118.5","2.0","SANTA MONICA PIER, CA US","  71.3","22","9999.9"," 0","1018.2","22","999.9"," 0","999.9"," 0","999.9"," 0","999.9","999.9","  77.9","*","  66.7","*"," 0.00","I","999.9","000000"
"99402899999","2023-11-10","34.008","-118.5","2.0","SANTA MONICA PIER, CA US","  66.2","23","9999.9"," 0","1017.1","23","999.9"," 0","999.9"," 0","999.9"," 0","999.9","999.9","  76.6","*","  57.4","*"," 0.00","I","999.9","000000"
"99402899999","2023-11-11","34.008","-118.5","2.0","SANTA MONICA PIER, CA US","  61.8","22","9999.9"," 0","1017.6","22","999.9"," 0","999.9"," 0","999.9"," 0","999.9","999.9","  68.0","*","  56.1","*"," 0.00","I","999.9","000000"
"99402899999","2023-11-12","34.008","-118.5","2.0","SANTA MONICA PIER, CA US","  64.7","24","9999.9"," 0","1016.7","24","999.9"," 0","999.9"," 0","999.9"," 0","999.9","999.9","  70.3","*","  60.6","*"," 0.00","I","999.9","000000"
"99402899999","2023-11-13","34.008","-118.5","2.0","SANTA MONICA PIER, CA US","  63.8","24","9999.9"," 0","1016.3","24","999.9"," 0","999.9"," 0","999.9"," 0","999.9","999.9","  71.6","*","  57.9","*"," 0.00","I","999.9","000000"
"99402899999","2023-11-14","34.008","-118.5","2.0","SANTA MONICA PIER, CA US","  60.4","23","9999.9"," 0","1016.3","23","999.9"," 0","999.9"," 0","999.9"," 0","999.9","999.9","  65.5","*","  55.0","*"," 0.00","I","999.9","000000"
"99402899999","2023-11-15","34.008","-118.5","2.0","SANTA MONICA PIER, CA US","  62.8","24","9999.9"," 0","1014.1","24","999.9"," 0","999.9"," 0","999.9"," 0","999.9","999.9","  69.3","*","  59.5","*"," 0.00","I","999.9","000000"
"99402899999","2023-11-16","34.008","-118.5","2.0","SANTA MONICA PIER, CA US","  61.5","24","9999.9"," 0","1016.2","24","999.9"," 0","999.9"," 0","999.9"," 0","999.9","999.9","  67.6","*","  56.3","*"," 0.00","I","999.9","000000"
"99402899999","2023-11-17","34.008","-118.5","2.0","SANTA MONICA PIER, CA US","  62.7","23","9999.9"," 0","1016.0","23","999.9"," 0","999.9"," 0","999.9"," 0","999.9","999.9","  67.3","*","  58.3","*"," 0.00","I","999.9","000000"
"99402899999","2023-11-18","34.008","-118.5","2.0","SANTA MONICA PIER, CA US","  63.4","24","9999.9"," 0","1016.6","24","999.9"," 0","999.9"," 0","999.9"," 0","999.9","999.9","  66.0","*","  62.1","*"," 0.00","I","999.9","000000"
"99402899999","2023-11-19","34.008","-118.5","2.0","SANTA MONICA PIER, CA US","  63.4","24","9999.9"," 0","1019.2","24","999.9"," 0","999.9"," 0","999.9"," 0","999.9","999.9","  70.0","*","  59.5","*"," 0.00","I","999.9","000000"
"99402899999","2023-11-20","34.008","-118.5","2.0","SANTA MONICA PIER, CA US","  64.2","24","9999.9"," 0","1018.5","24","999.9"," 0","999.9"," 0","999.9"," 0","999.9","999.9","  72.1","*","  55.9","*"," 0.00","I","999.9","000000"
"99402899999","2023-11-21","34.008","-118.5","2.0","SANTA MONICA PIER, CA US","  69.3","24","9999.9"," 0","1023.6","24","999.9"," 0","999.9"," 0","999.9"," 0","999.9","999.9","  80.1","*","  62.1","*"," 0.00","I","999.9","000000"
"99402899999","2023-11-22","34.008","-118.5","2.0","SANTA MONICA PIER, CA US","  70.3","24","9999.9"," 0","1021.3","24","999.9"," 0","999.9"," 0","999.9"," 0","999.9","999.9","  78.6","*","  65.3","*"," 0.00","I","999.9","000000"
"99402899999","2023-11-23","34.008","-118.5","2.0","SANTA MONICA PIER, CA US","  63.9","24","9999.9"," 0","1012.3","24","999.9"," 0","999.9"," 0","999.9"," 0","999.9","999.9","  68.9","*","  59.7","*"," 0.00","I","999.9","000000"
"99402899999","2023-11-24","34.008","-118.5","2.0","SANTA MONICA PIER, CA US","  61.7","24","9999.9"," 0","1011.5","24","999.9"," 0","999.9"," 0","999.9"," 0","999.9","999.9","  65.7","*","  59.2","*"," 0.00","I","999.9","000000"
"99402899999","2023-11-25","34.008","-118.5","2.0","SANTA MONICA PIER, CA US","  59.7","24","9999.9"," 0","1016.3","24","999.9"," 0","999.9"," 0","999.9"," 0","999.9","999.9","  63.3","*","  55.8","*"," 0.00","I","999.9","000000"
"99402899999","2023-11-26","34.008","-118.5","2.0","SANTA MONICA PIER, CA US","  61.5","24","9999.9"," 0","1018.1","24","999.9"," 0","999.9"," 0","999.9"," 0","999.9","999.9","  70.5","*","  54.1","*"," 0.00","I","999.9","000000"
"99402899999","2023-11-27","34.008","-118.5","2.0","SANTA MONICA PIER, CA US","  62.0","23","9999.9"," 0","1017.8","23","999.9"," 0","999.9"," 0","999.9"," 0","999.9","999.9","  68.2","*","  55.2","*"," 0.00","I","999.9","000000"
"99402899999","2023-11-28","34.008","-118.5","2.0","SANTA MONICA PIER, CA US","  61.7","23","9999.9"," 0","1020.3","23","999.9"," 0","999.9"," 0","999.9"," 0","999.9","999.9","  65.1","*","  56.3","*"," 0.00","I","999.9","000000"
"99402899999","2023-11-29","34.008","-118.5","2.0","SANTA MONICA PIER, CA US","  58.6","23","9999.9"," 0","1017.7","23","999.9"," 0","999.9"," 0","999.9"," 0","999.9","999.9","  63.1","*","  53.6","*"," 0.00","I","999.9","000000"
"99402899999","2023-11-30","34.008","-118.5","2.0","SANTA MONICA PIER, CA US","  58.0","20","9999.9"," 0","1014.3","20","999.9"," 0","999.9"," 0","999.9"," 0","999.9","999.9","  61.5","*","  54.1","*"," 0.00","I","999.9","000000"
"99402899999","2023-12-01","34.008","-118.5","2.0","SANTA MONICA PIER, CA US","  59.9","23","9999.9"," 0","1015.4","23","999.9"," 0","999.9"," 0","999.9"," 0","999.9","999.9","  62.6","*","  57.0","*"," 0.00","I","999.9","000000"
"99402899999","2023-12-02","34.008","-118.5","2.0","SANTA MONICA PIER, CA US","  60.6","15","9999.9"," 0","1020.0","15","999.9"," 0","999.9"," 0","999.9"," 0","999.9","999.9","  63.0","*","  54.5","*"," 0.00","I","999.9","000000"
"99402899999","2023-12-03","34.008","-118.5","2.0","SANTA MONICA PIER, CA US","  58.0","23","9999.9"," 0","1022.8","23","999.9"," 0","999.9"," 0","999.9"," 0","999.9","999.9","  62.1","*","  52.7","*"," 0.00","I","999.9","000000"
"99402899999","2023-12-04","34.008","-118.5","2.0","SANTA MONICA PIER, CA US","  58.5","17","9999.9"," 0","1020.8","17","999.9"," 0","999.9"," 0","999.9"," 0","999.9","999.9","  62.8","*","  55.8","*"," 0.00","I","999.9","000000"
"99402899999","2023-12-05","34.008","-118.5","2.0","SANTA MONICA PIER, CA US","  63.4","17","9999.9"," 0","1019.5","17","999.9"," 0","999.9"," 0","999.9"," 0","999.9","999.9","  66.7","*","  58.5","*"," 0.00","I","999.9","000000"
"99402899999","2023-12-06","34.008","-118.5","2.0","SANTA MONICA PIER, CA US","  62.6","21","9999.9"," 0","1018.9","21","999.9"," 0","999.9"," 0","999.9"," 0","999.9","999.9","  67.6","*","  58.3","*"," 0.00","I","999.9","000000"
"99402899999","2023-12-07","34.008","-118.5","2.0","SANTA MONICA PIER, CA US","  59.0","23","9999.9"," 0","1018.7","23","999.9"," 0","999.9"," 0","999.9"," 0","999.9","999.9","  62.1","*","  55.8","*"," 0.00","I","999.9","000000"
"99402899999","2023-12-08","34.008","-118.5","2.0","SANTA MONICA PIER, CA US","  61.3","24","9999.9"," 0","1017.6","24","999.9"," 0","999.9"," 0","999.9"," 0","999.9","999.9","  66.9","*","  56.5","*"," 0.00","I","999.9","000000"
"99402899999","2023-12-09","34.008","-118.5","2.0","SANTA MONICA PIER, CA US","  61.4"," 8","9999.9"," 0","1019.7"," 8","999.9"," 0","999.9"," 0","999.9"," 0","999.9","999.9","  71.2","*","  57.9","*"," 0.00","I","999.9","000000"
"99402899999","2023-12-10","34.008","-118.5","2.0","SANTA MONICA PIER, CA US","  64.1","22","9999.9"," 0","1022.8","22","999.9"," 0","999.9"," 0","999.9"," 0","999.9","999.9","  73.0","*","  55.6","*"," 0.00","I","999.9","000000"
"99402899999","2023-12-11","34.008","-118.5","2.0","SANTA MONICA PIER, CA US","  60.1","18","9999.9"," 0","1015.7","18","999.9"," 0","999.9"," 0","999.9"," 0","999.9","999.9","  64.6","*","  55.0","*"," 0.00","I","999.9","000000"
"99402899999","2023-12-12","34.008","-118.5","2.0","SANTA MONICA PIER, CA US","  57.3","24","9999.9"," 0","1012.6","24","999.9"," 0","999.9"," 0","999.9"," 0","999.9","999.9","  63.9","*","  49.5","*"," 0.00","I","999.9","000000"
"99402899999","2023-12-13","34.008","-118.5","2.0","SANTA MONICA PIER, CA US","  57.6","22","9999.9"," 0","1015.6","22","999.9"," 0","999.9"," 0","999.9"," 0","999.9","999.9","  60.6","*","  53.8","*"," 0.00","I","999.9","000000"
"99402899999","2023-12-14","34.008","-118.5","2.0","SANTA MONICA PIER, CA US","  58.7","22","9999.9"," 0","1019.7","22","999.9"," 0","999.9"," 0","999.9"," 0","999.9","999.9","  64.4","*","  51.4","*"," 0.00","I","999.9","000000"
"99402899999","2023-12-15","34.008","-118.5","2.0","SANTA MONICA PIER, CA US","  64.7","23","9999.9"," 0","1021.0","23","999.9"," 0","999.9"," 0","999.9"," 0","999.9","999.9","  78.3","*","  58.6","*"," 0.00","I","999.9","000000"
"99402899999","2023-12-16","34.008","-118.5","2.0","SANTA MONICA PIER, CA US","  65.7","10","9999.9"," 0","1018.4","10","999.9"," 0","999.9"," 0","999.9"," 0","999.9","999.9","  68.4","*","  61.0","*"," 0.00","I","999.9","000000"
"99402899999","2023-12-17","34.008","-118.5","2.0","SANTA MONICA PIER, CA US","  64.8","12","9999.9"," 0","1017.1","12","999.9"," 0","999.9"," 0","999.9"," 0","999.9","999.9","  68.5","*","  61.7","*"," 0.00","I","999.9","000000"
"99402899999","2023-12-18","34.008","-118.5","2.0","SANTA MONICA PIER, CA US","  63.2","22","9999.9"," 0","1015.4","21","999.9"," 0","999.9"," 0","999.9"," 0","999.9","999.9","  68.7","*","  59.9","*"," 0.00","I","999.9","000000"
"99402899999","2023-12-19","34.008","-118.5","2.0","SANTA MONICA PIER, CA US","  61.8","23","9999.9"," 0","1013.9","23","999.9"," 0","999.9"," 0","999.9"," 0","999.9","999.9","  64.9","*","  59.7","*"," 0.00","I","999.9","000000"
"99402899999","2023-12-20","34.008","-118.5","2.0","SANTA MONICA PIER, CA US","  60.6","23","9999.9"," 0","1012.1","23","999.9"," 0","999.9"," 0","999.9"," 0","999.9","999.9","  63.9","*","  59.4","*"," 0.00","I","999.9","000000"
"99402899999","2023-12-21","34.008","-118.5","2.0","SANTA MONICA PIER, CA US","  61.1","23","9999.9"," 0","1014.3","23","999.9"," 0","999.9"," 0","999.9"," 0","999.9","999.9","  63.7","*","  59.4","*"," 0.00","I","999.9","000000"
"99402899999","2023-12-22","34.008","-118.5","2.0","SANTA MONICA PIER, CA US","  61.8","24","9999.9"," 0","1013.1","24","999.9"," 0","999.9"," 0","999.9"," 0","999.9","999.9","  64.6","*","  58.3","*"," 0.00","I","999.9","000000"
"99402899999","2023-12-23","34.008","-118.5","2.0","SANTA MONICA PIER, CA US","  60.8","13","9999.9"," 0","1014.3","13","999.9"," 0","999.9"," 0","999.9"," 0","999.9","999.9","  64.0","*","  56.3","*"," 0.00","I","999.9","000000"
"99402899999","2023-12-24","34.008","-118.5","2.0","SANTA MONICA PIER, CA US","  59.4","16","9999.9"," 0","1019.7","16","999.9"," 0","999.9"," 0","999.9"," 0","999.9","999.9","  62.2","*","  56.3","*"," 0.00","I","999.9","000000"
"99402899999","2023-12-25","34.008","-118.5","2.0","SANTA MONICA PIER, CA US","  57.5","21","9999.9"," 0","1021.7","21","999.9"," 0","999.9"," 0","999.9"," 0","999.9","999.9","  61.2","*","  52.7","*"," 0.00","I","999.9","000000"
"99402899999","2023-12-26","34.008","-118.5","2.0","SANTA MONICA PIER, CA US","  57.6","22","9999.9"," 0","1021.2","22","999.9"," 0","999.9"," 0","999.9"," 0","999.9","999.9","  61.3","*","  54.1","*"," 0.00","I","999.9","000000"
"99402899999","2023-12-27","34.008","-118.5","2.0","SANTA MONICA PIER, CA US","  58.6","23","9999.9"," 0","1021.4","23","999.9"," 0","999.9"," 0","999.9"," 0","999.9","999.9","  61.0","*","  55.9","*"," 0.00","I","999.9","000000"
"99402899999","2023-12-28","34.008","-118.5","2.0","SANTA MONICA PIER, CA US","  57.4","21","9999.9"," 0","1022.2","21","999.9"," 0","999.9"," 0","999.9"," 0","999.9","999.9","  61.3","*","  54.3","*"," 0.00","I","999.9","000000"
"99402899999","2023-12-29","34.008","-118.5","2.0","SANTA MONICA PIER, CA US","  58.3","24","9999.9"," 0","1020.5","24","999.9"," 0","999.9"," 0","999.9"," 0","999.9","999.9","  62.8","*","  55.0","*"," 0.00","I","999.9","000000"
"99402899999","2023-12-30","34.008","-118.5","2.0","SANTA MONICA PIER, CA US","  58.1","21","9999.9"," 0","1019.3","21","999.9"," 0","999.9"," 0","999.9"," 0","999.9","999.9","  62.2","*","  55.9","*"," 0.00","I","999.9","000000"
"99402899999","2023-12-31","34.008","-118.5","2.0","SANTA MONICA PIER, CA US","  57.3","21","9999.9"," 0","1019.9","21","999.9"," 0","999.9"," 0","999.9"," 0","999.9","999.9","  60.4","*","  53.1","*"," 0.00","I","999.9","000000"
