"STATION","DATE","LATITUDE","LONGITUDE","ELEVATION","NAME","TEMP","TEMP_ATTRIBUTES","DEWP","DEWP_ATTRIBUTES","SLP","SLP_ATTRIBUTES","STP","STP_ATTRIBUTES","VISIB","VISIB_ATTRIBUTES","WDSP","WDSP_ATTRIBUTES","MXSPD","GUST","MAX","MAX_ATTRIBUTES","MIN","MIN_ATTRIBUTES","PRCP","PRCP_ATTRIBUTES","SNDP","FRSHTT"
"72056899999","2024-01-01","38.9666666","-112.3666666","1521.0","FILLMORE MUNICIPAL, UT US","  34.7","24","  21.3","24","9999.9"," 0","999.9"," 0"," 10.0","24","999.9"," 0","999.9","999.9","  46.4","*","  26.6","*"," 0.00","I","999.9","000000"
"72056899999","2024-01-02","38.9666666","-112.3666666","1521.0","FILLMORE MUNICIPAL, UT US","  33.7","24","  21.7","24","9999.9"," 0","999.9"," 0"," 10.0","24","999.9"," 0","999.9","999.9","  46.4","*","  24.8","*"," 0.00","I","999.9","000000"
"72056899999","2024-01-03","38.9666666","-112.3666666","1521.0","FILLMORE MUNICIPAL, UT US","  35.3","24","  21.1","24","9999.9"," 0","999.9"," 0"," 10.0","24","999.9"," 0","999.9","999.9","  42.8","*","  28.4","*"," 0.00","I","999.9","000000"
"72056899999","2024-01-04","38.9666666","-112.3666666","1521.0","FILLMORE MUNICIPAL, UT US","  33.6","24","  28.3","24","9999.9"," 0","999.9"," 0","  6.0","24","999.9"," 0","999.9","999.9","  41.0","*","  30.2","*"," 0.00","I","999.9","000000"
"72056899999","2024-01-05","38.9666666","-112.3666666","1521.0","FILLMORE MUNICIPAL, UT US","  32.0","24","  29.2","24","9999.9"," 0","999.9"," 0","  7.6","24","999.9"," 0","999.9","999.9","  37.4","*","  23.0","*"," 0.00","I","999.9","000000"
"72056899999","2024-01-06","38.9666666","-112.3666666","1521.0","FILLMORE MUNICIPAL, UT US","  29.5","24","  23.7","24","9999.9"," 0","999.9"," 0","  9.7","24","999.9"," 0","999.9","999.9","  35.6","*","  19.4","*"," 0.00","I","999.9","000000"
"72056899999","2024-01-07","38.9666666","-112.3666666","1521.0","FILLMORE MUNICIPAL, UT US","  32.4","24","  23.2","24","9999.9"," 0","999.9"," 0","  6.7","24","999.9"," 0","999.9","999.9","  37.4","*","  28.4","*"," 0.00","I","999.9","000000"
"72056899999","2024-01-08","38.9666666","-112.3666666","1521.0","FILLMORE MUNICIPAL, UT US","  26.6","24","  19.3","24","9999.9"," 0","999.9"," 0","  7.5","24","999.9"," 0","999.9","999.9","  30.2","*","  23.0","*"," 0.00","I","999.9","000000"
"72056899999","2024-01-09","38.9666666","-112.3666666","1521.0","FILLMORE MUNICIPAL, UT US","  20.2","24","  10.3","24","9999.9"," 0","999.9"," 0"," 10.0","24","999.9"," 0","999.9","999.9","  30.2","*","  12.2","*"," 0.00","I","999.9","000000"
"72056899999","2024-01-10","38.9666666","-112.3666666","1521.0","FILLMORE MUNICIPAL, UT US","  30.8","24","  19.6","24","9999.9"," 0","999.9"," 0","  9.5","24","999.9"," 0","999.9","999.9","  42.8","*","  21.2","*"," 0.00","I","999.9","000000"
"72056899999","2024-01-11","38.9666666","-112.3666666","1521.0","FILLMORE MUNICIPAL, UT US","  28.5","24","  20.7","24","9999.9"," 0","999.9"," 0","  7.5","24","999.9"," 0","999.9","999.9","  41.0","*","  19.4","*"," 0.00","I","999.9","000000"
"72056899999","2024-01-12","38.9666666","-112.3666666","1521.0","FILLMORE MUNICIPAL, UT US","  22.8","24","  11.0","24","9999.9"," 0","999.9"," 0"," 10.0","24","999.9"," 0","999.9","999.9","  39.2","*","   8.6","*"," 0.00","I","999.9","000000"
"72056899999","2024-01-13","38.9666666","-112.3666666","1521.0","FILLMORE MUNICIPAL, UT US","  34.2","24","  20.8","24","9999.9"," 0","999.9"," 0"," 10.0","24","999.9"," 0","999.9","999.9","  44.6","*","  30.2","*"," 0.00","I","999.9","000000"
"72056899999","2024-01-14","38.9666666","-112.3666666","1521.0","FILLMORE MUNICIPAL, UT US","  40.9","24","  31.7","24","9999.9"," 0","999.9"," 0","  9.5","24","999.9"," 0","999.9","999.9","  44.6","*","  35.6","*"," 0.00","I","999.9","000000"
"72056899999","2024-01-15","38.9666666","-112.3666666","1521.0","FILLMORE MUNICIPAL, UT US","  35.5","24","  30.1","24","9999.9"," 0","999.9"," 0"," 10.0","24","999.9"," 0","999.9","999.9","  42.8","*","  30.2","*"," 0.00","I","999.9","000000"
"72056899999","2024-01-16","38.9666666","-112.3666666","1521.0","FILLMORE MUNICIPAL, UT US","  30.5","24","  23.0","24","9999.9"," 0","999.9"," 0"," 10.0","24","999.9"," 0","999.9","999.9","  37.4","*","  21.2","*"," 0.00","I","999.9","000000"
"72056899999","2024-01-17","38.9666666","-112.3666666","1521.0","FILLMORE MUNICIPAL, UT US","  39.5","24","  27.6","24","9999.9"," 0","999.9"," 0"," 10.0","24","999.9"," 0","999.9","999.9","  53.6","*","  28.4","*"," 0.00","I","999.9","000000"
"72056899999","2024-01-18","38.9666666","-112.3666666","1521.0","FILLMORE MUNICIPAL, UT US","  40.5","24","  30.5","24","9999.9"," 0","999.9"," 0"," 10.0","24","999.9"," 0","999.9","999.9","  50.0","*","  32.0","*"," 0.00","I","999.9","000000"
"72056899999","2024-01-19","38.9666666","-112.3666666","1521.0","FILLMORE MUNICIPAL, UT US","  38.1","24","  28.4","24","9999.9"," 0","999.9"," 0"," 10.0","24","999.9"," 0","999.9","999.9","  46.4","*","  32.0","*"," 0.00","I","999.9","000000"
"72056899999","2024-01-20","38.9666666","-112.3666666","1521.0","FILLMORE MUNICIPAL, UT US","  40.3","24","  30.9","24","9999.9"," 0","999.9"," 0"," 10.0","24","999.9"," 0","999.9","999.9","  50.0","*","  33.8","*"," 0.00","I","999.9","000000"
"72056899999","2024-01-21","38.9666666","-112.3666666","1521.0","FILLMORE MUNICIPAL, UT US","  44.6","24","  34.2","24","9999.9"," 0","999.9"," 0"," 10.0","24","999.9"," 0","999.9","999.9","  48.2","*","  41.0","*"," 0.00","I","999.9","000000"
"72056899999","2024-01-22","38.9666666","-112.3666666","1521.0","FILLMORE MUNICIPAL, UT US","  41.8","24","  34.3","24","9999.9"," 0","999.9"," 0"," 10.0","24","999.9"," 0","999.9","999.9","  50.0","*","  37.4","*"," 0.00","I","999.9","000000"
"72056899999","2024-01-23","38.9666666","-112.3666666","1521.0","FILLMORE MUNICIPAL, UT US","  43.0","24","  34.9","24","9999.9"," 0","999.9"," 0","  9.4","24","999.9"," 0","999.9","999.9","  46.4","*","  39.2","*"," 0.00","I","999.9","000000"
"72056899999","2024-01-24","38.9666666","-112.3666666","1521.0","FILLMORE MUNICIPAL, UT US","  43.7","24","  37.0","24","9999.9"," 0","999.9"," 0","  9.1","24","999.9"," 0","999.9","999.9","  50.0","*","  41.0","*"," 0.00","I","999.9","000000"
"72056899999","2024-01-25","38.9666666","-112.3666666","1521.0","FILLMORE MUNICIPAL, UT US","  42.8","24","  33.9","24","9999.9"," 0","999.9"," 0"," 10.0","24","999.9"," 0","999.9","999.9","  46.4","*","  39.2","*"," 0.00","I","999.9","000000"
"72056899999","2024-01-26","38.9666666","-112.3666666","1521.0","FILLMORE MUNICIPAL, UT US","  38.1","24","  32.6","24","9999.9"," 0","999.9"," 0"," 10.0","24","999.9"," 0","999.9","999.9","  42.8","*","  33.8","*"," 0.00","I","999.9","000000"
"72056899999","2024-01-27","38.9666666","-112.3666666","1521.0","FILLMORE MUNICIPAL, UT US","  37.2","24","  27.3","24","9999.9"," 0","999.9"," 0"," 10.0","24","999.9"," 0","999.9","999.9","  50.0","*","  30.2","*"," 0.00","I","999.9","000000"
"72056899999","2024-01-28","38.9666666","-112.3666666","1521.0","FILLMORE MUNICIPAL, UT US","  40.1","24","  30.5","24","9999.9"," 0","999.9"," 0"," 10.0","24","999.9"," 0","999.9","999.9","  53.6","*","  32.0","*"," 0.00","I","999.9","000000"
"72056899999","2024-01-29","38.9666666","-112.3666666","1521.0","FILLMORE MUNICIPAL, UT US","  41.5","24","  33.1","24","9999.9"," 0","999.9"," 0"," 10.0","24","999.9"," 0","999.9","999.9","  55.4","*","  32.0","*"," 0.00","I","999.9","000000"
"72056899999","2024-01-30","38.9666666","-112.3666666","1521.0","FILLMORE MUNICIPAL, UT US","  42.8","24","  33.9","24","9999.9"," 0","999.9"," 0"," 10.0","24","999.9"," 0","999.9","999.9","  57.2","*","  32.0","*"," 0.00","I","999.9","000000"
"72056899999","2024-01-31","38.9666666","-112.3666666","1521.0","FILLMORE MUNICIPAL, UT US","  45.9","24","  32.3","24","9999.9"," 0","999.9"," 0"," 10.0","24","999.9"," 0","999.9","999.9","  64.4","*","  33.8","*"," 0.00","I","999.9","000000"
"72056899999","2024-02-01","38.9666666","-112.3666666","1521.0","FILLMORE MUNICIPAL, UT US","  52.0","24","  31.3","24","9999.9"," 0","999.9"," 0"," 10.0","24","999.9"," 0","999.9","999.9","  62.6","*","  44.6","*"," 0.00","I","999.9","000000"
"72056899999","2024-02-02","38.9666666","-112.3666666","1521.0","FILLMORE MUNICIPAL, UT US","  44.4","24","  37.7","24","9999.9"," 0","999.9"," 0","  9.3","24","999.9"," 0","999.9","999.9","  50.0","*","  37.4","*"," 0.00","I","999.9","000000"
"72056899999","2024-02-03","38.9666666","-112.3666666","1521.0","FILLMORE MUNICIPAL, UT US","  37.3","24","  32.5","24","9999.9"," 0","999.9"," 0","  7.6","24","999.9"," 0","999.9","999.9","  48.2","*","  33.8","*"," 0.00","I","999.9","000000"
"72056899999","2024-02-04","38.9666666","-112.3666666","1521.0","FILLMORE MUNICIPAL, UT US","  35.7","24","  21.1","24","9999.9"," 0","999.9"," 0"," 10.0","24","999.9"," 0","999.9","999.9","  46.4","*","  30.2","*"," 0.00","I","999.9","000000"
"72056899999","2024-02-05","38.9666666","-112.3666666","1521.0","FILLMORE MUNICIPAL, UT US","  41.5","24","  31.3","24","9999.9"," 0","999.9"," 0","  9.9","24","999.9"," 0","999.9","999.9","  46.4","*","  35.6","*"," 0.00","I","999.9","000000"
"72056899999","2024-02-06","38.9666666","-112.3666666","1521.0","FILLMORE MUNICIPAL, UT US","  40.6","24","  35.6","24","9999.9"," 0","999.9"," 0","  9.0","24","999.9"," 0","999.9","999.9","  46.4","*","  35.6","*"," 0.00","I","999.9","000000"
"72056899999","2024-02-07","38.9666666","-112.3666666","1521.0","FILLMORE MUNICIPAL, UT US","  40.6","24","  34.5","24","9999.9"," 0","999.9"," 0","  9.4","24","999.9"," 0","999.9","999.9","  44.6","*","  37.4","*"," 0.00","I","999.9","000000"
"72056899999","2024-02-08","38.9666666","-112.3666666","1521.0","FILLMORE MUNICIPAL, UT US","  38.7","24","  31.6","24","9999.9"," 0","999.9"," 0","  9.4","24","999.9"," 0","999.9","999.9","  42.8","*","  35.6","*"," 0.00","I","999.9","000000"
"72056899999","2024-02-09","38.9666666","-112.3666666","1521.0","FILLMORE MUNICIPAL, UT US","  35.3","18","  31.5","18","9999.9"," 0","999.9"," 0","  7.3","18","999.9"," 0","999.9","999.9","  37.4","*","  32.0","*"," 0.00","I","999.9","000000"
"72056899999","2024-02-10","38.9666666","-112.3666666","1521.0","FILLMORE MUNICIPAL, UT US","  29.4","24","  25.9","24","9999.9"," 0","999.9"," 0","  5.2","24","999.9"," 0","999.9","999.9","  33.8","*","  23.0","*"," 0.00","I","999.9","000000"
"72056899999","2024-02-11","38.9666666","-112.3666666","1521.0","FILLMORE MUNICIPAL, UT US","  26.6","24","  18.5","24","9999.9"," 0","999.9"," 0","  9.9","24","999.9"," 0","999.9","999.9","  35.6","*","  17.6","*"," 0.00","I","999.9","000000"
"72056899999","2024-02-12","38.9666666","-112.3666666","1521.0","FILLMORE MUNICIPAL, UT US","  30.1","24","  21.5","24","9999.9"," 0","999.9"," 0"," 10.0","24","999.9"," 0","999.9","999.9","  42.8","*","  21.2","*"," 0.00","I","999.9","000000"
"72056899999","2024-02-13","38.9666666","-112.3666666","1521.0","FILLMORE MUNICIPAL, UT US","  36.0","24","  26.2","24","9999.9"," 0","999.9"," 0"," 10.0","24","999.9"," 0","999.9","999.9","  51.8","*","  28.4","*"," 0.00","I","999.9","000000"
"72056899999","2024-02-14","38.9666666","-112.3666666","1521.0","FILLMORE MUNICIPAL, UT US","  43.9","24","  28.5","24","9999.9"," 0","999.9"," 0"," 10.0","24","999.9"," 0","999.9","999.9","  53.6","*","  33.8","*"," 0.00","I","999.9","000000"
"72056899999","2024-02-15","38.9666666","-112.3666666","1521.0","FILLMORE MUNICIPAL, UT US","  44.7","24","  28.9","24","9999.9"," 0","999.9"," 0"," 10.0","24","999.9"," 0","999.9","999.9","  53.6","*","  35.6","*"," 0.00","I","999.9","000000"
"72056899999","2024-02-16","38.9666666","-112.3666666","1521.0","FILLMORE MUNICIPAL, UT US","  41.1","24","  30.3","24","9999.9"," 0","999.9"," 0"," 10.0","24","999.9"," 0","999.9","999.9","  53.6","*","  32.0","*"," 0.00","I","999.9","000000"
"72056899999","2024-02-17","38.9666666","-112.3666666","1521.0","FILLMORE MUNICIPAL, UT US","  39.5","24","  29.8","24","9999.9"," 0","999.9"," 0"," 10.0","24","999.9"," 0","999.9","999.9","  50.0","*","  30.2","*"," 0.00","I","999.9","000000"
"72056899999","2024-02-18","38.9666666","-112.3666666","1521.0","FILLMORE MUNICIPAL, UT US","  45.9","24","  30.3","24","9999.9"," 0","999.9"," 0"," 10.0","24","999.9"," 0","999.9","999.9","  62.6","*","  37.4","*"," 0.00","I","999.9","000000"
"72056899999","2024-02-19","38.9666666","-112.3666666","1521.0","FILLMORE MUNICIPAL, UT US","  46.9","24","  25.2","24","9999.9"," 0","999.9"," 0"," 10.0","24","999.9"," 0","999.9","999.9","  62.6","*","  33.8","*"," 0.00","I","999.9","000000"
"72056899999","2024-02-20","38.9666666","-112.3666666","1521.0","FILLMORE MUNICIPAL, UT US","  49.4","24","  35.5","24","9999.9"," 0","999.9"," 0","  9.6","24","999.9"," 0","999.9","999.9","  59.0","*","  44.6","*"," 0.00","I","999.9","000000"
"72056899999","2024-02-21","38.9666666","-112.3666666","1521.0","FILLMORE MUNICIPAL, UT US","  46.9","24","  35.8","24","9999.9"," 0","999.9"," 0","  9.9","24","999.9"," 0","999.9","999.9","  55.4","*","  41.0","*"," 0.00","I","999.9","000000"
"72056899999","2024-02-22","38.9666666","-112.3666666","1521.0","FILLMORE MUNICIPAL, UT US","  39.6","24","  30.9","24","9999.9"," 0","999.9"," 0"," 10.0","24","999.9"," 0","999.9","999.9","  51.8","*","  32.0","*"," 0.00","I","999.9","000000"
"72056899999","2024-02-23","38.9666666","-112.3666666","1521.0","FILLMORE MUNICIPAL, UT US","  40.4","24","  26.3","24","9999.9"," 0","999.9"," 0"," 10.0","24","999.9"," 0","999.9","999.9","  51.8","*","  32.0","*"," 0.00","I","999.9","000000"
"72056899999","2024-02-24","38.9666666","-112.3666666","1521.0","FILLMORE MUNICIPAL, UT US","  40.6","24","  25.3","24","9999.9"," 0","999.9"," 0"," 10.0","24","999.9"," 0","999.9","999.9","  55.4","*","  30.2","*"," 0.00","I","999.9","000000"
"72056899999","2024-02-25","38.9666666","-112.3666666","1521.0","FILLMORE MUNICIPAL, UT US","  47.9","24","  21.4","24","9999.9"," 0","999.9"," 0"," 10.0","24","999.9"," 0","999.9","999.9","  68.0","*","  35.6","*"," 0.00","I","999.9","000000"
"72056899999","2024-02-26","38.9666666","-112.3666666","1521.0","FILLMORE MUNICIPAL, UT US","  54.2","24","  25.0","24","9999.9"," 0","999.9"," 0"," 10.0","24","999.9"," 0","999.9","999.9","  64.4","*","  44.6","*"," 0.00","I","999.9","000000"
"72056899999","2024-02-27","38.9666666","-112.3666666","1521.0","FILLMORE MUNICIPAL, UT US","  40.8","24","  24.9","24","9999.9"," 0","999.9"," 0","  8.0","24","999.9"," 0","999.9","999.9","  59.0","*","  30.2","*"," 0.00","I","999.9","000000"
"72056899999","2024-02-28","38.9666666","-112.3666666","1521.0","FILLMORE MUNICIPAL, UT US","  32.4","24","  16.5","24","9999.9"," 0","999.9"," 0"," 10.0","24","999.9"," 0","999.9","999.9","  50.0","*","  23.0","*"," 0.00","I","999.9","000000"
"72056899999","2024-02-29","38.9666666","-112.3666666","1521.0","FILLMORE MUNICIPAL, UT US","  43.6","24","  21.3","24","9999.9"," 0","999.9"," 0"," 10.0","24","999.9"," 0","999.9","999.9","  62.6","*","  32.0","*"," 0.00","I","999.9","000000"
"72056899999","2024-03-01","38.9666666","-112.3666666","1521.0","FILLMORE MUNICIPAL, UT US","  53.5","24","  24.2","24","9999.9"," 0","999.9"," 0"," 10.0","24","999.9"," 0","999.9","999.9","  64.4","*","  44.6","*"," 0.00","I","999.9","000000"
"72056899999","2024-03-02","38.9666666","-112.3666666","1521.0","FILLMORE MUNICIPAL, UT US","  52.6","24","  20.5","24","9999.9"," 0","999.9"," 0","  9.9","24","999.9"," 0","999.9","999.9","  60.8","*","  42.8","*"," 0.00","I","999.9","000000"
"72056899999","2024-03-03","38.9666666","-112.3666666","1521.0","FILLMORE MUNICIPAL, UT US","  33.6","24","  28.5","24","9999.9"," 0","999.9"," 0","  5.1","24","999.9"," 0","999.9","999.9","  44.6","*","  23.0","*"," 0.00","I","999.9","000000"
"72056899999","2024-03-04","38.9666666","-112.3666666","1521.0","FILLMORE MUNICIPAL, UT US","  31.9","24","  28.0","24","9999.9"," 0","999.9"," 0","  4.3","24","999.9"," 0","999.9","999.9","  37.4","*","  28.4","*"," 0.00","I","999.9","000000"
"72056899999","2024-03-05","38.9666666","-112.3666666","1521.0","FILLMORE MUNICIPAL, UT US","  34.3","24","  27.4","24","9999.9"," 0","999.9"," 0"," 10.0","24","999.9"," 0","999.9","999.9","  50.0","*","  26.6","*"," 0.00","I","999.9","000000"
"72056899999","2024-03-06","38.9666666","-112.3666666","1521.0","FILLMORE MUNICIPAL, UT US","  45.6","20","  29.6","20","9999.9"," 0","999.9"," 0"," 10.0","20","999.9"," 0","999.9","999.9","  53.6","*","  33.8","*"," 0.00","I","999.9","000000"
"72056899999","2024-03-07","38.9666666","-112.3666666","1521.0","FILLMORE MUNICIPAL, UT US","  41.1","24","  33.3","24","9999.9"," 0","999.9"," 0","  9.6","24","999.9"," 0","999.9","999.9","  50.0","*","  33.8","*"," 0.00","I","999.9","000000"
"72056899999","2024-03-08","38.9666666","-112.3666666","1521.0","FILLMORE MUNICIPAL, UT US","  36.0","24","  27.4","24","9999.9"," 0","999.9"," 0","  9.9","24","999.9"," 0","999.9","999.9","  44.6","*","  28.4","*"," 0.00","I","999.9","000000"
"72056899999","2024-03-09","38.9666666","-112.3666666","1521.0","FILLMORE MUNICIPAL, UT US","  35.8","24","  21.8","24","9999.9"," 0","999.9"," 0"," 10.0","24","999.9"," 0","999.9","999.9","  51.8","*","  26.6","*"," 0.00","I","999.9","000000"
"72056899999","2024-03-10","38.9666666","-112.3666666","1521.0","FILLMORE MUNICIPAL, UT US","  46.2","24","  21.1","24","9999.9"," 0","999.9"," 0"," 10.0","24","999.9"," 0","999.9","999.9","  62.6","*","  33.8","*"," 0.00","I","999.9","000000"
"72056899999","2024-03-11","38.9666666","-112.3666666","1521.0","FILLMORE MUNICIPAL, UT US","  51.2","24","  26.7","24","9999.9"," 0","999.9"," 0"," 10.0","24","999.9"," 0","999.9","999.9","  62.6","*","  39.2","*"," 0.00","I","999.9","000000"
"72056899999","2024-03-12","38.9666666","-112.3666666","1521.0","FILLMORE MUNICIPAL, UT US","  49.5","24","  26.2","24","9999.9"," 0","999.9"," 0"," 10.0","24","999.9"," 0","999.9","999.9","  60.8","*","  39.2","*"," 0.00","I","999.9","000000"
"72056899999","2024-03-13","38.9666666","-112.3666666","1521.0","FILLMORE MUNICIPAL, UT US","  39.9","24","  32.0","24","9999.9"," 0","999.9"," 0","  9.2","24","999.9"," 0","999.9","999.9","  51.8","*","  35.6","*"," 0.00","I","999.9","000000"
"72056899999","2024-03-14","38.9666666","-112.3666666","1521.0","FILLMORE MUNICIPAL, UT US","  34.9","24","  25.3","24","9999.9"," 0","999.9"," 0","  9.9","24","999.9"," 0","999.9","999.9","  44.6","*","  26.6","*"," 0.00","I","999.9","000000"
"72056899999","2024-03-15","38.9666666","-112.3666666","1521.0","FILLMORE MUNICIPAL, UT US","  39.7","24","  31.2","24","9999.9"," 0","999.9"," 0"," 10.0","24","999.9"," 0","999.9","999.9","  57.2","*","  32.0","*"," 0.00","I","999.9","000000"
"72056899999","2024-03-16","38.9666666","-112.3666666","1521.0","FILLMORE MUNICIPAL, UT US","  47.4","24","  34.6","24","9999.9"," 0","999.9"," 0","  9.9","24","999.9"," 0","999.9","999.9","  53.6","*","  41.0","*"," 0.00","I","999.9","000000"
"72056899999","2024-03-17","38.9666666","-112.3666666","1521.0","FILLMORE MUNICIPAL, UT US","  45.1","24","  36.0","24","9999.9"," 0","999.9"," 0"," 10.0","24","999.9"," 0","999.9","999.9","  60.8","*","  37.4","*"," 0.00","I","999.9","000000"
"72056899999","2024-03-18","38.9666666","-112.3666666","1521.0","FILLMORE MUNICIPAL, UT US","  50.6","24","  28.8","24","9999.9"," 0","999.9"," 0"," 10.0","24","999.9"," 0","999.9","999.9","  66.2","*","  33.8","*"," 0.00","I","999.9","000000"
"72056899999","2024-03-19","38.9666666","-112.3666666","1521.0","FILLMORE MUNICIPAL, UT US","  51.1","24","  27.0","24","9999.9"," 0","999.9"," 0"," 10.0","24","999.9"," 0","999.9","999.9","  64.4","*","  35.6","*"," 0.00","I","999.9","000000"
"72056899999","2024-03-20","38.9666666","-112.3666666","1521.0","FILLMORE MUNICIPAL, UT US","  52.9","24","  26.3","24","9999.9"," 0","999.9"," 0"," 10.0","24","999.9"," 0","999.9","999.9","  68.0","*","  37.4","*"," 0.00","I","999.9","000000"
"72056899999","2024-03-21","38.9666666","-112.3666666","1521.0","FILLMORE MUNICIPAL, UT US","  54.3","23","  25.4","23","9999.9"," 0","999.9"," 0"," 10.0","23","999.9"," 0","999.9","999.9","  68.0","*","  41.0","*"," 0.00","I","999.9","000000"
"72056899999","2024-03-22","38.9666666","-112.3666666","1521.0","FILLMORE MUNICIPAL, UT US","  53.5","24","  30.7","24","9999.9"," 0","999.9"," 0"," 10.0","24","999.9"," 0","999.9","999.9","  68.0","*","  39.2","*"," 0.00","I","999.9","000000"
"72056899999","2024-03-23","38.9666666","-112.3666666","1521.0","FILLMORE MUNICIPAL, UT US","  58.3","24","  22.8","24","9999.9"," 0","999.9"," 0","  9.9","24","999.9"," 0","999.9","999.9","  66.2","*","  51.8","*"," 0.00","I","999.9","000000"
"72056899999","2024-03-24","38.9666666","-112.3666666","1521.0","FILLMORE MUNICIPAL, UT US","  39.1","24","  33.0","24","9999.9"," 0","999.9"," 0","  7.6","24","999.9"," 0","999.9","999.9","  60.8","*","  32.0","*"," 0.00","I","999.9","000000"
"72056899999","2024-03-25","38.9666666","-112.3666666","1521.0","FILLMORE MUNICIPAL, UT US","  38.9","24","  32.4","24","9999.9"," 0","999.9"," 0","  8.8","24","999.9"," 0","999.9","999.9","  48.2","*","  35.6","*"," 0.00","I","999.9","000000"
"72056899999","2024-03-26","38.9666666","-112.3666666","1521.0","FILLMORE MUNICIPAL, UT US","  39.8","17","  31.0","17","9999.9"," 0","999.9"," 0","  9.5","17","999.9"," 0","999.9","999.9","  46.4","*","  35.6","*"," 0.00","I","999.9","000000"
"72056899999","2024-03-27","38.9666666","-112.3666666","1521.0","FILLMORE MUNICIPAL, UT US","  37.4","16","  29.6","16","9999.9"," 0","999.9"," 0"," 10.0","16","999.9"," 0","999.9","999.9","  48.2","*","  32.0","*"," 0.00","I","999.9","000000"
"72056899999","2024-04-01","38.9666666","-112.3666666","1521.0","FILLMORE MUNICIPAL, UT US","  46.4"," 6","  34.7"," 6","9999.9"," 0","999.9"," 0"," 10.0"," 6","999.9"," 0","999.9","999.9","  50.0","*","  42.8","*"," 0.00","I","999.9","000000"
"72056899999","2024-04-02","38.9666666","-112.3666666","1521.0","FILLMORE MUNICIPAL, UT US","  47.7","11","  33.0","11","9999.9"," 0","999.9"," 0"," 10.0","11","999.9"," 0","999.9","999.9","  59.0","*","  39.2","*"," 0.00","I","999.9","000000"
"72056899999","2024-04-03","38.9666666","-112.3666666","1521.0","FILLMORE MUNICIPAL, UT US","  51.3","24","  31.3","24","9999.9"," 0","999.9"," 0"," 10.0","24","999.9"," 0","999.9","999.9","  69.8","*","  39.2","*"," 0.00","I","999.9","000000"
"72056899999","2024-04-04","38.9666666","-112.3666666","1521.0","FILLMORE MUNICIPAL, UT US","  57.6","24","  28.3","24","9999.9"," 0","999.9"," 0"," 10.0","24","999.9"," 0","999.9","999.9","  73.4","*","  41.0","*"," 0.00","I","999.9","000000"
"72056899999","2024-04-05","38.9666666","-112.3666666","1521.0","FILLMORE MUNICIPAL, UT US","  55.0","24","  19.5","24","9999.9"," 0","999.9"," 0"," 10.0","24","999.9"," 0","999.9","999.9","  71.6","*","  41.0","*"," 0.00","I","999.9","000000"
"72056899999","2024-04-06","38.9666666","-112.3666666","1521.0","FILLMORE MUNICIPAL, UT US","  38.4","24","  23.5","24","9999.9"," 0","999.9"," 0","  9.4","24","999.9"," 0","999.9","999.9","  51.8","*","  32.0","*"," 0.00","I","999.9","000000"
"72056899999","2024-04-07","38.9666666","-112.3666666","1521.0","FILLMORE MUNICIPAL, UT US","  38.8","24","  22.9","24","9999.9"," 0","999.9"," 0"," 10.0","24","999.9"," 0","999.9","999.9","  51.8","*","  30.2","*"," 0.00","I","999.9","000000"
"72056899999","2024-04-08","38.9666666","-112.3666666","1521.0","FILLMORE MUNICIPAL, UT US","  41.4","24","  22.1","24","9999.9"," 0","999.9"," 0"," 10.0","24","999.9"," 0","999.9","999.9","  53.6","*","  28.4","*"," 0.00","I","999.9","000000"
"72056899999","2024-04-09","38.9666666","-112.3666666","1521.0","FILLMORE MUNICIPAL, UT US","  43.3","24","  22.0","24","9999.9"," 0","999.9"," 0"," 10.0","24","999.9"," 0","999.9","999.9","  59.0","*","  30.2","*"," 0.00","I","999.9","000000"
"72056899999","2024-04-10","38.9666666","-112.3666666","1521.0","FILLMORE MUNICIPAL, UT US","  50.2","24","  28.1","24","9999.9"," 0","999.9"," 0"," 10.0","24","999.9"," 0","999.9","999.9","  64.4","*","  37.4","*"," 0.00","I","999.9","000000"
"72056899999","2024-04-11","38.9666666","-112.3666666","1521.0","FILLMORE MUNICIPAL, UT US","  54.3","24","  25.2","24","9999.9"," 0","999.9"," 0"," 10.0","24","999.9"," 0","999.9","999.9","  73.4","*","  37.4","*"," 0.00","I","999.9","000000"
"72056899999","2024-04-12","38.9666666","-112.3666666","1521.0","FILLMORE MUNICIPAL, UT US","  63.3","24","  24.6","24","9999.9"," 0","999.9"," 0"," 10.0","24","999.9"," 0","999.9","999.9","  80.6","*","  46.4","*"," 0.00","I","999.9","000000"
"72056899999","2024-04-13","38.9666666","-112.3666666","1521.0","FILLMORE MUNICIPAL, UT US","  64.1","24","  20.1","24","9999.9"," 0","999.9"," 0","  9.8","24","999.9"," 0","999.9","999.9","  77.0","*","  50.0","*"," 0.00","I","999.9","000000"
"72056899999","2024-04-14","38.9666666","-112.3666666","1521.0","FILLMORE MUNICIPAL, UT US","  60.4","24","  19.6","24","9999.9"," 0","999.9"," 0"," 10.0","24","999.9"," 0","999.9","999.9","  75.2","*","  44.6","*"," 0.00","I","999.9","000000"
"72056899999","2024-04-15","38.9666666","-112.3666666","1521.0","FILLMORE MUNICIPAL, UT US","  47.5","24","  31.2","24","9999.9"," 0","999.9"," 0","  9.1","24","999.9"," 0","999.9","999.9","  62.6","*","  37.4","*"," 0.00","I","999.9","000000"
"72056899999","2024-04-16","38.9666666","-112.3666666","1521.0","FILLMORE MUNICIPAL, UT US","  49.0","24","  35.6","24","9999.9"," 0","999.9"," 0"," 10.0","24","999.9"," 0","999.9","999.9","  64.4","*","  39.2","*"," 0.00","I","999.9","000000"
"72056899999","2024-04-17","38.9666666","-112.3666666","1521.0","FILLMORE MUNICIPAL, UT US","  52.4","16","  33.5","16","9999.9"," 0","999.9"," 0"," 10.0","16","999.9"," 0","999.9","999.9","  64.4","*","  42.8","*"," 0.00","I","999.9","000000"
"72056899999","2024-04-18","38.9666666","-112.3666666","1521.0","FILLMORE MUNICIPAL, UT US","  47.9","21","  27.7","21","9999.9"," 0","999.9"," 0"," 10.0","21","999.9"," 0","999.9","999.9","  62.6","*","  33.8","*"," 0.00","I","999.9","000000"
"72056899999","2024-04-19","38.9666666","-112.3666666","1521.0","FILLMORE MUNICIPAL, UT US","  52.3","24","  30.6","24","9999.9"," 0","999.9"," 0"," 10.0","24","999.9"," 0","999.9","999.9","  68.0","*","  39.2","*"," 0.00","I","999.9","000000"
"72056899999","2024-04-20","38.9666666","-112.3666666","1521.0","FILLMORE MUNICIPAL, UT US","  56.4","24","  30.6","24","9999.9"," 0","999.9"," 0"," 10.0","24","999.9"," 0","999.9","999.9","  71.6","*","  41.0","*"," 0.00","I","999.9","000000"
"72056899999","2024-04-21","38.9666666","-112.3666666","1521.0","FILLMORE MUNICIPAL, UT US","  61.8","24","  28.6","24","9999.9"," 0","999.9"," 0"," 10.0","24","999.9"," 0","999.9","999.9","  78.8","*","  44.6","*"," 0.00","I","999.9","000000"
"72056899999","2024-04-22","38.9666666","-112.3666666","1521.0","FILLMORE MUNICIPAL, UT US","  67.0","24","  28.6","24","9999.9"," 0","999.9"," 0"," 10.0","24","999.9"," 0","999.9","999.9","  80.6","*","  50.0","*"," 0.00","I","999.9","000000"
"72056899999","2024-04-23","38.9666666","-112.3666666","1521.0","FILLMORE MUNICIPAL, UT US","  67.2","24","  26.9","24","9999.9"," 0","999.9"," 0"," 10.0","24","999.9"," 0","999.9","999.9","  82.4","*","  50.0","*"," 0.00","I","999.9","000000"
"72056899999","2024-04-24","38.9666666","-112.3666666","1521.0","FILLMORE MUNICIPAL, UT US","  69.4","24","  22.3","24","9999.9"," 0","999.9"," 0"," 10.0","24","999.9"," 0","999.9","999.9","  80.6","*","  53.6","*"," 0.00","I","999.9","000000"
"72056899999","2024-04-25","38.9666666","-112.3666666","1521.0","FILLMORE MUNICIPAL, UT US","  64.4","24","  18.9","24","9999.9"," 0","999.9"," 0"," 10.0","24","999.9"," 0","999.9","999.9","  77.0","*","  46.4","*"," 0.00","I","999.9","000000"
"72056899999","2024-04-26","38.9666666","-112.3666666","1521.0","FILLMORE MUNICIPAL, UT US","  54.6","24","  39.4","24","9999.9"," 0","999.9"," 0","  9.6","24","999.9"," 0","999.9","999.9","  68.0","*","  46.4","*"," 0.00","I","999.9","000000"
"72056899999","2024-04-27","38.9666666","-112.3666666","1521.0","FILLMORE MUNICIPAL, UT US","  44.6","24","  40.9","24","9999.9"," 0","999.9"," 0","  5.6","24","999.9"," 0","999.9","999.9","  50.0","*","  41.0","*"," 0.00","I","999.9","000000"
"72056899999","2024-04-28","38.9666666","-112.3666666","1521.0","FILLMORE MUNICIPAL, UT US","  51.3","24","  40.1","24","9999.9"," 0","999.9"," 0","  9.7","24","999.9"," 0","999.9","999.9","  62.6","*","  42.8","*"," 0.00","I","999.9","000000"
"72056899999","2024-04-29","38.9666666","-112.3666666","1521.0","FILLMORE MUNICIPAL, UT US","  57.1","24","  34.2","24","9999.9"," 0","999.9"," 0"," 10.0","24","999.9"," 0","999.9","999.9","  71.6","*","  44.6","*"," 0.00","I","999.9","000000"
"72056899999","2024-04-30","38.9666666","-112.3666666","1521.0","FILLMORE MUNICIPAL, UT US","  54.6","22","  32.7","22","9999.9"," 0","999.9"," 0"," 10.0","22","999.9"," 0","999.9","999.9","  69.8","*","  37.4","*"," 0.00","I","999.9","000000"
"72056899999","2024-05-01","38.9666666","-112.3666666","1521.0","FILLMORE MUNICIPAL, UT US","  56.3"," 8","  24.4"," 8","9999.9"," 0","999.9"," 0"," 10.0"," 8","999.9"," 0","999.9","999.9","  60.8","*","  46.4","*"," 0.00","I","999.9","000000"
"72056899999","2024-05-02","38.9666666","-112.3666666","1521.0","FILLMORE MUNICIPAL, UT US","  48.9","24","  20.2","24","9999.9"," 0","999.9"," 0"," 10.0","24","999.9"," 0","999.9","999.9","  68.0","*","  33.8","*"," 0.00","I","999.9","000000"
"72056899999","2024-05-03","38.9666666","-112.3666666","1521.0","FILLMORE MUNICIPAL, UT US","  56.4","24","  24.9","24","9999.9"," 0","999.9"," 0"," 10.0","24","999.9"," 0","999.9","999.9","  68.0","*","  41.0","*"," 0.00","I","999.9","000000"
"72056899999","2024-05-04","38.9666666","-112.3666666","1521.0","FILLMORE MUNICIPAL, UT US","  54.7","24","  25.9","24","9999.9"," 0","999.9"," 0"," 10.0","24","999.9"," 0","999.9","999.9","  78.8","*","  37.4","*"," 0.00","I","999.9","000000"
"72056899999","2024-05-05","38.9666666","-112.3666666","1521.0","FILLMORE MUNICIPAL, UT US","  60.9","24","  28.4","24","9999.9"," 0","999.9"," 0","  9.3","24","999.9"," 0","999.9","999.9","  75.2","*","  35.6","*"," 0.00","I","999.9","000000"
"72056899999","2024-05-06","38.9666666","-112.3666666","1521.0","FILLMORE MUNICIPAL, UT US","  43.2","24","  31.2","24","9999.9"," 0","999.9"," 0","  9.4","24","999.9"," 0","999.9","999.9","  60.8","*","  35.6","*"," 0.00","I","999.9","000000"
"72056899999","2024-05-07","38.9666666","-112.3666666","1521.0","FILLMORE MUNICIPAL, UT US","  49.6","24","  30.5","24","9999.9"," 0","999.9"," 0"," 10.0","24","999.9"," 0","999.9","999.9","  60.8","*","  39.2","*"," 0.00","I","999.9","000000"
"72056899999","2024-05-08","38.9666666","-112.3666666","1521.0","FILLMORE MUNICIPAL, UT US","  44.2","24","  23.0","24","9999.9"," 0","999.9"," 0"," 10.0","24","999.9"," 0","999.9","999.9","  55.4","*","  32.0","*"," 0.00","I","999.9","000000"
"72056899999","2024-05-09","38.9666666","-112.3666666","1521.0","FILLMORE MUNICIPAL, UT US","  47.6","24","  29.1","24","9999.9"," 0","999.9"," 0","  9.8","24","999.9"," 0","999.9","999.9","  62.6","*","  33.8","*"," 0.00","I","999.9","000000"
"72056899999","2024-05-10","38.9666666","-112.3666666","1521.0","FILLMORE MUNICIPAL, UT US","  49.1","24","  36.6","24","9999.9"," 0","999.9"," 0"," 10.0","24","999.9"," 0","999.9","999.9","  64.4","*","  37.4","*"," 0.00","I","999.9","000000"
"72056899999","2024-05-11","38.9666666","-112.3666666","1521.0","FILLMORE MUNICIPAL, UT US","  52.6","24","  34.8","24","9999.9"," 0","999.9"," 0","  9.8","24","999.9"," 0","999.9","999.9","  69.8","*","  39.2","*"," 0.00","I","999.9","000000"
"72056899999","2024-05-12","38.9666666","-112.3666666","1521.0","FILLMORE MUNICIPAL, UT US","  57.6","24","  37.9","24","9999.9"," 0","999.9"," 0"," 10.0","24","999.9"," 0","999.9","999.9","  77.0","*","  42.8","*"," 0.00","I","999.9","000000"
"72056899999","2024-05-13","38.9666666","-112.3666666","1521.0","FILLMORE MUNICIPAL, UT US","  67.6","24","  29.8","24","9999.9"," 0","999.9"," 0","  9.9","24","999.9"," 0","999.9","999.9","  82.4","*","  48.2","*"," 0.00","I","999.9","000000"
"72056899999","2024-05-14","38.9666666","-112.3666666","1521.0","FILLMORE MUNICIPAL, UT US","  68.7","24","  34.0","24","9999.9"," 0","999.9"," 0"," 10.0","24","999.9"," 0","999.9","999.9","  82.4","*","  50.0","*"," 0.00","I","999.9","000000"
"72056899999","2024-05-15","38.9666666","-112.3666666","1521.0","FILLMORE MUNICIPAL, UT US","  64.2","24","  33.3","24","9999.9"," 0","999.9"," 0"," 10.0","24","999.9"," 0","999.9","999.9","  78.8","*","  50.0","*"," 0.00","I","999.9","000000"
"72056899999","2024-05-16","38.9666666","-112.3666666","1521.0","FILLMORE MUNICIPAL, UT US","  64.1","24","  29.2","24","9999.9"," 0","999.9"," 0"," 10.0","24","999.9"," 0","999.9","999.9","  80.6","*","  46.4","*"," 0.00","I","999.9","000000"
"72056899999","2024-05-17","38.9666666","-112.3666666","1521.0","FILLMORE MUNICIPAL, UT US","  70.6","24","  25.2","24","9999.9"," 0","999.9"," 0"," 10.0","24","999.9"," 0","999.9","999.9","  87.8","*","  51.8","*"," 0.00","I","999.9","000000"
"72056899999","2024-05-18","38.9666666","-112.3666666","1521.0","FILLMORE MUNICIPAL, UT US","  68.9","24","  29.8","24","9999.9"," 0","999.9"," 0"," 10.0","24","999.9"," 0","999.9","999.9","  82.4","*","  51.8","*"," 0.00","I","999.9","000000"
"72056899999","2024-05-19","38.9666666","-112.3666666","1521.0","FILLMORE MUNICIPAL, UT US","  70.7","24","  31.4","24","9999.9"," 0","999.9"," 0","  9.9","24","999.9"," 0","999.9","999.9","  82.4","*","  59.0","*"," 0.00","I","999.9","000000"
"72056899999","2024-05-20","38.9666666","-112.3666666","1521.0","FILLMORE MUNICIPAL, UT US","  61.9","24","  36.4","24","9999.9"," 0","999.9"," 0"," 10.0","24","999.9"," 0","999.9","999.9","  78.8","*","  50.0","*"," 0.00","I","999.9","000000"
"72056899999","2024-05-21","38.9666666","-112.3666666","1521.0","FILLMORE MUNICIPAL, UT US","  52.7","24","  32.4","24","9999.9"," 0","999.9"," 0"," 10.0","24","999.9"," 0","999.9","999.9","  64.4","*","  41.0","*"," 0.00","I","999.9","000000"
"72056899999","2024-05-22","38.9666666","-112.3666666","1521.0","FILLMORE MUNICIPAL, UT US","  58.9","24","  12.7","24","9999.9"," 0","999.9"," 0"," 10.0","24","999.9"," 0","999.9","999.9","  80.6","*","  37.4","*"," 0.00","I","999.9","000000"
"72056899999","2024-05-23","38.9666666","-112.3666666","1521.0","FILLMORE MUNICIPAL, UT US","  61.2","24","  19.5","24","9999.9"," 0","999.9"," 0"," 10.0","24","999.9"," 0","999.9","999.9","  80.6","*","  42.8","*"," 0.00","I","999.9","000000"
"72056899999","2024-05-24","38.9666666","-112.3666666","1521.0","FILLMORE MUNICIPAL, UT US","  55.6","24","  19.2","24","9999.9"," 0","999.9"," 0"," 10.0","24","999.9"," 0","999.9","999.9","  71.6","*","  42.8","*"," 0.00","I","999.9","000000"
"72056899999","2024-05-25","38.9666666","-112.3666666","1521.0","FILLMORE MUNICIPAL, UT US","  59.5","24","  40.7","24","9999.9"," 0","999.9"," 0","  9.8","24","999.9"," 0","999.9","999.9","  69.8","*","  51.8","*"," 0.00","I","999.9","000000"
"72056899999","2024-05-26","38.9666666","-112.3666666","1521.0","FILLMORE MUNICIPAL, UT US","  59.9","24","  33.0","24","9999.9"," 0","999.9"," 0"," 10.0","24","999.9"," 0","999.9","999.9","  78.8","*","  44.6","*"," 0.00","I","999.9","000000"
"72056899999","2024-05-27","38.9666666","-112.3666666","1521.0","FILLMORE MUNICIPAL, UT US","  67.4","24","  30.6","24","9999.9"," 0","999.9"," 0"," 10.0","24","999.9"," 0","999.9","999.9","  86.0","*","  48.2","*"," 0.00","I","999.9","000000"
"72056899999","2024-05-28","38.9666666","-112.3666666","1521.0","FILLMORE MUNICIPAL, UT US","  73.1","24","  29.5","24","9999.9"," 0","999.9"," 0"," 10.0","24","999.9"," 0","999.9","999.9","  89.6","*","  53.6","*"," 0.00","I","999.9","000000"
"72056899999","2024-05-29","38.9666666","-112.3666666","1521.0","FILLMORE MUNICIPAL, UT US","  78.7","24","   9.2","24","9999.9"," 0","999.9"," 0"," 10.0","24","999.9"," 0","999.9","999.9","  89.6","*","  68.0","*"," 0.00","I","999.9","000000"
"72056899999","2024-05-30","38.9666666","-112.3666666","1521.0","FILLMORE MUNICIPAL, UT US","  66.1","24","  30.9","24","9999.9"," 0","999.9"," 0"," 10.0","24","999.9"," 0","999.9","999.9","  82.4","*","  50.0","*"," 0.00","I","999.9","000000"
"72056899999","2024-05-31","38.9666666","-112.3666666","1521.0","FILLMORE MUNICIPAL, UT US","  67.0","24","  25.8","24","9999.9"," 0","999.9"," 0","  9.6","24","999.9"," 0","999.9","999.9","  86.0","*","  50.0","*"," 0.00","I","999.9","000000"
"72056899999","2024-06-01","38.9666666","-112.3666666","1521.0","FILLMORE MUNICIPAL, UT US","  73.3","24","  25.2","24","9999.9"," 0","999.9"," 0"," 10.0","24","999.9"," 0","999.9","999.9","  93.2","*","  53.6","*"," 0.00","I","999.9","000000"
"72056899999","2024-06-02","38.9666666","-112.3666666","1521.0","FILLMORE MUNICIPAL, UT US","  76.2","24","  19.6","24","9999.9"," 0","999.9"," 0"," 10.0","24","999.9"," 0","999.9","999.9","  89.6","*","  59.0","*"," 0.00","I","999.9","000000"
"72056899999","2024-06-03","38.9666666","-112.3666666","1521.0","FILLMORE MUNICIPAL, UT US","  77.7","24","  24.4","24","9999.9"," 0","999.9"," 0"," 10.0","24","999.9"," 0","999.9","999.9","  87.8","*","  60.8","*"," 0.00","I","999.9","000000"
"72056899999","2024-06-04","38.9666666","-112.3666666","1521.0","FILLMORE MUNICIPAL, UT US","  70.2","24","  38.0","24","9999.9"," 0","999.9"," 0"," 10.0","24","999.9"," 0","999.9","999.9","  82.4","*","  55.4","*"," 0.00","I","999.9","000000"
"72056899999","2024-06-05","38.9666666","-112.3666666","1521.0","FILLMORE MUNICIPAL, UT US","  74.5","24","  31.6","24","9999.9"," 0","999.9"," 0","  9.9","24","999.9"," 0","999.9","999.9","  91.4","*","  55.4","*"," 0.00","I","999.9","000000"
"72056899999","2024-06-06","38.9666666","-112.3666666","1521.0","FILLMORE MUNICIPAL, UT US","  80.7","24","  30.1","24","9999.9"," 0","999.9"," 0","  9.9","24","999.9"," 0","999.9","999.9","  98.6","*","  62.6","*"," 0.00","I","999.9","000000"
"72056899999","2024-06-07","38.9666666","-112.3666666","1521.0","FILLMORE MUNICIPAL, UT US","  83.8","24","  31.8","24","9999.9"," 0","999.9"," 0","  9.9","24","999.9"," 0","999.9","999.9","  98.6","*","  64.4","*"," 0.00","I","999.9","000000"
"72056899999","2024-06-08","38.9666666","-112.3666666","1521.0","FILLMORE MUNICIPAL, UT US","  78.7","24","  38.1","24","9999.9"," 0","999.9"," 0","  8.7","24","999.9"," 0","999.9","999.9","  96.8","*","  62.6","*"," 0.00","I","999.9","000000"
"72056899999","2024-06-09","38.9666666","-112.3666666","1521.0","FILLMORE MUNICIPAL, UT US","  83.9","24","  27.9","24","9999.9"," 0","999.9"," 0","  9.2","24","999.9"," 0","999.9","999.9","  98.6","*","  68.0","*"," 0.00","I","999.9","000000"
"72056899999","2024-06-10","38.9666666","-112.3666666","1521.0","FILLMORE MUNICIPAL, UT US","  81.0","24","  24.1","24","9999.9"," 0","999.9"," 0","  8.0","24","999.9"," 0","999.9","999.9","  96.8","*","  60.8","*"," 0.00","I","999.9","000000"
"72056899999","2024-06-11","38.9666666","-112.3666666","1521.0","FILLMORE MUNICIPAL, UT US","  80.5","24","  29.2","24","9999.9"," 0","999.9"," 0","  8.7","24","999.9"," 0","999.9","999.9","  96.8","*","  60.8","*"," 0.00","I","999.9","000000"
"72056899999","2024-06-12","38.9666666","-112.3666666","1521.0","FILLMORE MUNICIPAL, UT US","  86.8","24","  13.0","24","9999.9"," 0","999.9"," 0","  8.8","24","999.9"," 0","999.9","999.9"," 100.4","*","  68.0","*"," 0.00","I","999.9","000000"
"72056899999","2024-06-13","38.9666666","-112.3666666","1521.0","FILLMORE MUNICIPAL, UT US","  85.9","24","   5.2","24","9999.9"," 0","999.9"," 0","  8.9","24","999.9"," 0","999.9","999.9"," 100.4","*","  66.2","*"," 0.00","I","999.9","000000"
"72056899999","2024-06-14","38.9666666","-112.3666666","1521.0","FILLMORE MUNICIPAL, UT US","  84.4","24","  19.9","24","9999.9"," 0","999.9"," 0","  9.3","24","999.9"," 0","999.9","999.9","  96.8","*","  69.8","*"," 0.00","I","999.9","000000"
"72056899999","2024-06-15","38.9666666","-112.3666666","1521.0","FILLMORE MUNICIPAL, UT US","  85.9","24","  15.4","24","9999.9"," 0","999.9"," 0","  8.7","24","999.9"," 0","999.9","999.9","  96.8","*","  68.0","*"," 0.00","I","999.9","000000"
"72056899999","2024-06-16","38.9666666","-112.3666666","1521.0","FILLMORE MUNICIPAL, UT US","  74.9","24","  24.6","24","9999.9"," 0","999.9"," 0","  8.1","24","999.9"," 0","999.9","999.9","  95.0","*","  57.2","*"," 0.00","I","999.9","000000"
"72056899999","2024-06-17","38.9666666","-112.3666666","1521.0","FILLMORE MUNICIPAL, UT US","  79.3","24","  16.6","24","9999.9"," 0","999.9"," 0","  7.2","24","999.9"," 0","999.9","999.9","  93.2","*","  60.8","*"," 0.00","I","999.9","000000"
"72056899999","2024-06-18","38.9666666","-112.3666666","1521.0","FILLMORE MUNICIPAL, UT US","  57.9","23","  16.8","23","9999.9"," 0","999.9"," 0","  5.5","23","999.9"," 0","999.9","999.9","  71.6","*","  48.2","*"," 0.00","I","999.9","000000"
