"STATION","DATE","LATITUDE","LONGITUDE","ELEVATION","NAME","TEMP","TEMP_ATTRIBUTES","DEWP","DEWP_ATTRIBUTES","SLP","SLP_ATTRIBUTES","STP","STP_ATTRIBUTES","VISIB","VISIB_ATTRIBUTES","WDSP","WDSP_ATTRIBUTES","MXSPD","GUST","MAX","MAX_ATTRIBUTES","MIN","MIN_ATTRIBUTES","PRCP","PRCP_ATTRIBUTES","SNDP","FRSHTT"
"02181099999","2022-01-01","66.2666666","22.85","62.0","OVERKALIX SVARTBYN, SW","   8.8","24","   4.0","24","1013.5","24","005.5","24"," 28.1","24","  4.7","21","  7.8","999.9","  16.2"," ","  -6.0","*"," 0.04","G","999.9","001000"
"02181099999","2022-01-02","66.2666666","22.85","62.0","OVERKALIX SVARTBYN, SW","   6.8","24","   3.4","24","1006.4","24","998.5","24"," 11.1","24","  3.3","16","  5.8","999.9","  15.3","*","  -6.3","*"," 0.04","E","999.9","001000"
"02181099999","2022-01-03","66.2666666","22.85","62.0","OVERKALIX SVARTBYN, SW","  14.2","24","  11.1","24"," 997.5","24","989.7","24","  1.6","24","  2.7","22","  3.9","999.9","  15.4"," ","  12.4"," "," 0.18","G","999.9","001000"
"02181099999","2022-01-04","66.2666666","22.85","62.0","OVERKALIX SVARTBYN, SW","  13.0","24","   9.8","24"," 992.2","24","984.4","24","  1.3","23","  2.3","18","  3.9","999.9","  14.5"," ","  12.2"," "," 0.12","G","999.9","001000"
"02181099999","2022-01-05","66.2666666","22.85","62.0","OVERKALIX SVARTBYN, SW","   7.7","24","   4.3","24"," 988.8","24","981.0","24"," 10.3","23","  2.2"," 9","  3.9","999.9","  13.8"," ","  -8.1","*"," 0.17","G","999.9","001000"
"02181099999","2022-01-06","66.2666666","22.85","62.0","OVERKALIX SVARTBYN, SW","   2.0","24","  -1.8","24"," 996.1","24","988.2","24"," 15.1","24","  2.4","11","  3.9","999.9","  17.2","*"," -14.4"," "," 0.06","G","999.9","001000"
"02181099999","2022-01-07","66.2666666","22.85","62.0","OVERKALIX SVARTBYN, SW","  -1.8","22","  -5.9","22","1007.6","22","999.6","22"," 28.9","22","  2.3","11","  3.9","999.9","  14.2","*"," -18.0","*"," 0.00","G","999.9","000000"
"02181099999","2022-01-08","66.2666666","22.85","62.0","OVERKALIX SVARTBYN, SW"," -12.2","24"," -17.1","24","1008.2","24","000.1","24"," 29.2","24","  2.2","14","  3.9","999.9","  -4.0"," "," -22.9"," "," 0.01","G","999.9","000000"
"02181099999","2022-01-09","66.2666666","22.85","62.0","OVERKALIX SVARTBYN, SW"," -19.0","24"," -24.7","24","1013.4","24","005.2","24"," 28.1","24","999.9"," 0","999.9","999.9","  -6.5"," "," -22.4"," "," 0.00","G","999.9","001000"
"02181099999","2022-01-10","66.2666666","22.85","62.0","OVERKALIX SVARTBYN, SW","  -3.5","24","  -7.6","24","1026.2","24","018.0","24","  5.7","24","999.9"," 0","999.9","999.9","  15.4","*"," -22.0"," "," 0.00","G","999.9","001000"
"02181099999","2022-01-11","66.2666666","22.85","62.0","OVERKALIX SVARTBYN, SW","  24.9","24","  23.4","24","1017.5","24","009.6","24"," 18.5","22","  4.0","24","  5.8","999.9","  28.4","*","   3.2"," "," 0.00","G","999.9","001000"
"02181099999","2022-01-12","66.2666666","22.85","62.0","OVERKALIX SVARTBYN, SW","  29.3","24","  27.7","24"," 997.1","24","989.5","24"," 22.2","23","  6.3","24","  9.7","999.9","  33.1","*","  23.9"," "," 0.00","G","999.9","001000"
"02181099999","2022-01-13","66.2666666","22.85","62.0","OVERKALIX SVARTBYN, SW","  29.5","22","  23.3","22"," 982.3","22","974.8","22"," 30.2","22","  6.4","22","  9.7","999.9","  34.9","*","  19.2"," "," 0.00","E","999.9","000000"
"02181099999","2022-01-14","66.2666666","22.85","62.0","OVERKALIX SVARTBYN, SW","  23.5","24","  18.1","24"," 987.1","24","979.5","24"," 31.1","24","  4.1","21","  7.8","999.9","  30.0"," ","  13.5","*"," 0.00","G","999.9","000000"
"02181099999","2022-01-15","66.2666666","22.85","62.0","OVERKALIX SVARTBYN, SW","  25.4","23","  18.7","23","1002.3","23","994.6","23"," 29.7","23","  5.7","22","  9.7","999.9","  30.9"," ","  10.4"," "," 0.00","G","999.9","001000"
"02181099999","2022-01-16","66.2666666","22.85","62.0","OVERKALIX SVARTBYN, SW","  32.8","24","  26.3","24"," 976.0","24","968.5","24"," 26.8","24","  9.4","24"," 13.6","999.9","  37.9"," ","  23.7"," "," 0.00","G","999.9","011000"
"02181099999","2022-01-17","66.2666666","22.85","62.0","OVERKALIX SVARTBYN, SW","  24.1","22","  12.3","22"," 994.6","22","986.9","22"," 27.9","21","  7.0","22"," 11.7","999.9","  26.6","*","  19.2"," "," 0.00","G","999.9","001000"
"02181099999","2022-01-18","66.2666666","22.85","62.0","OVERKALIX SVARTBYN, SW","  20.8","24","  17.3","24","1003.2","24","995.4","24"," 29.7","24","  3.5","24","  7.8","999.9","  37.9","*","   6.1"," "," 0.00","G","999.9","001000"
"02181099999","2022-01-19","66.2666666","22.85","62.0","OVERKALIX SVARTBYN, SW","  37.3","24","  30.8","24"," 983.0","24","975.5","24"," 31.1","24","  5.8","24"," 11.7","999.9","  41.2"," ","  21.9"," "," 0.02","G","999.9","000000"
"02181099999","2022-01-20","66.2666666","22.85","62.0","OVERKALIX SVARTBYN, SW","  21.4","24","  14.1","24"," 992.5","24","984.8","24"," 31.1","24","  3.7","23","  5.8","999.9","  34.5"," ","  10.6"," "," 0.00","G","999.9","000000"
"02181099999","2022-01-21","66.2666666","22.85","62.0","OVERKALIX SVARTBYN, SW","  14.2","24","   7.5","24","1012.9","24","005.0","24"," 30.8","24","  4.7","17","  7.8","999.9","  27.1"," ","  -3.8","*"," 0.00","G","999.9","000000"
"02181099999","2022-01-22","66.2666666","22.85","62.0","OVERKALIX SVARTBYN, SW","  16.2","24","  13.6","24","1013.7","24","005.8","24"," 22.5","24","  5.7","20","  9.7","999.9","  27.9","*","  -7.4"," "," 0.00","G","999.9","001000"
"02181099999","2022-01-23","66.2666666","22.85","62.0","OVERKALIX SVARTBYN, SW","  34.5","24","  31.2","24","1005.2","24","997.6","24"," 31.1","24","  6.3","24","  7.8","999.9","  41.5"," ","  25.2"," "," 0.04","G","999.9","000000"
"02181099999","2022-01-24","66.2666666","22.85","62.0","OVERKALIX SVARTBYN, SW","  35.6","24","  26.8","24"," 998.8","24","991.2","24"," 30.0","23","  6.2","24","  9.7","999.9","  41.4"," ","  27.9","*"," 0.00","G","999.9","011000"
"02181099999","2022-01-25","66.2666666","22.85","62.0","OVERKALIX SVARTBYN, SW","  22.9","24","  13.5","24","1009.2","24","001.4","24"," 31.1","24","  5.3","23","  9.7","999.9","  33.6"," ","  15.6"," "," 0.00","G","999.9","000000"
"02181099999","2022-01-26","66.2666666","22.85","62.0","OVERKALIX SVARTBYN, SW","  21.3","24","  19.1","24","1001.0","24","993.2","24"," 19.2","23","  2.8","22","  3.9","999.9","  26.8"," ","  12.9"," "," 0.00","G","999.9","001000"
"02181099999","2022-01-27","66.2666666","22.85","62.0","OVERKALIX SVARTBYN, SW","  21.3","24","  19.5","24"," 995.3","24","987.6","24","  8.2","21","  2.2"," 9","  3.9","999.9","  26.6"," ","  19.2"," "," 0.05","G","999.9","001000"
"02181099999","2022-01-28","66.2666666","22.85","62.0","OVERKALIX SVARTBYN, SW","  14.4","24","  11.6","24","1002.1","24","994.3","24"," 22.4","24","  2.3","16","  3.9","999.9","  21.9"," ","  -0.6","*"," 0.11","G","999.9","001000"
"02181099999","2022-01-29","66.2666666","22.85","62.0","OVERKALIX SVARTBYN, SW","   6.7","24","   3.4","24"," 989.8","24","982.0","24"," 19.7","24","  2.9","18","  5.8","999.9","  14.7"," ","  -7.6"," "," 0.01","G","999.9","001000"
"02181099999","2022-01-30","66.2666666","22.85","62.0","OVERKALIX SVARTBYN, SW","   9.6","24","   6.2","24"," 999.4","24","991.5","24"," 21.7","24","  3.7","22","  5.8","999.9","  15.4"," ","  -2.2","*"," 0.09","G","999.9","001000"
"02181099999","2022-01-31","66.2666666","22.85","62.0","OVERKALIX SVARTBYN, SW"," -11.8","24"," -16.7","24","1008.9","24","000.8","24"," 25.2","24","999.9"," 0","999.9","999.9","   7.7"," "," -17.0","*"," 0.01","G","999.9","001000"
"02181099999","2022-02-01","66.2666666","22.85","62.0","OVERKALIX SVARTBYN, SW","  -8.8","24"," -13.5","24","1005.0","24","996.9","24"," 19.1","23","  2.3","16","  3.9","999.9","   7.0","*"," -20.7"," "," 0.00","G","999.9","001000"
"02181099999","2022-02-02","66.2666666","22.85","62.0","OVERKALIX SVARTBYN, SW","   7.3","24","   3.8","24","1007.5","24","999.6","24"," 10.6","24","  3.0","21","  3.9","999.9","  10.2"," ","  -6.2"," "," 0.00","G","999.9","001000"
"02181099999","2022-02-03","66.2666666","22.85","62.0","OVERKALIX SVARTBYN, SW","   4.0","24","   0.3","24","1012.6","24","004.5","24","  2.7","24","  1.9"," 4","  1.9","999.9","  10.2"," ","  -8.1","*"," 0.06","G","999.9","001000"
"02181099999","2022-02-04","66.2666666","22.85","62.0","OVERKALIX SVARTBYN, SW","  10.3","24","   7.2","24"," 998.2","24","990.4","24","  1.2","24","  4.2","21","  7.8","999.9","  27.0","*","  -8.3"," "," 0.03","G","999.9","001000"
"02181099999","2022-02-05","66.2666666","22.85","62.0","OVERKALIX SVARTBYN, SW","  27.8","24","  26.3","24"," 983.0","24","975.4","24"," 13.0","24","  4.7","24","  7.8","999.9","  30.4"," ","  20.5"," "," 0.47","G","999.9","001000"
"02181099999","2022-02-06","66.2666666","22.85","62.0","OVERKALIX SVARTBYN, SW","  25.2","24","  22.7","24"," 980.9","24","973.3","24"," 19.9","24","  4.8","24","  5.8","999.9","  27.7"," ","  22.8"," "," 0.04","G","999.9","001000"
"02181099999","2022-02-07","66.2666666","22.85","62.0","OVERKALIX SVARTBYN, SW","  28.5","24","  27.1","24"," 989.6","24","982.0","24"," 14.9","24","  2.0","20","  3.9","999.9","  30.4"," ","  23.2"," "," 0.08","G","999.9","001000"
"02181099999","2022-02-08","66.2666666","22.85","62.0","OVERKALIX SVARTBYN, SW","  24.7","24","  23.0","24"," 993.1","24","985.4","24"," 13.6","21","  2.8","23","  5.8","999.9","  28.0"," ","  22.6"," "," 0.07","G","999.9","001000"
"02181099999","2022-02-09","66.2666666","22.85","62.0","OVERKALIX SVARTBYN, SW","  18.5","24","  16.6","24"," 986.6","24","978.9","24"," 29.9","24","  3.4","24","  5.8","999.9","  24.1"," ","  13.1","*"," 0.04","G","999.9","000000"
"02181099999","2022-02-10","66.2666666","22.85","62.0","OVERKALIX SVARTBYN, SW","  18.9","24","  16.7","24"," 981.5","24","973.9","24"," 24.6","24","  4.0","24","  7.8","999.9","  28.4"," ","  10.6"," "," 0.00","G","999.9","001000"
"02181099999","2022-02-11","66.2666666","22.85","62.0","OVERKALIX SVARTBYN, SW","   7.8","24","   4.6","24"," 996.8","24","988.9","24"," 29.2","24","  2.2","13","  3.9","999.9","  22.3"," ","  -2.9"," "," 0.02","G","999.9","001000"
"02181099999","2022-02-12","66.2666666","22.85","62.0","OVERKALIX SVARTBYN, SW","  -7.6","24"," -12.1","24","1001.2","24","993.2","24"," 29.0","24","  1.9"," 4","  1.9","999.9","  12.6"," "," -15.9","*"," 0.00","G","999.9","000000"
"02181099999","2022-02-13","66.2666666","22.85","62.0","OVERKALIX SVARTBYN, SW","   9.1","24","   6.0","24"," 993.2","24","985.4","24"," 11.7","24","  3.0","18","  5.8","999.9","  27.1"," "," -17.3"," "," 0.00","G","999.9","001000"
"02181099999","2022-02-14","66.2666666","22.85","62.0","OVERKALIX SVARTBYN, SW","  -3.4","24","  -7.5","24"," 998.5","24","990.5","24"," 29.5","24","  1.9"," 8","  1.9","999.9","   7.5","*"," -12.3","*"," 0.04","G","999.9","001000"
"02181099999","2022-02-15","66.2666666","22.85","62.0","OVERKALIX SVARTBYN, SW","  -7.9","24"," -12.6","24","1006.5","24","998.4","24"," 29.5","24","  1.9"," 8","  1.9","999.9","   5.4","*"," -17.9"," "," 0.01","G","999.9","000000"
"02181099999","2022-02-16","66.2666666","22.85","62.0","OVERKALIX SVARTBYN, SW","  12.7","24","   9.4","24"," 995.2","24","987.4","24"," 19.9","24","  3.6","24","  3.9","999.9","  18.9","*","  -4.2"," "," 0.00","G","999.9","001000"
"02181099999","2022-02-17","66.2666666","22.85","62.0","OVERKALIX SVARTBYN, SW","  20.9","24","  18.5","24"," 979.5","24","971.9","24","  4.6","24","  3.9","24","  5.8","999.9","  23.7"," ","  17.8"," "," 0.09","G","999.9","001000"
"02181099999","2022-02-18","66.2666666","22.85","62.0","OVERKALIX SVARTBYN, SW","  24.1","24","  22.0","24"," 972.8","24","965.3","24","  1.7","23","  5.3","24","  5.8","999.9","  26.1"," ","  20.5"," "," 0.17","G","999.9","001000"
"02181099999","2022-02-19","66.2666666","22.85","62.0","OVERKALIX SVARTBYN, SW","  24.3","24","  22.1","24"," 979.5","24","972.0","24","  2.0","24","  3.9","24","  3.9","999.9","  26.6"," ","  20.3","*"," 0.17","G","999.9","001000"
"02181099999","2022-02-20","66.2666666","22.85","62.0","OVERKALIX SVARTBYN, SW","  11.5","24","   8.1","24"," 989.6","24","981.8","24"," 20.8","24","  2.5","18","  3.9","999.9","  22.8"," ","  -4.4","*"," 0.12","G","999.9","001000"
"02181099999","2022-02-21","66.2666666","22.85","62.0","OVERKALIX SVARTBYN, SW","   6.6","24","   3.0","24"," 995.0","24","987.2","24","  3.0","24","  2.4","13","  3.9","999.9","  12.9"," ","  -4.7"," "," 0.01","G","999.9","001000"
"02181099999","2022-02-22","66.2666666","22.85","62.0","OVERKALIX SVARTBYN, SW","   0.6","23","  -3.6","23","1001.3","23","993.4","23"," 12.5","23","  2.3","15","  3.9","999.9","   8.4"," "," -13.5","*"," 0.01","G","999.9","001000"
"02181099999","2022-02-23","66.2666666","22.85","62.0","OVERKALIX SVARTBYN, SW","   1.6","24","  -2.3","24","1001.1","24","993.1","24","  6.9","23","  4.4","14","  7.8","999.9","  23.9","*"," -17.3"," "," 0.00","G","999.9","001000"
"02181099999","2022-02-24","66.2666666","22.85","62.0","OVERKALIX SVARTBYN, SW","  28.9","24","  27.7","24"," 981.4","24","973.8","24"," 19.0","24","  5.0","24","  7.8","999.9","  31.8"," ","  11.5"," "," 0.24","G","999.9","001000"
"02181099999","2022-02-25","66.2666666","22.85","62.0","OVERKALIX SVARTBYN, SW","  25.7","24","  20.5","24"," 992.0","24","984.4","24"," 28.6","24","  5.3","24","  7.8","999.9","  32.4"," ","  21.0"," "," 0.01","G","999.9","011000"
"02181099999","2022-02-26","66.2666666","22.85","62.0","OVERKALIX SVARTBYN, SW","  18.6","24","  11.4","24","1019.5","24","011.6","24"," 29.7","24","  5.3","23"," 11.7","999.9","  27.1"," ","   5.7"," "," 0.00","G","999.9","001000"
"02181099999","2022-02-27","66.2666666","22.85","62.0","OVERKALIX SVARTBYN, SW","  31.0","24","  23.5","24","1016.4","24","008.6","24"," 31.1","24","  6.6","24","  9.7","999.9","  37.9","*","  19.8"," "," 0.00","G","999.9","000000"
"02181099999","2022-02-28","66.2666666","22.85","62.0","OVERKALIX SVARTBYN, SW","  34.4","24","  26.8","24","1019.6","24","011.9","24"," 28.9","23","  4.0","24","  7.8","999.9","  42.4"," ","  25.9","*"," 0.00","G","999.9","000000"
"02181099999","2022-03-01","66.2666666","22.85","62.0","OVERKALIX SVARTBYN, SW","  27.2","24","  24.5","24","1009.6","24","001.8","24"," 16.6","23","  3.6","23","  5.8","999.9","  30.2","*","  25.2"," "," 0.00","G","999.9","001000"
"02181099999","2022-03-02","66.2666666","22.85","62.0","OVERKALIX SVARTBYN, SW","  34.2","24","  24.6","24","1005.6","24","997.9","24"," 28.9","24","  5.7","24","  7.8","999.9","  41.4"," ","  27.3"," "," 0.04","G","999.9","001000"
"02181099999","2022-03-03","66.2666666","22.85","62.0","OVERKALIX SVARTBYN, SW","  27.0","24","  15.8","24","1021.0","24","013.1","24"," 31.1","24","  3.9","21","  7.8","999.9","  38.3"," ","  19.6","*"," 0.00","G","999.9","000000"
"02181099999","2022-03-04","66.2666666","22.85","62.0","OVERKALIX SVARTBYN, SW","  18.9","24","  13.1","24","1024.6","24","016.6","24"," 31.1","24","  2.9","16","  3.9","999.9","  28.8"," ","   4.6"," "," 0.00","G","999.9","000000"
"02181099999","2022-03-05","66.2666666","22.85","62.0","OVERKALIX SVARTBYN, SW","  21.4","24","  18.0","24","1012.4","24","004.6","24"," 30.0","24","  2.7","18","  3.9","999.9","  26.2"," ","  10.0","*"," 0.00","G","999.9","000000"
"02181099999","2022-03-06","66.2666666","22.85","62.0","OVERKALIX SVARTBYN, SW","  19.0","24","  14.6","24","1009.3","24","001.4","24"," 30.8","24","  2.1","14","  3.9","999.9","  30.6"," ","   6.1"," "," 0.00","G","999.9","000000"
"02181099999","2022-03-07","66.2666666","22.85","62.0","OVERKALIX SVARTBYN, SW","  23.6","24","  21.7","24","1017.2","24","009.3","24"," 17.5","21","  3.8","16","  5.8","999.9","  26.4"," ","  14.9"," "," 0.00","G","999.9","001000"
"02181099999","2022-03-08","66.2666666","22.85","62.0","OVERKALIX SVARTBYN, SW","  22.6","24","  19.9","24","1020.6","24","012.7","24"," 22.4","24","  2.2","15","  3.9","999.9","  25.5"," ","  20.5"," "," 0.15","G","999.9","000000"
"02181099999","2022-03-09","66.2666666","22.85","62.0","OVERKALIX SVARTBYN, SW","  22.6","24","  21.2","24","1026.9","24","018.9","24"," 14.2","18","  5.0","24","  7.8","999.9","  27.7","*","  19.2","*"," 0.00","G","999.9","001000"
"02181099999","2022-03-10","66.2666666","22.85","62.0","OVERKALIX SVARTBYN, SW","  31.9","24","  25.7","24","1019.4","24","011.6","24"," 30.8","24","  5.9","24","  9.7","999.9","  36.9","*","  24.4"," "," 0.00","G","999.9","000000"
"02181099999","2022-03-11","66.2666666","22.85","62.0","OVERKALIX SVARTBYN, SW","  36.7","24","  29.3","24","1021.5","24","013.7","24"," 31.1","24","  2.2","19","  3.9","999.9","  44.4"," ","  30.2"," "," 0.00","G","999.9","000000"
"02181099999","2022-03-12","66.2666666","22.85","62.0","OVERKALIX SVARTBYN, SW","  35.5","24","  29.0","24","1023.6","24","015.8","24"," 26.9","24","  2.1","12","  3.9","999.9","  46.8"," ","  24.3","*"," 0.00","G","999.9","000000"
"02181099999","2022-03-13","66.2666666","22.85","62.0","OVERKALIX SVARTBYN, SW","  22.7","24","  20.0","24","1024.0","24","016.0","24"," 14.2","22","  2.4","18","  3.9","999.9","  34.5"," ","  16.0","*"," 0.00","G","999.9","100000"
"02181099999","2022-03-14","66.2666666","22.85","62.0","OVERKALIX SVARTBYN, SW","  17.7","24","  14.7","24","1025.8","24","017.9","24"," 20.2","24","  2.1","11","  3.9","999.9","  32.4"," ","   6.3"," "," 0.01","G","999.9","100000"
"02181099999","2022-03-15","66.2666666","22.85","62.0","OVERKALIX SVARTBYN, SW","  17.5","24","  13.5","24","1025.7","24","017.7","24"," 18.8","22","  1.9","14","  1.9","999.9","  30.9"," ","   6.3"," "," 0.00","G","999.9","101000"
"02181099999","2022-03-16","66.2666666","22.85","62.0","OVERKALIX SVARTBYN, SW","  26.3","24","  25.2","24","1027.5","24","019.5","24","  3.4","24","  3.8","24","  5.8","999.9","  32.2"," ","  13.1"," "," 0.00","G","999.9","100000"
"02181099999","2022-03-17","66.2666666","22.85","62.0","OVERKALIX SVARTBYN, SW","  30.7","24","  28.1","24","1029.3","24","021.4","24","  8.4","24","  5.4","24","  7.8","999.9","  37.9"," ","  23.0"," "," 0.00","G","999.9","000000"
"02181099999","2022-03-18","66.2666666","22.85","62.0","OVERKALIX SVARTBYN, SW","  34.8","24","  25.7","24","1026.9","24","019.0","24"," 24.3","24","  6.2","24","  7.8","999.9","  45.9"," ","  29.1","*"," 0.04","G","999.9","001000"
"02181099999","2022-03-19","66.2666666","22.85","62.0","OVERKALIX SVARTBYN, SW","  40.6","24","  28.5","24","1027.1","24","019.4","24"," 28.2","24","  7.5","24"," 11.7","999.9","  51.3"," ","  27.0"," "," 0.00","G","999.9","000000"
"02181099999","2022-03-20","66.2666666","22.85","62.0","OVERKALIX SVARTBYN, SW","  42.5","24","  26.4","24","1033.0","24","025.3","24"," 26.9","24","  4.0","24","  7.8","999.9","  49.8"," ","  31.3","*"," 0.00","G","999.9","000000"
"02181099999","2022-03-21","66.2666666","22.85","62.0","OVERKALIX SVARTBYN, SW","  40.0","23","  23.8","23","1028.2","23","020.5","23"," 30.7","23","  4.1","23","  9.7","999.9","  48.6","*","  30.4"," "," 0.00","G","999.9","000000"
"02181099999","2022-03-22","66.2666666","22.85","62.0","OVERKALIX SVARTBYN, SW","  33.0","24","  26.7","24","1025.4","24","017.5","24"," 27.3","24","  2.0","24","  3.9","999.9","  47.1"," ","  21.6"," "," 0.00","F","999.9","000000"
"02181099999","2022-03-23","66.2666666","22.85","62.0","OVERKALIX SVARTBYN, SW","  35.4","23","  27.0","23","1014.4","23","006.7","23"," 24.8","23","  4.1","23","  7.8","999.9","  48.6"," ","  17.8"," "," 0.00","G","999.9","000000"
"02181099999","2022-03-24","66.2666666","22.85","62.0","OVERKALIX SVARTBYN, SW","  34.3","23","  20.3","23","1017.5","23","009.7","23"," 31.1","23","  3.3","23","  5.8","999.9","  44.1"," ","  27.9"," "," 0.00","G","999.9","000000"
"02181099999","2022-03-25","66.2666666","22.85","62.0","OVERKALIX SVARTBYN, SW","  29.5","24","  23.8","24","1003.8","24","996.1","24"," 23.6","24","  3.2","24","  3.9","999.9","  32.5"," ","  27.5"," "," 0.02","G","999.9","001000"
"02181099999","2022-03-26","66.2666666","22.85","62.0","OVERKALIX SVARTBYN, SW","  23.8","24","  11.6","24","1017.6","24","009.7","24"," 19.0","24","  6.2","24"," 11.7","999.9","  30.2"," ","  15.8","*"," 0.04","G","999.9","001000"
"02181099999","2022-03-27","66.2666666","22.85","62.0","OVERKALIX SVARTBYN, SW","  18.5","24","  11.5","24","1013.4","24","005.5","24"," 19.2","23","  3.7","24","  5.8","999.9","  25.2"," ","   6.6"," "," 0.00","G","999.9","001000"
"02181099999","2022-03-28","66.2666666","22.85","62.0","OVERKALIX SVARTBYN, SW","  19.9","23","   9.3","23","1001.7","23","993.9","23"," 20.5","23","  4.6","23","  5.8","999.9","  26.1"," ","  11.5","*"," 0.24","G","999.9","001000"
"02181099999","2022-03-29","66.2666666","22.85","62.0","OVERKALIX SVARTBYN, SW","  22.7","24","  11.6","24","1002.0","24","994.3","24"," 26.5","24","  7.0","24","  9.7","999.9","  31.5"," ","  10.2"," "," 0.00","G","999.9","001000"
"02181099999","2022-03-30","66.2666666","22.85","62.0","OVERKALIX SVARTBYN, SW","  27.6","24","  17.3","24","1001.9","24","994.1","24"," 28.8","24","  5.7","24","  7.8","999.9","  33.1"," ","  22.5","*"," 0.00","G","999.9","001000"
"02181099999","2022-03-31","66.2666666","22.85","62.0","OVERKALIX SVARTBYN, SW","  23.5","23","  13.0","23","1012.1","23","004.2","23"," 29.6","23","  3.0","23","  5.8","999.9","  31.8"," ","  11.7"," "," 0.00","G","999.9","000000"
"02181099999","2022-04-01","66.2666666","22.85","62.0","OVERKALIX SVARTBYN, SW","  18.9","24","   8.2","24","1015.6","24","007.7","24"," 30.4","24","  2.2","24","  7.8","999.9","  32.4"," ","   2.7"," "," 0.00","G","999.9","000000"
"02181099999","2022-04-02","66.2666666","22.85","62.0","OVERKALIX SVARTBYN, SW","  25.9","24","  12.4","24","1003.8","24","996.0","24"," 30.3","24","  4.0","24","  7.8","999.9","  38.3"," ","  12.2"," "," 0.00","G","999.9","001000"
"02181099999","2022-04-03","66.2666666","22.85","62.0","OVERKALIX SVARTBYN, SW","  21.6","24","  12.9","24"," 999.7","24","991.9","24"," 30.3","24","  1.6","24","  3.9","999.9","  31.8"," ","  10.8","*"," 0.00","G","999.9","000000"
"02181099999","2022-04-04","66.2666666","22.85","62.0","OVERKALIX SVARTBYN, SW","  19.3","24","  12.7","24"," 993.3","24","985.5","24"," 26.4","23","  2.6","24","  3.9","999.9","  29.7"," ","   3.9"," "," 0.00","G","999.9","001000"
"02181099999","2022-04-05","66.2666666","22.85","62.0","OVERKALIX SVARTBYN, SW","  24.6","24","  21.5","24"," 980.8","24","973.2","24","  9.9","24","  4.5","24","  7.8","999.9","  32.4"," ","  15.6"," "," 0.08","E","999.9","001000"
"02181099999","2022-04-06","66.2666666","22.85","62.0","OVERKALIX SVARTBYN, SW","  29.3","24","  27.1","24"," 984.8","24","977.3","24"," 12.2","24","  3.3","24","  5.8","999.9","  34.7"," ","  15.4","*"," 0.26","G","999.9","001000"
"02181099999","2022-04-07","66.2666666","22.85","62.0","OVERKALIX SVARTBYN, SW","  24.6","23","  20.8","23"," 990.9","23","983.2","23"," 16.7","23","  3.1","23","  5.8"," 14.6","  30.2"," ","   8.6"," "," 0.12","G","999.9","001000"
"02181099999","2022-04-08","66.2666666","22.85","62.0","OVERKALIX SVARTBYN, SW","  28.0","24","  25.8","24"," 986.5","24","978.9","24"," 13.2","24","  4.6","24","  8.4"," 20.4","  33.3","*","  15.8"," "," 0.09","G","999.9","011000"
"02181099999","2022-04-09","66.2666666","22.85","62.0","OVERKALIX SVARTBYN, SW","  33.8","24","  32.5","24"," 984.5","24","976.9","24"," 23.9","24","  3.8","24","  5.8"," 12.0","  37.0"," ","  29.7","*"," 0.55","G","999.9","011000"
"02181099999","2022-04-10","66.2666666","22.85","62.0","OVERKALIX SVARTBYN, SW","  29.1","24","  25.5","24"," 990.4","24","982.8","24"," 23.1","24","  2.2","24","  4.7"," 11.5","  35.2"," ","  19.8","*"," 0.14","G","999.9","101000"
"02181099999","2022-04-11","66.2666666","22.85","62.0","OVERKALIX SVARTBYN, SW","  33.6","24","  28.2","24"," 999.2","24","991.6","24"," 25.2","24","  3.4","24","  8.0"," 18.8","  40.6"," ","  19.0"," "," 0.03","G","999.9","011000"
"02181099999","2022-04-12","66.2666666","22.85","62.0","OVERKALIX SVARTBYN, SW","  34.1","22","  23.8","22","1015.0","22","007.3","22"," 30.6","22","  1.5","22","  3.9","999.9","  44.1"," ","  25.3"," "," 0.00","G","999.9","000000"
"02181099999","2022-04-13","66.2666666","22.85","62.0","OVERKALIX SVARTBYN, SW","  35.1","24","  25.3","24","1020.2","24","012.4","24"," 30.8","24","  1.6","24","  3.9","999.9","  45.3"," ","  24.1"," ","99.99"," ","999.9","010000"
"02181099999","2022-04-14","66.2666666","22.85","62.0","OVERKALIX SVARTBYN, SW","  34.8","24","  26.5","24","1020.3","24","012.5","24"," 22.8","24","  2.6","24","  5.8"," 15.5","  41.9"," ","  28.2","*"," 0.06","G","999.9","111000"
"02181099999","2022-04-15","66.2666666","22.85","62.0","OVERKALIX SVARTBYN, SW","  33.8","24","  21.1","24","1029.7","24","021.9","24"," 30.0","24","  2.2","24","  5.8","999.9","  43.7"," ","  24.4","*"," 0.00","G","999.9","000000"
"02181099999","2022-04-16","66.2666666","22.85","62.0","OVERKALIX SVARTBYN, SW","  33.6","24","  23.9","24","1027.2","24","019.4","24"," 31.1","24","  2.3","24","  3.9","999.9","  43.3"," ","  21.0"," "," 0.00","E","999.9","000000"
"02181099999","2022-04-17","66.2666666","22.85","62.0","OVERKALIX SVARTBYN, SW","  40.8","24","  30.4","24","1023.9","24","016.2","24"," 30.2","24","  0.8","24","  3.9","999.9","  54.7"," ","  26.6"," "," 0.00","G","999.9","000000"
"02181099999","2022-04-18","66.2666666","22.85","62.0","OVERKALIX SVARTBYN, SW","  41.0","24","  32.3","24","1020.5","24","012.8","24"," 30.6","24","  2.0","24","  3.9","999.9","  53.8"," ","  27.9"," "," 0.00","G","999.9","000000"
"02181099999","2022-04-19","66.2666666","22.85","62.0","OVERKALIX SVARTBYN, SW","  42.5","24","  33.0","24","1023.7","24","016.0","24"," 27.1","24","  1.1","24","  3.9","999.9","  58.1"," ","  28.0"," "," 0.00","G","999.9","000000"
"02181099999","2022-04-20","66.2666666","22.85","62.0","OVERKALIX SVARTBYN, SW","  41.3","24","  31.3","24","1026.5","24","018.8","24"," 26.5","24","  2.8","24","  5.8","999.9","  53.8"," ","  29.1"," "," 0.00","G","999.9","000000"
"02181099999","2022-04-21","66.2666666","22.85","62.0","OVERKALIX SVARTBYN, SW","  43.3","24","  30.1","24","1026.3","24","018.6","24"," 29.5","24","  1.9","24","  5.8","999.9","  59.5"," ","  26.8"," "," 0.00","G","999.9","000000"
"02181099999","2022-04-22","66.2666666","22.85","62.0","OVERKALIX SVARTBYN, SW","  41.1","24","  28.9","24","1027.2","24","019.5","24"," 30.4","24","  3.5","24","  5.8","999.9","  48.9"," ","  30.4"," "," 0.00","G","999.9","000000"
"02181099999","2022-04-23","66.2666666","22.85","62.0","OVERKALIX SVARTBYN, SW","  38.4","24","  26.1","24","1026.8","24","019.0","24"," 30.4","24","  2.9","24","  5.8","999.9","  45.0"," ","  28.2","*"," 0.00","G","999.9","000000"
"02181099999","2022-04-24","66.2666666","22.85","62.0","OVERKALIX SVARTBYN, SW","  38.2","24","  26.7","24","1019.0","24","011.3","24"," 30.7","24","  3.2","24","  5.8","999.9","  48.6"," ","  25.5"," "," 0.00","G","999.9","000000"
"02181099999","2022-04-25","66.2666666","22.85","62.0","OVERKALIX SVARTBYN, SW","  37.6","24","  29.5","24","1008.9","24","001.3","24"," 30.0","24","  2.8","24","  7.8","999.9","  48.6"," ","  26.4"," "," 0.00","G","999.9","010000"
"02181099999","2022-04-26","66.2666666","22.85","62.0","OVERKALIX SVARTBYN, SW","  30.9","24","  14.4","24","1014.1","24","006.3","24"," 30.8","24","  4.9","24","  7.8","999.9","  37.0"," ","  22.3","*"," 0.00","G","999.9","011000"
"02181099999","2022-04-27","66.2666666","22.85","62.0","OVERKALIX SVARTBYN, SW","  30.6","24","  12.2","24","1019.3","24","011.5","24"," 30.9","24","  4.0","24","  7.8","999.9","  38.3"," ","  19.0"," "," 0.00","G","999.9","000000"
"02181099999","2022-04-28","66.2666666","22.85","62.0","OVERKALIX SVARTBYN, SW","  31.4","24","  13.6","24","1017.3","24","009.5","24"," 30.9","24","  3.6","24","  7.8","999.9","  39.2"," ","  24.8"," "," 0.00","G","999.9","000000"
"02181099999","2022-04-29","66.2666666","22.85","62.0","OVERKALIX SVARTBYN, SW","  33.0","24","  15.1","24","1019.7","24","011.8","24"," 28.6","24","  3.4","24","  5.8","999.9","  40.3"," ","  20.7"," "," 0.00","G","999.9","001000"
"02181099999","2022-04-30","66.2666666","22.85","62.0","OVERKALIX SVARTBYN, SW","  35.2","24","  21.3","24","1017.1","24","009.3","24"," 28.9","24","  2.3","24","  5.8","999.9","  42.3"," ","  29.5"," "," 0.01","G","999.9","001000"
"02181099999","2022-05-01","66.2666666","22.85","62.0","OVERKALIX SVARTBYN, SW","  36.3","23","  20.9","23","1013.2","23","005.5","23"," 27.5","22","  2.9","23","  7.8","999.9","  44.4"," ","  28.0"," "," 0.00","G","999.9","011000"
"02181099999","2022-05-02","66.2666666","22.85","62.0","OVERKALIX SVARTBYN, SW","  38.1","24","  28.7","24"," 992.7","24","985.1","24"," 23.4","23","  7.3","24"," 11.7","999.9","  45.1"," ","  30.9","*"," 0.00","G","999.9","011000"
"02181099999","2022-05-03","66.2666666","22.85","62.0","OVERKALIX SVARTBYN, SW","  31.9","24","  15.2","24","1005.9","24","998.2","24"," 29.8","24","  6.6","24"," 11.7","999.9","  38.7"," ","  24.6","*"," 0.05","G","999.9","001000"
"02181099999","2022-05-04","66.2666666","22.85","62.0","OVERKALIX SVARTBYN, SW","  34.3","24","  14.8","24","1013.7","24","006.0","24"," 30.8","24","  2.6","24","  5.8","999.9","  45.1"," ","  21.6"," "," 0.00","G","999.9","000000"
"02181099999","2022-05-05","66.2666666","22.85","62.0","OVERKALIX SVARTBYN, SW","  34.6","24","  29.1","24","1010.3","24","002.6","24"," 29.2","24","  3.4","24","  7.8","999.9","  43.0"," ","  21.2"," "," 0.00","G","999.9","010000"
"02181099999","2022-05-06","66.2666666","22.85","62.0","OVERKALIX SVARTBYN, SW","  44.7","23","  30.6","23","1007.2","23","999.6","23"," 30.7","23","  5.2","23","  7.8","999.9","  54.9"," ","  30.9"," "," 0.02","G","999.9","000000"
"02181099999","2022-05-07","66.2666666","22.85","62.0","OVERKALIX SVARTBYN, SW","  44.2","24","  24.0","24","1003.5","24","996.0","24"," 30.7","24","  6.8","24"," 13.6","999.9","  52.7"," ","  31.5","*"," 0.00","G","999.9","000000"
"02181099999","2022-05-08","66.2666666","22.85","62.0","OVERKALIX SVARTBYN, SW","  39.9","24","  19.2","24","1016.5","24","008.8","24"," 30.8","24","  5.2","24","  7.8","999.9","  49.3"," ","  29.3"," "," 0.00","G","999.9","000000"
"02181099999","2022-05-09","66.2666666","22.85","62.0","OVERKALIX SVARTBYN, SW","  42.0","23","  30.0","23","1016.9","23","009.3","23"," 30.8","23","  4.1","23","  5.8","999.9","  52.3"," ","  27.0"," "," 0.00","G","999.9","010000"
"02181099999","2022-05-10","66.2666666","22.85","62.0","OVERKALIX SVARTBYN, SW","  44.7","24","  36.0","24","1003.8","24","996.3","24"," 28.8","24","  4.3","24","  7.8","999.9","  52.9"," ","  38.7","*"," 0.00","G","999.9","010000"
"02181099999","2022-05-11","66.2666666","22.85","62.0","OVERKALIX SVARTBYN, SW","  41.5","24","  39.3","24"," 993.6","24","986.0","24"," 13.2","24","  2.3","24","  5.8","999.9","  49.3"," ","  34.2","*"," 0.02","G","999.9","110000"
"02181099999","2022-05-12","66.2666666","22.85","62.0","OVERKALIX SVARTBYN, SW","  46.6","24","  34.0","24"," 991.1","24","983.7","24"," 22.2","24","  1.7","24","  5.8","999.9","  62.1"," ","  30.6"," "," 0.01","G","999.9","100000"
"02181099999","2022-05-13","66.2666666","22.85","62.0","OVERKALIX SVARTBYN, SW","  47.4","24","  30.8","24"," 996.0","24","988.6","24"," 30.7","24","  2.0","24","  5.8","999.9","  60.6"," ","  28.8"," "," 0.00","G","999.9","010000"
"02181099999","2022-05-14","66.2666666","22.85","62.0","OVERKALIX SVARTBYN, SW","  47.5","23","  34.6","23"," 999.3","23","991.8","23"," 30.5","23","  3.0","23","  7.8","999.9","  60.6"," ","  29.1"," "," 0.00","G","999.9","010000"
"02181099999","2022-05-15","66.2666666","22.85","62.0","OVERKALIX SVARTBYN, SW","  48.7","24","  32.3","24","1005.5","24","998.0","24"," 29.4","24","  3.7","24","  7.8","999.9","  59.9"," ","  38.5"," "," 0.03","G","999.9","010000"
"02181099999","2022-05-16","66.2666666","22.85","62.0","OVERKALIX SVARTBYN, SW","  39.7","24","  30.6","24","1017.2","24","009.5","24"," 30.0","24","  7.7","24","  9.7","999.9","  53.1"," ","  36.0","*"," 0.00","G","999.9","010000"
"02181099999","2022-05-17","66.2666666","22.85","62.0","OVERKALIX SVARTBYN, SW","  41.5","24","  24.1","24","1021.7","24","014.0","24"," 30.8","24","  4.5","24","  5.8","999.9","  48.7"," ","  35.6"," "," 0.03","G","999.9","000000"
"02181099999","2022-05-18","66.2666666","22.85","62.0","OVERKALIX SVARTBYN, SW","  44.4","24","  27.8","24","1017.2","24","009.6","24"," 31.1","24","  3.2","24","  7.8","999.9","  51.8"," ","  30.7","*"," 0.00","G","999.9","000000"
"02181099999","2022-05-19","66.2666666","22.85","62.0","OVERKALIX SVARTBYN, SW","  44.5","24","  26.3","24","1020.6","24","012.9","24"," 30.3","24","  2.4","24","  3.9","999.9","  54.3"," ","  28.4"," "," 0.00","G","999.9","000000"
"02181099999","2022-05-20","66.2666666","22.85","62.0","OVERKALIX SVARTBYN, SW","  46.7","24","  28.3","24","1017.7","24","010.0","24"," 30.3","24","  4.0","24","  5.8","999.9","  55.2"," ","  34.7"," "," 0.00","G","999.9","010000"
"02181099999","2022-05-21","66.2666666","22.85","62.0","OVERKALIX SVARTBYN, SW","  51.9","24","  32.6","24","1012.4","24","005.0","24"," 28.1","24","  3.9","24","  5.8","999.9","  63.5"," ","  39.9"," "," 0.00","G","999.9","010000"
"02181099999","2022-05-22","66.2666666","22.85","62.0","OVERKALIX SVARTBYN, SW","  51.8","24","  42.2","24","1011.1","24","003.6","24"," 23.0","24","  1.7","24","  9.7","999.9","  68.7"," ","  41.4","*"," 0.00","G","999.9","110000"
"02181099999","2022-05-23","66.2666666","22.85","62.0","OVERKALIX SVARTBYN, SW","  53.2","24","  37.4","24","1010.9","24","003.4","24"," 22.8","24","  2.9","24","  7.8","999.9","  67.1"," ","  36.7"," "," 0.04","G","999.9","100000"
"02181099999","2022-05-24","66.2666666","22.85","62.0","OVERKALIX SVARTBYN, SW","  53.9","24","  31.5","24","1011.7","24","004.2","24"," 29.7","24","  4.5","24","  7.8","999.9","  65.3"," ","  38.1"," "," 0.00","G","999.9","000000"
"02181099999","2022-05-25","66.2666666","22.85","62.0","OVERKALIX SVARTBYN, SW","  58.7","24","  33.2","24","1009.1","24","001.7","24"," 29.1","24","  3.5","24","  7.8","999.9","  70.3"," ","  36.0"," "," 0.00","G","999.9","000000"
"02181099999","2022-05-26","66.2666666","22.85","62.0","OVERKALIX SVARTBYN, SW","  56.4","24","  34.8","24","1003.0","24","995.6","24"," 27.3","24","  2.8","24","  5.8","999.9","  67.6"," ","  39.0","*"," 0.00","G","999.9","000000"
"02181099999","2022-05-27","66.2666666","22.85","62.0","OVERKALIX SVARTBYN, SW","  44.7","24","  41.5","24"," 995.3","24","987.9","24"," 23.1","24","  3.6","24","  5.8","999.9","  62.1"," ","  37.0"," "," 0.00","G","999.9","010000"
"02181099999","2022-05-28","66.2666666","22.85","62.0","OVERKALIX SVARTBYN, SW","  47.8","24","  39.6","24"," 998.5","24","991.1","24"," 30.6","24","  2.1","24","  3.9","999.9","  54.0"," ","  41.4"," "," 0.22","G","999.9","010000"
"02181099999","2022-05-29","66.2666666","22.85","62.0","OVERKALIX SVARTBYN, SW","  55.9","24","  45.1","24","1009.5","24","002.1","24"," 31.1","24","  3.6","24","  5.8","999.9","  67.5"," ","  42.8"," "," 0.00","G","999.9","010000"
"02181099999","2022-05-30","66.2666666","22.85","62.0","OVERKALIX SVARTBYN, SW","  57.7","24","  45.2","24","1018.6","24","011.2","24"," 20.4","24","  3.0","24","  5.8","999.9","  68.5"," ","  46.4"," "," 0.00","G","999.9","010000"
"02181099999","2022-05-31","66.2666666","22.85","62.0","OVERKALIX SVARTBYN, SW","  62.0","24","  47.1","24","1020.0","24","012.6","24"," 27.8","24","  3.3","24","  7.8","999.9","  72.0"," ","  54.3","*"," 0.00","G","999.9","010000"
"02181099999","2022-06-01","66.2666666","22.85","62.0","OVERKALIX SVARTBYN, SW","  55.4","24","  45.7","24","1018.2","24","010.7","24"," 27.1","24","  3.1","24","  5.8","999.9","  66.4"," ","  48.2","*"," 0.04","G","999.9","010000"
"02181099999","2022-06-02","66.2666666","22.85","62.0","OVERKALIX SVARTBYN, SW","  58.4","24","  46.3","24","1014.1","24","006.7","24"," 25.5","24","  2.8","24","  5.8","999.9","  70.0"," ","  46.4"," "," 0.00","G","999.9","010000"
"02181099999","2022-06-03","66.2666666","22.85","62.0","OVERKALIX SVARTBYN, SW","  52.9","24","  49.6","24","1008.0","24","000.6","24"," 21.8","24","  2.3","24","  7.8","999.9","  57.4"," ","  47.5","*"," 0.31","G","999.9","110000"
"02181099999","2022-06-04","66.2666666","22.85","62.0","OVERKALIX SVARTBYN, SW","  57.4","24","  44.5","24","1008.3","24","000.9","24"," 24.1","24","  2.8","24","  7.8","999.9","  69.4"," ","  46.6"," "," 0.41","G","999.9","110000"
"02181099999","2022-06-05","66.2666666","22.85","62.0","OVERKALIX SVARTBYN, SW","  53.0","23","  31.2","23","1011.8","23","004.4","23"," 30.9","23","  5.3","23","  7.8","999.9","  61.7"," ","  43.5","*"," 0.00","G","999.9","000000"
"02181099999","2022-06-06","66.2666666","22.85","62.0","OVERKALIX SVARTBYN, SW","  50.6","24","  32.4","24","1015.9","24","008.4","24"," 30.3","24","  3.8","24","  7.8","999.9","  62.1"," ","  39.6"," "," 0.00","G","999.9","000000"
"02181099999","2022-06-07","66.2666666","22.85","62.0","OVERKALIX SVARTBYN, SW","  53.7","24","  31.4","24","1011.0","24","003.5","24"," 30.2","24","  3.2","24","  7.8","999.9","  65.1"," ","  37.4","*"," 0.00","G","999.9","000000"
"02181099999","2022-06-08","66.2666666","22.85","62.0","OVERKALIX SVARTBYN, SW","  53.7","24","  41.1","24","1009.1","24","001.7","24"," 31.1","24","  1.5","24","  3.9","999.9","  63.9"," ","  35.4"," "," 0.00","G","999.9","010000"
"02181099999","2022-06-09","66.2666666","22.85","62.0","OVERKALIX SVARTBYN, SW","  52.4","24","  40.0","24","1008.8","24","001.4","24"," 29.4","24","  2.8","24","  3.9","999.9","  61.9"," ","  44.2"," "," 0.03","G","999.9","010000"
"02181099999","2022-06-10","66.2666666","22.85","62.0","OVERKALIX SVARTBYN, SW","  56.0","24","  34.8","24","1014.5","24","007.1","24"," 30.0","24","  2.8","24","  5.8","999.9","  68.7"," ","  45.1"," "," 0.00","G","999.9","000000"
"02181099999","2022-06-11","66.2666666","22.85","62.0","OVERKALIX SVARTBYN, SW","  57.2","24","  46.1","24","1009.8","24","002.5","24"," 29.0","24","  3.9","24","  7.8","999.9","  68.7"," ","  41.4"," "," 0.00","G","999.9","010000"
"02181099999","2022-06-12","66.2666666","22.85","62.0","OVERKALIX SVARTBYN, SW","  59.1","24","  46.7","24","1003.1","24","995.8","24"," 25.0","24","  2.6","24","  5.8","999.9","  72.5"," ","  48.9","*"," 0.02","G","999.9","010000"
"02181099999","2022-06-13","66.2666666","22.85","62.0","OVERKALIX SVARTBYN, SW","  58.1","24","  48.2","24","1001.9","24","994.6","24"," 21.7","24","  2.4","24","  5.8","999.9","  70.7"," ","  43.9"," "," 0.00","G","999.9","000000"
"02181099999","2022-06-14","66.2666666","22.85","62.0","OVERKALIX SVARTBYN, SW","  59.7","24","  47.9","24","1005.6","24","998.2","24"," 28.2","24","  1.6","24","  3.9","999.9","  71.6"," ","  47.3","*"," 0.00","G","999.9","010000"
"02181099999","2022-06-15","66.2666666","22.85","62.0","OVERKALIX SVARTBYN, SW","  53.8","24","  46.0","24","1010.5","24","003.0","24"," 27.6","24","  4.0","24","  5.8","999.9","  62.8"," ","  45.7"," "," 0.07","G","999.9","000000"
"02181099999","2022-06-16","66.2666666","22.85","62.0","OVERKALIX SVARTBYN, SW","  50.6","24","  39.1","24","1012.1","24","004.6","24"," 30.6","24","  5.1","24","  7.8","999.9","  56.1"," ","  47.1"," "," 0.00","G","999.9","010000"
"02181099999","2022-06-17","66.2666666","22.85","62.0","OVERKALIX SVARTBYN, SW","  55.7","24","  38.3","24","1013.7","24","006.3","24"," 29.0","24","  3.3","24","  5.8","999.9","  64.2"," ","  46.2"," "," 0.00","G","999.9","000000"
"02181099999","2022-06-18","66.2666666","22.85","62.0","OVERKALIX SVARTBYN, SW","  56.1","24","  44.6","24","1004.7","24","997.3","24"," 30.6","24","  2.6","24","  3.9","999.9","  63.9"," ","  47.5"," "," 0.01","G","999.9","010000"
"02181099999","2022-06-19","66.2666666","22.85","62.0","OVERKALIX SVARTBYN, SW","  56.7","24","  42.7","24","1002.8","24","995.5","24"," 27.7","24","  3.1","24","  7.8","999.9","  67.1"," ","  48.9","*"," 0.13","G","999.9","010000"
"02181099999","2022-06-20","66.2666666","22.85","62.0","OVERKALIX SVARTBYN, SW","  57.1","23","  43.4","23","1006.9","23","999.5","23"," 29.7","23","  2.0","23","  5.8","999.9","  68.9"," ","  42.3"," "," 0.00","G","999.9","010000"
"02181099999","2022-06-21","66.2666666","22.85","62.0","OVERKALIX SVARTBYN, SW","  58.3","24","  48.6","24","1003.0","24","995.6","24"," 25.1","24","  3.2","24","  7.8","999.9","  66.9"," ","  47.5"," "," 0.00","G","999.9","010000"
"02181099999","2022-06-22","66.2666666","22.85","62.0","OVERKALIX SVARTBYN, SW","  54.4","24","  41.0","24","1005.1","24","997.7","24"," 29.3","24","  3.2","24","  5.8","999.9","  61.7"," ","  48.2"," "," 0.02","G","999.9","010000"
"02181099999","2022-06-23","66.2666666","22.85","62.0","OVERKALIX SVARTBYN, SW","  59.2","24","  45.5","24","1002.9","24","995.6","24"," 27.9","24","  4.5","24","  9.7","999.9","  71.1"," ","  47.7"," "," 0.06","G","999.9","010000"
"02181099999","2022-06-24","66.2666666","22.85","62.0","OVERKALIX SVARTBYN, SW","  65.2","24","  48.0","24","1011.8","24","004.5","24"," 30.4","24","  3.6","24","  5.8","999.9","  76.5"," ","  53.2"," "," 0.03","G","999.9","000000"
"02181099999","2022-06-25","66.2666666","22.85","62.0","OVERKALIX SVARTBYN, SW","  67.2","24","  53.6","24","1015.9","24","008.6","24"," 26.9","23","  3.4","24","  5.8","999.9","  79.7"," ","  51.1"," "," 0.00","G","999.9","000000"
"02181099999","2022-06-26","66.2666666","22.85","62.0","OVERKALIX SVARTBYN, SW","  71.3","24","  57.8","24","1017.2","24","010.0","24"," 20.2","24","  1.3","24","  3.9","999.9","  87.8"," ","  52.9"," "," 0.00","G","999.9","010000"
"02181099999","2022-06-27","66.2666666","22.85","62.0","OVERKALIX SVARTBYN, SW","  73.1","24","  59.5","24","1020.4","24","013.1","24"," 20.5","24","  2.6","24","  5.8","999.9","  83.3"," ","  60.6","*"," 0.00","G","999.9","000000"
"02181099999","2022-06-28","66.2666666","22.85","62.0","OVERKALIX SVARTBYN, SW","  72.5","24","  57.6","24","1022.6","24","015.3","24"," 23.1","24","  3.2","24","  5.8","999.9","  81.5"," ","  59.0"," "," 0.00","G","999.9","000000"
"02181099999","2022-06-29","66.2666666","22.85","62.0","OVERKALIX SVARTBYN, SW","  72.4","24","  57.6","24","1020.6","24","013.4","24"," 24.3","24","  3.1","24","  5.8","999.9","  81.7"," ","  62.2"," "," 0.00","G","999.9","000000"
"02181099999","2022-06-30","66.2666666","22.85","62.0","OVERKALIX SVARTBYN, SW","  75.6","24","  62.5","24","1020.1","24","012.9","24"," 15.6","24","  2.2","24","  5.8","999.9","  87.3"," ","  60.6"," "," 0.00","G","999.9","000000"
"02181099999","2022-07-01","66.2666666","22.85","62.0","OVERKALIX SVARTBYN, SW","  75.9","24","  56.7","24","1019.1","24","011.9","24"," 17.7","24","  2.4","24","  5.8","999.9","  88.3"," ","  61.5","*"," 0.00","G","999.9","000000"
"02181099999","2022-07-02","66.2666666","22.85","62.0","OVERKALIX SVARTBYN, SW","  73.5","24","  62.1","24","1014.4","24","007.2","24"," 17.1","24","  3.7","24","  9.7","999.9","  82.4"," ","  61.5"," "," 0.00","H","999.9","010000"
"02181099999","2022-07-03","66.2666666","22.85","62.0","OVERKALIX SVARTBYN, SW","  68.6","21","  58.5","21","1010.9","21","003.6","21"," 23.3","21","  4.5","21","  7.8","999.9","  76.8"," ","  60.6","*"," 0.09","G","999.9","010000"
"02181099999","2022-07-04","66.2666666","22.85","62.0","OVERKALIX SVARTBYN, SW","  68.7","24","  53.5","24","1011.0","24","003.8","24"," 27.5","24","  3.8","24","  7.8","999.9","  78.1"," ","  58.3","*"," 0.00","G","999.9","010000"
"02181099999","2022-07-05","66.2666666","22.85","62.0","OVERKALIX SVARTBYN, SW","  60.4","23","  55.4","23","1003.9","23","996.6","23"," 24.0","23","  3.1","23","  5.8","999.9","  69.4"," ","  51.1","*"," 0.39","G","999.9","010000"
"02181099999","2022-07-06","66.2666666","22.85","62.0","OVERKALIX SVARTBYN, SW","  57.8","24","  46.8","24","1002.9","24","995.6","24"," 30.8","24","  3.6","24","  7.8","999.9","  67.5"," ","  45.5","*"," 0.48","G","999.9","010000"
"02181099999","2022-07-07","66.2666666","22.85","62.0","OVERKALIX SVARTBYN, SW","  55.5","24","  47.9","24","1003.4","24","996.0","24"," 28.2","24","  2.8","24","  5.8","999.9","  68.4"," ","  43.0"," "," 0.03","G","999.9","010000"
"02181099999","2022-07-08","66.2666666","22.85","62.0","OVERKALIX SVARTBYN, SW","  58.5","24","  44.5","24","1007.7","24","000.4","24"," 30.7","24","  2.5","24","  3.9","999.9","  68.2"," ","  45.9"," "," 0.13","G","999.9","010000"
"02181099999","2022-07-09","66.2666666","22.85","62.0","OVERKALIX SVARTBYN, SW","  60.6","24","  46.1","24","1008.9","24","001.6","24"," 30.2","24","  1.8","24","  3.9","999.9","  71.6"," ","  46.6"," "," 0.00","G","999.9","000000"
"02181099999","2022-07-10","66.2666666","22.85","62.0","OVERKALIX SVARTBYN, SW","  59.7","24","  54.0","24","1011.8","24","004.4","24"," 29.7","24","  1.9","24","  3.9","999.9","  63.9"," ","  53.6"," "," 0.00","G","999.9","010000"
"02181099999","2022-07-11","66.2666666","22.85","62.0","OVERKALIX SVARTBYN, SW","  63.8","24","  55.1","24","1015.3","24","008.0","24"," 29.2","24","  1.4","24","  1.9","999.9","  73.6"," ","  53.8","*"," 0.08","G","999.9","000000"
"02181099999","2022-07-12","66.2666666","22.85","62.0","OVERKALIX SVARTBYN, SW","  67.2","24","  51.6","24","1015.0","24","007.7","24"," 27.5","23","  1.5","24","  3.9","999.9","  79.7"," ","  50.5"," "," 0.00","G","999.9","000000"
"02181099999","2022-07-13","66.2666666","22.85","62.0","OVERKALIX SVARTBYN, SW","  66.4","24","  52.7","24","1005.4","24","998.1","24"," 29.2","23","  2.0","24","  3.9","999.9","  77.7"," ","  49.5"," "," 0.00","G","999.9","000000"
"02181099999","2022-07-14","66.2666666","22.85","62.0","OVERKALIX SVARTBYN, SW","  63.1","24","  59.8","24"," 996.6","24","989.4","24"," 22.9","24","  1.2","24","  3.9","999.9","  70.2"," ","  56.5"," "," 0.00","G","999.9","010000"
"02181099999","2022-07-15","66.2666666","22.85","62.0","OVERKALIX SVARTBYN, SW","  61.8","23","  53.8","23"," 997.3","23","990.0","23"," 25.8","22","  2.1","23","  5.8","999.9","  70.3"," ","  50.4","*"," 0.75","G","999.9","110000"
"02181099999","2022-07-16","66.2666666","22.85","62.0","OVERKALIX SVARTBYN, SW","  54.8","24","  50.7","24","1001.5","24","994.2","24"," 27.7","23","  1.9","24","  3.9"," 11.1","  61.3"," ","  48.4"," "," 0.00","G","999.9","010000"
"02181099999","2022-07-17","66.2666666","22.85","62.0","OVERKALIX SVARTBYN, SW","  54.8","24","  51.1","24","1006.9","24","999.5","24"," 25.1","23","  1.8","24","  3.9","999.9","  59.7"," ","  48.2"," "," 0.08","G","999.9","010000"
"02181099999","2022-07-18","66.2666666","22.85","62.0","OVERKALIX SVARTBYN, SW","  55.5","24","  49.6","24","1009.8","24","002.4","24"," 25.3","24","  1.4","24","  5.8","999.9","  63.9"," ","  45.9"," "," 0.09","G","999.9","010000"
"02181099999","2022-07-19","66.2666666","22.85","62.0","OVERKALIX SVARTBYN, SW","  57.2","24","  50.8","24","1011.9","24","004.5","24"," 25.6","24","  1.3","24","  2.3","999.9","  66.2"," ","  51.3","*"," 0.24","G","999.9","010000"
"02181099999","2022-07-20","66.2666666","22.85","62.0","OVERKALIX SVARTBYN, SW","  63.4","24","  52.2","24","1016.4","24","009.1","24"," 29.5","24","  2.0","24","  5.8","999.9","  74.3"," ","  49.1"," "," 0.00","G","999.9","000000"
"02181099999","2022-07-21","66.2666666","22.85","62.0","OVERKALIX SVARTBYN, SW","  63.0","24","  56.2","24","1012.7","24","005.4","24"," 25.5","24","  2.3","24","  7.8","999.9","  71.6"," ","  54.1"," "," 0.00","G","999.9","010000"
"02181099999","2022-07-22","66.2666666","22.85","62.0","OVERKALIX SVARTBYN, SW","  64.1","24","  49.3","24","1011.1","24","003.9","24"," 26.8","24","  3.1","24","  5.8"," 16.3","  72.0"," ","  54.9"," "," 0.00","E","999.9","000000"
"02181099999","2022-07-23","66.2666666","22.85","62.0","OVERKALIX SVARTBYN, SW","  59.6","24","  44.0","24","1011.5","24","004.1","24"," 30.0","24","  2.1","24","  3.9","999.9","  70.5"," ","  49.1"," "," 0.00","G","999.9","000000"
"02181099999","2022-07-24","66.2666666","22.85","62.0","OVERKALIX SVARTBYN, SW","  59.0","24","  46.9","24","1012.9","24","005.5","24"," 30.2","24","  1.1","24","  3.9","999.9","  69.6"," ","  44.4"," "," 0.00","G","999.9","010000"
"02181099999","2022-07-25","66.2666666","22.85","62.0","OVERKALIX SVARTBYN, SW","  60.9","24","  53.3","24","1006.1","24","998.8","24"," 27.0","24","  2.3","24","  5.8","999.9","  67.8"," ","  50.2"," "," 0.00","G","999.9","010000"
"02181099999","2022-07-26","66.2666666","22.85","62.0","OVERKALIX SVARTBYN, SW","  62.3","24","  60.5","24"," 997.0","24","989.8","24","  9.8","23","  3.2","24","  5.8","999.9","  69.4"," ","  60.3"," "," 0.24","G","999.9","010000"
"02181099999","2022-07-27","66.2666666","22.85","62.0","OVERKALIX SVARTBYN, SW","  59.9","24","  55.4","24"," 998.1","24","990.8","24"," 22.5","24","  3.2","24","  5.8","999.9","  68.0"," ","  49.5","*"," 0.90","G","999.9","010000"
"02181099999","2022-07-28","66.2666666","22.85","62.0","OVERKALIX SVARTBYN, SW","  56.2","24","  45.3","24","1013.9","24","006.5","24"," 30.6","24","  2.9","24","  5.8","999.9","  62.6"," ","  49.3"," "," 0.02","G","999.9","000000"
"02181099999","2022-07-29","66.2666666","22.85","62.0","OVERKALIX SVARTBYN, SW","  56.2","24","  45.8","24","1022.1","24","014.6","24"," 30.6","24","  2.8","24","  5.8","999.9","  63.3"," ","  47.7","*"," 0.00","G","999.9","000000"
"02181099999","2022-07-30","66.2666666","22.85","62.0","OVERKALIX SVARTBYN, SW","  55.8","24","  46.1","24","1017.5","24","010.1","24"," 30.7","24","  1.9","24","  5.8","999.9","  65.3"," ","  46.0"," "," 0.00","G","999.9","010000"
"02181099999","2022-07-31","66.2666666","22.85","62.0","OVERKALIX SVARTBYN, SW","  56.7","24","  48.6","24","1012.6","24","005.2","24"," 30.9","24","  1.7","24","  3.9","999.9","  64.4"," ","  49.3"," "," 0.00","G","999.9","010000"
"02181099999","2022-08-01","66.2666666","22.85","62.0","OVERKALIX SVARTBYN, SW","  61.8","23","  52.7","23","1011.1","23","003.8","23"," 26.7","23","  2.6","23","  5.8","999.9","  73.4"," ","  46.4"," "," 0.00","G","999.9","000000"
"02181099999","2022-08-02","66.2666666","22.85","62.0","OVERKALIX SVARTBYN, SW","  59.7","24","  54.7","24","1006.9","24","999.6","24"," 25.1","24","  2.3","24","  5.8","999.9","  66.7"," ","  48.7","*"," 0.00","G","999.9","010000"
"02181099999","2022-08-03","66.2666666","22.85","62.0","OVERKALIX SVARTBYN, SW","  57.5","24","  53.8","24","1007.3","24","000.0","24"," 24.1","24","  3.2","24","  5.8","999.9","  64.6"," ","  47.3"," "," 0.17","G","999.9","010000"
"02181099999","2022-08-04","66.2666666","22.85","62.0","OVERKALIX SVARTBYN, SW","  64.5","24","  59.6","24","1006.1","24","998.9","24"," 23.3","24","  3.6","24","  5.8","999.9","  73.2"," ","  58.5","*"," 0.02","G","999.9","010000"
"02181099999","2022-08-05","66.2666666","22.85","62.0","OVERKALIX SVARTBYN, SW","  61.6","24","  56.7","24","1008.0","24","000.7","24"," 21.7","24","  2.8","24","  5.8","999.9","  70.5"," ","  53.6","*"," 0.01","G","999.9","010000"
"02181099999","2022-08-06","66.2666666","22.85","62.0","OVERKALIX SVARTBYN, SW","  53.4","24","  50.1","24","1002.8","24","995.4","24"," 20.8","24","  1.9","24","  7.8","999.9","  61.0"," ","  47.3"," "," 0.01","G","999.9","010000"
"02181099999","2022-08-07","66.2666666","22.85","62.0","OVERKALIX SVARTBYN, SW","  55.8","24","  46.7","24","1007.0","24","999.6","24"," 28.6","24","  4.0","24","  7.8","999.9","  66.0"," ","  45.3","*"," 1.18","G","999.9","010000"
"02181099999","2022-08-08","66.2666666","22.85","62.0","OVERKALIX SVARTBYN, SW","  56.0","24","  46.0","24","1019.6","24","012.2","24"," 29.5","24","  1.4","24","  3.9","999.9","  66.0"," ","  42.8"," "," 0.03","G","999.9","000000"
"02181099999","2022-08-09","66.2666666","22.85","62.0","OVERKALIX SVARTBYN, SW","  60.1","23","  51.8","23","1021.2","23","013.8","23"," 29.0","23","  3.9","23","  5.8","999.9","  68.5","*","  48.7"," "," 0.00","G","999.9","010000"
"02181099999","2022-08-10","66.2666666","22.85","62.0","OVERKALIX SVARTBYN, SW","  62.5","19","  56.4","19","1013.0","19","005.7","19"," 29.8","19","  4.3","19","  7.8","999.9","  68.7","*","  56.1"," "," 0.00","G","999.9","010000"
"02181099999","2022-08-11","66.2666666","22.85","62.0","OVERKALIX SVARTBYN, SW","  62.2","24","  47.1","24","1008.1","24","000.8","24"," 27.6","24","  6.5","24"," 11.7","999.9","  70.0"," ","  54.7","*"," 0.00","G","999.9","010000"
"02181099999","2022-08-12","66.2666666","22.85","62.0","OVERKALIX SVARTBYN, SW","  58.0","24","  40.4","24","1016.3","24","008.9","24"," 29.3","24","  5.5","24","  9.7","999.9","  66.2"," ","  44.4","*"," 0.00","G","999.9","000000"
"02181099999","2022-08-13","66.2666666","22.85","62.0","OVERKALIX SVARTBYN, SW","  54.8","24","  45.5","24","1019.4","24","011.9","24"," 28.5","24","  4.0","24","  7.8","999.9","  64.8"," ","  37.9"," "," 0.00","G","999.9","000000"
"02181099999","2022-08-14","66.2666666","22.85","62.0","OVERKALIX SVARTBYN, SW","  57.4","24","  45.4","24","1018.4","24","011.0","24"," 26.0","24","  1.9","24","  3.9","999.9","  69.4"," ","  44.4"," "," 0.00","G","999.9","100000"
"02181099999","2022-08-15","66.2666666","22.85","62.0","OVERKALIX SVARTBYN, SW","  59.1","24","  54.3","24","1017.6","24","010.2","24"," 21.5","24","  1.0","24","  3.9","999.9","  75.0"," ","  45.5"," "," 0.00","G","999.9","110000"
"02181099999","2022-08-16","66.2666666","22.85","62.0","OVERKALIX SVARTBYN, SW","  66.4","22","  59.3","22","1014.3","22","007.1","22"," 19.2","22","  2.8","22","  5.8","999.9","  77.5"," ","  49.6"," "," 0.00","F","999.9","100000"
"02181099999","2022-08-17","66.2666666","22.85","62.0","OVERKALIX SVARTBYN, SW","  67.0","23","  61.4","23","1008.6","23","001.4","23"," 19.0","23","  4.5","23","  7.8","999.9","  75.0"," ","  55.0","*"," 0.00","G","999.9","010000"
"02181099999","2022-08-18","66.2666666","22.85","62.0","OVERKALIX SVARTBYN, SW","  57.8","24","  47.1","24","1018.9","24","011.4","24"," 29.0","24","  2.4","24","  3.9","999.9","  66.9"," ","  49.8"," "," 0.02","G","999.9","000000"
"02181099999","2022-08-19","66.2666666","22.85","62.0","OVERKALIX SVARTBYN, SW","  63.0","24","  58.4","24","1017.2","24","009.9","24"," 22.4","23","  1.9","24","  5.8","999.9","  72.7"," ","  53.4"," "," 0.00","G","999.9","000000"
"02181099999","2022-08-20","66.2666666","22.85","62.0","OVERKALIX SVARTBYN, SW","  68.5","24","  62.1","24","1014.8","24","007.5","24"," 17.2","24","  3.6","24","  5.8","999.9","  77.0"," ","  61.9"," "," 0.00","G","999.9","000000"
"02181099999","2022-08-21","66.2666666","22.85","62.0","OVERKALIX SVARTBYN, SW","  62.4","24","  60.7","24","1009.5","24","002.2","24","  6.7","24","  4.0","24","  7.8","999.9","  69.6"," ","  56.3","*"," 0.09","G","999.9","010000"
"02181099999","2022-08-22","66.2666666","22.85","62.0","OVERKALIX SVARTBYN, SW","  59.5","24","  51.0","24","1009.4","24","002.1","24"," 23.8","24","  4.9","24","  9.7","999.9","  68.0"," ","  50.5","*"," 0.00","G","999.9","010000"
"02181099999","2022-08-23","66.2666666","22.85","62.0","OVERKALIX SVARTBYN, SW","  54.1","24","  42.9","24","1021.1","24","013.6","24"," 29.1","24","  3.5","24","  7.8","999.9","  64.4"," ","  42.3","*"," 0.00","G","999.9","000000"
"02181099999","2022-08-24","66.2666666","22.85","62.0","OVERKALIX SVARTBYN, SW","  50.2","24","  45.1","24","1026.2","24","018.6","24"," 21.1","24","  0.2","24","  1.9","999.9","  61.2"," ","  37.0"," "," 0.00","G","999.9","100000"
"02181099999","2022-08-25","66.2666666","22.85","62.0","OVERKALIX SVARTBYN, SW","  58.0","24","  52.2","24","1023.2","24","015.7","24"," 19.3","23","  2.8","24","  5.8","999.9","  71.6"," ","  41.5"," "," 0.00","G","999.9","100000"
"02181099999","2022-08-26","66.2666666","22.85","62.0","OVERKALIX SVARTBYN, SW","  59.4","23","  53.3","23","1019.6","23","012.2","23"," 23.3","22","  3.5","23","  7.8","999.9","  70.5"," ","  48.2"," "," 0.00","G","999.9","100000"
"02181099999","2022-08-27","66.2666666","22.85","62.0","OVERKALIX SVARTBYN, SW","  57.2","24","  54.7","24","1013.0","24","005.6","24"," 20.1","22","  3.1","24","  7.8","999.9","  63.7"," ","  48.7","*"," 0.00","G","999.9","110000"
"02181099999","2022-08-28","66.2666666","22.85","62.0","OVERKALIX SVARTBYN, SW","  53.7","24","  42.0","24","1014.4","24","006.9","24"," 30.8","24","  3.1","24","  7.8","999.9","  65.7"," ","  39.2"," "," 0.01","G","999.9","000000"
"02181099999","2022-08-29","66.2666666","22.85","62.0","OVERKALIX SVARTBYN, SW","  52.0","23","  43.6","23","1021.5","23","013.9","23"," 30.7","23","  1.4","23","  3.9","999.9","  61.5","*","  37.8"," "," 0.00","G","999.9","010000"
"02181099999","2022-08-30","66.2666666","22.85","62.0","OVERKALIX SVARTBYN, SW","  49.3","23","  40.0","23","1027.2","23","019.6","23"," 31.1","23","  1.7","23","  3.9","999.9","  55.9"," ","  42.8"," "," 0.00","G","999.9","010000"
"02181099999","2022-08-31","66.2666666","22.85","62.0","OVERKALIX SVARTBYN, SW","  47.5","24","  41.3","24","1025.1","24","017.5","24"," 30.4","24","  1.5","24","  3.9","999.9","  56.5"," ","  39.0"," "," 0.00","G","999.9","010000"
"02181099999","2022-09-01","66.2666666","22.85","62.0","OVERKALIX SVARTBYN, SW","  43.8","22","  36.0","22","1027.6","22","019.8","22"," 30.8","22","  2.7","22","  5.8","999.9","  52.2","*","  33.3","*"," 0.02","G","999.9","010000"
"02181099999","2022-09-02","66.2666666","22.85","62.0","OVERKALIX SVARTBYN, SW","  44.9","24","  36.8","24","1026.7","24","019.0","24"," 30.8","24","  3.0","24","  5.8","999.9","  51.1"," ","  32.9"," "," 0.00","G","999.9","010000"
"02181099999","2022-09-03","66.2666666","22.85","62.0","OVERKALIX SVARTBYN, SW","  45.2","24","  37.5","24","1026.0","24","018.3","24"," 31.1","24","  3.3","24","  5.8","999.9","  50.0"," ","  39.6","*"," 0.00","G","999.9","000000"
"02181099999","2022-09-04","66.2666666","22.85","62.0","OVERKALIX SVARTBYN, SW","  44.6","24","  36.9","24","1030.3","24","022.6","24"," 31.1","24","  1.9","24","  5.8","999.9","  54.1"," ","  34.0"," "," 0.00","G","999.9","000000"
"02181099999","2022-09-05","66.2666666","22.85","62.0","OVERKALIX SVARTBYN, SW","  41.8","11","  37.6","11","1029.6","11","021.9","11"," 23.8","11","  0.7","11","  3.9","999.9","  60.4"," ","  32.7"," "," 0.00","G","999.9","000000"
"02181099999","2022-09-06","66.2666666","22.85","62.0","OVERKALIX SVARTBYN, SW","  48.6"," 4","  39.7"," 4","1021.4"," 4","013.8"," 4"," 31.1"," 4","  1.9"," 4","  3.9","999.9","  57.0"," ","  43.3"," "," 0.00","G","999.9","000000"
"02181099999","2022-09-07","66.2666666","22.85","62.0","OVERKALIX SVARTBYN, SW","  42.5"," 4","  35.4"," 4","1025.5"," 4","017.8"," 4"," 31.1"," 4","  1.5"," 4","  1.9","999.9","  48.9"," ","  37.2"," "," 0.00","G","999.9","000000"
"02181099999","2022-09-08","66.2666666","22.85","62.0","OVERKALIX SVARTBYN, SW","  43.6"," 4","  38.2"," 4","1024.6"," 4","016.9"," 4"," 31.1"," 4","  2.4"," 4","  5.8","999.9","  56.1"," ","  30.0"," "," 0.00","G","999.9","000000"
"02181099999","2022-09-09","66.2666666","22.85","62.0","OVERKALIX SVARTBYN, SW","  47.0"," 4","  42.9"," 4","1020.6"," 4","013.0"," 4"," 24.9"," 4","  1.5"," 4","  3.9","999.9","  56.1"," ","  36.3"," "," 0.00","G","999.9","000000"
"02181099999","2022-09-12","66.2666666","22.85","62.0","OVERKALIX SVARTBYN, SW","  46.5"," 4","  42.6"," 4","1011.0"," 4","003.4"," 4"," 16.5"," 4","  0.5"," 4","  1.9","999.9","  56.8"," ","  35.6"," "," 0.00","G","999.9","100000"
"02181099999","2022-09-13","66.2666666","22.85","62.0","OVERKALIX SVARTBYN, SW","  49.5"," 4","  48.9"," 4","1004.5"," 4","997.0"," 4"," 15.4"," 4","  2.4"," 4","  3.9","999.9","  54.3"," ","  40.3"," "," 0.01","G","999.9","010000"
"02181099999","2022-09-14","66.2666666","22.85","62.0","OVERKALIX SVARTBYN, SW","  50.5"," 4","  48.9"," 4"," 999.5"," 4","992.1"," 4"," 16.5"," 4","  1.5"," 4","  1.9","999.9","  53.2"," ","  47.3"," "," 0.07","G","999.9","010000"
"02181099999","2022-09-15","66.2666666","22.85","62.0","OVERKALIX SVARTBYN, SW","  49.7"," 4","  48.7"," 4"," 996.0"," 4","988.6"," 4","  6.7"," 4","  1.9"," 4","  1.9","999.9","  51.6"," ","  48.0"," "," 0.31","G","999.9","010000"
"02181099999","2022-09-16","66.2666666","22.85","62.0","OVERKALIX SVARTBYN, SW","  51.7"," 4","  49.4"," 4"," 994.4"," 4","987.1"," 4"," 29.5"," 4","  2.4"," 4","  3.9","999.9","  55.4"," ","  49.5"," "," 0.26","G","999.9","010000"
"02181099999","2022-09-17","66.2666666","22.85","62.0","OVERKALIX SVARTBYN, SW","  49.0"," 4","  45.8"," 4"," 995.5"," 4","988.1"," 4"," 25.4"," 4","  3.4"," 4","  4.5"," 19.6","  52.0"," ","  47.3"," "," 0.10","G","999.9","010000"
"02181099999","2022-09-18","66.2666666","22.85","62.0","OVERKALIX SVARTBYN, SW","  48.3"," 4","  45.6"," 4","1000.1"," 4","992.7"," 4"," 25.5"," 4","  3.1"," 4","  4.5"," 13.0","  50.0"," ","  46.4"," "," 0.24","G","999.9","010000"
"02181099999","2022-09-19","66.2666666","22.85","62.0","OVERKALIX SVARTBYN, SW","  47.0"," 4","  42.0"," 4","1008.2"," 4","000.7"," 4"," 29.5"," 4","  4.4"," 4","  5.8","999.9","  50.2"," ","  43.9"," "," 0.07","G","999.9","010000"
"02181099999","2022-09-20","66.2666666","22.85","62.0","OVERKALIX SVARTBYN, SW","  39.9"," 4","  32.7"," 4","1015.8"," 4","008.1"," 4"," 31.1"," 4","  3.4"," 4","  5.8","999.9","  47.7"," ","  35.1"," "," 0.00","G","999.9","000000"
"02181099999","2022-09-21","66.2666666","22.85","62.0","OVERKALIX SVARTBYN, SW","  40.1"," 4","  35.8"," 4","1019.9"," 4","012.2"," 4"," 31.1"," 4","  2.2"," 4","  5.8"," 14.0","  52.5"," ","  26.8"," "," 0.00","I","999.9","000000"
"02181099999","2022-09-22","66.2666666","22.85","62.0","OVERKALIX SVARTBYN, SW","  45.6"," 4","  41.9"," 4","1017.0"," 4","009.4"," 4"," 30.7"," 4","  1.5"," 4","  1.7","999.9","  58.1"," ","  34.3"," "," 0.00","I","999.9","000000"
"02181099999","2022-09-23","66.2666666","22.85","62.0","OVERKALIX SVARTBYN, SW","  49.3"," 4","  45.4"," 4","1015.5"," 4","007.9"," 4"," 31.1"," 4","  3.4"," 4","  4.3"," 10.5","  51.4"," ","  45.0"," ","99.99"," ","999.9","010000"
"02181099999","2022-09-24","66.2666666","22.85","62.0","OVERKALIX SVARTBYN, SW","  48.2"," 4","  43.7"," 4","1015.8"," 4","008.2"," 4"," 31.1"," 4","  3.7"," 4","  4.5"," 11.3","  50.2"," ","  45.1"," ","99.99"," ","999.9","010000"
"02181099999","2022-09-25","66.2666666","22.85","62.0","OVERKALIX SVARTBYN, SW","  47.4"," 4","  43.0"," 4","1012.9"," 4","005.3"," 4"," 31.1"," 4","  2.3"," 4","  2.5","999.9","  49.1"," ","  45.5"," "," 0.02","G","999.9","000000"
"02181099999","2022-09-26","66.2666666","22.85","62.0","OVERKALIX SVARTBYN, SW","  40.8"," 4","  39.5"," 4","1009.7"," 4","002.1"," 4"," 19.9"," 4","  0.5"," 4","  2.1","999.9","  45.7"," ","  31.8"," "," 0.01","G","999.9","010000"
"02181099999","2022-09-27","66.2666666","22.85","62.0","OVERKALIX SVARTBYN, SW","  45.8"," 4","  43.3"," 4","1014.2"," 4","006.6"," 4","999.9"," 0","  0.9"," 4","  1.6","999.9","  49.6"," ","  42.3"," "," 0.06","G","999.9","010000"
"02181099999","2022-09-28","66.2666666","22.85","62.0","OVERKALIX SVARTBYN, SW","  45.5"," 4","  44.9"," 4","1015.3"," 4","007.7"," 4"," 12.3"," 4","  0.8"," 4","  1.7","999.9","  47.1"," ","  45.0"," "," 0.04","G","999.9","010000"
"02181099999","2022-09-29","66.2666666","22.85","62.0","OVERKALIX SVARTBYN, SW","  43.0"," 4","  39.1"," 4","1013.9"," 4","006.2"," 4"," 27.4"," 4","  1.6"," 4","  3.1","999.9","  46.4"," ","  38.7"," "," 0.00","G","999.9","000000"
"02181099999","2022-09-30","66.2666666","22.85","62.0","OVERKALIX SVARTBYN, SW","  36.9"," 4","  34.1"," 4","1010.0"," 4","002.2"," 4"," 31.1"," 4","  0.7"," 4","  1.6","999.9","  40.8"," ","  33.3"," "," 0.00","I","999.9","000000"
"02181099999","2022-10-01","66.2666666","22.85","62.0","OVERKALIX SVARTBYN, SW","  38.5"," 4","  35.1"," 4","1008.4"," 4","000.8"," 4"," 26.6"," 4","  1.5"," 4","  3.1","999.9","  47.3"," ","  29.1"," "," 0.00","I","999.9","000000"
"02181099999","2022-10-02","66.2666666","22.85","62.0","OVERKALIX SVARTBYN, SW","  45.4"," 4","  44.6"," 4","1005.6"," 4","998.0"," 4"," 10.9"," 4","  2.4"," 4","  3.5","999.9","  49.3"," ","  37.8"," "," 0.09","G","999.9","010000"
"02181099999","2022-10-03","66.2666666","22.85","62.0","OVERKALIX SVARTBYN, SW","  44.5"," 4","  43.8"," 4","1011.5"," 4","003.9"," 4","  5.3"," 4","  1.1"," 4","  2.1","999.9","  46.8"," ","  41.9"," "," 0.05","G","999.9","100000"
"02181099999","2022-10-04","66.2666666","22.85","62.0","OVERKALIX SVARTBYN, SW","  44.3"," 4","  41.7"," 4","1012.0"," 4","004.4"," 4"," 17.3"," 4","  0.0"," 4","999.9","999.9","  46.9"," ","  42.8"," "," 0.00","G","999.9","000000"
"02181099999","2022-10-05","66.2666666","22.85","62.0","OVERKALIX SVARTBYN, SW","  42.6"," 4","  40.7"," 4","1003.4"," 4","995.9"," 4"," 18.3"," 4","  2.6"," 4","  3.7","999.9","  44.2"," ","  40.5"," "," 0.12","E","999.9","010000"
"02181099999","2022-10-06","66.2666666","22.85","62.0","OVERKALIX SVARTBYN, SW","  49.0"," 4","  42.3"," 4"," 985.8"," 4","978.5"," 4"," 21.4"," 4","  6.3"," 4","  9.7","999.9","  52.9"," ","  41.7"," "," 0.64","G","999.9","010000"
"02181099999","2022-10-07","66.2666666","22.85","62.0","OVERKALIX SVARTBYN, SW","  46.3"," 4","  38.4"," 4"," 992.3"," 4","984.9"," 4"," 31.1"," 4","  5.8"," 4","  9.7","999.9","  52.9"," ","  41.5"," "," 0.00","G","999.9","010000"
"02181099999","2022-10-08","66.2666666","22.85","62.0","OVERKALIX SVARTBYN, SW","  43.5"," 4","  38.2"," 4"," 988.5"," 4","981.1"," 4"," 28.7"," 4","  3.9"," 4","  5.8","999.9","  50.5"," ","  38.5"," "," 0.00","G","999.9","000000"
"02181099999","2022-10-09","66.2666666","22.85","62.0","OVERKALIX SVARTBYN, SW","  38.0"," 4","  31.5"," 4"," 999.6"," 4","992.1"," 4"," 31.1"," 4","  3.9"," 4","  7.8","999.9","  50.2"," ","  31.6"," "," 0.00","G","999.9","000000"
"02181099999","2022-10-10","66.2666666","22.85","62.0","OVERKALIX SVARTBYN, SW","  44.3"," 4","  40.5"," 4","1003.6"," 4","996.1"," 4"," 31.1"," 4","  4.4"," 4","  5.8","999.9","  51.3"," ","  34.0"," "," 0.00","G","999.9","000000"
"02181099999","2022-10-11","66.2666666","22.85","62.0","OVERKALIX SVARTBYN, SW","  45.8"," 4","  44.0"," 4"," 998.1"," 4","990.6"," 4"," 24.4"," 4","  3.9"," 4","  5.8","999.9","  48.9"," ","  42.1"," "," 0.00","G","999.9","010000"
"02181099999","2022-10-12","66.2666666","22.85","62.0","OVERKALIX SVARTBYN, SW","  36.3"," 4","  30.1"," 4","1005.6"," 4","998.0"," 4"," 31.1"," 4","  2.4"," 4","  3.9","999.9","  46.9"," ","  28.6"," "," 0.02","G","999.9","000000"
"02181099999","2022-10-13","66.2666666","22.85","62.0","OVERKALIX SVARTBYN, SW","  38.5"," 4","  36.0"," 4","1007.7"," 4","000.0"," 4"," 31.1"," 4","  3.4"," 4","  5.8","999.9","  46.4"," ","  28.6"," "," 0.02","G","999.9","000000"
"02181099999","2022-10-15","66.2666666","22.85","62.0","OVERKALIX SVARTBYN, SW","  42.9"," 4","  42.4"," 4","1006.0"," 4","998.4"," 4","  3.7"," 4","  2.4"," 4","  3.9","999.9","  47.7"," ","  27.9"," "," 0.17","G","999.9","010000"
"02181099999","2022-10-16","66.2666666","22.85","62.0","OVERKALIX SVARTBYN, SW","  43.3"," 4","  42.4"," 4","1000.0"," 4","992.5"," 4"," 14.8"," 4","  2.4"," 4","  3.9","999.9","  49.1"," ","  40.8"," "," 0.54","G","999.9","010000"
"02181099999","2022-10-19","66.2666666","22.85","62.0","OVERKALIX SVARTBYN, SW","  31.2"," 4","  29.4"," 4","1012.5"," 4","004.8"," 4"," 31.1"," 4","  1.9"," 4","  1.9","999.9","  36.7"," ","  24.8"," "," 0.00","G","999.9","000000"
"02181099999","2022-10-20","66.2666666","22.85","62.0","OVERKALIX SVARTBYN, SW","  31.0"," 4","  29.8"," 4","1015.3"," 4","007.6"," 4"," 31.1"," 4","  1.5"," 4","  1.9","999.9","  38.8"," ","  24.6"," "," 0.00","G","999.9","000000"
"02181099999","2022-10-22","66.2666666","22.85","62.0","OVERKALIX SVARTBYN, SW","  36.2"," 4","  33.0"," 4","1003.5"," 4","995.9"," 4"," 29.5"," 4","  4.4"," 4","  5.8","999.9","  37.2"," ","  32.2"," "," 0.00","G","999.9","000000"
"02181099999","2022-10-23","66.2666666","22.85","62.0","OVERKALIX SVARTBYN, SW","  36.1"," 4","  21.8"," 4","1002.6"," 4","994.9"," 4"," 31.1"," 4","  6.3"," 4","  7.8","999.9","  40.5"," ","  32.0"," "," 0.00","G","999.9","000000"
"02181099999","2022-10-24","66.2666666","22.85","62.0","OVERKALIX SVARTBYN, SW","  28.4"," 4","  20.8"," 4","1013.9"," 4","006.1"," 4"," 31.1"," 4","  2.0"," 4","  4.1","999.9","  34.5"," ","  20.3"," "," 0.00","E","999.9","000000"
"02181099999","2022-10-25","66.2666666","22.85","62.0","OVERKALIX SVARTBYN, SW","  29.1"," 4","  28.3"," 4","1012.5"," 4","004.7"," 4","999.9"," 0","  1.5"," 4","  3.9","999.9","  36.3"," ","  16.7"," "," 0.00","G","999.9","010000"
"02181099999","2022-10-26","66.2666666","22.85","62.0","OVERKALIX SVARTBYN, SW","  32.2"," 4","  31.6"," 4","1007.3"," 4","999.6"," 4"," 12.1"," 4","  1.0"," 4","  1.9","999.9","  34.7"," ","  28.2"," "," 0.17","G","999.9","111000"
"02181099999","2022-10-27","66.2666666","22.85","62.0","OVERKALIX SVARTBYN, SW","  28.8"," 4","  28.0"," 4","1011.7"," 4","003.9"," 4"," 20.2"," 4","  1.0"," 4","  3.9","999.9","  33.8"," ","  22.5"," "," 0.02","G","999.9","010000"
"02181099999","2022-10-28","66.2666666","22.85","62.0","OVERKALIX SVARTBYN, SW","  39.3"," 4","  39.0"," 4","1002.8"," 4","995.2"," 4","  6.7"," 4","  3.4"," 4","  5.8","999.9","  42.3"," ","  33.8"," "," 0.30","G","999.9","111000"
"02181099999","2022-10-29","66.2666666","22.85","62.0","OVERKALIX SVARTBYN, SW","  36.5"," 4","  34.3"," 4"," 990.1"," 4","982.6"," 4"," 14.3"," 4","  3.9"," 4","  7.8","999.9","  40.5"," ","  34.5"," "," 0.12","G","999.9","110000"
"02181099999","2022-10-30","66.2666666","22.85","62.0","OVERKALIX SVARTBYN, SW","  32.8"," 4","  24.4"," 4","1005.8"," 4","998.1"," 4"," 31.1"," 4","  3.4"," 4","  5.8","999.9","  36.9"," ","  28.6"," "," 0.33","G","999.9","000000"
"02181099999","2022-10-31","66.2666666","22.85","62.0","OVERKALIX SVARTBYN, SW","  29.5"," 4","  28.4"," 4","1010.8"," 4","003.0"," 4"," 23.5"," 4","  1.0"," 4","  1.9","999.9","  36.5"," ","  23.0"," "," 0.00","G","999.9","010000"
"02181099999","2022-11-01","66.2666666","22.85","62.0","OVERKALIX SVARTBYN, SW","  32.8"," 4","  32.4"," 4","1012.0"," 4","004.2"," 4"," 14.5"," 4","  0.5"," 4","  1.9","999.9","  35.8"," ","  29.7"," "," 0.26","G","999.9","100000"
"02181099999","2022-11-02","66.2666666","22.85","62.0","OVERKALIX SVARTBYN, SW","  35.7"," 4","  35.4"," 4","1013.2"," 4","005.5"," 4","  2.6"," 4","  2.9"," 4","  3.9","999.9","  38.1"," ","  30.7"," "," 0.00","G","999.9","100000"
"02181099999","2022-11-03","66.2666666","22.85","62.0","OVERKALIX SVARTBYN, SW","  37.4"," 4","  37.1"," 4","1013.4"," 4","005.7"," 4","  1.9"," 4","  1.9"," 4","  1.9","999.9","  39.7"," ","  35.2"," "," 0.03","G","999.9","010000"
"02181099999","2022-11-04","66.2666666","22.85","62.0","OVERKALIX SVARTBYN, SW","  42.6"," 4","  42.1"," 4","1012.1"," 4","004.5"," 4"," 10.6"," 4","  3.9"," 4","  5.8","999.9","  43.7"," ","  39.7"," "," 0.04","G","999.9","010000"
"02181099999","2022-11-05","66.2666666","22.85","62.0","OVERKALIX SVARTBYN, SW","  40.8"," 4","  38.9"," 4","1013.1"," 4","005.4"," 4"," 22.7"," 4","  3.9"," 4","  3.9","999.9","  43.3"," ","  38.8"," "," 0.00","G","999.9","010000"
"02181099999","2022-11-06","66.2666666","22.85","62.0","OVERKALIX SVARTBYN, SW","  34.5"," 4","  33.8"," 4","1004.5"," 4","996.8"," 4","  4.0"," 4","  1.9"," 4","  3.9","999.9","  40.6"," ","  32.4"," "," 0.05","G","999.9","011000"
"02181099999","2022-11-07","66.2666666","22.85","62.0","OVERKALIX SVARTBYN, SW","  29.6"," 4","  29.2"," 4","1001.7"," 4","994.0"," 4","  7.8"," 4","  0.5"," 4","  1.9","999.9","  33.3"," ","  23.7"," "," 0.09","G","999.9","111000"
"02181099999","2022-11-09","66.2666666","22.85","62.0","OVERKALIX SVARTBYN, SW","  25.9"," 4","  24.7"," 4","1007.3"," 4","999.5"," 4","  9.5"," 4","  1.5"," 4","  1.9","999.9","  28.2"," ","  23.0"," "," 0.07","G","999.9","001000"
"02181099999","2022-11-10","66.2666666","22.85","62.0","OVERKALIX SVARTBYN, SW","  27.7"," 4","  26.9"," 4","1004.2"," 4","996.4"," 4"," 10.0"," 4","999.9"," 0","999.9","999.9","  29.8"," ","  23.5"," "," 0.02","G","999.9","101000"
"02181099999","2022-11-11","66.2666666","22.85","62.0","OVERKALIX SVARTBYN, SW","  37.9"," 4","  35.2"," 4"," 991.7"," 4","984.1"," 4"," 18.0"," 4","  4.9"," 4","  5.8","999.9","  44.2"," ","  25.7"," "," 0.23","G","999.9","010000"
"02181099999","2022-11-12","66.2666666","22.85","62.0","OVERKALIX SVARTBYN, SW","  42.4"," 4","  34.2"," 4"," 997.1"," 4","989.6"," 4"," 31.1"," 4","  7.3"," 4","  9.7","999.9","  46.6"," ","  37.2"," "," 0.04","G","999.9","000000"
"02181099999","2022-11-13","66.2666666","22.85","62.0","OVERKALIX SVARTBYN, SW","  32.3"," 4","  29.8"," 4","1024.2"," 4","016.4"," 4"," 23.6"," 4","  2.4"," 4","  3.9","999.9","  40.6"," ","  26.8"," "," 0.00","G","999.9","100000"
"02181099999","2022-11-14","66.2666666","22.85","62.0","OVERKALIX SVARTBYN, SW","  24.5"," 4","  23.7"," 4","1023.2"," 4","015.3"," 4"," 15.9"," 4","  0.5"," 4","  1.9","999.9","  30.9"," ","  19.0"," "," 0.00","G","999.9","100000"
"02181099999","2022-11-15","66.2666666","22.85","62.0","OVERKALIX SVARTBYN, SW","  23.0"," 4","  21.6"," 4","1025.2"," 4","017.3"," 4"," 31.1"," 4","  1.0"," 4","  1.9","999.9","  27.0"," ","  17.6"," "," 0.00","G","999.9","000000"
"02181099999","2022-11-16","66.2666666","22.85","62.0","OVERKALIX SVARTBYN, SW","   9.0"," 4","   5.9"," 4","1023.1"," 4","015.0"," 4"," 29.3"," 4","999.9"," 0","999.9","999.9","  17.6"," ","   4.5"," "," 0.00","I","999.9","000000"
"02181099999","2022-11-17","66.2666666","22.85","62.0","OVERKALIX SVARTBYN, SW","   2.2"," 4","  -1.8"," 4","1022.7"," 4","014.6"," 4"," 31.1"," 4","999.9"," 0","999.9","999.9","   5.7"," ","   0.1"," ","99.99"," ","999.9","001000"
"02181099999","2022-11-18","66.2666666","22.85","62.0","OVERKALIX SVARTBYN, SW","   9.6"," 4","   6.9"," 4","1028.9"," 4","020.8"," 4"," 23.1"," 4","  1.5"," 4","  1.9","999.9","  17.4"," ","  -0.8"," "," 0.01","G","999.9","001000"
"02181099999","2022-11-19","66.2666666","22.85","62.0","OVERKALIX SVARTBYN, SW","  19.4"," 4","  17.8"," 4","1031.2"," 4","023.1"," 4"," 11.0"," 4","  0.0"," 4","999.9","999.9","  21.9"," ","  17.4"," "," 0.00","G","999.9","000000"
"02181099999","2022-11-20","66.2666666","22.85","62.0","OVERKALIX SVARTBYN, SW","  13.8"," 4","  11.6"," 4","1025.9"," 4","017.9"," 4","999.9"," 0","999.9"," 0","999.9","999.9","  21.9"," ","   3.7"," "," 0.00","G","999.9","000000"
"02181099999","2022-11-21","66.2666666","22.85","62.0","OVERKALIX SVARTBYN, SW","   5.2"," 4","   2.0"," 4","1023.0"," 4","015.0"," 4"," 15.5"," 4","999.9"," 0","999.9","999.9","   7.0"," ","   2.1"," "," 0.01","G","999.9","001000"
"02181099999","2022-11-22","66.2666666","22.85","62.0","OVERKALIX SVARTBYN, SW","   0.1"," 4","  -3.5"," 4","1023.4"," 4","015.3"," 4"," 31.1"," 4","999.9"," 0","999.9","999.9","   4.3"," ","  -1.7"," "," 0.00","G","999.9","000000"
"02181099999","2022-11-23","66.2666666","22.85","62.0","OVERKALIX SVARTBYN, SW","   8.9"," 4","   6.1"," 4","1024.5"," 4","016.4"," 4","  6.7"," 4","  0.0"," 4","999.9","999.9","  16.9"," ","  -0.8"," "," 0.00","E","999.9","001000"
"02181099999","2022-11-24","66.2666666","22.85","62.0","OVERKALIX SVARTBYN, SW","  22.9"," 4","  21.5"," 4","1024.3"," 4","016.3"," 4","  7.6"," 4","  1.0"," 4","  1.9","999.9","  25.0"," ","  16.9"," "," 0.03","G","999.9","001000"
"02181099999","2022-11-25","66.2666666","22.85","62.0","OVERKALIX SVARTBYN, SW","  23.9"," 4","  22.9"," 4","1025.6"," 4","017.7"," 4","  7.6"," 4","  1.5"," 4","  1.9","999.9","  26.8"," ","  21.7"," "," 0.02","G","999.9","001000"
"02181099999","2022-11-26","66.2666666","22.85","62.0","OVERKALIX SVARTBYN, SW","  30.0"," 4","  29.5"," 4","1028.9"," 4","021.0"," 4","  8.7"," 4","  1.0"," 4","  1.9","999.9","  31.8"," ","  26.8"," "," 0.02","G","999.9","001000"
"02181099999","2022-11-27","66.2666666","22.85","62.0","OVERKALIX SVARTBYN, SW","  31.4"," 4","  30.9"," 4","1028.3"," 4","020.5"," 4"," 13.0"," 4","  2.4"," 4","  3.9","999.9","  32.5"," ","  29.8"," "," 0.04","G","999.9","011000"
"02181099999","2022-11-28","66.2666666","22.85","62.0","OVERKALIX SVARTBYN, SW","  33.1"," 4","  32.5"," 4","1030.0"," 4","022.1"," 4","  8.7"," 4","  3.4"," 4","  3.9","999.9","  33.8"," ","  32.4"," "," 0.02","G","999.9","000000"
"02181099999","2022-11-29","66.2666666","22.85","62.0","OVERKALIX SVARTBYN, SW","  33.2"," 4","  32.8"," 4","1034.3"," 4","026.4"," 4","  3.5"," 4","  2.4"," 4","  3.9","999.9","  34.0"," ","  31.3"," "," 0.00","G","999.9","010000"
"02181099999","2022-11-30","66.2666666","22.85","62.0","OVERKALIX SVARTBYN, SW","  32.0"," 4","  31.5"," 4","1035.6"," 4","027.6"," 4","  5.0"," 4","  1.9"," 4","  1.9","999.9","  32.7"," ","  31.1"," "," 0.06","G","999.9","001000"
"02181099999","2022-12-01","66.2666666","22.85","62.0","OVERKALIX SVARTBYN, SW","  30.6"," 4","  30.2"," 4","1036.2"," 4","028.3"," 4","999.9"," 0","  1.0"," 4","  1.9","999.9","  31.1"," ","  30.2"," "," 0.02","G","999.9","101000"
"02181099999","2022-12-02","66.2666666","22.85","62.0","OVERKALIX SVARTBYN, SW","  28.6"," 4","  27.7"," 4","1040.8"," 4","032.8"," 4","  4.3"," 4","  1.5"," 4","  1.9","999.9","  30.4"," ","  27.1"," "," 0.00","G","999.9","001000"
"02181099999","2022-12-03","66.2666666","22.85","62.0","OVERKALIX SVARTBYN, SW","  25.3"," 4","  23.8"," 4","1040.4"," 4","032.4"," 4","999.9"," 0","  1.9"," 4","  1.9","999.9","  27.3"," ","  24.3"," "," 0.03","G","999.9","001000"
"02181099999","2022-12-04","66.2666666","22.85","62.0","OVERKALIX SVARTBYN, SW","  24.0"," 4","  22.5"," 4","1034.4"," 4","026.4"," 4"," 13.5"," 4","  1.0"," 4","  1.9","999.9","  24.8"," ","  22.6"," "," 0.01","G","999.9","001000"
"02181099999","2022-12-05","66.2666666","22.85","62.0","OVERKALIX SVARTBYN, SW","  24.2"," 4","  22.7"," 4","1017.3"," 4","009.4"," 4"," 14.4"," 4","  4.4"," 4","  5.8","999.9","  29.1"," ","  20.3"," "," 0.03","G","999.9","001000"
"02181099999","2022-12-06","66.2666666","22.85","62.0","OVERKALIX SVARTBYN, SW","  26.6"," 4","  25.2"," 4","1001.7"," 4","994.0"," 4"," 25.0"," 4","  2.4"," 4","  3.9","999.9","  31.5"," ","  22.1"," "," 0.04","G","999.9","001000"
"02181099999","2022-12-07","66.2666666","22.85","62.0","OVERKALIX SVARTBYN, SW","  17.3"," 4","  15.0"," 4","1004.9"," 4","997.1"," 4"," 16.7"," 4","  1.5"," 4","  1.9","999.9","  24.3"," ","  12.4"," "," 0.01","G","999.9","001000"
"02181099999","2022-12-08","66.2666666","22.85","62.0","OVERKALIX SVARTBYN, SW","  21.6"," 4","  19.4"," 4","1010.5"," 4","002.7"," 4"," 16.5"," 4","  2.9"," 4","  3.9","999.9","  24.8"," ","  17.4"," "," 0.06","G","999.9","001000"
"02181099999","2022-12-09","66.2666666","22.85","62.0","OVERKALIX SVARTBYN, SW","  23.8"," 4","  21.2"," 4","1014.4"," 4","006.5"," 4","  4.8"," 4","  3.4"," 4","  3.9","999.9","  27.1"," ","  18.7"," "," 0.14","G","999.9","001000"
"02181099999","2022-12-10","66.2666666","22.85","62.0","OVERKALIX SVARTBYN, SW","  18.6"," 4","  15.8"," 4","1019.5"," 4","011.5"," 4"," 11.3"," 4","  3.9"," 4","  3.9","999.9","  19.9"," ","  17.2"," "," 0.03","G","999.9","001000"
"02181099999","2022-12-11","66.2666666","22.85","62.0","OVERKALIX SVARTBYN, SW","  19.5"," 4","  16.5"," 4","1025.2"," 4","017.3"," 4"," 13.7"," 4","  3.4"," 4","  3.9","999.9","  23.9"," ","  11.8"," "," 0.05","G","999.9","001000"
"02181099999","2022-12-12","66.2666666","22.85","62.0","OVERKALIX SVARTBYN, SW","  -4.5"," 4","  -8.4"," 4","1028.4"," 4","020.2"," 4"," 17.2"," 4","  1.0"," 4","  1.9","999.9","  11.8"," "," -16.6"," "," 0.02","G","999.9","001000"
"02181099999","2022-12-13","66.2666666","22.85","62.0","OVERKALIX SVARTBYN, SW","  -4.5"," 4","  -8.6"," 4","1008.2"," 4","000.2"," 4"," 16.1"," 4","  3.9"," 4","  5.8","999.9","   3.2"," "," -20.2"," "," 0.00","G","999.9","001000"
"02181099999","2022-12-14","66.2666666","22.85","62.0","OVERKALIX SVARTBYN, SW","   1.4"," 4","  -2.2"," 4"," 995.3"," 4","987.4"," 4"," 11.7"," 4","  2.4"," 4","  3.9","999.9","   6.8"," ","  -9.8"," "," 0.06","G","999.9","001000"
"02181099999","2022-12-15","66.2666666","22.85","62.0","OVERKALIX SVARTBYN, SW","  -4.8"," 4","  -9.0"," 4"," 993.7"," 4","985.8"," 4"," 29.5"," 4","  1.0"," 4","  3.9","999.9","   5.4"," "," -13.2"," "," 0.02","G","999.9","000000"
"02181099999","2022-12-17","66.2666666","22.85","62.0","OVERKALIX SVARTBYN, SW","  11.2"," 4","   8.7"," 4","1010.2"," 4","002.2"," 4"," 31.1"," 4","  1.9"," 4","  3.9","999.9","  15.3"," ","   2.5"," "," 0.00","G","999.9","000000"
"02181099999","2022-12-18","66.2666666","22.85","62.0","OVERKALIX SVARTBYN, SW","   5.5"," 4","   2.6"," 4","1010.4"," 4","002.5"," 4","999.9"," 0","  1.0"," 4","  1.9","999.9","  15.1"," ","  -6.7"," "," 0.00","G","999.9","001000"
"02181099999","2022-12-19","66.2666666","22.85","62.0","OVERKALIX SVARTBYN, SW","   4.1"," 4","   0.8"," 4","1009.4"," 4","001.4"," 4"," 31.1"," 4","  0.5"," 4","  1.9","999.9","  14.9"," ","  -6.9","*"," 0.11","G","999.9","000000"
"02181099999","2022-12-20","66.2666666","22.85","62.0","OVERKALIX SVARTBYN, SW","   7.1"," 4","   4.1"," 4","1009.3"," 4","001.3"," 4","  8.9"," 4","  0.5"," 4","  1.9","999.9","  15.8"," ","  -6.9"," "," 0.00","G","999.9","001000"
"02181099999","2022-12-21","66.2666666","22.85","62.0","OVERKALIX SVARTBYN, SW","  20.6"," 4","  19.1"," 4"," 996.3"," 4","988.6"," 4","  5.6"," 4","  0.0"," 4","999.9","999.9","  22.5"," ","  15.8"," "," 0.16","G","999.9","001000"
"02181099999","2022-12-22","66.2666666","22.85","62.0","OVERKALIX SVARTBYN, SW","  22.8"," 4","  21.2"," 4"," 988.3"," 4","980.7"," 4"," 13.4"," 4","  1.0"," 4","  1.9","999.9","  24.1"," ","  20.5"," "," 0.11","G","999.9","001000"
"02181099999","2022-12-23","66.2666666","22.85","62.0","OVERKALIX SVARTBYN, SW","   6.3"," 4","   3.2"," 4"," 987.9"," 4","980.1"," 4"," 25.9"," 4","  0.0"," 4","999.9","999.9","  20.5"," ","   1.9"," "," 0.06","G","999.9","001000"
"02181099999","2022-12-24","66.2666666","22.85","62.0","OVERKALIX SVARTBYN, SW","  -0.9"," 4","  -4.6"," 4"," 994.8"," 4","986.9"," 4"," 31.1"," 4","  0.5"," 4","  1.9","999.9","  10.4"," "," -10.5"," "," 0.00","G","999.9","000000"
"02181099999","2022-12-25","66.2666666","22.85","62.0","OVERKALIX SVARTBYN, SW","  -4.3"," 4","  -8.2"," 4","1008.9"," 4","000.8"," 4"," 29.5"," 4","999.9"," 0","999.9","999.9","  12.7"," "," -12.3"," "," 0.00","G","999.9","000000"
"02181099999","2022-12-26","66.2666666","22.85","62.0","OVERKALIX SVARTBYN, SW","  22.5"," 4","  21.3"," 4","1007.7"," 4","999.9"," 4","  6.0"," 4","999.9"," 0","999.9","999.9","  31.5"," ","  -0.8","*"," 0.21","G","999.9","001000"
"02181099999","2022-12-27","66.2666666","22.85","62.0","OVERKALIX SVARTBYN, SW","  22.4"," 4","  21.1"," 4","1001.8"," 4","994.1"," 4","999.9"," 0","  3.9"," 4","  5.8","999.9","  30.4"," ","  16.9"," "," 0.13","G","999.9","001000"
"02181099999","2022-12-28","66.2666666","22.85","62.0","OVERKALIX SVARTBYN, SW","  18.0"," 4","  16.1"," 4"," 999.4"," 4","991.6"," 4"," 11.0"," 4","  0.0"," 4","999.9","999.9","  20.8"," ","   9.1"," "," 0.09","G","999.9","001000"
"02181099999","2022-12-29","66.2666666","22.85","62.0","OVERKALIX SVARTBYN, SW","  17.5"," 4","  15.7"," 4","1005.3"," 4","997.5"," 4"," 15.4"," 4","  1.9"," 4","  3.9","999.9","  24.4"," ","   2.7"," "," 0.00","G","999.9","001000"
"02181099999","2022-12-30","66.2666666","22.85","62.0","OVERKALIX SVARTBYN, SW","  25.8"," 4","  24.6"," 4"," 994.8"," 4","987.2"," 4","  1.6"," 4","  2.4"," 4","  3.9","999.9","  28.0"," ","  21.0"," "," 0.21","G","999.9","001000"
"02181099999","2022-12-31","66.2666666","22.85","62.0","OVERKALIX SVARTBYN, SW","  32.5"," 4","  32.1"," 4"," 985.7"," 4","978.1"," 4","  2.3"," 4","  4.4"," 4","  5.8","999.9","  33.1"," ","  28.0"," "," 0.13","G","999.9","011000"
