"STATION","DATE","LATITUDE","LONGITUDE","ELEVATION","NAME","TEMP","TEMP_ATTRIBUTES","DEWP","DEWP_ATTRIBUTES","SLP","SLP_ATTRIBUTES","STP","STP_ATTRIBUTES","VISIB","VISIB_ATTRIBUTES","WDSP","WDSP_ATTRIBUTES","MXSPD","GUST","MAX","MAX_ATTRIBUTES","MIN","MIN_ATTRIBUTES","PRCP","PRCP_ATTRIBUTES","SNDP","FRSHTT"
"08021099999","2022-01-01","43.427064","-3.820006","4.87","SANTANDER, SP","  68.4","24","  41.7","24","9999.9"," 0","999.9"," 0","  6.2","24","  7.6","24"," 15.0"," 22.9","  74.3"," ","  53.2"," "," 0.00","G","999.9","000000"
"08021099999","2022-01-02","43.427064","-3.820006","4.87","SANTANDER, SP","  60.1","24","  48.3","24","9999.9"," 0","999.9"," 0","  6.2","24","  4.3","24"," 13.0","999.9","  70.3","*","  50.4","*"," 0.00","G","999.9","000000"
"08021099999","2022-01-03","43.427064","-3.820006","4.87","SANTANDER, SP","  57.8","24","  45.5","24","9999.9"," 0","999.9"," 0","  6.2","24","  5.7","24"," 19.0"," 32.1","  70.3"," ","  41.7"," "," 0.00","G","999.9","000000"
"08021099999","2022-01-04","43.427064","-3.820006","4.87","SANTANDER, SP","  54.9","24","  46.8","24","9999.9"," 0","999.9"," 0","  5.3","24"," 12.2","24"," 22.0"," 39.0","  64.4","*","  46.4","*"," 0.00","G","999.9","010000"
"08021099999","2022-01-05","43.427064","-3.820006","4.87","SANTANDER, SP","  46.6","24","  39.9","24","9999.9"," 0","999.9"," 0","  6.2","24","  6.2","24"," 13.0","999.9","  50.7","*","  40.3","*"," 1.15","G","999.9","010000"
"08021099999","2022-01-06","43.427064","-3.820006","4.87","SANTANDER, SP","  44.6","24","  37.1","24","9999.9"," 0","999.9"," 0","  6.1","24","  2.3","24","  6.0","999.9","  54.0"," ","  35.6","*"," 0.12","G","999.9","010000"
"08021099999","2022-01-07","43.427064","-3.820006","4.87","SANTANDER, SP","  50.9","24","  46.0","24","9999.9"," 0","999.9"," 0","  5.5","24","  9.3","24"," 15.0","999.9","  54.3"," ","  47.7"," "," 0.21","G","999.9","010000"
"08021099999","2022-01-08","43.427064","-3.820006","4.87","SANTANDER, SP","  51.9","24","  39.5","24","9999.9"," 0","999.9"," 0","  6.2","24","  9.9","24"," 24.1"," 36.9","  59.0","*","  47.8","*"," 0.10","G","999.9","010000"
"08021099999","2022-01-09","43.427064","-3.820006","4.87","SANTANDER, SP","  55.9","24","  53.1","24","9999.9"," 0","999.9"," 0","  3.6","24"," 19.0","24"," 29.9"," 47.0","  59.0","*","  51.4"," "," 0.42","G","999.9","010000"
"08021099999","2022-01-10","43.427064","-3.820006","4.87","SANTANDER, SP","  55.7","24","  53.7","24","9999.9"," 0","999.9"," 0","  4.9","24"," 13.2","24"," 25.1"," 36.9","  57.2","*","  53.6","*"," 0.65","G","999.9","110000"
"08021099999","2022-01-11","43.427064","-3.820006","4.87","SANTANDER, SP","  53.4","24","  51.7","24","9999.9"," 0","999.9"," 0","  5.4","24","  3.1","24","  7.0","999.9","  57.4"," ","  50.0","*"," 0.09","G","999.9","010000"
"08021099999","2022-01-12","43.427064","-3.820006","4.87","SANTANDER, SP","  46.6","24","  42.3","24","9999.9"," 0","999.9"," 0","  5.4","24","  1.9","24","  6.0","999.9","  53.6"," ","  37.9","*"," 0.05","G","999.9","010000"
"08021099999","2022-01-13","43.427064","-3.820006","4.87","SANTANDER, SP","  40.9","24","  36.4","24","9999.9"," 0","999.9"," 0","  6.1","24","  1.8","24","  5.1","999.9","  54.0"," ","  32.5","*"," 0.00","G","999.9","000000"
"08021099999","2022-01-14","43.427064","-3.820006","4.87","SANTANDER, SP","  43.3","24","  35.2","24","9999.9"," 0","999.9"," 0","  6.0","24","  2.7","24","  7.0","999.9","  59.4"," ","  28.8"," "," 0.00","G","999.9","000000"
"08021099999","2022-01-15","43.427064","-3.820006","4.87","SANTANDER, SP","  41.3","24","  32.9","24","9999.9"," 0","999.9"," 0","  6.1","24","  2.5","24","  5.1","999.9","  57.4"," ","  28.6"," "," 0.00","G","999.9","000000"
"08021099999","2022-01-16","43.427064","-3.820006","4.87","SANTANDER, SP","  42.4","24","  35.0","24","9999.9"," 0","999.9"," 0","  6.2","24","  2.2","24","  8.0","999.9","  55.0"," ","  29.7"," "," 0.00","G","999.9","000000"
"08021099999","2022-01-17","43.427064","-3.820006","4.87","SANTANDER, SP","  41.5","24","  36.3","24","9999.9"," 0","999.9"," 0","  5.9","24","  3.3","24"," 13.0","999.9","  53.1"," ","  28.8"," "," 0.00","G","999.9","000000"
"08021099999","2022-01-18","43.427064","-3.820006","4.87","SANTANDER, SP","  41.5","24","  36.3","24","9999.9"," 0","999.9"," 0","  6.1","24","  1.5","24","  6.0","999.9","  54.0"," ","  29.8"," "," 0.00","G","999.9","000000"
"08021099999","2022-01-19","43.427064","-3.820006","4.87","SANTANDER, SP","  42.6","24","  38.4","24","9999.9"," 0","999.9"," 0","  6.2","24","  2.3","24","  7.0","999.9","  54.0"," ","  30.6"," "," 0.00","G","999.9","000000"
"08021099999","2022-01-20","43.427064","-3.820006","4.87","SANTANDER, SP","  47.7","24","  43.1","24","9999.9"," 0","999.9"," 0","  5.4","24","  5.0","24"," 11.1","999.9","  53.6"," ","  37.9"," "," 0.04","E","999.9","010000"
"08021099999","2022-01-21","43.427064","-3.820006","4.87","SANTANDER, SP","  45.4","24","  36.7","24","9999.9"," 0","999.9"," 0","  6.1","24","  4.7","24"," 14.0"," 21.0","  49.1","*","  41.5"," "," 0.11","G","999.9","010000"
"08021099999","2022-01-22","43.427064","-3.820006","4.87","SANTANDER, SP","  42.8","24","  34.5","24","9999.9"," 0","999.9"," 0","  6.2","24","  4.0","24"," 12.0","999.9","  49.3"," ","  34.0","*"," 0.02","G","999.9","000000"
"08021099999","2022-01-23","43.427064","-3.820006","4.87","SANTANDER, SP","  41.0","24","  34.5","24","9999.9"," 0","999.9"," 0","  6.1","24","  2.7","24","  8.0","999.9","  54.9"," ","  28.6"," "," 0.00","G","999.9","000000"
"08021099999","2022-01-24","43.427064","-3.820006","4.87","SANTANDER, SP","  42.5","24","  37.3","24","9999.9"," 0","999.9"," 0","  5.9","24","  2.0","24","  5.1","999.9","  57.2"," ","  29.3"," "," 0.00","G","999.9","000000"
"08021099999","2022-01-25","43.427064","-3.820006","4.87","SANTANDER, SP","  42.7","24","  39.6","24","9999.9"," 0","999.9"," 0","  5.7","24","  2.4","24","  7.0","999.9","  56.1"," ","  30.6","*"," 0.00","E","999.9","100000"
"08021099999","2022-01-26","43.427064","-3.820006","4.87","SANTANDER, SP","  43.6","24","  40.1","24","9999.9"," 0","999.9"," 0","  5.6","23","  2.6","24","  9.9","999.9","  54.9"," ","  31.8","*"," 0.00","E","999.9","100000"
"08021099999","2022-01-27","43.427064","-3.820006","4.87","SANTANDER, SP","  42.8","24","  38.8","24","9999.9"," 0","999.9"," 0","  4.7","24","  3.1","24","  8.9","999.9","  53.8"," ","  28.9"," "," 0.00","G","999.9","100000"
"08021099999","2022-01-28","43.427064","-3.820006","4.87","SANTANDER, SP","  43.5","24","  39.3","24","9999.9"," 0","999.9"," 0","  6.0","24","  3.1","24"," 12.0","999.9","  50.9"," ","  34.7","*"," 0.00","G","999.9","000000"
"08021099999","2022-01-29","43.427064","-3.820006","4.87","SANTANDER, SP","  41.9","24","  38.7","24","9999.9"," 0","999.9"," 0","  5.3","24","  3.8","24"," 13.0","999.9","  53.2"," ","  29.8","*"," 0.00","G","999.9","000000"
"08021099999","2022-01-30","43.427064","-3.820006","4.87","SANTANDER, SP","  45.2","24","  41.9","24","9999.9"," 0","999.9"," 0","  4.2","24","  3.7","24"," 12.0","999.9","  51.4"," ","  41.0","*"," 0.00","G","999.9","000000"
"08021099999","2022-01-31","43.427064","-3.820006","4.87","SANTANDER, SP","  47.8","24","  44.6","24","9999.9"," 0","999.9"," 0","  4.1","24","  6.8","24"," 14.0"," 15.0","  53.1"," ","  44.6","*"," 0.00","G","999.9","010000"
"08021099999","2022-02-01","43.427064","-3.820006","4.87","SANTANDER, SP","  50.5","24","  43.1","24","9999.9"," 0","999.9"," 0","  6.0","24","  4.9","24","  9.9","999.9","  57.2"," ","  40.3","*"," 0.14","G","999.9","010000"
"08021099999","2022-02-02","43.427064","-3.820006","4.87","SANTANDER, SP","  45.1","24","  41.3","24","9999.9"," 0","999.9"," 0","  5.7","24","  2.6","24","  8.9","999.9","  61.0"," ","  32.5"," "," 0.00","G","999.9","100000"
"08021099999","2022-02-03","43.427064","-3.820006","4.87","SANTANDER, SP","  51.5","24","  44.5","24","9999.9"," 0","999.9"," 0","  6.1","24","  3.2","24","  8.9","999.9","  62.1"," ","  38.7"," "," 0.00","G","999.9","000000"
"08021099999","2022-02-04","43.427064","-3.820006","4.87","SANTANDER, SP","  51.0","24","  45.7","24","9999.9"," 0","999.9"," 0","  6.0","24","  4.2","24","  9.9","999.9","  56.7"," ","  46.4","*"," 0.00","G","999.9","010000"
"08021099999","2022-02-05","43.427064","-3.820006","4.87","SANTANDER, SP","  48.3","24","  42.2","24","9999.9"," 0","999.9"," 0","  6.0","24","  3.2","24","  9.9","999.9","  55.9"," ","  38.7","*"," 0.22","G","999.9","010000"
"08021099999","2022-02-06","43.427064","-3.820006","4.87","SANTANDER, SP","  44.8","24","  35.3","24","9999.9"," 0","999.9"," 0","  6.2","24","  3.3","24","  8.9","999.9","  56.3"," ","  31.6"," "," 0.00","G","999.9","000000"
"08021099999","2022-02-07","43.427064","-3.820006","4.87","SANTANDER, SP","  50.7","24","  43.3","24","9999.9"," 0","999.9"," 0","  6.0","24","  5.1","24","  9.9","999.9","  57.6"," ","  41.4","*"," 0.00","G","999.9","110000"
"08021099999","2022-02-08","43.427064","-3.820006","4.87","SANTANDER, SP","  49.9","24","  44.4","24","9999.9"," 0","999.9"," 0","  6.0","24","  4.2","24"," 13.0","999.9","  62.2"," ","  37.6"," "," 0.00","G","999.9","100000"
"08021099999","2022-02-09","43.427064","-3.820006","4.87","SANTANDER, SP","  47.5","24","  43.5","24","9999.9"," 0","999.9"," 0","  5.9","24","  2.5","24","  7.0","999.9","  57.2","*","  33.6"," "," 0.00","G","999.9","000000"
"08021099999","2022-02-10","43.427064","-3.820006","4.87","SANTANDER, SP","  48.9","24","  44.5","24","9999.9"," 0","999.9"," 0","  4.9","24","  2.5","24"," 11.1","999.9","  60.1"," ","  36.9"," "," 0.00","G","999.9","010000"
"08021099999","2022-02-11","43.427064","-3.820006","4.87","SANTANDER, SP","  50.4","24","  46.8","24","9999.9"," 0","999.9"," 0","  5.6","24","  4.7","24"," 15.0","999.9","  57.6"," ","  42.1","*"," 0.13","G","999.9","010000"
"08021099999","2022-02-12","43.427064","-3.820006","4.87","SANTANDER, SP","  46.0","24","  43.0","24","9999.9"," 0","999.9"," 0","  5.2","24","  2.1","24","  7.0","999.9","  54.7"," ","  36.7"," "," 0.01","G","999.9","100000"
"08021099999","2022-02-13","43.427064","-3.820006","4.87","SANTANDER, SP","  51.6","24","  41.1","24","9999.9"," 0","999.9"," 0","  5.1","24"," 12.2","24"," 28.9"," 44.1","  61.9"," ","  35.6"," "," 0.00","G","999.9","110000"
"08021099999","2022-02-14","43.427064","-3.820006","4.87","SANTANDER, SP","  49.4","24","  40.9","24","9999.9"," 0","999.9"," 0","  5.7","24"," 13.5","24"," 28.0"," 42.0","  54.0"," ","  46.4","*"," 0.09","G","999.9","010000"
"08021099999","2022-02-15","43.427064","-3.820006","4.87","SANTANDER, SP","  51.4","24","  39.9","24","9999.9"," 0","999.9"," 0","  6.2","24","  7.2","24"," 15.0","999.9","  58.6"," ","  46.0"," "," 0.40","G","999.9","010000"
"08021099999","2022-02-16","43.427064","-3.820006","4.87","SANTANDER, SP","  57.9","24","  45.5","24","9999.9"," 0","999.9"," 0","  6.2","24","  8.4","24"," 18.1"," 19.0","  66.6"," ","  50.0"," "," 0.00","G","999.9","000000"
"08021099999","2022-02-17","43.427064","-3.820006","4.87","SANTANDER, SP","  56.3","24","  49.7","24","9999.9"," 0","999.9"," 0","  6.2","24","  3.8","24","  8.9","999.9","  63.3"," ","  49.8"," "," 0.00","G","999.9","000000"
"08021099999","2022-02-18","43.427064","-3.820006","4.87","SANTANDER, SP","  48.9","24","  45.2","24","9999.9"," 0","999.9"," 0","  5.4","24","  5.1","24"," 18.1"," 25.1","  64.9"," ","  41.0","*"," 0.00","G","999.9","010000"
"08021099999","2022-02-19","43.427064","-3.820006","4.87","SANTANDER, SP","  47.2","24","  41.0","24","9999.9"," 0","999.9"," 0","  6.2","24","  5.2","24","  9.9"," 13.0","  54.1"," ","  42.8","*"," 0.23","G","999.9","010000"
"08021099999","2022-02-20","43.427064","-3.820006","4.87","SANTANDER, SP","  53.1","24","  44.5","24","9999.9"," 0","999.9"," 0","  6.2","24","  6.9","24"," 14.0","999.9","  59.9"," ","  43.9"," "," 0.07","G","999.9","010000"
"08021099999","2022-02-21","43.427064","-3.820006","4.87","SANTANDER, SP","  53.0","24","  47.8","24","9999.9"," 0","999.9"," 0","  5.6","24","  7.2","24"," 14.0","999.9","  58.8"," ","  47.8","*"," 0.02","G","999.9","010000"
"08021099999","2022-02-22","43.427064","-3.820006","4.87","SANTANDER, SP","  48.6","24","  42.7","24","9999.9"," 0","999.9"," 0","  5.6","24","  2.7","24","  8.9","999.9","  61.2"," ","  37.8","*"," 0.02","G","999.9","000000"
"08021099999","2022-02-23","43.427064","-3.820006","4.87","SANTANDER, SP","  46.0","24","  40.1","24","9999.9"," 0","999.9"," 0","  5.8","24","  2.4","24","  7.0","999.9","  60.6"," ","  32.4"," "," 0.00","G","999.9","100000"
"08021099999","2022-02-24","43.427064","-3.820006","4.87","SANTANDER, SP","  51.9","24","  46.5","24","9999.9"," 0","999.9"," 0","  6.0","24","  6.4","24"," 12.0","999.9","  56.8"," ","  46.2"," "," 0.00","G","999.9","010000"
"08021099999","2022-02-25","43.427064","-3.820006","4.87","SANTANDER, SP","  49.2","24","  41.7","24","9999.9"," 0","999.9"," 0","  6.1","24","  6.3","24"," 13.0","999.9","  55.0"," ","  42.3","*"," 0.09","G","999.9","010000"
"08021099999","2022-02-26","43.427064","-3.820006","4.87","SANTANDER, SP","  51.4","24","  39.2","24","9999.9"," 0","999.9"," 0","  6.1","24","  5.0","24","  9.9","999.9","  67.1"," ","  35.2","*"," 0.00","G","999.9","010000"
"08021099999","2022-02-27","43.427064","-3.820006","4.87","SANTANDER, SP","  53.8","24","  45.0","24","9999.9"," 0","999.9"," 0","  6.2","24","  4.7","24"," 13.0","999.9","  62.4"," ","  46.4","*"," 0.00","G","999.9","000000"
"08021099999","2022-02-28","43.427064","-3.820006","4.87","SANTANDER, SP","  49.8","24","  45.1","24","9999.9"," 0","999.9"," 0","  6.1","24","  2.3","24","  9.9","999.9","  63.7"," ","  37.9"," "," 0.00","G","999.9","000000"
"08021099999","2022-03-01","43.427064","-3.820006","4.87","SANTANDER, SP","  53.0","24","  45.7","24","9999.9"," 0","999.9"," 0","  6.1","24","  3.8","24"," 11.1","999.9","  65.1"," ","  41.7"," "," 0.00","G","999.9","010000"
"08021099999","2022-03-02","43.427064","-3.820006","4.87","SANTANDER, SP","  53.5","24","  49.7","24","9999.9"," 0","999.9"," 0","  5.7","23","  5.6","24"," 15.9","999.9","  58.5"," ","  47.7","*"," 0.24","G","999.9","010000"
"08021099999","2022-03-03","43.427064","-3.820006","4.87","SANTANDER, SP","  50.2","24","  46.9","24","9999.9"," 0","999.9"," 0","  4.8","24","  6.3","24"," 17.1"," 27.0","  52.9"," ","  46.9"," "," 0.10","G","999.9","010000"
"08021099999","2022-03-04","43.427064","-3.820006","4.87","SANTANDER, SP","  49.7","24","  42.6","24","9999.9"," 0","999.9"," 0","  6.1","24","  7.9","24"," 14.0"," 21.0","  55.0"," ","  42.8","*"," 1.34","G","999.9","010000"
"08021099999","2022-03-05","43.427064","-3.820006","4.87","SANTANDER, SP","  46.4","24","  38.9","24","9999.9"," 0","999.9"," 0","  6.2","24","  4.9","24","  8.0","999.9","  54.0"," ","  41.0","*"," 0.18","G","999.9","010000"
"08021099999","2022-03-06","43.427064","-3.820006","4.87","SANTANDER, SP","  45.6","24","  40.3","24","9999.9"," 0","999.9"," 0","  6.2","24","  5.3","24","  9.9","999.9","  52.7"," ","  41.0","*"," 0.20","G","999.9","010000"
"08021099999","2022-03-07","43.427064","-3.820006","4.87","SANTANDER, SP","  49.4","24","  41.1","24","9999.9"," 0","999.9"," 0","  6.2","24","  4.8","24"," 14.0","999.9","  56.3"," ","  44.6","*"," 0.04","G","999.9","000000"
"08021099999","2022-03-08","43.427064","-3.820006","4.87","SANTANDER, SP","  54.0","24","  40.1","24","9999.9"," 0","999.9"," 0","  6.2","24","  6.4","24"," 12.0"," 19.0","  61.0"," ","  44.6","*"," 0.00","G","999.9","010000"
"08021099999","2022-03-09","43.427064","-3.820006","4.87","SANTANDER, SP","  54.8","24","  42.0","24","9999.9"," 0","999.9"," 0","  6.2","24"," 10.8","24"," 19.0"," 31.1","  62.6","*","  38.5"," "," 0.01","G","999.9","010000"
"08021099999","2022-03-10","43.427064","-3.820006","4.87","SANTANDER, SP","  55.2","24","  46.5","24","9999.9"," 0","999.9"," 0","  5.9","24","  5.6","24"," 20.0"," 35.0","  64.4"," ","  48.0","*"," 0.26","G","999.9","010000"
"08021099999","2022-03-11","43.427064","-3.820006","4.87","SANTANDER, SP","  55.6","24","  45.9","24","9999.9"," 0","999.9"," 0","  6.0","24","  7.0","24"," 21.0"," 42.9","  64.4","*","  48.2","*"," 0.02","G","999.9","010000"
"08021099999","2022-03-12","43.427064","-3.820006","4.87","SANTANDER, SP","  52.6","24","  41.5","24","9999.9"," 0","999.9"," 0","  5.9","24","  8.5","24"," 22.0"," 28.9","  63.9"," ","  39.4","*"," 0.17","G","999.9","010000"
"08021099999","2022-03-13","43.427064","-3.820006","4.87","SANTANDER, SP","  53.3","24","  39.5","24","9999.9"," 0","999.9"," 0","  5.8","24","  7.0","24"," 19.0"," 31.1","  63.7"," ","  46.2"," "," 0.57","G","999.9","010000"
"08021099999","2022-03-14","43.427064","-3.820006","4.87","SANTANDER, SP","  52.1","24","  43.1","24","9999.9"," 0","999.9"," 0","  6.2","24","  5.9","24"," 20.0","999.9","  63.7"," ","  44.4"," "," 0.00","G","999.9","010000"
"08021099999","2022-03-15","43.427064","-3.820006","4.87","SANTANDER, SP","  54.9","24","  50.2","24","9999.9"," 0","999.9"," 0","  5.0","24","  2.1","24","  6.0","999.9","  63.9","*","  50.0","*"," 0.03","G","999.9","000000"
"08021099999","2022-03-16","43.427064","-3.820006","4.87","SANTANDER, SP","  54.2","24","  51.6","24","9999.9"," 0","999.9"," 0","  5.0","24","  7.4","24"," 14.0","999.9","  56.1"," ","  51.8","*"," 0.00","G","999.9","010000"
"08021099999","2022-03-17","43.427064","-3.820006","4.87","SANTANDER, SP","  52.1","24","  44.9","24","9999.9"," 0","999.9"," 0","  6.0","24","  7.2","24"," 11.1","999.9","  54.0"," ","  51.4","*"," 0.00","G","999.9","000000"
"08021099999","2022-03-18","43.427064","-3.820006","4.87","SANTANDER, SP","  51.0","24","  44.6","24","9999.9"," 0","999.9"," 0","  6.1","24","  3.4","24","  9.9","999.9","  55.2"," ","  47.8","*"," 0.00","G","999.9","000000"
"08021099999","2022-03-19","43.427064","-3.820006","4.87","SANTANDER, SP","  55.9","24","  44.8","24","9999.9"," 0","999.9"," 0","  5.9","24","  3.4","24"," 13.0"," 15.9","  66.6"," ","  44.4"," "," 0.00","G","999.9","000000"
"08021099999","2022-03-20","43.427064","-3.820006","4.87","SANTANDER, SP","  62.6","24","  43.5","24","9999.9"," 0","999.9"," 0","  6.2","24","  8.7","24"," 18.1"," 25.1","  72.9"," ","  55.4","*"," 0.00","E","999.9","000000"
"08021099999","2022-03-21","43.427064","-3.820006","4.87","SANTANDER, SP","  60.1","24","  46.1","24","9999.9"," 0","999.9"," 0","  6.2","24","  5.4","24"," 14.0","999.9","  68.5"," ","  51.4"," "," 0.00","G","999.9","000000"
"08021099999","2022-03-22","43.427064","-3.820006","4.87","SANTANDER, SP","  57.9","24","  43.8","24","9999.9"," 0","999.9"," 0","  6.2","24","  5.6","24"," 18.1"," 28.0","  68.0"," ","  51.3"," "," 0.00","G","999.9","010000"
"08021099999","2022-03-23","43.427064","-3.820006","4.87","SANTANDER, SP","  58.7","24","  41.9","24","9999.9"," 0","999.9"," 0","  6.2","24","  5.4","24"," 15.0"," 25.1","  68.2","*","  47.8","*"," 0.00","G","999.9","000000"
"08021099999","2022-03-24","43.427064","-3.820006","4.87","SANTANDER, SP","  53.4","24","  43.9","24","9999.9"," 0","999.9"," 0","  6.2","24","  3.3","24"," 15.0","999.9","  63.7"," ","  38.8"," "," 0.00","G","999.9","000000"
"08021099999","2022-03-25","43.427064","-3.820006","4.87","SANTANDER, SP","  56.3","24","  49.6","24","9999.9"," 0","999.9"," 0","  6.1","24","  2.5","24"," 12.0","999.9","  65.1"," ","  48.9"," "," 0.00","G","999.9","010000"
"08021099999","2022-03-26","43.427064","-3.820006","4.87","SANTANDER, SP","  56.2","24","  46.5","24","9999.9"," 0","999.9"," 0","  6.2","24","  3.0","24"," 15.0","999.9","  67.6"," ","  44.1"," "," 0.00","G","999.9","000000"
"08021099999","2022-03-27","43.427064","-3.820006","4.87","SANTANDER, SP","  58.2","24","  46.5","24","9999.9"," 0","999.9"," 0","  6.2","24","  2.7","24"," 11.1"," 21.0","  74.3"," ","  45.0"," "," 0.00","G","999.9","000000"
"08021099999","2022-03-28","43.427064","-3.820006","4.87","SANTANDER, SP","  63.0","24","  43.7","24","9999.9"," 0","999.9"," 0","  6.2","24","  8.5","24"," 18.1"," 27.0","  72.9"," ","  53.2","*"," 0.00","G","999.9","000000"
"08021099999","2022-03-29","43.427064","-3.820006","4.87","SANTANDER, SP","  54.5","24","  49.9","24","9999.9"," 0","999.9"," 0","  6.2","24","  4.4","24","  9.9","999.9","  59.5"," ","  48.0"," "," 0.00","G","999.9","010000"
"08021099999","2022-03-30","43.427064","-3.820006","4.87","SANTANDER, SP","  52.4","24","  47.9","24","9999.9"," 0","999.9"," 0","  5.9","24","  8.4","24"," 17.1","999.9","  57.0"," ","  48.2","*"," 0.00","G","999.9","010000"
"08021099999","2022-03-31","43.427064","-3.820006","4.87","SANTANDER, SP","  50.8","24","  44.9","24","9999.9"," 0","999.9"," 0","  6.1","24"," 11.2","24"," 18.1"," 27.0","  56.7","*","  46.4","*"," 0.98","G","999.9","010010"
"08021099999","2022-04-01","43.427064","-3.820006","4.87","SANTANDER, SP","  45.7","24","  35.2","24","9999.9"," 0","999.9"," 0","  6.0","24","  9.4","24"," 17.1"," 25.1","  51.1"," ","  41.0","*"," 0.26","G","999.9","010100"
"08021099999","2022-04-02","43.427064","-3.820006","4.87","SANTANDER, SP","  46.1","24","  35.5","24","9999.9"," 0","999.9"," 0","  6.1","24","  6.3","24"," 15.9"," 22.9","  53.2"," ","  41.0","*"," 0.15","G","999.9","010000"
"08021099999","2022-04-03","43.427064","-3.820006","4.87","SANTANDER, SP","  42.2","24","  36.7","24","9999.9"," 0","999.9"," 0","  6.0","24","  4.4","24"," 15.0"," 22.9","  50.0"," ","  36.5"," "," 0.53","G","999.9","011000"
"08021099999","2022-04-04","43.427064","-3.820006","4.87","SANTANDER, SP","  43.3","24","  33.6","24","9999.9"," 0","999.9"," 0","  6.2","24","  3.5","24","  9.9","999.9","  48.6","*","  37.4","*"," 0.14","G","999.9","010000"
"08021099999","2022-04-05","43.427064","-3.820006","4.87","SANTANDER, SP","  44.1","24","  34.8","24","9999.9"," 0","999.9"," 0","  6.2","24","  3.6","24"," 13.0","999.9","  54.3"," ","  32.0","*"," 0.00","G","999.9","000000"
"08021099999","2022-04-06","43.427064","-3.820006","4.87","SANTANDER, SP","  49.1","24","  40.4","24","9999.9"," 0","999.9"," 0","  6.0","24","  5.3","24"," 13.0","999.9","  58.5","*","  35.4"," "," 0.00","G","999.9","000000"
"08021099999","2022-04-07","43.427064","-3.820006","4.87","SANTANDER, SP","  59.5","24","  46.3","24","9999.9"," 0","999.9"," 0","  6.2","23","  6.6","24"," 13.0"," 19.0","  74.5","*","  45.0"," "," 0.00","G","999.9","010000"
"08021099999","2022-04-08","43.427064","-3.820006","4.87","SANTANDER, SP","  57.0","24","  47.9","24","9999.9"," 0","999.9"," 0","  6.1","24","  9.2","24"," 20.0"," 31.1","  65.7","*","  50.0"," "," 0.00","G","999.9","010000"
"08021099999","2022-04-09","43.427064","-3.820006","4.87","SANTANDER, SP","  53.5","24","  45.9","24","9999.9"," 0","999.9"," 0","  6.2","24","  4.6","24"," 12.0","999.9","  59.0","*","  49.6"," "," 0.03","G","999.9","000000"
"08021099999","2022-04-10","43.427064","-3.820006","4.87","SANTANDER, SP","  62.8","24","  46.7","24","9999.9"," 0","999.9"," 0","  6.2","24","  7.0","24"," 17.1"," 33.0","  82.4","*","  40.3"," "," 0.00","G","999.9","000000"
"08021099999","2022-04-11","43.427064","-3.820006","4.87","SANTANDER, SP","  68.3","24","  47.4","24","9999.9"," 0","999.9"," 0","  6.0","24","  9.0","24"," 20.0"," 29.9","  82.8","*","  57.2","*"," 0.00","G","999.9","000000"
"08021099999","2022-04-12","43.427064","-3.820006","4.87","SANTANDER, SP","  64.0","24","  45.6","24","1004.2"," 4","004.1"," 4","  7.0","22","  9.4","24"," 16.9"," 28.0","  75.2","*","  53.6","*"," 0.00","G","999.9","010000"
"08021099999","2022-04-13","43.427064","-3.820006","4.87","SANTANDER, SP","  56.7","24","  49.2","24","9999.9"," 0","999.9"," 0","  6.2","24","  3.7","24","  8.9","999.9","  65.3","*","  48.9"," "," 0.00","G","999.9","000000"
"08021099999","2022-04-14","43.427064","-3.820006","4.87","SANTANDER, SP","  54.8","24","  51.6","24","9999.9"," 0","999.9"," 0","  6.1","24","  3.2","24"," 11.1","999.9","  63.9","*","  46.4","*"," 0.00","G","999.9","000000"
"08021099999","2022-04-15","43.427064","-3.820006","4.87","SANTANDER, SP","  55.7","24","  52.8","24","9999.9"," 0","999.9"," 0","  4.8","24","  2.9","24","  9.9","999.9","  61.2","*","  49.8"," "," 0.00","G","999.9","000000"
"08021099999","2022-04-16","43.427064","-3.820006","4.87","SANTANDER, SP","  54.4","24","  52.5","24","9999.9"," 0","999.9"," 0","  3.9","24","  1.9","24","  8.9","999.9","  62.6"," ","  47.5","*"," 0.00","E","999.9","000000"
"08021099999","2022-04-17","43.427064","-3.820006","4.87","SANTANDER, SP","  53.6","24","  48.9","24","9999.9"," 0","999.9"," 0","  5.9","24","  5.2","24"," 13.0","999.9","  62.4"," ","  40.3"," "," 0.00","G","999.9","000000"
"08021099999","2022-04-18","43.427064","-3.820006","4.87","SANTANDER, SP","  55.7","24","  50.8","24","9999.9"," 0","999.9"," 0","  6.2","24","  3.5","24","  8.9","999.9","  60.4"," ","  53.6","*"," 0.00","G","999.9","010000"
"08021099999","2022-04-19","43.427064","-3.820006","4.87","SANTANDER, SP","  51.2","24","  46.7","24","9999.9"," 0","999.9"," 0","  5.7","24","  5.2","24"," 13.0","999.9","  55.2"," ","  46.4","*"," 0.27","G","999.9","010000"
"08021099999","2022-04-20","43.427064","-3.820006","4.87","SANTANDER, SP","  51.0","24","  44.4","24","9999.9"," 0","999.9"," 0","  5.9","24","  9.6","24"," 17.1"," 26.0","  57.9"," ","  44.6","*"," 0.59","G","999.9","010000"
"08021099999","2022-04-21","43.427064","-3.820006","4.87","SANTANDER, SP","  51.4","24","  46.4","24","9999.9"," 0","999.9"," 0","  5.4","24","  6.2","24"," 13.0"," 19.0","  59.4"," ","  46.4","*"," 0.35","G","999.9","010000"
"08021099999","2022-04-22","43.427064","-3.820006","4.87","SANTANDER, SP","  57.1","24","  42.7","24","9999.9"," 0","999.9"," 0","  6.1","23","  8.2","24"," 18.1"," 28.0","  61.7"," ","  45.7"," "," 0.00","G","999.9","000000"
"08021099999","2022-04-23","43.427064","-3.820006","4.87","SANTANDER, SP","  51.1","24","  45.5","24","9999.9"," 0","999.9"," 0","  5.3","24"," 13.5","24"," 26.0"," 38.1","  55.6","*","  46.4","*"," 0.20","G","999.9","010000"
"08021099999","2022-04-24","43.427064","-3.820006","4.87","SANTANDER, SP","  57.7","24","  47.2","24","9999.9"," 0","999.9"," 0","  6.2","24","  7.5","24"," 19.0"," 29.9","  63.7"," ","  51.6"," "," 0.94","G","999.9","010000"
"08021099999","2022-04-25","43.427064","-3.820006","4.87","SANTANDER, SP","  55.9","24","  49.7","24","9999.9"," 0","999.9"," 0","  6.1","24","  4.3","24"," 15.0"," 20.0","  64.6"," ","  46.4","*"," 0.00","G","999.9","000000"
"08021099999","2022-04-26","43.427064","-3.820006","4.87","SANTANDER, SP","  56.3","24","  51.1","24","9999.9"," 0","999.9"," 0","  5.9","24","  4.2","24"," 18.1","999.9","  69.4"," ","  47.3"," "," 0.00","G","999.9","010000"
"08021099999","2022-04-27","43.427064","-3.820006","4.87","SANTANDER, SP","  58.4","24","  53.8","24","9999.9"," 0","999.9"," 0","  5.7","24","  3.4","24","  8.9","999.9","  66.4"," ","  55.2"," "," 0.00","G","999.9","010000"
"08021099999","2022-04-28","43.427064","-3.820006","4.87","SANTANDER, SP","  57.4","24","  51.7","24","9999.9"," 0","999.9"," 0","  6.2","24","  4.0","24","  8.0","999.9","  63.0"," ","  50.0","*"," 0.01","G","999.9","010000"
"08021099999","2022-04-29","43.427064","-3.820006","4.87","SANTANDER, SP","  55.3","22","  50.6","22","9999.9"," 0","999.9"," 0","  6.1","21","  3.0","22","  8.9","999.9","  64.0","*","  47.1"," "," 0.00","G","999.9","000000"
"08021099999","2022-04-30","43.427064","-3.820006","4.87","SANTANDER, SP","  58.9","18","  53.3","18","9999.9"," 0","999.9"," 0","  5.9","18","  2.8","18","  6.0","999.9","  62.6","*","  55.4","*"," 0.00","I","999.9","000000"
"08021099999","2022-05-01","43.427064","-3.820006","4.87","SANTANDER, SP","  57.8","18","  52.3","18","9999.9"," 0","999.9"," 0","  4.6","18","  3.5","18","  6.0","999.9","  60.8","*","  53.6","*"," 0.00","I","999.9","000000"
"08021099999","2022-05-02","43.427064","-3.820006","4.87","SANTANDER, SP","  57.8","21","  50.5","21","9999.9"," 0","999.9"," 0","  6.2","21","  5.8","21","  9.9","999.9","  63.7"," ","  55.4","*"," 0.00","H","999.9","010000"
"08021099999","2022-05-03","43.427064","-3.820006","4.87","SANTANDER, SP","  58.2","24","  52.8","24","9999.9"," 0","999.9"," 0","  6.1","24","  6.5","24"," 13.0","999.9","  64.6"," ","  53.6","*"," 0.02","G","999.9","010000"
"08021099999","2022-05-04","43.427064","-3.820006","4.87","SANTANDER, SP","  56.8","24","  50.7","24","9999.9"," 0","999.9"," 0","  5.8","24","  5.1","24","  8.9","999.9","  63.1"," ","  50.2"," "," 0.00","G","999.9","000000"
"08021099999","2022-05-05","43.427064","-3.820006","4.87","SANTANDER, SP","  56.8","24","  50.6","24","9999.9"," 0","999.9"," 0","  5.8","24","  3.1","24","  9.9","999.9","  66.4"," ","  47.5"," "," 0.00","G","999.9","000000"
"08021099999","2022-05-06","43.427064","-3.820006","4.87","SANTANDER, SP","  56.6","24","  50.4","24","9999.9"," 0","999.9"," 0","  6.2","24","  3.1","24","  9.9","999.9","  65.1"," ","  47.5"," "," 0.00","G","999.9","000000"
"08021099999","2022-05-07","43.427064","-3.820006","4.87","SANTANDER, SP","  56.8","24","  52.1","24","9999.9"," 0","999.9"," 0","  6.2","24","  4.1","24"," 13.0","999.9","  66.9"," ","  45.1"," "," 0.00","G","999.9","000000"
"08021099999","2022-05-08","43.427064","-3.820006","4.87","SANTANDER, SP","  58.4","24","  53.5","24","9999.9"," 0","999.9"," 0","  6.2","24","  3.5","24"," 14.0","999.9","  67.8"," ","  46.8"," "," 0.00","G","999.9","000000"
"08021099999","2022-05-09","43.427064","-3.820006","4.87","SANTANDER, SP","  60.2","24","  53.6","24","9999.9"," 0","999.9"," 0","  6.1","24","  3.8","24"," 15.0","999.9","  72.0"," ","  45.5"," "," 0.00","G","999.9","000000"
"08021099999","2022-05-10","43.427064","-3.820006","4.87","SANTANDER, SP","  58.8","24","  54.1","24","9999.9"," 0","999.9"," 0","  5.9","24","  5.8","24"," 13.0","999.9","  66.7"," ","  49.8"," "," 0.00","G","999.9","100000"
"08021099999","2022-05-11","43.427064","-3.820006","4.87","SANTANDER, SP","  59.5","24","  54.5","24","9999.9"," 0","999.9"," 0","  5.3","24","  4.8","24","  9.9","999.9","  65.1"," ","  54.1"," "," 0.00","G","999.9","010000"
"08021099999","2022-05-12","43.427064","-3.820006","4.87","SANTANDER, SP","  59.2","24","  55.3","24","9999.9"," 0","999.9"," 0","  6.2","24","  1.3","24","  6.0","999.9","  63.5"," ","  55.0"," "," 0.00","G","999.9","010000"
"08021099999","2022-05-13","43.427064","-3.820006","4.87","SANTANDER, SP","  60.9","24","  58.1","24","9999.9"," 0","999.9"," 0","  6.2","24","  3.3","24"," 13.0","999.9","  64.9"," ","  59.0"," "," 0.03","G","999.9","000000"
"08021099999","2022-05-14","43.427064","-3.820006","4.87","SANTANDER, SP","  62.9","24","  59.4","24","9999.9"," 0","999.9"," 0","  5.8","24","  3.6","24"," 14.0","999.9","  70.0"," ","  58.6","*"," 0.00","G","999.9","000000"
"08021099999","2022-05-15","43.427064","-3.820006","4.87","SANTANDER, SP","  68.1","24","  57.5","24","9999.9"," 0","999.9"," 0","  6.1","24","  6.7","24"," 20.0"," 25.1","  83.3"," ","  57.4"," "," 0.00","G","999.9","000000"
"08021099999","2022-05-16","43.427064","-3.820006","4.87","SANTANDER, SP","  70.6","24","  54.4","24","9999.9"," 0","999.9"," 0","  6.2","24","  5.4","24"," 12.0","999.9","  83.3"," ","  60.8","*"," 0.00","G","999.9","000000"
"08021099999","2022-05-17","43.427064","-3.820006","4.87","SANTANDER, SP","  68.8","24","  56.8","24","9999.9"," 0","999.9"," 0","  6.2","24","  5.6","24"," 19.0","999.9","  80.1"," ","  60.6","*"," 0.00","E","999.9","000000"
"08021099999","2022-05-18","43.427064","-3.820006","4.87","SANTANDER, SP","  65.8","24","  58.4","24","9999.9"," 0","999.9"," 0","  6.2","24","  6.5","24"," 21.0","999.9","  80.2"," ","  60.8","*"," 0.00","G","999.9","000000"
"08021099999","2022-05-19","43.427064","-3.820006","4.87","SANTANDER, SP","  61.6","24","  55.7","24","9999.9"," 0","999.9"," 0","  6.2","24","  3.8","24"," 15.0","999.9","  69.3"," ","  52.0"," "," 0.00","G","999.9","000000"
"08021099999","2022-05-20","43.427064","-3.820006","4.87","SANTANDER, SP","  63.6","24","  59.2","24","9999.9"," 0","999.9"," 0","  6.0","24","  4.3","24","  8.9","999.9","  68.2"," ","  62.6","*"," 0.00","G","999.9","010000"
"08021099999","2022-05-21","43.427064","-3.820006","4.87","SANTANDER, SP","  62.7","24","  60.3","22","9999.9"," 0","999.9"," 0","  6.1","24","  3.9","24"," 13.0"," 19.0","  70.7"," ","  44.6","*"," 0.00","G","999.9","010010"
"08021099999","2022-05-22","43.427064","-3.820006","4.87","SANTANDER, SP","  63.6","24","  61.4","22","9999.9"," 0","999.9"," 0","  6.0","24","  9.5","24"," 22.9"," 38.1","  73.4","*","  44.6","*"," 0.24","G","999.9","010000"
"08021099999","2022-05-23","43.427064","-3.820006","4.87","SANTANDER, SP","  60.3","24","  54.3","24","9999.9"," 0","999.9"," 0","  5.9","24","  7.3","24"," 15.0","999.9","  67.5"," ","  57.2","*"," 0.11","G","999.9","010000"
"08021099999","2022-05-24","43.427064","-3.820006","4.87","SANTANDER, SP","  57.3","24","  49.8","24","9999.9"," 0","999.9"," 0","  6.2","24","  9.5","24"," 15.9"," 25.1","  64.4"," ","  53.4"," "," 0.04","G","999.9","010000"
"08021099999","2022-05-25","43.427064","-3.820006","4.87","SANTANDER, SP","  58.8","24","  53.1","24","9999.9"," 0","999.9"," 0","  6.2","24","  7.3","24"," 13.0","999.9","  66.4"," ","  53.6","*"," 0.25","G","999.9","010000"
"08021099999","2022-05-26","43.427064","-3.820006","4.87","SANTANDER, SP","  61.1","24","  54.1","24","9999.9"," 0","999.9"," 0","  6.2","24","  4.3","24"," 13.0","999.9","  68.4"," ","  56.1"," "," 0.01","G","999.9","000000"
"08021099999","2022-05-27","43.427064","-3.820006","4.87","SANTANDER, SP","  60.3","24","  55.7","24","9999.9"," 0","999.9"," 0","  6.2","24","  4.6","24"," 14.0"," 19.0","  68.2"," ","  50.9"," "," 0.00","G","999.9","000000"
"08021099999","2022-05-28","43.427064","-3.820006","4.87","SANTANDER, SP","  62.9","24","  57.2","24","9999.9"," 0","999.9"," 0","  6.1","24","  6.7","24"," 15.9"," 25.1","  72.1"," ","  55.9"," "," 0.00","G","999.9","000000"
"08021099999","2022-05-29","43.427064","-3.820006","4.87","SANTANDER, SP","  62.5","24","  54.1","24","9999.9"," 0","999.9"," 0","  6.2","24","  5.3","24"," 18.1"," 22.9","  71.6","*","  49.3"," "," 0.00","G","999.9","000000"
"08021099999","2022-05-30","43.427064","-3.820006","4.87","SANTANDER, SP","  62.3","24","  54.2","24","9999.9"," 0","999.9"," 0","  6.2","24","  4.2","24"," 14.0"," 19.0","  69.1"," ","  58.3"," "," 0.00","G","999.9","010000"
"08021099999","2022-05-31","43.427064","-3.820006","4.87","SANTANDER, SP","  63.8","24","  54.1","24","9999.9"," 0","999.9"," 0","  6.2","24","  4.8","24"," 15.9"," 21.0","  72.1"," ","  57.2","*"," 0.00","G","999.9","000000"
"08021099999","2022-06-01","43.427064","-3.820006","4.87","SANTANDER, SP","  64.0","24","  58.1","24","9999.9"," 0","999.9"," 0","  6.1","24","  5.0","24"," 15.9"," 20.0","  75.0"," ","  54.5"," "," 0.00","G","999.9","010010"
"08021099999","2022-06-02","43.427064","-3.820006","4.87","SANTANDER, SP","  64.0","24","  59.6","24","9999.9"," 0","999.9"," 0","  5.7","24","  3.7","24"," 13.0","999.9","  72.5"," ","  58.1"," "," 0.06","G","999.9","010000"
"08021099999","2022-06-03","43.427064","-3.820006","4.87","SANTANDER, SP","  65.9","24","  59.3","24","9999.9"," 0","999.9"," 0","  6.2","24","  4.8","24","  9.9","999.9","  73.0"," ","  62.6"," "," 0.00","G","999.9","000000"
"08021099999","2022-06-04","43.427064","-3.820006","4.87","SANTANDER, SP","  63.7","24","  58.5","24","9999.9"," 0","999.9"," 0","  6.2","24","  3.9","24","  9.9","999.9","  69.1"," ","  58.8"," "," 0.00","G","999.9","010000"
"08021099999","2022-06-05","43.427064","-3.820006","4.87","SANTANDER, SP","  64.7","24","  58.8","24","9999.9"," 0","999.9"," 0","  6.1","23","  3.3","24","  8.0","999.9","  73.2"," ","  60.8","*"," 0.02","G","999.9","010000"
"08021099999","2022-06-06","43.427064","-3.820006","4.87","SANTANDER, SP","  66.1","24","  58.0","24","9999.9"," 0","999.9"," 0","  6.2","24","  3.9","24","  8.9","999.9","  75.6"," ","  59.7"," "," 0.00","G","999.9","000000"
"08021099999","2022-06-07","43.427064","-3.820006","4.87","SANTANDER, SP","  66.4","24","  57.5","24","9999.9"," 0","999.9"," 0","  6.2","24","  3.8","24"," 11.1","999.9","  72.1"," ","  62.6","*"," 0.00","G","999.9","000000"
"08021099999","2022-06-08","43.427064","-3.820006","4.87","SANTANDER, SP","  64.4","24","  60.9","24","9999.9"," 0","999.9"," 0","  5.3","24","  5.3","24"," 12.0"," 13.0","  69.6"," ","  60.8","*"," 0.03","G","999.9","010000"
"08021099999","2022-06-09","43.427064","-3.820006","4.87","SANTANDER, SP","  64.8","24","  59.7","24","9999.9"," 0","999.9"," 0","  5.6","24","  3.7","24","  8.9","999.9","  72.7"," ","  60.6","*"," 0.21","G","999.9","010000"
"08021099999","2022-06-10","43.427064","-3.820006","4.87","SANTANDER, SP","  64.7","24","  59.4","24","9999.9"," 0","999.9"," 0","  6.2","24","  3.1","24"," 12.0","999.9","  74.3"," ","  56.7","*"," 0.00","G","999.9","000000"
"08021099999","2022-06-11","43.427064","-3.820006","4.87","SANTANDER, SP","  65.0","24","  61.8","24","9999.9"," 0","999.9"," 0","  6.2","24","  2.1","24","  9.9","999.9","  72.7"," ","  61.5"," "," 0.00","G","999.9","010010"
"08021099999","2022-06-12","43.427064","-3.820006","4.87","SANTANDER, SP","  65.9","24","  62.3","24","9999.9"," 0","999.9"," 0","  5.4","23","  4.7","24","  9.9","999.9","  74.8"," ","  62.6","*"," 0.25","G","999.9","010010"
"08021099999","2022-06-13","43.427064","-3.820006","4.87","SANTANDER, SP","  67.3","24","  62.9","24","9999.9"," 0","999.9"," 0","  5.9","24","  3.8","24"," 12.0","999.9","  74.1"," ","  64.2"," "," 0.01","G","999.9","010000"
"08021099999","2022-06-14","43.427064","-3.820006","4.87","SANTANDER, SP","  69.0","24","  64.7","24","9999.9"," 0","999.9"," 0","  5.3","24","  4.3","24"," 12.0","999.9","  78.1"," ","  63.7"," "," 0.00","G","999.9","000000"
"08021099999","2022-06-15","43.427064","-3.820006","4.87","SANTANDER, SP","  69.5","24","  65.0","24","9999.9"," 0","999.9"," 0","  5.6","24","  3.5","24","  9.9","999.9","  79.3"," ","  61.9"," "," 0.00","G","999.9","000000"
"08021099999","2022-06-16","43.427064","-3.820006","4.87","SANTANDER, SP","  73.8","24","  66.2","24","9999.9"," 0","999.9"," 0","  6.0","24","  5.2","24"," 22.0","999.9","  88.3"," ","  67.8"," "," 0.00","G","999.9","000000"
"08021099999","2022-06-17","43.427064","-3.820006","4.87","SANTANDER, SP","  77.7","24","  65.7","24","9999.9"," 0","999.9"," 0","  6.1","23","  4.0","24"," 13.0","999.9","  94.3"," ","  68.0","*"," 0.00","G","999.9","000000"
"08021099999","2022-06-18","43.427064","-3.820006","4.87","SANTANDER, SP","  71.4","24","  64.4","24","9999.9"," 0","999.9"," 0","  6.0","23","  7.7","24"," 22.0"," 28.0","  93.0"," ","  62.6","*"," 0.12","G","999.9","010010"
"08021099999","2022-06-19","43.427064","-3.820006","4.87","SANTANDER, SP","  65.5","24","  59.0","24","9999.9"," 0","999.9"," 0","  6.1","23","  5.6","24"," 17.1","999.9","  74.7"," ","  60.8"," "," 0.07","G","999.9","010000"
"08021099999","2022-06-20","43.427064","-3.820006","4.87","SANTANDER, SP","  61.0","24","  57.9","24","9999.9"," 0","999.9"," 0","  5.1","23","  4.3","24","  9.9","999.9","  64.4"," ","  59.0","*"," 0.01","G","999.9","010000"
"08021099999","2022-06-21","43.427064","-3.820006","4.87","SANTANDER, SP","  63.5","24","  60.2","24","9999.9"," 0","999.9"," 0","  5.9","24","  3.1","24","  8.0","999.9","  72.1"," ","  59.4"," "," 0.20","G","999.9","010000"
"08021099999","2022-06-22","43.427064","-3.820006","4.87","SANTANDER, SP","  64.5","24","  59.8","24","9999.9"," 0","999.9"," 0","  6.1","23","  3.5","24","  8.0","999.9","  71.8"," ","  60.6"," "," 0.09","G","999.9","010000"
"08021099999","2022-06-23","43.427064","-3.820006","4.87","SANTANDER, SP","  64.0","24","  59.9","24","9999.9"," 0","999.9"," 0","  6.1","24","  6.1","24"," 15.9","999.9","  69.8"," ","  60.8","*"," 0.21","G","999.9","011000"
"08021099999","2022-06-24","43.427064","-3.820006","4.87","SANTANDER, SP","  66.2","24","  57.9","24","9999.9"," 0","999.9"," 0","  6.2","24","  4.0","24"," 12.0","999.9","  73.0"," ","  60.8"," "," 0.10","G","999.9","010000"
"08021099999","2022-06-25","43.427064","-3.820006","4.87","SANTANDER, SP","  60.2","24","  55.0","24","9999.9"," 0","999.9"," 0","  5.0","24","  5.8","24"," 11.1","999.9","  65.8"," ","  56.8","*"," 0.12","G","999.9","010000"
"08021099999","2022-06-26","43.427064","-3.820006","4.87","SANTANDER, SP","  59.0","24","  52.5","24","9999.9"," 0","999.9"," 0","  6.2","24","  5.2","24","  9.9","999.9","  64.4"," ","  55.4","*"," 0.30","G","999.9","010000"
"08021099999","2022-06-27","43.427064","-3.820006","4.87","SANTANDER, SP","  61.0","24","  51.4","24","9999.9"," 0","999.9"," 0","  6.2","24","  5.7","24","  9.9","999.9","  69.8"," ","  53.6"," "," 0.00","G","999.9","000000"
"08021099999","2022-06-28","43.427064","-3.820006","4.87","SANTANDER, SP","  62.5","24","  54.6","24","9999.9"," 0","999.9"," 0","  6.2","24","  2.9","24"," 11.1","999.9","  73.6"," ","  49.3"," "," 0.00","G","999.9","000000"
"08021099999","2022-06-29","43.427064","-3.820006","4.87","SANTANDER, SP","  59.4","24","  55.3","24","9999.9"," 0","999.9"," 0","  5.2","24","  5.0","24"," 12.0","999.9","  68.5"," ","  55.4","*"," 0.00","G","999.9","010000"
"08021099999","2022-06-30","43.427064","-3.820006","4.87","SANTANDER, SP","  60.9","24","  52.8","24","9999.9"," 0","999.9"," 0","  6.2","24","  6.1","24"," 14.0","999.9","  68.4"," ","  55.4","*"," 0.24","G","999.9","010000"
"08021099999","2022-07-01","43.427064","-3.820006","4.87","SANTANDER, SP","  62.0","24","  53.8","24","9999.9"," 0","999.9"," 0","  6.2","24","  3.7","24"," 15.9"," 20.0","  72.0"," ","  51.1"," "," 0.04","G","999.9","000000"
"08021099999","2022-07-02","43.427064","-3.820006","4.87","SANTANDER, SP","  65.9","24","  58.9","24","9999.9"," 0","999.9"," 0","  6.2","24","  3.5","24","  8.9","999.9","  75.4"," ","  52.5"," "," 0.00","G","999.9","000000"
"08021099999","2022-07-03","43.427064","-3.820006","4.87","SANTANDER, SP","  65.4","24","  61.0","24","9999.9"," 0","999.9"," 0","  5.7","24","  3.5","24"," 14.0","999.9","  70.3"," ","  62.2","*"," 0.00","G","999.9","010010"
"08021099999","2022-07-04","43.427064","-3.820006","4.87","SANTANDER, SP","  64.9","24","  58.4","24","9999.9"," 0","999.9"," 0","  6.0","24","  2.6","24","  7.0","999.9","  73.2"," ","  57.6"," "," 0.15","G","999.9","110000"
"08021099999","2022-07-05","43.427064","-3.820006","4.87","SANTANDER, SP","  66.8","24","  60.5","24","9999.9"," 0","999.9"," 0","  6.2","24","  2.7","24","  8.9","999.9","  75.0"," ","  60.6"," "," 0.00","G","999.9","000000"
"08021099999","2022-07-06","43.427064","-3.820006","4.87","SANTANDER, SP","  68.4","24","  61.9","24","9999.9"," 0","999.9"," 0","  6.2","24","  4.2","24"," 11.1","999.9","  76.6"," ","  62.6","*"," 0.00","G","999.9","000000"
"08021099999","2022-07-07","43.427064","-3.820006","4.87","SANTANDER, SP","  67.6","24","  61.0","24","9999.9"," 0","999.9"," 0","  6.2","24","  4.6","24","  8.0","999.9","  76.6"," ","  60.3"," "," 0.00","G","999.9","000000"
"08021099999","2022-07-08","43.427064","-3.820006","4.87","SANTANDER, SP","  68.9","24","  62.7","24","9999.9"," 0","999.9"," 0","  6.2","24","  4.2","24"," 11.1","999.9","  76.6"," ","  61.3"," "," 0.00","G","999.9","000000"
"08021099999","2022-07-09","43.427064","-3.820006","4.87","SANTANDER, SP","  69.4","24","  62.7","24","9999.9"," 0","999.9"," 0","  6.2","24","  3.4","24"," 15.0"," 18.1","  79.2"," ","  58.6"," "," 0.00","G","999.9","000000"
"08021099999","2022-07-10","43.427064","-3.820006","4.87","SANTANDER, SP","  70.6","24","  62.4","24","9999.9"," 0","999.9"," 0","  6.2","24","  3.9","24"," 15.9"," 20.0","  80.4"," ","  56.8"," "," 0.00","G","999.9","010000"
"08021099999","2022-07-11","43.427064","-3.820006","4.87","SANTANDER, SP","  71.1","24","  64.9","24","9999.9"," 0","999.9"," 0","  6.1","24","  3.6","24"," 13.0","999.9","  82.8"," ","  58.8"," "," 0.00","G","999.9","000000"
"08021099999","2022-07-12","43.427064","-3.820006","4.87","SANTANDER, SP","  73.2","24","  65.5","24","9999.9"," 0","999.9"," 0","  5.9","24","  3.5","24"," 11.1","999.9","  86.9"," ","  61.0"," "," 0.00","G","999.9","000000"
"08021099999","2022-07-13","43.427064","-3.820006","4.87","SANTANDER, SP","  76.2","24","  61.2","24","9999.9"," 0","999.9"," 0","  6.0","24","  3.1","24"," 14.0","999.9","  93.2","*","  60.8"," "," 0.00","G","999.9","000000"
"08021099999","2022-07-14","43.427064","-3.820006","4.87","SANTANDER, SP","  72.6","24","  65.2","24","9999.9"," 0","999.9"," 0","  6.1","24","  3.2","24","  8.9","999.9","  85.5"," ","  60.8","*"," 0.00","E","999.9","000000"
"08021099999","2022-07-15","43.427064","-3.820006","4.87","SANTANDER, SP","  73.6","24","  66.1","24","9999.9"," 0","999.9"," 0","  5.9","24","  5.2","24"," 15.0"," 22.9","  84.2","*","  66.7"," "," 0.00","G","999.9","000000"
"08021099999","2022-07-16","43.427064","-3.820006","4.87","SANTANDER, SP","  75.3","24","  65.8","24","9999.9"," 0","999.9"," 0","  4.5","24","  4.4","24"," 14.0","999.9","  88.7","*","  63.1"," "," 0.00","G","999.9","000000"
"08021099999","2022-07-17","43.427064","-3.820006","4.87","SANTANDER, SP","  80.5","24","  65.2","24","9999.9"," 0","999.9"," 0","  5.8","24","  4.2","24"," 15.9","999.9","  94.6"," ","  68.4"," "," 0.00","G","999.9","000000"
"08021099999","2022-07-18","43.427064","-3.820006","4.87","SANTANDER, SP","  72.7","24","  65.3","24","9999.9"," 0","999.9"," 0","  5.8","24","  7.2","24"," 15.0","999.9","  82.0"," ","  66.2","*"," 0.00","G","999.9","010010"
"08021099999","2022-07-19","43.427064","-3.820006","4.87","SANTANDER, SP","  70.9","24","  62.0","24","9999.9"," 0","999.9"," 0","  6.2","23","  3.9","24"," 11.1","999.9","  79.0","*","  62.8"," "," 0.03","G","999.9","000000"
"08021099999","2022-07-20","43.427064","-3.820006","4.87","SANTANDER, SP","  69.9","24","  63.1","24","9999.9"," 0","999.9"," 0","  6.2","24","  4.3","24","  8.9","999.9","  78.1"," ","  66.2","*"," 0.02","G","999.9","010000"
"08021099999","2022-07-21","43.427064","-3.820006","4.87","SANTANDER, SP","  70.6","24","  64.2","24","9999.9"," 0","999.9"," 0","  6.1","24","  4.3","24"," 15.9"," 19.0","  78.1"," ","  63.3"," "," 0.00","G","999.9","010000"
"08021099999","2022-07-22","43.427064","-3.820006","4.87","SANTANDER, SP","  67.3","24","  62.9","24","9999.9"," 0","999.9"," 0","  5.9","24","  2.9","24","  7.0","999.9","  71.2"," ","  64.4","*"," 0.05","G","999.9","010000"
"08021099999","2022-07-23","43.427064","-3.820006","4.87","SANTANDER, SP","  67.2","24","  60.5","24","9999.9"," 0","999.9"," 0","  6.1","24","  3.9","24"," 15.0"," 18.1","  76.1"," ","  56.1"," "," 0.03","G","999.9","100000"
"08021099999","2022-07-24","43.427064","-3.820006","4.87","SANTANDER, SP","  70.7","24","  63.3","24","9999.9"," 0","999.9"," 0","  6.2","24","  5.6","24"," 13.0","999.9","  80.2"," ","  58.5"," "," 0.00","G","999.9","000000"
"08021099999","2022-07-25","43.427064","-3.820006","4.87","SANTANDER, SP","  70.4","24","  63.1","24","9999.9"," 0","999.9"," 0","  6.2","24","  7.0","24"," 13.0","999.9","  76.3"," ","  66.2","*"," 0.00","G","999.9","010000"
"08021099999","2022-07-26","43.427064","-3.820006","4.87","SANTANDER, SP","  67.7","24","  59.8","24","9999.9"," 0","999.9"," 0","  6.0","24","  3.0","24","  7.0","999.9","  73.8"," ","  64.4","*"," 0.15","G","999.9","010000"
"08021099999","2022-07-27","43.427064","-3.820006","4.87","SANTANDER, SP","  67.1","24","  57.3","24","9999.9"," 0","999.9"," 0","  6.2","24","  2.4","24","  8.9","999.9","  77.4"," ","  57.2"," "," 0.00","G","999.9","000000"
"08021099999","2022-07-28","43.427064","-3.820006","4.87","SANTANDER, SP","  67.3","24","  58.5","24","9999.9"," 0","999.9"," 0","  6.2","24","  2.8","24"," 12.0","999.9","  77.0"," ","  56.3"," "," 0.00","G","999.9","000000"
"08021099999","2022-07-29","43.427064","-3.820006","4.87","SANTANDER, SP","  69.1","24","  61.4","24","9999.9"," 0","999.9"," 0","  6.2","24","  3.2","24","  9.9","999.9","  78.4"," ","  60.8"," "," 0.00","G","999.9","010000"
"08021099999","2022-07-30","43.427064","-3.820006","4.87","SANTANDER, SP","  70.6","24","  63.9","24","9999.9"," 0","999.9"," 0","  6.2","24","  3.7","24"," 11.1","999.9","  79.0","*","  62.4"," "," 0.01","G","999.9","010000"
"08021099999","2022-07-31","43.427064","-3.820006","4.87","SANTANDER, SP","  70.4","24","  64.3","24","9999.9"," 0","999.9"," 0","  6.2","24","  3.8","24"," 15.0"," 18.1","  79.0"," ","  63.0"," "," 0.00","G","999.9","000000"
"08021099999","2022-08-01","43.427064","-3.820006","4.87","SANTANDER, SP","  71.3","24","  65.0","24","9999.9"," 0","999.9"," 0","  6.2","24","  5.1","24"," 15.0"," 20.0","  79.5"," ","  63.9"," "," 0.00","G","999.9","000000"
"08021099999","2022-08-02","43.427064","-3.820006","4.87","SANTANDER, SP","  71.3","24","  66.2","24","9999.9"," 0","999.9"," 0","  6.2","24","  3.7","24"," 15.0"," 20.0","  80.1"," ","  61.5"," "," 0.00","G","999.9","000000"
"08021099999","2022-08-03","43.427064","-3.820006","4.87","SANTANDER, SP","  72.9","24","  68.4","24","9999.9"," 0","999.9"," 0","  6.2","24","  4.7","24"," 11.1","999.9","  80.8"," ","  69.8","*"," 0.01","G","999.9","010000"
"08021099999","2022-08-04","43.427064","-3.820006","4.87","SANTANDER, SP","  70.4","24","  66.1","24","9999.9"," 0","999.9"," 0","  5.9","24","  3.8","24","  8.0","999.9","  75.4"," ","  68.0","*"," 0.00","G","999.9","010000"
"08021099999","2022-08-05","43.427064","-3.820006","4.87","SANTANDER, SP","  68.7","24","  63.9","24","9999.9"," 0","999.9"," 0","  5.7","24","  2.5","24","  8.0","999.9","  74.3"," ","  62.6","*"," 0.11","G","999.9","010000"
"08021099999","2022-08-06","43.427064","-3.820006","4.87","SANTANDER, SP","  71.1","24","  63.9","24","9999.9"," 0","999.9"," 0","  6.2","24","  3.4","24","  9.9","999.9","  81.5"," ","  61.3"," "," 0.00","G","999.9","000000"
"08021099999","2022-08-07","43.427064","-3.820006","4.87","SANTANDER, SP","  71.0","24","  64.6","24","9999.9"," 0","999.9"," 0","  6.2","24","  4.3","24"," 15.9"," 21.0","  79.9"," ","  64.2"," "," 0.00","G","999.9","000000"
"08021099999","2022-08-08","43.427064","-3.820006","4.87","SANTANDER, SP","  70.7","24","  63.8","24","9999.9"," 0","999.9"," 0","  6.1","24","  3.9","24"," 13.0","999.9","  81.0"," ","  61.5"," "," 0.00","G","999.9","010000"
"08021099999","2022-08-09","43.427064","-3.820006","4.87","SANTANDER, SP","  73.2","24","  64.9","24","9999.9"," 0","999.9"," 0","  6.2","24","  4.4","24"," 15.0"," 18.1","  86.4"," ","  64.9"," "," 0.06","G","999.9","000000"
"08021099999","2022-08-10","43.427064","-3.820006","4.87","SANTANDER, SP","  73.9","22","  66.2","22","9999.9"," 0","999.9"," 0","  6.0","20","  2.7","22","  8.9","999.9","  87.8","*","  64.0"," "," 0.00","G","999.9","000000"
"08021099999","2022-08-11","43.427064","-3.820006","4.87","SANTANDER, SP","  76.3","24","  69.5","24","9999.9"," 0","999.9"," 0","  5.8","24","  4.4","24","  9.9","999.9","  87.4"," ","  69.6"," "," 0.00","G","999.9","000000"
"08021099999","2022-08-12","43.427064","-3.820006","4.87","SANTANDER, SP","  70.4","24","  64.7","24","9999.9"," 0","999.9"," 0","  5.9","24","  7.0","24"," 12.0","999.9","  78.1"," ","  66.2","*"," 0.00","G","999.9","000000"
"08021099999","2022-08-13","43.427064","-3.820006","4.87","SANTANDER, SP","  68.0","24","  63.9","24","9999.9"," 0","999.9"," 0","  5.4","24","  4.2","24"," 11.1"," 15.9","  75.2"," ","  61.2"," "," 0.00","G","999.9","010000"
"08021099999","2022-08-14","43.427064","-3.820006","4.87","SANTANDER, SP","  69.8","24","  60.0","24","9999.9"," 0","999.9"," 0","  6.2","24","  5.2","24","  9.9","999.9","  77.5"," ","  64.4","*"," 0.02","G","999.9","010000"
"08021099999","2022-08-15","43.427064","-3.820006","4.87","SANTANDER, SP","  71.0","24","  60.1","24","9999.9"," 0","999.9"," 0","  6.2","24","  5.6","24"," 11.1","999.9","  78.6"," ","  66.2"," "," 0.00","G","999.9","000000"
"08021099999","2022-08-16","43.427064","-3.820006","4.87","SANTANDER, SP","  68.5","24","  59.2","24","9999.9"," 0","999.9"," 0","  6.2","24","  5.6","24","  8.9","999.9","  77.9"," ","  62.6","*"," 0.00","G","999.9","010010"
"08021099999","2022-08-17","43.427064","-3.820006","4.87","SANTANDER, SP","  65.2","24","  60.2","24","9999.9"," 0","999.9"," 0","  5.6","24","  9.6","24"," 17.1"," 22.9","  73.8"," ","  62.6","*"," 0.11","G","999.9","010000"
"08021099999","2022-08-18","43.427064","-3.820006","4.87","SANTANDER, SP","  65.4","24","  57.3","24","9999.9"," 0","999.9"," 0","  6.1","24","  9.4","24"," 17.1","999.9","  71.8"," ","  60.8","*"," 0.99","G","999.9","010000"
"08021099999","2022-08-19","43.427064","-3.820006","4.87","SANTANDER, SP","  67.6","24","  59.4","24","9999.9"," 0","999.9"," 0","  6.2","24","  4.3","24"," 15.0"," 18.1","  77.2"," ","  57.2","*"," 0.00","G","999.9","000000"
"08021099999","2022-08-20","43.427064","-3.820006","4.87","SANTANDER, SP","  69.0","24","  64.1","24","9999.9"," 0","999.9"," 0","  6.2","24","  3.5","24"," 14.0","999.9","  79.5"," ","  57.7"," "," 0.00","G","999.9","000000"
"08021099999","2022-08-21","43.427064","-3.820006","4.87","SANTANDER, SP","  72.0","24","  65.4","24","9999.9"," 0","999.9"," 0","  6.2","24","  5.0","24"," 11.1","999.9","  79.0"," ","  66.0"," "," 0.00","G","999.9","010000"
"08021099999","2022-08-22","43.427064","-3.820006","4.87","SANTANDER, SP","  70.3","24","  66.7","24","9999.9"," 0","999.9"," 0","  5.6","24","  6.3","24"," 12.0","999.9","  75.9"," ","  66.2","*"," 0.00","G","999.9","010000"
"08021099999","2022-08-23","43.427064","-3.820006","4.87","SANTANDER, SP","  71.5","24","  67.6","24","9999.9"," 0","999.9"," 0","  6.2","24","  4.1","24"," 15.0","999.9","  78.3"," ","  66.0"," "," 0.03","G","999.9","000000"
"08021099999","2022-08-24","43.427064","-3.820006","4.87","SANTANDER, SP","  72.8","24","  68.7","24","9999.9"," 0","999.9"," 0","  5.5","23","  5.2","24"," 13.0"," 22.9","  81.9"," ","  68.0","*"," 0.00","G","999.9","010010"
"08021099999","2022-08-25","43.427064","-3.820006","4.87","SANTANDER, SP","  70.4","24","  67.0","24","9999.9"," 0","999.9"," 0","  6.0","24","  4.8","24","  9.9","999.9","  76.1"," ","  67.5"," "," 0.26","G","999.9","010010"
"08021099999","2022-08-26","43.427064","-3.820006","4.87","SANTANDER, SP","  70.7","24","  64.3","24","9999.9"," 0","999.9"," 0","  6.2","23","  4.3","24","  9.9","999.9","  77.0"," ","  67.6","*"," 0.08","G","999.9","010000"
"08021099999","2022-08-27","43.427064","-3.820006","4.87","SANTANDER, SP","  69.3","24","  63.2","24","9999.9"," 0","999.9"," 0","  6.1","24","  3.9","24"," 13.0"," 19.0","  77.0"," ","  62.2","*"," 0.00","G","999.9","000000"
"08021099999","2022-08-28","43.427064","-3.820006","4.87","SANTANDER, SP","  72.4","24","  66.7","24","9999.9"," 0","999.9"," 0","  6.2","24","  3.1","24"," 13.0","999.9","  85.5"," ","  62.1"," "," 0.00","G","999.9","010010"
"08021099999","2022-08-29","43.427064","-3.820006","4.87","SANTANDER, SP","  73.2","24","  67.1","24","9999.9"," 0","999.9"," 0","  5.7","24","  3.9","24","  9.9"," 15.9","  81.0","*","  65.8"," "," 0.00","G","999.9","010000"
"08021099999","2022-08-30","43.427064","-3.820006","4.87","SANTANDER, SP","  69.8","24","  65.2","24","9999.9"," 0","999.9"," 0","  5.7","24","  2.9","24","  7.0","999.9","  74.3"," ","  65.7"," "," 0.00","G","999.9","010000"
"08021099999","2022-08-31","43.427064","-3.820006","4.87","SANTANDER, SP","  68.7","24","  65.6","24","9999.9"," 0","999.9"," 0","  5.7","24","  3.2","24","  7.0","999.9","  73.9"," ","  66.2","*"," 0.00","G","999.9","010000"
"08021099999","2022-09-01","43.427064","-3.820006","4.87","SANTANDER, SP","  70.2","24","  66.1","24","9999.9"," 0","999.9"," 0","  5.8","24","  2.5","24","  6.0","999.9","  78.1"," ","  64.4","*"," 0.04","G","999.9","010000"
"08021099999","2022-09-02","43.427064","-3.820006","4.87","SANTANDER, SP","  69.2","24","  63.4","24","9999.9"," 0","999.9"," 0","  6.0","24","  7.8","24"," 15.0","999.9","  75.6"," ","  64.4","*"," 0.19","G","999.9","010000"
"08021099999","2022-09-03","43.427064","-3.820006","4.87","SANTANDER, SP","  66.8","24","  58.9","24","9999.9"," 0","999.9"," 0","  6.2","24","  3.8","24","  8.0","999.9","  73.8"," ","  62.4","*"," 0.02","G","999.9","000000"
"08021099999","2022-09-04","43.427064","-3.820006","4.87","SANTANDER, SP","  67.3","24","  60.9","24","9999.9"," 0","999.9"," 0","  6.0","24","  4.0","24","  9.9","999.9","  79.2"," ","  55.6"," "," 0.00","G","999.9","000000"
"08021099999","2022-09-05","43.427064","-3.820006","4.87","SANTANDER, SP","  73.1","24","  58.9","24","9999.9"," 0","999.9"," 0","  6.1","24","  5.9","24"," 17.1"," 25.1","  91.6"," ","  57.7"," "," 0.00","G","999.9","000000"
"08021099999","2022-09-06","43.427064","-3.820006","4.87","SANTANDER, SP","  71.0","24","  61.5","24","9999.9"," 0","999.9"," 0","  6.2","23","  6.0","24"," 13.0","999.9","  80.1"," ","  62.6"," "," 0.00","G","999.9","000000"
"08021099999","2022-09-07","43.427064","-3.820006","4.87","SANTANDER, SP","  68.2","24","  60.9","24","9999.9"," 0","999.9"," 0","  6.2","24","  3.2","24"," 11.1","999.9","  79.9"," ","  61.3"," "," 0.00","G","999.9","010000"
"08021099999","2022-09-08","43.427064","-3.820006","4.87","SANTANDER, SP","  68.8","24","  60.7","24","9999.9"," 0","999.9"," 0","  6.0","24","  3.9","24","  8.9","999.9","  78.4"," ","  60.6"," "," 0.02","G","999.9","010000"
"08021099999","2022-09-09","43.427064","-3.820006","4.87","SANTANDER, SP","  68.4","24","  59.2","24","9999.9"," 0","999.9"," 0","  6.2","24","  4.8","24","  8.9","999.9","  76.8"," ","  60.8","*"," 0.03","G","999.9","010000"
"08021099999","2022-09-10","43.427064","-3.820006","4.87","SANTANDER, SP","  68.3","24","  58.6","24","9999.9"," 0","999.9"," 0","  6.2","24","  3.2","24"," 12.0","999.9","  78.8","*","  57.0"," "," 0.00","G","999.9","000000"
"08021099999","2022-09-11","43.427064","-3.820006","4.87","SANTANDER, SP","  71.2","24","  62.1","24","9999.9"," 0","999.9"," 0","  6.2","24","  3.3","24","  9.9","999.9","  97.5"," ","  57.6"," "," 0.00","G","999.9","000000"
"08021099999","2022-09-12","43.427064","-3.820006","4.87","SANTANDER, SP","  77.7","24","  61.5","24","9999.9"," 0","999.9"," 0","  6.0","24","  4.8","24"," 17.1"," 27.0","  95.0"," ","  65.7"," "," 0.00","G","999.9","000000"
"08021099999","2022-09-13","43.427064","-3.820006","4.87","SANTANDER, SP","  80.6","24","  57.8","24","9999.9"," 0","999.9"," 0","  6.2","24"," 10.1","24"," 28.9"," 44.1","  93.9"," ","  68.0","*"," 0.00","G","999.9","010010"
"08021099999","2022-09-14","43.427064","-3.820006","4.87","SANTANDER, SP","  75.6","24","  58.2","24","9999.9"," 0","999.9"," 0","  6.2","24","  8.5","24"," 15.0"," 22.9","  84.7"," ","  66.2","*"," 0.17","G","999.9","000000"
"08021099999","2022-09-15","43.427064","-3.820006","4.87","SANTANDER, SP","  69.3","24","  64.5","24","9999.9"," 0","999.9"," 0","  6.2","24","  3.6","24","  7.0","999.9","  77.5"," ","  62.1"," "," 0.00","G","999.9","010000"
"08021099999","2022-09-16","43.427064","-3.820006","4.87","SANTANDER, SP","  68.2","24","  60.7","24","9999.9"," 0","999.9"," 0","  6.2","24","  5.9","24","  9.9","999.9","  74.3"," ","  64.4","*"," 0.03","F","999.9","010000"
"08021099999","2022-09-17","43.427064","-3.820006","4.87","SANTANDER, SP","  65.4","24","  53.5","24","9999.9"," 0","999.9"," 0","  6.2","24","  6.7","24"," 15.9","999.9","  71.8","*","  61.0","*"," 0.00","G","999.9","000000"
"08021099999","2022-09-18","43.427064","-3.820006","4.87","SANTANDER, SP","  64.5","24","  51.6","24","9999.9"," 0","999.9"," 0","  6.2","24","  5.6","24"," 14.0","999.9","  73.2"," ","  52.7"," "," 0.00","G","999.9","000000"
"08021099999","2022-09-19","43.427064","-3.820006","4.87","SANTANDER, SP","  62.7","24","  55.5","24","9999.9"," 0","999.9"," 0","  6.1","24","  3.9","24"," 14.0","999.9","  73.4"," ","  51.8"," "," 0.00","G","999.9","000000"
"08021099999","2022-09-20","43.427064","-3.820006","4.87","SANTANDER, SP","  61.0","24","  52.4","24","9999.9"," 0","999.9"," 0","  6.2","24","  4.0","24"," 13.0"," 19.0","  72.1","*","  49.8"," "," 0.00","G","999.9","000000"
"08021099999","2022-09-21","43.427064","-3.820006","4.87","SANTANDER, SP","  60.8","24","  51.6","24","9999.9"," 0","999.9"," 0","  6.2","24","  2.7","24"," 11.1","999.9","  71.1","*","  49.5"," "," 0.00","G","999.9","000000"
"08021099999","2022-09-22","43.427064","-3.820006","4.87","SANTANDER, SP","  61.7","24","  54.5","24","9999.9"," 0","999.9"," 0","  6.2","24","  2.6","24","  9.9","999.9","  72.5","*","  50.5"," "," 0.00","G","999.9","000000"
"08021099999","2022-09-23","43.427064","-3.820006","4.87","SANTANDER, SP","  63.0","24","  56.9","24","9999.9"," 0","999.9"," 0","  6.2","24","  4.1","24"," 11.1","999.9","  71.6","*","  52.0"," "," 0.00","G","999.9","010000"
"08021099999","2022-09-24","43.427064","-3.820006","4.87","SANTANDER, SP","  59.0","24","  55.9","24","9999.9"," 0","999.9"," 0","  5.4","24","  6.8","24","  9.9","999.9","  63.0","*","  53.6","*"," 0.23","G","999.9","010000"
"08021099999","2022-09-25","43.427064","-3.820006","4.87","SANTANDER, SP","  58.0","24","  52.5","24","9999.9"," 0","999.9"," 0","  5.9","24","  7.5","24"," 12.0","999.9","  66.6","*","  53.4"," "," 1.87","G","999.9","010010"
"08021099999","2022-09-26","43.427064","-3.820006","4.87","SANTANDER, SP","  60.5","24","  54.3","24","9999.9"," 0","999.9"," 0","  5.8","24","  9.7","24"," 19.0"," 28.9","  67.1","*","  56.3"," "," 0.92","G","999.9","010000"
"08021099999","2022-09-27","43.427064","-3.820006","4.87","SANTANDER, SP","  63.8","24","  56.1","24","9999.9"," 0","999.9"," 0","  5.6","24"," 14.9","24"," 24.1"," 32.1","  68.2","*","  60.1"," "," 0.00","G","999.9","110000"
"08021099999","2022-09-28","43.427064","-3.820006","4.87","SANTANDER, SP","  63.6","24","  57.1","24","9999.9"," 0","999.9"," 0","  5.3","24"," 17.1","24"," 24.1"," 38.1","  68.2","*","  59.0","*"," 0.01","G","999.9","010000"
"08021099999","2022-09-29","43.427064","-3.820006","4.87","SANTANDER, SP","  59.2","24","  54.0","24","9999.9"," 0","999.9"," 0","  4.3","24","  9.9","24"," 20.0"," 21.0","  62.6","*","  55.4","*"," 0.69","G","999.9","010000"
"08021099999","2022-09-30","43.427064","-3.820006","4.87","SANTANDER, SP","  61.0","24","  54.2","24","9999.9"," 0","999.9"," 0","  5.6","24","  8.4","24"," 15.9"," 21.0","  66.4","*","  56.8"," "," 1.10","G","999.9","010000"
"08021099999","2022-10-01","43.427064","-3.820006","4.87","SANTANDER, SP","  64.3","24","  55.1","24","9999.9"," 0","999.9"," 0","  6.2","24","  6.3","24"," 11.1","999.9","  72.7","*","  58.3","*"," 0.00","G","999.9","000000"
"08021099999","2022-10-02","43.427064","-3.820006","4.87","SANTANDER, SP","  64.5","24","  59.4","24","9999.9"," 0","999.9"," 0","  6.2","24","  2.6","24","  8.9","999.9","  73.4","*","  59.0","*"," 0.00","G","999.9","000000"
"08021099999","2022-10-03","43.427064","-3.820006","4.87","SANTANDER, SP","  62.2","24","  58.8","24","9999.9"," 0","999.9"," 0","  5.6","23","  3.1","24"," 12.0","999.9","  70.7","*","  54.5"," "," 0.00","G","999.9","100000"
"08021099999","2022-10-04","43.427064","-3.820006","4.87","SANTANDER, SP","  62.5","24","  59.0","24","9999.9"," 0","999.9"," 0","  4.1","24","  3.0","24","  8.0","999.9","  70.9","*","  52.9"," "," 0.00","G","999.9","100000"
"08021099999","2022-10-05","43.427064","-3.820006","4.87","SANTANDER, SP","  64.7","24","  59.4","24","9999.9"," 0","999.9"," 0","  3.9","24","  3.7","24","  8.9","999.9","  71.8"," ","  62.1","*"," 0.00","E","999.9","000000"
"08021099999","2022-10-06","43.427064","-3.820006","4.87","SANTANDER, SP","  65.1","24","  61.3","24","9999.9"," 0","999.9"," 0","  5.2","24","  3.3","24"," 12.0","999.9","  68.9"," ","  62.6","*"," 0.02","G","999.9","010000"
"08021099999","2022-10-07","43.427064","-3.820006","4.87","SANTANDER, SP","  64.5","24","  60.7","24","9999.9"," 0","999.9"," 0","  4.4","24","  3.8","24","  8.0","999.9","  71.2"," ","  58.3"," "," 0.05","G","999.9","010000"
"08021099999","2022-10-08","43.427064","-3.820006","4.87","SANTANDER, SP","  63.8","24","  58.4","24","9999.9"," 0","999.9"," 0","  5.6","24","  3.6","24"," 11.1","999.9","  68.4"," ","  59.4","*"," 0.08","G","999.9","010000"
"08021099999","2022-10-09","43.427064","-3.820006","4.87","SANTANDER, SP","  64.2","24","  57.5","24","9999.9"," 0","999.9"," 0","  5.6","24","  4.0","24"," 13.0","999.9","  84.2"," ","  51.1"," "," 0.00","G","999.9","000000"
"08021099999","2022-10-10","43.427064","-3.820006","4.87","SANTANDER, SP","  65.8","24","  61.4","24","9999.9"," 0","999.9"," 0","  5.0","24","  4.6","24"," 15.0","999.9","  73.4"," ","  60.4"," "," 0.00","G","999.9","010000"
"08021099999","2022-10-11","43.427064","-3.820006","4.87","SANTANDER, SP","  65.0","24","  61.8","24","9999.9"," 0","999.9"," 0","  5.0","24","  2.4","24","  7.0","999.9","  70.7"," ","  60.4","*"," 0.15","G","999.9","010000"
"08021099999","2022-10-12","43.427064","-3.820006","4.87","SANTANDER, SP","  63.9","24","  59.8","24","9999.9"," 0","999.9"," 0","  5.8","24","  2.5","24","  8.0","999.9","  71.4"," ","  57.2","*"," 0.38","G","999.9","000000"
"08021099999","2022-10-13","43.427064","-3.820006","4.87","SANTANDER, SP","  63.9","23","  57.5","23","9999.9"," 0","999.9"," 0","  5.6","22","  5.0","23"," 11.1","999.9","  74.7"," ","  53.2"," "," 0.00","G","999.9","000000"
"08021099999","2022-10-14","43.427064","-3.820006","4.87","SANTANDER, SP","  67.8","22","  59.5","22","9999.9"," 0","999.9"," 0","  6.2","22","  4.5","22","  8.9","999.9","  76.5"," ","  60.8","*"," 0.00","G","999.9","000000"
"08021099999","2022-10-15","43.427064","-3.820006","4.87","SANTANDER, SP","  63.1","24","  59.6","24","9999.9"," 0","999.9"," 0","  6.0","24","  1.6","24","  6.0","999.9","  71.1"," ","  55.8"," "," 0.00","G","999.9","000000"
"08021099999","2022-10-16","43.427064","-3.820006","4.87","SANTANDER, SP","  71.2","23","  52.8","23","9999.9"," 0","999.9"," 0","  5.7","22","  6.2","23"," 21.0"," 27.0","  82.4","*","  55.4","*"," 0.00","H","999.9","110000"
"08021099999","2022-10-17","43.427064","-3.820006","4.87","SANTANDER, SP","  74.1","19","  57.5","19","9999.9"," 0","999.9"," 0","  6.2","18","  7.1","19"," 14.0"," 24.1","  83.3"," ","  64.9"," "," 0.00","G","999.9","000000"
"08021099999","2022-10-18","43.427064","-3.820006","4.87","SANTANDER, SP","  74.6","24","  55.2","24","9999.9"," 0","999.9"," 0","  6.2","23","  5.0","24"," 11.1"," 19.0","  86.0","*","  62.6","*"," 0.00","G","999.9","000000"
"08021099999","2022-10-19","43.427064","-3.820006","4.87","SANTANDER, SP","  74.9","24","  51.4","24","9999.9"," 0","999.9"," 0","  6.2","24","  8.4","24"," 19.0"," 33.0","  85.5"," ","  68.0","*"," 0.00","G","999.9","000000"
"08021099999","2022-10-20","43.427064","-3.820006","4.87","SANTANDER, SP","  71.0","23","  51.4","23","9999.9"," 0","999.9"," 0","  6.2","22"," 13.0","23"," 24.1"," 38.1","  79.2"," ","  64.8"," "," 0.00","G","999.9","000000"
"08021099999","2022-10-21","43.427064","-3.820006","4.87","SANTANDER, SP","  70.1","23","  48.3","23","9999.9"," 0","999.9"," 0","  6.2","22"," 12.0","23"," 18.1"," 31.1","  73.9","*","  66.9"," "," 0.00","G","999.9","000000"
"08021099999","2022-10-22","43.427064","-3.820006","4.87","SANTANDER, SP","  71.9","24","  51.8","24","9999.9"," 0","999.9"," 0","  6.2","24"," 12.3","24"," 20.0"," 29.9","  81.5"," ","  66.4"," "," 0.00","G","999.9","000000"
"08021099999","2022-10-23","43.427064","-3.820006","4.87","SANTANDER, SP","  71.2","24","  49.3","24","9999.9"," 0","999.9"," 0","  6.2","24"," 15.0","24"," 26.0"," 42.0","  76.8"," ","  67.5"," "," 0.00","G","999.9","000000"
"08021099999","2022-10-24","43.427064","-3.820006","4.87","SANTANDER, SP","  68.3","24","  51.9","24","9999.9"," 0","999.9"," 0","  6.2","24","  7.4","24"," 14.0"," 22.9","  77.2"," ","  61.7","*"," 0.00","E","999.9","000000"
"08021099999","2022-10-25","43.427064","-3.820006","4.87","SANTANDER, SP","  72.5","24","  50.5","24","9999.9"," 0","999.9"," 0","  6.1","24"," 10.2","24"," 21.0"," 31.1","  82.9"," ","  61.3"," "," 0.00","G","999.9","000000"
"08021099999","2022-10-26","43.427064","-3.820006","4.87","SANTANDER, SP","  73.9","24","  52.4","24","9999.9"," 0","999.9"," 0","  6.2","24"," 11.0","24"," 17.1"," 28.9","  81.3"," ","  68.5"," "," 0.00","G","999.9","000000"
"08021099999","2022-10-27","43.427064","-3.820006","4.87","SANTANDER, SP","  80.5","24","  47.4","24","9999.9"," 0","999.9"," 0","  6.2","24","  9.4","24"," 15.9"," 27.0","  83.5"," ","  68.7"," "," 0.00","G","999.9","000000"
"08021099999","2022-10-28","43.427064","-3.820006","4.87","SANTANDER, SP","  75.6","24","  52.6","24","9999.9"," 0","999.9"," 0","  6.1","24","  9.9","24"," 24.1"," 31.1","  81.0","*","  66.2","*"," 0.00","G","999.9","000000"
"08021099999","2022-10-29","43.427064","-3.820006","4.87","SANTANDER, SP","  74.5","24","  50.4","24","9999.9"," 0","999.9"," 0","  6.0","24","  8.3","24"," 18.1"," 28.0","  85.5"," ","  64.0","*"," 0.00","E","999.9","000000"
"08021099999","2022-10-30","43.427064","-3.820006","4.87","SANTANDER, SP","  62.9","24","  56.2","24","9999.9"," 0","999.9"," 0","  6.1","24","  4.8","24"," 14.0","999.9","  73.4","*","  53.6","*"," 0.00","G","999.9","010000"
"08021099999","2022-10-31","43.427064","-3.820006","4.87","SANTANDER, SP","  66.0","24","  53.4","24","9999.9"," 0","999.9"," 0","  5.8","24"," 11.5","24"," 20.0"," 32.1","  77.4"," ","  51.8"," "," 0.05","G","999.9","010000"
"08021099999","2022-11-01","43.427064","-3.820006","4.87","SANTANDER, SP","  59.9","24","  53.9","24","9999.9"," 0","999.9"," 0","  5.8","24","  2.2","24","  8.0","999.9","  68.0"," ","  50.7","*"," 0.05","G","999.9","010000"
"08021099999","2022-11-02","43.427064","-3.820006","4.87","SANTANDER, SP","  55.9","24","  49.4","24","9999.9"," 0","999.9"," 0","  5.8","24","  1.2","24","  6.0","999.9","  67.1"," ","  48.2","*"," 0.00","G","999.9","000000"
"08021099999","2022-11-03","43.427064","-3.820006","4.87","SANTANDER, SP","  61.5","24","  49.4","24","9999.9"," 0","999.9"," 0","  5.8","24"," 10.8","24"," 21.0"," 32.1","  69.8"," ","  51.1"," "," 0.00","G","999.9","010000"
"08021099999","2022-11-04","43.427064","-3.820006","4.87","SANTANDER, SP","  56.8","24","  48.3","24","9999.9"," 0","999.9"," 0","  5.4","24"," 12.9","24"," 26.0"," 41.0","  60.3","*","  53.6","*"," 0.47","E","999.9","010000"
"08021099999","2022-11-05","43.427064","-3.820006","4.87","SANTANDER, SP","  54.9","24","  49.8","24","9999.9"," 0","999.9"," 0","  5.9","24","  2.5","24","  7.0","999.9","  64.4"," ","  45.5","*"," 0.00","F","999.9","000000"
"08021099999","2022-11-06","43.427064","-3.820006","4.87","SANTANDER, SP","  56.5","24","  49.0","24","9999.9"," 0","999.9"," 0","  6.0","24","  3.1","24"," 12.0"," 18.1","  68.4","*","  40.8"," "," 0.00","G","999.9","000000"
"08021099999","2022-11-07","43.427064","-3.820006","4.87","SANTANDER, SP","  59.7","24","  46.5","24","9999.9"," 0","999.9"," 0","  6.1","24","  7.8","24"," 21.0"," 38.1","  68.0","*","  43.0"," "," 0.00","G","999.9","000000"
"08021099999","2022-11-08","43.427064","-3.820006","4.87","SANTANDER, SP","  65.8","24","  52.6","24","9999.9"," 0","999.9"," 0","  6.1","24","  8.8","24"," 18.1"," 29.9","  72.1"," ","  57.2","*"," 0.00","G","999.9","000000"
"08021099999","2022-11-09","43.427064","-3.820006","4.87","SANTANDER, SP","  58.6","24","  52.7","24","9999.9"," 0","999.9"," 0","  5.8","24","  3.6","24"," 13.0","999.9","  68.0"," ","  51.3","*"," 0.53","G","999.9","010000"
"08021099999","2022-11-10","43.427064","-3.820006","4.87","SANTANDER, SP","  57.4","24","  50.7","24","9999.9"," 0","999.9"," 0","  6.1","24","  2.5","24","  8.9","999.9","  69.8"," ","  45.3"," "," 0.11","G","999.9","000000"
"08021099999","2022-11-11","43.427064","-3.820006","4.87","SANTANDER, SP","  58.0","24","  49.0","24","9999.9"," 0","999.9"," 0","  6.0","24","  4.3","24"," 15.0"," 25.1","  75.7"," ","  41.5"," "," 0.00","G","999.9","000000"
"08021099999","2022-11-12","43.427064","-3.820006","4.87","SANTANDER, SP","  61.2","24","  51.3","24","9999.9"," 0","999.9"," 0","  6.2","24","  3.3","24","  9.9","999.9","  75.6"," ","  48.7"," "," 0.00","G","999.9","000000"
"08021099999","2022-11-13","43.427064","-3.820006","4.87","SANTANDER, SP","  68.3","24","  48.0","24","9999.9"," 0","999.9"," 0","  6.2","24","  9.6","24"," 15.9"," 28.9","  76.6"," ","  56.3"," "," 0.00","G","999.9","000000"
"08021099999","2022-11-14","43.427064","-3.820006","4.87","SANTANDER, SP","  59.2","24","  52.0","24","9999.9"," 0","999.9"," 0","  5.8","24","  6.1","24"," 17.1"," 26.0","  69.8","*","  55.0","*"," 0.16","G","999.9","010000"
"08021099999","2022-11-15","43.427064","-3.820006","4.87","SANTANDER, SP","  61.6","24","  51.4","24","9999.9"," 0","999.9"," 0","  6.0","24","  9.2","24"," 21.0"," 35.9","  68.0","*","  55.0"," "," 0.15","G","999.9","010000"
"08021099999","2022-11-16","43.427064","-3.820006","4.87","SANTANDER, SP","  61.2","24","  51.1","24","9999.9"," 0","999.9"," 0","  6.1","24","  7.7","24"," 17.1"," 28.9","  69.8","*","  48.2","*"," 0.00","G","999.9","000000"
"08021099999","2022-11-17","43.427064","-3.820006","4.87","SANTANDER, SP","  59.8","24","  52.4","24","9999.9"," 0","999.9"," 0","  5.3","24","  6.5","24"," 19.0"," 31.1","  66.2","*","  53.6","*","99.99"," ","999.9","010000"
"08021099999","2022-11-18","43.427064","-3.820006","4.87","SANTANDER, SP","  52.6","24","  46.5","24","9999.9"," 0","999.9"," 0","  5.5","24"," 10.3","24"," 20.0"," 29.9","  58.5"," ","  48.2","*"," 0.09","G","999.9","010000"
"08021099999","2022-11-19","43.427064","-3.820006","4.87","SANTANDER, SP","  48.9","24","  44.6","24","9999.9"," 0","999.9"," 0","  5.2","24","  9.0","24"," 15.9"," 27.0","  53.8"," ","  45.9"," "," 1.31","G","999.9","010100"
"08021099999","2022-11-20","43.427064","-3.820006","4.87","SANTANDER, SP","  55.5","24","  50.5","24","9999.9"," 0","999.9"," 0","  5.3","24","  5.9","24"," 15.0"," 25.1","  61.7"," ","  48.6"," "," 1.50","G","999.9","010000"
"08021099999","2022-11-21","43.427064","-3.820006","4.87","SANTANDER, SP","  54.4","24","  48.3","24","9999.9"," 0","999.9"," 0","  5.1","24"," 12.0","24"," 27.0"," 47.0","  62.6","*","  48.0","*"," 0.20","G","999.9","010010"
"08021099999","2022-11-22","43.427064","-3.820006","4.87","SANTANDER, SP","  53.7","24","  42.0","24","9999.9"," 0","999.9"," 0","  6.0","24","  8.7","24"," 13.0"," 21.0","  60.8","*","  47.8"," "," 0.93","G","999.9","010000"
"08021099999","2022-11-23","43.427064","-3.820006","4.87","SANTANDER, SP","  59.0","24","  50.6","24","9999.9"," 0","999.9"," 0","  5.5","24","  9.7","24"," 22.0"," 34.0","  64.4","*","  50.4","*"," 0.25","G","999.9","010000"
"08021099999","2022-11-24","43.427064","-3.820006","4.87","SANTANDER, SP","  55.0","24","  47.3","24","9999.9"," 0","999.9"," 0","  5.9","24","  4.6","24"," 15.0"," 25.1","  59.9"," ","  48.2","*"," 0.02","G","999.9","010000"
"08021099999","2022-11-25","43.427064","-3.820006","4.87","SANTANDER, SP","  53.7","24","  47.4","24","9999.9"," 0","999.9"," 0","  6.0","24","  6.4","24"," 17.1"," 27.0","  60.1"," ","  44.6","*"," 0.12","G","999.9","010000"
"08021099999","2022-11-26","43.427064","-3.820006","4.87","SANTANDER, SP","  48.9","24","  44.3","24","9999.9"," 0","999.9"," 0","  6.2","24","  1.1","24","  4.1","999.9","  61.9"," ","  40.8","*"," 0.11","G","999.9","000000"
"08021099999","2022-11-27","43.427064","-3.820006","4.87","SANTANDER, SP","  53.3","24","  44.1","24","9999.9"," 0","999.9"," 0","  5.9","24","  5.2","24"," 14.0"," 25.1","  67.6"," ","  38.1"," "," 0.00","G","999.9","010000"
"08021099999","2022-11-28","43.427064","-3.820006","4.87","SANTANDER, SP","  54.7","24","  45.9","24","9999.9"," 0","999.9"," 0","  5.9","24"," 12.5","24"," 20.0"," 33.0","  59.5"," ","  51.8","*"," 0.15","G","999.9","010000"
"08021099999","2022-11-29","43.427064","-3.820006","4.87","SANTANDER, SP","  52.8","24","  48.3","24","9999.9"," 0","999.9"," 0","  5.5","24","  7.0","24"," 15.0","999.9","  57.7"," ","  49.5","*"," 0.61","G","999.9","010000"
"08021099999","2022-11-30","43.427064","-3.820006","4.87","SANTANDER, SP","  51.1","24","  46.8","24","9999.9"," 0","999.9"," 0","  5.7","23","  3.4","24"," 14.0","999.9","  59.5"," ","  44.6","*"," 0.02","G","999.9","000000"
"08021099999","2022-12-01","43.427064","-3.820006","4.87","SANTANDER, SP","  48.5","24","  43.1","24","9999.9"," 0","999.9"," 0","  6.1","23","  2.6","24","  7.0","999.9","  54.5"," ","  41.0"," "," 0.00","G","999.9","000000"
"08021099999","2022-12-02","43.427064","-3.820006","4.87","SANTANDER, SP","  47.6","24","  39.6","24","9999.9"," 0","999.9"," 0","  5.7","23","  3.7","24"," 12.0","999.9","  55.8"," ","  41.9","*"," 0.00","G","999.9","000000"
"08021099999","2022-12-03","43.427064","-3.820006","4.87","SANTANDER, SP","  44.8","24","  40.3","24","9999.9"," 0","999.9"," 0","  5.6","23","  5.4","24","  8.9","999.9","  50.0"," ","  41.9"," "," 0.06","G","999.9","010000"
"08021099999","2022-12-04","43.427064","-3.820006","4.87","SANTANDER, SP","  45.4","24","  37.7","24","9999.9"," 0","999.9"," 0","  5.7","24","  4.0","24","  8.0","999.9","  56.1"," ","  34.5","*"," 0.97","G","999.9","010000"
"08021099999","2022-12-05","43.427064","-3.820006","4.87","SANTANDER, SP","  48.6","24","  40.8","24","9999.9"," 0","999.9"," 0","  5.9","23","  3.1","24"," 11.1"," 14.0","  59.0","*","  32.9"," "," 0.00","G","999.9","000000"
"08021099999","2022-12-06","43.427064","-3.820006","4.87","SANTANDER, SP","  55.5","24","  47.3","24","9999.9"," 0","999.9"," 0","  6.1","23","  4.3","24","  8.9","999.9","  63.5"," ","  45.3","*"," 0.00","G","999.9","000000"
"08021099999","2022-12-07","43.427064","-3.820006","4.87","SANTANDER, SP","  53.8","24","  49.8","24","9999.9"," 0","999.9"," 0","  5.8","23","  3.5","24"," 12.0","999.9","  60.1"," ","  48.4"," "," 0.00","G","999.9","010000"
"08021099999","2022-12-08","43.427064","-3.820006","4.87","SANTANDER, SP","  52.9","24","  49.7","24","9999.9"," 0","999.9"," 0","  5.5","23","  3.0","24","  7.0","999.9","  59.0","*","  48.6"," "," 0.00","G","999.9","010000"
"08021099999","2022-12-09","43.427064","-3.820006","4.87","SANTANDER, SP","  52.6","24","  49.5","24","9999.9"," 0","999.9"," 0","  5.2","23","  6.2","24"," 14.0"," 24.1","  55.4","*","  49.6","*"," 0.33","G","999.9","010000"
"08021099999","2022-12-10","43.427064","-3.820006","4.87","SANTANDER, SP","  47.4","24","  38.2","24","9999.9"," 0","999.9"," 0","  6.2","23","  4.9","24","  9.9","999.9","  52.9"," ","  40.5","*"," 0.43","G","999.9","000000"
"08021099999","2022-12-11","43.427064","-3.820006","4.87","SANTANDER, SP","  46.4","24","  40.3","24","9999.9"," 0","999.9"," 0","  6.2","24","  1.9","24","  7.0","999.9","  53.2","*","  38.3"," "," 0.00","G","999.9","000000"
"08021099999","2022-12-12","43.427064","-3.820006","4.87","SANTANDER, SP","  53.9","24","  47.0","24","9999.9"," 0","999.9"," 0","  6.0","23","  4.6","24","  9.9","999.9","  67.5"," ","  39.7"," "," 0.00","G","999.9","010000"
"08021099999","2022-12-13","43.427064","-3.820006","4.87","SANTANDER, SP","  58.2","24","  55.4","24","9999.9"," 0","999.9"," 0","  5.8","22","  2.8","24","  8.9","999.9","  62.6"," ","  54.0"," "," 0.44","G","999.9","010000"
"08021099999","2022-12-14","43.427064","-3.820006","4.87","SANTANDER, SP","  59.3","24","  49.0","24","9999.9"," 0","999.9"," 0","  6.2","23","  5.2","24"," 14.0"," 24.1","  68.0"," ","  45.3","*"," 0.23","G","999.9","010000"
"08021099999","2022-12-15","43.427064","-3.820006","4.87","SANTANDER, SP","  55.7","23","  50.3","23","9999.9"," 0","999.9"," 0","  6.1","22","  5.9","23","  9.9"," 15.9","  59.9"," ","  51.6"," "," 0.15","G","999.9","010000"
"08021099999","2022-12-16","43.427064","-3.820006","4.87","SANTANDER, SP","  50.0","22","  45.8","22","9999.9"," 0","999.9"," 0","  5.7","21","  4.7","22","  9.9","999.9","  53.6","*","  40.6","*"," 0.62","G","999.9","010000"
"08021099999","2022-12-17","43.427064","-3.820006","4.87","SANTANDER, SP","  44.5","24","  41.0","24","9999.9"," 0","999.9"," 0","  5.2","24","  1.3","24","  5.1","999.9","  55.6"," ","  35.2","*"," 0.01","G","999.9","100000"
"08021099999","2022-12-18","43.427064","-3.820006","4.87","SANTANDER, SP","  59.1","24","  42.6","24","9999.9"," 0","999.9"," 0","  6.2","24"," 15.2","24"," 27.0"," 44.1","  64.6"," ","  39.6"," "," 0.00","G","999.9","010000"
"08021099999","2022-12-19","43.427064","-3.820006","4.87","SANTANDER, SP","  63.4","24","  43.0","24","9999.9"," 0","999.9"," 0","  6.2","24"," 21.4","24"," 34.0"," 49.0","  66.2","*","  59.0","*"," 0.00","G","999.9","000000"
"08021099999","2022-12-20","43.427064","-3.820006","4.87","SANTANDER, SP","  62.4","24","  50.1","24","9999.9"," 0","999.9"," 0","  6.1","24"," 10.0","24"," 22.9"," 35.9","  68.0","*","  53.6","*"," 0.00","G","999.9","010000"
"08021099999","2022-12-21","43.427064","-3.820006","4.87","SANTANDER, SP","  59.1","24","  48.1","24","9999.9"," 0","999.9"," 0","  6.0","24","  5.4","24"," 15.0"," 21.0","  68.4"," ","  47.1"," "," 0.22","G","999.9","110000"
"08021099999","2022-12-22","43.427064","-3.820006","4.87","SANTANDER, SP","  56.5","24","  49.7","24","9999.9"," 0","999.9"," 0","  6.1","24","  2.9","24"," 11.1","999.9","  69.8","*","  44.6"," "," 0.00","G","999.9","000000"
"08021099999","2022-12-23","43.427064","-3.820006","4.87","SANTANDER, SP","  62.9","24","  51.1","24","9999.9"," 0","999.9"," 0","  6.1","24","  9.1","24"," 19.0"," 33.0","  68.0"," ","  51.3"," "," 0.00","G","999.9","010000"
"08021099999","2022-12-24","43.427064","-3.820006","4.87","SANTANDER, SP","  61.0","24","  47.5","24","9999.9"," 0","999.9"," 0","  6.2","24"," 10.6","24"," 21.0"," 34.0","  68.4"," ","  50.5"," "," 0.00","G","999.9","000000"
"08021099999","2022-12-25","43.427064","-3.820006","4.87","SANTANDER, SP","  64.6","24","  45.9","24","9999.9"," 0","999.9"," 0","  6.2","24"," 12.4","24"," 28.0"," 40.0","  68.7"," ","  54.5"," "," 0.00","G","999.9","000000"
"08021099999","2022-12-26","43.427064","-3.820006","4.87","SANTANDER, SP","  55.4","24","  51.1","24","9999.9"," 0","999.9"," 0","  6.2","24","  2.9","24","  8.0","999.9","  60.3","*","  51.8","*"," 0.00","G","999.9","010000"
"08021099999","2022-12-27","43.427064","-3.820006","4.87","SANTANDER, SP","  53.4","24","  50.0","24","9999.9"," 0","999.9"," 0","  5.9","23","  1.4","24","  4.1","999.9","  62.4"," ","  45.5","*"," 0.00","G","999.9","000000"
"08021099999","2022-12-28","43.427064","-3.820006","4.87","SANTANDER, SP","  54.0","24","  44.9","24","9999.9"," 0","999.9"," 0","  5.8","24","  6.5","24"," 15.0"," 25.1","  65.5"," ","  37.0"," "," 0.00","G","999.9","010000"
"08021099999","2022-12-29","43.427064","-3.820006","4.87","SANTANDER, SP","  54.6","24","  51.9","24","9999.9"," 0","999.9"," 0","  5.9","24","  3.8","24"," 12.0","999.9","  62.6","*","  49.3"," "," 0.00","G","999.9","010000"
"08021099999","2022-12-30","43.427064","-3.820006","4.87","SANTANDER, SP","  66.1","24","  51.0","24","9999.9"," 0","999.9"," 0","  6.2","24"," 15.4","24"," 27.0"," 44.1","  69.8","*","  51.6"," "," 0.28","G","999.9","010000"
"08021099999","2022-12-31","43.427064","-3.820006","4.87","SANTANDER, SP","  66.3","24","  40.2","24","9999.9"," 0","999.9"," 0","  6.2","24"," 16.9","24"," 28.0"," 46.0","  70.9"," ","  62.6","*"," 0.00","G","999.9","000000"
