"STATION","DATE","LATITUDE","LONGITUDE","ELEVATION","NAME","TEMP","TEMP_ATTRIBUTES","DEWP","DEWP_ATTRIBUTES","SLP","SLP_ATTRIBUTES","STP","STP_ATTRIBUTES","VISIB","VISIB_ATTRIBUTES","WDSP","WDSP_ATTRIBUTES","MXSPD","GUST","MAX","MAX_ATTRIBUTES","MIN","MIN_ATTRIBUTES","PRCP","PRCP_ATTRIBUTES","SNDP","FRSHTT"
"21802099999","2022-01-01","71.9666666","114.0833333","18.0","SASKYLAH, RS"," -45.0"," 8"," -53.4"," 8","1026.6"," 8","024.0"," 8","999.9"," 0","  2.3"," 6","  3.9","999.9"," -39.1"," "," -48.5","*"," 0.00","F","999.9","000000"
"21802099999","2022-01-02","71.9666666","114.0833333","18.0","SASKYLAH, RS"," -48.5"," 8"," -57.2"," 8","1025.9"," 8","023.3"," 7"," 31.1"," 4","  1.9"," 4","  1.9","999.9"," -43.4"," "," -53.3","*"," 0.00","F"," 13.4","000000"
"21802099999","2022-01-03","71.9666666","114.0833333","18.0","SASKYLAH, RS"," -56.7"," 8"," -66.2"," 8","1024.7"," 8","022.0"," 8"," 31.1"," 4","  1.5"," 4","  1.9","999.9"," -54.4","*"," -57.8","*"," 0.00","E","999.9","000000"
"21802099999","2022-01-04","71.9666666","114.0833333","18.0","SASKYLAH, RS"," -51.9"," 8"," -61.0"," 8","1025.1"," 8","022.5"," 8","999.9"," 0","  4.2"," 6","  7.8","999.9"," -47.9","*"," -57.6"," "," 0.00","E"," 13.4","000000"
"21802099999","2022-01-05","71.9666666","114.0833333","18.0","SASKYLAH, RS"," -35.0"," 8"," -42.4"," 8","1024.3"," 7","021.7"," 7","999.9"," 0"," 11.2"," 8"," 13.6","999.9"," -21.5","*"," -52.4"," "," 0.00","F"," 13.4","000000"
"21802099999","2022-01-06","71.9666666","114.0833333","18.0","SASKYLAH, RS"," -15.5"," 8"," -21.3"," 8","1023.1"," 7","021.8"," 6","999.9"," 0","  9.5"," 8"," 13.6","999.9"," -11.9","*"," -34.4"," "," 0.00","E","999.9","000000"
"21802099999","2022-01-07","71.9666666","114.0833333","18.0","SASKYLAH, RS"," -31.5"," 8"," -38.3"," 8","1025.7"," 8","023.1"," 8"," 31.1"," 4","  3.9"," 5","  7.8","999.9"," -19.8"," "," -40.5","*"," 0.00","E"," 13.4","000000"
"21802099999","2022-01-08","71.9666666","114.0833333","18.0","SASKYLAH, RS"," -40.7"," 8"," -48.5"," 8","1025.4"," 8","022.9"," 8","999.9"," 0","  4.5"," 6","  9.7","999.9"," -30.8","*"," -45.0","*"," 0.00","F"," 13.4","000000"
"21802099999","2022-01-09","71.9666666","114.0833333","18.0","SASKYLAH, RS","  -8.9"," 8"," -15.0"," 8","1013.7"," 5","011.2"," 5"," 31.1"," 7","  9.2"," 8"," 15.5","999.9","   0.1","*"," -24.5","*"," 0.00","F","999.9","000000"
"21802099999","2022-01-10","71.9666666","114.0833333","18.0","SASKYLAH, RS","  -9.7"," 8"," -14.8"," 8","1010.9"," 7","008.5"," 7","999.9"," 0","  3.9"," 7","  9.7","999.9","   1.0","*"," -17.0","*"," 0.00","F"," 13.4","001000"
"21802099999","2022-01-11","71.9666666","114.0833333","18.0","SASKYLAH, RS"," -14.2"," 8"," -19.2"," 8","1016.1"," 8","013.8"," 8","999.9"," 0","  5.1"," 8","  7.8","999.9"," -10.7"," "," -21.1","*"," 0.00","F","999.9","000000"
"21802099999","2022-01-12","71.9666666","114.0833333","18.0","SASKYLAH, RS"," -36.0"," 8"," -43.4"," 8","1014.2"," 8","011.8"," 8","999.9"," 0","  3.9"," 7","  5.8","999.9"," -29.0"," "," -41.4","*"," 0.00","F","999.9","000000"
"21802099999","2022-01-13","71.9666666","114.0833333","18.0","SASKYLAH, RS"," -44.7"," 8"," -52.9"," 8","1015.9"," 8","013.5"," 8","999.9"," 0","  3.6"," 8","  3.9","999.9"," -40.7"," "," -46.5","*"," 0.00","F","999.9","000000"
"21802099999","2022-01-14","71.9666666","114.0833333","18.0","SASKYLAH, RS"," -41.0"," 8"," -49.0"," 8","1020.5"," 8","018.0"," 8","999.9"," 0","  6.8"," 8","  9.7","999.9"," -39.1"," "," -47.6"," "," 0.00","F"," 13.8","000000"
"21802099999","2022-01-15","71.9666666","114.0833333","18.0","SASKYLAH, RS"," -36.4"," 8"," -43.8"," 8","1027.1"," 8","024.7"," 8","999.9"," 0","  9.2"," 8"," 13.6","999.9"," -28.8","*"," -43.1"," "," 0.00","F","999.9","000000"
"21802099999","2022-01-16","71.9666666","114.0833333","18.0","SASKYLAH, RS"," -29.1"," 8"," -35.9"," 7","1027.0"," 8","024.5"," 8","999.9"," 0","  9.5"," 8"," 13.6","999.9"," -26.7"," "," -36.6"," "," 0.00","F"," 13.8","000000"
"21802099999","2022-01-17","71.9666666","114.0833333","18.0","SASKYLAH, RS"," -20.0"," 8"," -26.1"," 8","1020.5"," 8","018.2"," 8","999.9"," 0"," 13.6"," 8"," 15.5","999.9"," -13.7","*"," -31.4"," "," 0.00","F"," 13.8","000000"
"21802099999","2022-01-18","71.9666666","114.0833333","18.0","SASKYLAH, RS","  -7.7"," 8"," -12.7"," 8","1012.0"," 8","009.8"," 8","999.9"," 0","  8.3"," 8"," 11.7","999.9","  -0.0","*"," -18.0"," "," 0.00","F","999.9","000000"
"21802099999","2022-01-19","71.9666666","114.0833333","18.0","SASKYLAH, RS","  -4.2"," 8","  -9.4"," 8","1008.6"," 8","006.3"," 8"," 31.1"," 5","  9.2"," 8"," 11.7","999.9","   1.8"," "," -10.7"," "," 0.00","F"," 13.8","000000"
"21802099999","2022-01-20","71.9666666","114.0833333","18.0","SASKYLAH, RS"," -15.6"," 8"," -21.0"," 8","1010.6"," 8","008.2"," 8","999.9"," 0","  5.8"," 7"," 13.6","999.9"," -10.3"," "," -19.3","*"," 0.00","F","999.9","000000"
"21802099999","2022-01-21","71.9666666","114.0833333","18.0","SASKYLAH, RS"," -12.0"," 8"," -17.3"," 8","1011.6"," 8","009.4"," 8","999.9"," 0","  6.6"," 8","  7.8","999.9","  -3.5","*"," -23.4"," "," 0.00","E","999.9","000000"
"21802099999","2022-01-22","71.9666666","114.0833333","18.0","SASKYLAH, RS","   3.6"," 8","  -0.6"," 8","1010.5"," 8","008.4"," 8","999.9"," 0","  8.5"," 8"," 19.4","999.9","  14.9"," "," -14.3","*"," 0.00","F","999.9","000000"
"21802099999","2022-01-23","71.9666666","114.0833333","18.0","SASKYLAH, RS"," -11.9"," 8"," -16.5"," 8","1016.7"," 8","014.5"," 8","999.9"," 0","  4.4"," 7","  9.7","999.9","  -3.6"," "," -20.2","*"," 0.00","E"," 13.8","000000"
"21802099999","2022-01-24","71.9666666","114.0833333","18.0","SASKYLAH, RS"," -19.5"," 8"," -25.1"," 8","1022.8"," 8","020.5"," 8","999.9"," 0","  3.9"," 8","  7.8","999.9","  -0.6","*"," -30.1","*"," 0.00","F","999.9","000000"
"21802099999","2022-01-25","71.9666666","114.0833333","18.0","SASKYLAH, RS","   9.3"," 8","   5.1"," 8","1014.5"," 8","012.4"," 8","999.9"," 0"," 11.7"," 8"," 17.5","999.9","  12.7"," ","   1.0","*"," 0.00","F","999.9","000000"
"21802099999","2022-01-26","71.9666666","114.0833333","18.0","SASKYLAH, RS","   8.4"," 8","   1.7"," 8","1016.7"," 8","014.6"," 8"," 23.5"," 4"," 11.4"," 8"," 21.4","999.9","  12.7"," ","   3.0","*"," 0.00","F","999.9","000000"
"21802099999","2022-01-27","71.9666666","114.0833333","18.0","SASKYLAH, RS","  -6.1"," 8"," -11.2"," 8","1018.6"," 8","016.4"," 8"," 31.1"," 4","  4.4"," 8","  5.8","999.9","   3.4","*"," -11.0","*"," 0.00","F","999.9","000000"
"21802099999","2022-01-28","71.9666666","114.0833333","18.0","SASKYLAH, RS","   0.9"," 8","  -4.8"," 8","1022.5"," 8","020.3"," 8"," 31.1"," 4","  6.1"," 8","  7.8","999.9","   8.1"," "," -11.7"," "," 0.00","F","999.9","000000"
"21802099999","2022-01-29","71.9666666","114.0833333","18.0","SASKYLAH, RS"," -17.2"," 8"," -22.4"," 8","1022.0"," 8","019.6"," 8"," 31.1"," 5","  3.2"," 8","  5.8","999.9","  -7.1"," "," -23.8","*"," 0.00","F"," 13.0","000000"
"21802099999","2022-01-30","71.9666666","114.0833333","18.0","SASKYLAH, RS"," -28.5"," 8"," -34.9"," 8","1028.3"," 8","025.9"," 8","999.9"," 0","  2.2"," 8","  3.9","999.9"," -23.8"," "," -31.0","*"," 0.00","F","999.9","000000"
"21802099999","2022-01-31","71.9666666","114.0833333","18.0","SASKYLAH, RS"," -31.7"," 8"," -38.3"," 8","1033.8"," 8","031.4"," 8","999.9"," 0","999.9"," 0","999.9","999.9"," -29.6","*"," -33.7","*"," 0.00","F","999.9","000000"
"21802099999","2022-02-01","71.9666666","114.0833333","18.0","SASKYLAH, RS"," -34.6"," 8"," -41.8"," 8","1035.9"," 8","033.5"," 8","999.9"," 0","999.9"," 0","999.9","999.9"," -28.7"," "," -38.9","*"," 0.00","F","999.9","000000"
"21802099999","2022-02-02","71.9666666","114.0833333","18.0","SASKYLAH, RS"," -20.4"," 8"," -26.1"," 8","1033.6"," 8","031.3"," 8","999.9"," 0","  2.9"," 4","  3.9","999.9","  -9.0","*"," -39.5"," "," 0.00","F"," 13.0","000000"
"21802099999","2022-02-03","71.9666666","114.0833333","18.0","SASKYLAH, RS"," -28.0"," 8"," -34.3"," 8","1034.2"," 8","031.8"," 8","999.9"," 0","  2.3"," 5","  3.9","999.9"," -17.3"," "," -34.8","*"," 0.00","H"," 13.0","001000"
"21802099999","2022-02-04","71.9666666","114.0833333","18.0","SASKYLAH, RS"," -18.0"," 8"," -23.5"," 8","1028.3"," 8","026.0"," 8","999.9"," 0","  5.2"," 6","  7.8","999.9"," -13.5","*"," -35.3"," "," 0.00","F","999.9","001000"
"21802099999","2022-02-05","71.9666666","114.0833333","18.0","SASKYLAH, RS"," -25.3"," 8"," -31.5"," 8","1021.4"," 8","018.9"," 8"," 23.9"," 4","  3.1"," 7","  5.8","999.9"," -12.1"," "," -36.2","*"," 0.12","F"," 13.8","001000"
"21802099999","2022-02-06","71.9666666","114.0833333","18.0","SASKYLAH, RS"," -28.2"," 7"," -34.8"," 7","1022.6"," 7","020.1"," 7","999.9"," 0","  3.1"," 5","  5.8","999.9"," -20.2"," "," -35.9"," "," 0.00","F"," 13.8","000000"
"21802099999","2022-02-07","71.9666666","114.0833333","18.0","SASKYLAH, RS"," -20.1"," 8"," -26.0"," 8","1031.6"," 8","029.2"," 8","999.9"," 0","  5.1"," 8","  7.8","999.9"," -16.2","*"," -34.8"," "," 0.00","F","999.9","000000"
"21802099999","2022-02-08","71.9666666","114.0833333","18.0","SASKYLAH, RS","  -7.6"," 8"," -12.7"," 8","1031.9"," 8","028.8"," 8","999.9"," 0","  5.6"," 8","  9.7","999.9","   1.4","*"," -30.8"," "," 0.00","F","999.9","000000"
"21802099999","2022-02-09","71.9666666","114.0833333","18.0","SASKYLAH, RS","  -1.7"," 8","  -7.4"," 8","1026.0"," 8","023.7"," 8","999.9"," 0","  6.8"," 8"," 11.7","999.9","   3.9"," ","  -8.9","*"," 0.00","F","999.9","000000"
"21802099999","2022-02-10","71.9666666","114.0833333","18.0","SASKYLAH, RS","  -5.2"," 8"," -11.0"," 8","1026.3"," 8","024.0"," 8","999.9"," 0","  7.0"," 8"," 17.5","999.9","   0.7","*"," -13.2"," "," 0.04","F"," 13.8","001000"
"21802099999","2022-02-11","71.9666666","114.0833333","18.0","SASKYLAH, RS","   4.2"," 8","  -1.1"," 8","1032.4"," 8","030.2"," 8","999.9"," 0","  6.6"," 8","  9.7","999.9","   8.8","*","  -4.4"," "," 0.00","F","999.9","001000"
"21802099999","2022-02-12","71.9666666","114.0833333","18.0","SASKYLAH, RS","   5.1"," 8","  -2.3"," 8","1036.3"," 8","034.0"," 8","999.9"," 0","  7.0"," 8"," 13.6","999.9","   8.6"," ","  -0.4"," "," 0.00","E"," 13.8","000000"
"21802099999","2022-02-13","71.9666666","114.0833333","18.0","SASKYLAH, RS","  -4.1"," 8"," -11.9"," 8","1040.8"," 8","038.5"," 8","999.9"," 0","  4.1"," 8","  7.8","999.9","   5.9"," "," -18.0","*"," 0.00","F","999.9","000000"
"21802099999","2022-02-14","71.9666666","114.0833333","18.0","SASKYLAH, RS"," -22.9"," 8"," -28.7"," 8","1042.5"," 8","040.1"," 8","999.9"," 0","  3.6"," 6","  5.8","999.9"," -16.6"," "," -28.3","*"," 0.00","F","999.9","000000"
"21802099999","2022-02-15","71.9666666","114.0833333","18.0","SASKYLAH, RS"," -28.8"," 8"," -35.4"," 8","1040.2"," 8","037.8"," 8","999.9"," 0","  1.9"," 6","  1.9","999.9"," -22.4"," "," -32.6","*"," 0.00","F","999.9","000000"
"21802099999","2022-02-16","71.9666666","114.0833333","18.0","SASKYLAH, RS"," -31.3"," 8"," -38.2"," 8","1036.8"," 8","034.4"," 8","999.9"," 0","  3.6"," 8","  5.8","999.9"," -28.5"," "," -33.9"," "," 0.00","F","999.9","000000"
"21802099999","2022-02-17","71.9666666","114.0833333","18.0","SASKYLAH, RS"," -33.5"," 8"," -40.7"," 8","1035.4"," 8","032.9"," 8","999.9"," 0","  3.2"," 8","  5.8","999.9"," -31.2","*"," -37.5","*"," 0.00","F","999.9","000000"
"21802099999","2022-02-18","71.9666666","114.0833333","18.0","SASKYLAH, RS"," -26.2"," 8"," -32.5"," 8","1030.7"," 8","028.3"," 8","999.9"," 0","  6.1"," 8","  9.7","999.9"," -23.3"," "," -38.0"," "," 0.00","F","999.9","000000"
"21802099999","2022-02-19","71.9666666","114.0833333","18.0","SASKYLAH, RS"," -24.7"," 8"," -31.1"," 8","1023.7"," 8","021.3"," 8","999.9"," 0","  8.0"," 8"," 11.7","999.9"," -20.7"," "," -27.2","*"," 0.00","F","999.9","000000"
"21802099999","2022-02-20","71.9666666","114.0833333","18.0","SASKYLAH, RS"," -28.0"," 8"," -34.5"," 8","1012.1"," 8","009.7"," 8","999.9"," 0","  4.2"," 7","  5.8","999.9"," -23.8"," "," -31.9","*"," 0.00","F"," 13.8","000000"
"21802099999","2022-02-21","71.9666666","114.0833333","18.0","SASKYLAH, RS"," -12.5"," 8"," -17.4"," 8","1007.2"," 8","005.0"," 8","999.9"," 0","  3.9"," 4","  5.8","999.9","   5.0","*"," -34.6"," "," 0.00","F","999.9","000000"
"21802099999","2022-02-22","71.9666666","114.0833333","18.0","SASKYLAH, RS","   0.7"," 8","  -2.9"," 8","1000.3"," 8","998.2"," 8","999.9"," 0","  5.1"," 8","  7.8","999.9","   8.4"," "," -17.7"," "," 0.00","F","999.9","000000"
"21802099999","2022-02-23","71.9666666","114.0833333","18.0","SASKYLAH, RS","   1.7"," 8","  -2.8"," 8"," 995.2"," 8","993.1"," 8","999.9"," 0","  3.9"," 8"," 11.7","999.9","   6.8","*","  -4.0"," "," 0.00","F","999.9","000000"
"21802099999","2022-02-24","71.9666666","114.0833333","18.0","SASKYLAH, RS"," -12.3"," 8"," -18.6"," 8","1010.0"," 8","007.6"," 8"," 22.9"," 7"," 10.9"," 8"," 17.5","999.9","  -8.3"," "," -15.2","*"," 0.00","F"," 14.2","000000"
"21802099999","2022-02-25","71.9666666","114.0833333","18.0","SASKYLAH, RS"," -23.8"," 8"," -29.7"," 8","1019.0"," 8","016.6"," 8","999.9"," 0","  3.9"," 8","  5.8","999.9"," -14.3"," "," -31.7","*"," 0.00","F","999.9","000000"
"21802099999","2022-02-26","71.9666666","114.0833333","18.0","SASKYLAH, RS"," -29.0"," 8"," -35.7"," 8","1015.6"," 8","013.3"," 8","999.9"," 0","  2.2"," 8","  3.9","999.9"," -21.1"," "," -34.8"," "," 0.00","F","999.9","000000"
"21802099999","2022-02-27","71.9666666","114.0833333","18.0","SASKYLAH, RS"," -27.5"," 8"," -34.3"," 8","1012.3"," 8","010.0"," 8","999.9"," 0","  2.8"," 7","  3.9","999.9"," -18.9"," "," -33.2"," "," 0.00","F","999.9","000000"
"21802099999","2022-02-28","71.9666666","114.0833333","18.0","SASKYLAH, RS"," -28.8"," 8"," -35.7"," 8","1007.7"," 8","005.3"," 8","999.9"," 0","  1.9"," 5","  1.9","999.9"," -18.4"," "," -34.8"," "," 0.00","F"," 14.2","000000"
"21802099999","2022-03-01","71.9666666","114.0833333","18.0","SASKYLAH, RS"," -31.5"," 8"," -38.7"," 8","1007.1"," 8","004.7"," 8","999.9"," 0","  1.9"," 7","  3.9","999.9"," -25.8","*"," -36.0"," "," 0.00","E","999.9","000000"
"21802099999","2022-03-02","71.9666666","114.0833333","18.0","SASKYLAH, RS"," -31.8"," 8"," -38.8"," 8","1006.4"," 8","003.9"," 8"," 31.1"," 5","  2.5"," 7","  3.9","999.9"," -26.5"," "," -37.5"," "," 0.00","F"," 14.2","000000"
"21802099999","2022-03-03","71.9666666","114.0833333","18.0","SASKYLAH, RS"," -27.8"," 8"," -34.9"," 8","1010.7"," 8","008.2"," 8","999.9"," 0","  2.8"," 7","  5.8","999.9"," -20.9"," "," -35.7"," "," 0.00","F","999.9","000000"
"21802099999","2022-03-04","71.9666666","114.0833333","18.0","SASKYLAH, RS"," -22.9"," 8"," -29.2"," 8","1014.0"," 8","011.7"," 8"," 31.1"," 4","  3.9"," 8","  5.8","999.9"," -15.2","*"," -34.6"," "," 0.00","F","999.9","000000"
"21802099999","2022-03-05","71.9666666","114.0833333","18.0","SASKYLAH, RS"," -13.6"," 8"," -19.0"," 8","1013.0"," 8","010.8"," 8","999.9"," 0","  2.5"," 7","  5.8","999.9","  -9.9"," "," -21.1"," "," 0.00","F"," 14.2","000000"
"21802099999","2022-03-06","71.9666666","114.0833333","18.0","SASKYLAH, RS"," -18.7"," 8"," -24.6"," 8","1011.4"," 8","009.0"," 8"," 31.1"," 4","  2.9"," 8","  3.9","999.9"," -16.6"," "," -20.6"," "," 0.00","F"," 14.2","000000"
"21802099999","2022-03-07","71.9666666","114.0833333","18.0","SASKYLAH, RS"," -30.0"," 8"," -36.9"," 8","1019.8"," 8","017.4"," 8","999.9"," 0","  2.4"," 8","  3.9","999.9"," -14.4"," "," -43.1","*"," 0.00","F","999.9","000000"
"21802099999","2022-03-08","71.9666666","114.0833333","18.0","SASKYLAH, RS"," -34.5"," 8"," -42.3"," 8","1023.0"," 8","020.5"," 8","999.9"," 0","  2.3"," 6","  3.9","999.9"," -24.2"," "," -44.7"," "," 0.00","F","999.9","000000"
"21802099999","2022-03-09","71.9666666","114.0833333","18.0","SASKYLAH, RS"," -31.5"," 8"," -39.4"," 8","1024.2"," 8","021.7"," 8","999.9"," 0","  1.9"," 5","  3.9","999.9"," -20.2"," "," -40.0"," "," 0.00","F","999.9","000000"
"21802099999","2022-03-10","71.9666666","114.0833333","18.0","SASKYLAH, RS"," -31.2"," 8"," -39.0"," 8","1026.2"," 8","023.8"," 8","999.9"," 0","  3.6"," 7","  5.8","999.9"," -20.9"," "," -40.4"," "," 0.00","F","999.9","000000"
"21802099999","2022-03-11","71.9666666","114.0833333","18.0","SASKYLAH, RS"," -22.2"," 8"," -29.0"," 8","1028.2"," 8","025.9"," 8","999.9"," 0","  6.8"," 8","  9.7","999.9"," -17.7","*"," -35.3"," "," 0.00","E","999.9","000000"
"21802099999","2022-03-12","71.9666666","114.0833333","18.0","SASKYLAH, RS"," -25.8"," 8"," -33.0"," 8","1029.6"," 8","027.2"," 8","999.9"," 0","  2.9"," 8","  5.8","999.9"," -12.5"," "," -36.4","*"," 0.00","E"," 14.2","000000"
"21802099999","2022-03-13","71.9666666","114.0833333","18.0","SASKYLAH, RS"," -26.0"," 8"," -33.6"," 8","1030.7"," 8","028.2"," 8","999.9"," 0","  1.9"," 6","  1.9","999.9"," -18.6"," "," -39.8"," "," 0.00","F","999.9","000000"
"21802099999","2022-03-14","71.9666666","114.0833333","18.0","SASKYLAH, RS"," -19.8"," 8"," -26.3"," 8","1028.7"," 8","026.2"," 8"," 31.1"," 4","  3.6"," 7","  7.8","999.9"," -10.5"," "," -26.5"," "," 0.00","F"," 14.6","001000"
"21802099999","2022-03-15","71.9666666","114.0833333","18.0","SASKYLAH, RS"," -24.7"," 8"," -32.0"," 8","1025.0"," 8","022.7"," 8","999.9"," 0","  1.9"," 6","  1.9","999.9","  -6.3"," "," -33.5","*"," 0.00","F","999.9","000000"
"21802099999","2022-03-16","71.9666666","114.0833333","18.0","SASKYLAH, RS"," -19.1"," 8"," -25.6"," 8","1024.6"," 8","022.3"," 8"," 31.1"," 4","  3.6"," 8","  5.8","999.9","  -8.5"," "," -35.7"," "," 0.00","F"," 14.6","000000"
"21802099999","2022-03-17","71.9666666","114.0833333","18.0","SASKYLAH, RS"," -12.5"," 8"," -20.1"," 8","1019.1"," 8","016.8"," 8","999.9"," 0","  4.9"," 8","  7.8","999.9","  -2.0"," "," -31.4"," "," 0.00","F","999.9","000000"
"21802099999","2022-03-18","71.9666666","114.0833333","18.0","SASKYLAH, RS","   0.1"," 8","  -6.2"," 8","1000.5"," 8","998.2"," 8","999.9"," 0","  9.7"," 8"," 13.6","999.9","   6.4","*"," -15.9"," "," 0.00","F","999.9","001000"
"21802099999","2022-03-19","71.9666666","114.0833333","18.0","SASKYLAH, RS","  10.5"," 8","   6.4"," 8"," 991.4"," 8","989.3"," 8","999.9"," 0","  3.9"," 8","  5.8","999.9","  16.0"," ","   0.7"," "," 0.00","F","999.9","000000"
"21802099999","2022-03-20","71.9666666","114.0833333","18.0","SASKYLAH, RS","  -0.7"," 8","  -4.8"," 8"," 994.5"," 8","992.2"," 8"," 31.1"," 5","  1.9"," 8","  3.9","999.9","   6.6"," "," -10.1","*"," 0.00","E"," 15.4","000000"
"21802099999","2022-03-21","71.9666666","114.0833333","18.0","SASKYLAH, RS","  -7.9"," 8"," -13.3"," 8","1000.2"," 8","997.9"," 8","999.9"," 0","  1.7"," 8","  3.9","999.9","   9.3"," "," -23.8","*"," 0.00","F","999.9","000000"
"21802099999","2022-03-22","71.9666666","114.0833333","18.0","SASKYLAH, RS"," -16.1"," 8"," -21.9"," 8","1005.0"," 8","002.8"," 8","999.9"," 0","  4.1"," 8","  9.7","999.9","  -8.0"," "," -27.8","*"," 0.00","F","999.9","000000"
"21802099999","2022-03-23","71.9666666","114.0833333","18.0","SASKYLAH, RS"," -22.9"," 8"," -30.1"," 8","1006.2"," 8","003.9"," 8","999.9"," 0","  1.7"," 8","  3.9","999.9","  -7.2"," "," -33.5","*"," 0.00","F","999.9","000000"
"21802099999","2022-03-24","71.9666666","114.0833333","18.0","SASKYLAH, RS"," -23.3"," 8"," -31.2"," 8","1010.7"," 8","008.3"," 8"," 31.1"," 4","  1.5"," 8","  5.8","999.9","  -6.0"," "," -36.8","*"," 0.00","F"," 15.4","000000"
"21802099999","2022-03-25","71.9666666","114.0833333","18.0","SASKYLAH, RS"," -21.5"," 8"," -29.7"," 8","1017.0"," 8","014.6"," 8","999.9"," 0","  1.7"," 8","  3.9","999.9"," -11.6"," "," -38.9"," "," 0.00","F","999.9","000000"
"21802099999","2022-03-26","71.9666666","114.0833333","18.0","SASKYLAH, RS"," -18.4"," 8"," -25.7"," 8","1018.0"," 8","015.7"," 8","999.9"," 0","  3.2"," 8","  5.8","999.9","  -7.8"," "," -34.1"," "," 0.00","F","999.9","000000"
"21802099999","2022-03-27","71.9666666","114.0833333","18.0","SASKYLAH, RS"," -16.7"," 8"," -21.9"," 8","1012.9"," 8","010.6"," 8","999.9"," 0","  3.6"," 8","  5.8","999.9","  -7.8"," "," -27.6"," "," 0.00","F","999.9","000000"
"21802099999","2022-03-28","71.9666666","114.0833333","18.0","SASKYLAH, RS","  -8.5"," 8"," -14.2"," 8","1007.2"," 8","004.9"," 8","999.9"," 0","  6.3"," 8"," 13.6","999.9","  -3.6","*"," -27.9"," "," 0.00","F","999.9","000000"
"21802099999","2022-03-29","71.9666666","114.0833333","18.0","SASKYLAH, RS","  -9.1"," 8"," -15.4"," 8","1010.1"," 8","007.8"," 8","999.9"," 0","  9.2"," 8"," 15.5","999.9","  -3.6"," "," -15.2","*"," 0.00","F","999.9","000000"
"21802099999","2022-03-30","71.9666666","114.0833333","18.0","SASKYLAH, RS"," -16.9"," 8"," -23.0"," 8","1020.1"," 8","017.8"," 8","999.9"," 0","  4.4"," 8","  7.8","999.9","  -8.0"," "," -29.6","*"," 0.00","F","999.9","000000"
"21802099999","2022-03-31","71.9666666","114.0833333","18.0","SASKYLAH, RS","  -1.3"," 8","  -6.0"," 8","1011.7"," 8","009.5"," 8","999.9"," 0","  4.9"," 8","  7.8","999.9","   4.3"," "," -14.4","*"," 0.08","F","999.9","001000"
"21802099999","2022-04-01","71.9666666","114.0833333","18.0","SASKYLAH, RS","   4.6"," 8","  -0.3"," 8","1001.6"," 8","999.4"," 8","999.9"," 0","  4.1"," 8","  5.8","999.9","   9.0"," ","  -1.1","*"," 0.00","F","999.9","000000"
"21802099999","2022-04-02","71.9666666","114.0833333","18.0","SASKYLAH, RS","  -0.9"," 8","  -5.8"," 8","1006.4"," 8","004.2"," 8","999.9"," 0","  6.6"," 8","  7.8","999.9","   1.8"," ","  -7.4","*"," 0.00","F","999.9","001000"
"21802099999","2022-04-03","71.9666666","114.0833333","18.0","SASKYLAH, RS","  -5.5"," 8"," -10.5"," 8","1018.8"," 8","016.6"," 8","999.9"," 0","  9.0"," 8"," 11.7","999.9","  -3.8"," ","  -7.6"," "," 0.04","F"," 15.4","000000"
"21802099999","2022-04-04","71.9666666","114.0833333","18.0","SASKYLAH, RS"," -10.5"," 8"," -16.2"," 8","1028.0"," 8","025.6"," 8","999.9"," 0","  7.0"," 8","  9.7","999.9","  -3.6"," "," -19.1","*"," 0.00","F","999.9","000000"
"21802099999","2022-04-05","71.9666666","114.0833333","18.0","SASKYLAH, RS"," -19.3"," 7"," -25.2"," 7","1028.7"," 7","026.3"," 7"," 31.1"," 4","  3.1"," 7","  5.8","999.9","  -5.6"," "," -33.7","*"," 0.00","F","999.9","000000"
"21802099999","2022-04-06","71.9666666","114.0833333","18.0","SASKYLAH, RS"," -15.4"," 7"," -21.8"," 7","1022.0"," 7","019.6"," 7","999.9"," 0","  2.2"," 7","  5.8","999.9","  -2.6"," "," -34.4"," "," 0.00","F","999.9","000000"
"21802099999","2022-04-07","71.9666666","114.0833333","18.0","SASKYLAH, RS"," -14.2"," 8"," -21.4"," 8","1010.2"," 8","008.0"," 8","999.9"," 0","  2.9"," 8","  5.8","999.9","   1.6"," "," -31.7","*"," 0.00","F","999.9","000000"
"21802099999","2022-04-08","71.9666666","114.0833333","18.0","SASKYLAH, RS"," -10.8"," 8"," -18.1"," 8","1013.2"," 8","011.0"," 8","999.9"," 0","  1.7"," 8","  1.9","999.9","   5.2"," "," -34.8"," "," 0.00","F","999.9","000000"
"21802099999","2022-04-09","71.9666666","114.0833333","18.0","SASKYLAH, RS","  -5.4"," 8"," -13.0"," 8","1021.7"," 8","020.2"," 8","999.9"," 0","  1.0"," 8","  3.9","999.9","  10.2"," "," -23.3"," "," 0.00","F","999.9","000000"
"21802099999","2022-04-10","71.9666666","114.0833333","18.0","SASKYLAH, RS","  -8.2"," 8"," -15.7"," 8","1027.4"," 8","025.0"," 8","999.9"," 0","  2.2"," 8","  5.8","999.9","   6.4"," "," -23.4"," "," 0.00","F","999.9","000000"
"21802099999","2022-04-11","71.9666666","114.0833333","18.0","SASKYLAH, RS","  -4.6"," 8","  -9.5"," 8","1033.3"," 8","031.1"," 8","999.9"," 0","  3.9"," 8","  5.8","999.9","  -0.9","*"," -21.6"," "," 0.00","F","999.9","000000"
"21802099999","2022-04-12","71.9666666","114.0833333","18.0","SASKYLAH, RS","  -8.9"," 8"," -13.3"," 8","1034.0"," 8","031.6"," 8"," 31.1"," 5","  1.5"," 8","  3.9","999.9","   1.9"," "," -24.7","*"," 0.00","F"," 16.5","000000"
"21802099999","2022-04-13","71.9666666","114.0833333","18.0","SASKYLAH, RS","  -8.5"," 8"," -13.6"," 8","1019.1"," 8","016.9"," 8","999.9"," 0","  3.6"," 8","  7.8","999.9","  -1.1"," "," -26.3"," "," 0.00","F","999.9","000000"
"21802099999","2022-04-14","71.9666666","114.0833333","18.0","SASKYLAH, RS","  -9.6"," 8"," -15.8"," 8","1016.7"," 8","014.5"," 8","999.9"," 0","  5.3"," 8","  7.8","999.9","  -2.9"," "," -17.5"," "," 0.00","F","999.9","000000"
"21802099999","2022-04-15","71.9666666","114.0833333","18.0","SASKYLAH, RS"," -11.7"," 8"," -17.5"," 8","1026.1"," 8","023.8"," 8","999.9"," 0","  3.9"," 8","  7.8","999.9","  -0.9"," "," -26.3","*"," 0.00","F","999.9","000000"
"21802099999","2022-04-16","71.9666666","114.0833333","18.0","SASKYLAH, RS","   5.2"," 8","  -2.0"," 8","1012.7"," 8","010.6"," 8","999.9"," 0","  8.5"," 8"," 11.7","999.9","  14.5","*"," -14.8","*"," 0.00","F","999.9","000000"
"21802099999","2022-04-17","71.9666666","114.0833333","18.0","SASKYLAH, RS","  25.2"," 8","  19.8"," 8"," 989.2"," 8","987.2"," 8","999.9"," 0"," 12.4"," 8"," 15.5","999.9","  30.0"," ","   6.1"," "," 0.00","F"," 16.5","000000"
"21802099999","2022-04-18","71.9666666","114.0833333","18.0","SASKYLAH, RS","  15.8"," 8","  11.8"," 8"," 987.5"," 8","985.4"," 8","999.9"," 0"," 13.1"," 8"," 17.5","999.9","  29.8"," ","   8.2","*"," 0.00","F","999.9","000000"
"21802099999","2022-04-19","71.9666666","114.0833333","18.0","SASKYLAH, RS","   8.8"," 8","   4.3"," 8"," 996.3"," 8","994.2"," 8","999.9"," 0","  9.2"," 8"," 17.5","999.9","  11.3","*","   5.5","*"," 0.00","F","999.9","000000"
"21802099999","2022-04-20","71.9666666","114.0833333","18.0","SASKYLAH, RS","  11.4"," 8","   7.0"," 8","1005.9"," 8","003.7"," 8","999.9"," 0","  7.5"," 8","  9.7","999.9","  12.7","*","   2.7"," "," 0.00","F","999.9","000000"
"21802099999","2022-04-21","71.9666666","114.0833333","18.0","SASKYLAH, RS","   9.6"," 8","   6.2"," 8","1014.0"," 8","011.9"," 8","999.9"," 0","  5.6"," 8","  9.7","999.9","  15.4","*","   5.0"," "," 0.00","H"," 18.5","001000"
"21802099999","2022-04-22","71.9666666","114.0833333","18.0","SASKYLAH, RS","   9.5"," 8","   5.4"," 8","1018.4"," 8","016.1"," 8"," 14.6"," 4","  7.5"," 8"," 11.7","999.9","  15.3"," ","   6.1","*"," 0.04","F"," 18.5","001000"
"21802099999","2022-04-23","71.9666666","114.0833333","18.0","SASKYLAH, RS","   4.9"," 8","   0.7"," 8","1017.9"," 8","015.7"," 8","999.9"," 0","  4.1"," 8","  5.8","999.9","   9.3"," ","   0.7","*"," 0.00","F","999.9","000000"
"21802099999","2022-04-24","71.9666666","114.0833333","18.0","SASKYLAH, RS","   3.6"," 8","  -2.8"," 8","1013.9"," 8","011.7"," 8","999.9"," 0","  4.1"," 8","  7.8","999.9","  18.0"," "," -11.0","*"," 0.00","F"," 18.9","000000"
"21802099999","2022-04-25","71.9666666","114.0833333","18.0","SASKYLAH, RS","  -6.2"," 8"," -11.8"," 8","1018.1"," 8","015.9"," 8"," 31.1"," 4","  1.9"," 8","  5.8","999.9","   4.6"," "," -17.3","*"," 0.00","F"," 18.9","000000"
"21802099999","2022-04-26","71.9666666","114.0833333","18.0","SASKYLAH, RS","  -2.6"," 8"," -10.6"," 8","1019.4"," 8","017.2"," 8","999.9"," 0","  2.2"," 8","  3.9","999.9","   8.8"," "," -18.9"," "," 0.00","F"," 18.9","000000"
"21802099999","2022-04-27","71.9666666","114.0833333","18.0","SASKYLAH, RS","   4.0"," 8","  -4.4"," 8","1022.3"," 8","020.1"," 8","999.9"," 0","  2.4"," 8","  3.9","999.9","  22.6"," "," -17.7"," "," 0.00","F"," 18.9","000000"
"21802099999","2022-04-28","71.9666666","114.0833333","18.0","SASKYLAH, RS","  18.0"," 8","  10.0"," 8","1015.9"," 8","013.8"," 8"," 31.1"," 4","  7.0"," 8","  9.7","999.9","  28.6","*","  -0.8","*"," 0.00","F"," 18.9","000000"
"21802099999","2022-04-29","71.9666666","114.0833333","18.0","SASKYLAH, RS","  22.3"," 8","  17.6"," 8","1010.9"," 8","008.8"," 8"," 31.1"," 4","  9.2"," 8"," 13.6","999.9","  25.7","*","  18.7"," "," 0.00","F"," 18.9","000000"
"21802099999","2022-04-30","71.9666666","114.0833333","18.0","SASKYLAH, RS","  19.6"," 8","  15.1"," 8"," 999.6"," 8","997.5"," 8","999.9"," 0"," 14.8"," 8"," 23.3","999.9","  36.3"," ","   8.1","*"," 0.00","F"," 18.9","000000"
"21802099999","2022-05-01","71.9666666","114.0833333","18.0","SASKYLAH, RS","  13.8"," 8","   9.0"," 8","1006.4"," 8","004.3"," 8","999.9"," 0"," 10.7"," 8"," 17.5","999.9","  19.2"," ","   7.9"," "," 0.00","F","999.9","000000"
"21802099999","2022-05-02","71.9666666","114.0833333","18.0","SASKYLAH, RS","  16.7"," 8","   9.4"," 8","1008.2"," 8","006.1"," 8","999.9"," 0","  3.4"," 8","  5.8","999.9","  27.3"," ","   0.5","*"," 0.00","F"," 18.9","000000"
"21802099999","2022-05-03","71.9666666","114.0833333","18.0","SASKYLAH, RS","  20.9"," 8","   9.5"," 8","1006.6"," 8","004.5"," 8","999.9"," 0","  4.1"," 8","  7.8","999.9","  33.1"," ","  -1.3"," "," 0.00","F"," 18.9","000000"
"21802099999","2022-05-04","71.9666666","114.0833333","18.0","SASKYLAH, RS","  26.3"," 8","  14.4"," 8","1006.1"," 8","004.1"," 8"," 31.1"," 4","  4.1"," 8","  7.8","999.9","  38.1"," ","   8.4"," "," 0.00","F"," 17.7","000000"
"21802099999","2022-05-05","71.9666666","114.0833333","18.0","SASKYLAH, RS","  17.8"," 8","  14.0"," 8","1006.0"," 8","003.9"," 8"," 31.1"," 8","  5.1"," 8","  9.7","999.9","  24.1"," ","  10.0","*"," 0.00","F"," 16.5","000000"
"21802099999","2022-05-06","71.9666666","114.0833333","18.0","SASKYLAH, RS","  22.2"," 8","  17.1"," 8"," 999.2"," 8","997.2"," 8"," 18.8"," 5"," 11.4"," 8"," 21.4","999.9","  33.6"," ","   9.3"," "," 0.00","F"," 16.5","001000"
"21802099999","2022-05-07","71.9666666","114.0833333","18.0","SASKYLAH, RS","  17.1"," 8","  11.3"," 8","1003.8"," 8","001.7"," 8","999.9"," 0"," 13.4"," 8"," 17.5","999.9","  18.9"," ","  13.6"," "," 0.00","F","999.9","000000"
"21802099999","2022-05-08","71.9666666","114.0833333","18.0","SASKYLAH, RS","  16.1"," 8","  10.8"," 8","1006.3"," 8","004.2"," 8","999.9"," 0"," 14.6"," 8"," 17.5","999.9","  20.3"," ","  10.0","*"," 0.00","F"," 16.5","000000"
"21802099999","2022-05-09","71.9666666","114.0833333","18.0","SASKYLAH, RS","  14.0"," 8","   9.1"," 8","1013.9"," 8","011.8"," 8","999.9"," 0","  8.7"," 8"," 13.6","999.9","  17.8","*","   8.6","*"," 0.00","F","999.9","000000"
"21802099999","2022-05-10","71.9666666","114.0833333","18.0","SASKYLAH, RS","  26.2"," 8","  22.1"," 8","1010.4"," 8","008.3"," 8"," 17.4"," 4","  8.3"," 8"," 15.5","999.9","  35.6"," ","   6.4"," "," 0.03","F"," 16.5","011000"
"21802099999","2022-05-11","71.9666666","114.0833333","18.0","SASKYLAH, RS","  22.8"," 8","  17.1"," 8","1007.7"," 8","005.7"," 8","999.9"," 0","  7.8"," 8"," 13.6","999.9","  27.0","*","  13.5"," "," 0.00","F","999.9","001000"
"21802099999","2022-05-12","71.9666666","114.0833333","18.0","SASKYLAH, RS","  22.0"," 8","  15.2"," 8","1007.4"," 8","005.3"," 8"," 31.1"," 4"," 10.7"," 8"," 21.4","999.9","  31.8"," ","  11.8","*"," 0.08","F"," 15.4","000000"
"21802099999","2022-05-13","71.9666666","114.0833333","18.0","SASKYLAH, RS","  20.9"," 8","  16.2"," 8","1014.8"," 8","012.7"," 8"," 16.5"," 4"," 15.3"," 8"," 21.4","999.9","  23.7"," ","  11.3"," "," 0.04","F"," 15.4","001000"
"21802099999","2022-05-14","71.9666666","114.0833333","18.0","SASKYLAH, RS","  23.3"," 8","  15.7"," 8","1016.2"," 8","014.1"," 8","999.9"," 0","  8.0"," 8"," 11.7","999.9","  27.5"," ","  19.6"," "," 0.04","F"," 15.4","000000"
"21802099999","2022-05-15","71.9666666","114.0833333","18.0","SASKYLAH, RS","  33.9"," 8","  30.6"," 8","1009.8"," 8","007.8"," 8"," 28.7"," 8","  7.3"," 8","  9.7","999.9","  37.6"," ","  19.9"," "," 0.03","F"," 13.8","010000"
"21802099999","2022-05-16","71.9666666","114.0833333","18.0","SASKYLAH, RS","  29.5"," 8","  26.0"," 8","1010.5"," 8","008.5"," 8"," 31.1"," 7","  5.1"," 8","  7.8","999.9","  33.3"," ","  21.0","*"," 0.00","F"," 11.8","000000"
"21802099999","2022-05-17","71.9666666","114.0833333","18.0","SASKYLAH, RS","  19.8"," 8","  15.4"," 8","1013.6"," 8","011.5"," 8"," 31.1"," 8","  7.8"," 8","  9.7","999.9","  24.4"," ","  13.1","*"," 0.00","F"," 10.6","000000"
"21802099999","2022-05-18","71.9666666","114.0833333","18.0","SASKYLAH, RS","  19.3"," 8","  14.0"," 8","1009.2"," 8","007.1"," 8"," 31.1"," 6","  8.7"," 8"," 13.6","999.9","  23.2","*","  12.9"," "," 0.00","F"," 10.6","000000"
"21802099999","2022-05-19","71.9666666","114.0833333","18.0","SASKYLAH, RS","  26.1"," 8","  20.6"," 8","1007.3"," 8","005.3"," 8"," 31.1"," 5","  6.6"," 8"," 11.7","999.9","  33.1"," ","  14.4"," "," 0.00","F"," 10.6","000000"
"21802099999","2022-05-20","71.9666666","114.0833333","18.0","SASKYLAH, RS","  26.4"," 8","  23.4"," 7","1013.2"," 8","011.1"," 8"," 31.1"," 5","  4.4"," 8","  5.8","999.9","  31.1"," ","  18.0"," "," 0.00","F"," 10.6","000000"
"21802099999","2022-05-21","71.9666666","114.0833333","18.0","SASKYLAH, RS","  34.8"," 8","  27.1"," 8","1009.2"," 8","007.2"," 8"," 31.1"," 6","  4.9"," 8","  5.8","999.9","  41.4"," ","  25.7"," "," 0.00","F","  9.8","000000"
"21802099999","2022-05-22","71.9666666","114.0833333","18.0","SASKYLAH, RS","  41.4"," 8","  31.8"," 8","1008.8"," 8","006.8"," 8"," 31.1"," 6","  5.6"," 8","  9.7","999.9","  53.1"," ","  32.0"," "," 0.00","F","  9.1","000000"
"21802099999","2022-05-23","71.9666666","114.0833333","18.0","SASKYLAH, RS","  33.4"," 8","  27.9"," 8","1008.8"," 8","006.8"," 8"," 31.1"," 5","  8.7"," 8"," 11.7","999.9","  37.4"," ","  30.9","*"," 0.00","F","999.9","000000"
"21802099999","2022-05-24","71.9666666","114.0833333","18.0","SASKYLAH, RS","  32.1"," 8","  29.3"," 8","1012.8"," 8","010.8"," 8"," 23.9"," 8","  9.2"," 8"," 15.5","999.9","  34.5"," ","  30.0","*"," 0.14","F","  6.7","011000"
"21802099999","2022-05-25","71.9666666","114.0833333","18.0","SASKYLAH, RS","  31.2"," 8","  25.7"," 8","1021.6"," 8","019.5"," 8"," 27.0"," 7","  6.3"," 8","  9.7","999.9","  33.6"," ","  29.5","*"," 0.02","F","  5.1","011000"
"21802099999","2022-05-26","71.9666666","114.0833333","18.0","SASKYLAH, RS","  32.1"," 8","  27.5"," 8","1025.0"," 8","023.0"," 8"," 31.1"," 7"," 10.7"," 8"," 13.6","999.9","  34.5"," ","  28.8"," "," 0.00","F","  5.9","000000"
"21802099999","2022-05-27","71.9666666","114.0833333","18.0","SASKYLAH, RS","  32.2"," 8","  26.6"," 8","1022.8"," 8","020.6"," 8"," 31.1"," 7","  9.5"," 8"," 11.7","999.9","  36.1"," ","  29.3","*"," 0.00","F","  3.5","000000"
"21802099999","2022-05-28","71.9666666","114.0833333","18.0","SASKYLAH, RS","  31.9"," 8","  26.4"," 8","1021.3"," 8","019.3"," 8"," 31.1"," 6","  4.6"," 8","  7.8","999.9","  36.3","*","  27.5","*"," 0.00","F","999.9","000000"
"21802099999","2022-05-29","71.9666666","114.0833333","18.0","SASKYLAH, RS","  31.6"," 8","  25.6"," 8","1023.9"," 8","021.9"," 8"," 31.1"," 7","  6.6"," 8","  7.8","999.9","  34.7"," ","  26.6"," "," 0.00","F","999.9","000000"
"21802099999","2022-05-30","71.9666666","114.0833333","18.0","SASKYLAH, RS","  31.3"," 8","  26.0"," 8","1017.2"," 8","015.2"," 8"," 31.1"," 7","  5.1"," 8","  5.8","999.9","  33.4"," ","  27.9"," "," 0.00","F","999.9","000000"
"21802099999","2022-05-31","71.9666666","114.0833333","18.0","SASKYLAH, RS","  29.6"," 8","  25.3"," 8","1009.6"," 8","007.6"," 8"," 31.1"," 6","  7.3"," 8","  9.7","999.9","  32.2"," ","  26.1","*"," 0.00","F","999.9","000000"
"21802099999","2022-06-01","71.9666666","114.0833333","18.0","SASKYLAH, RS","  35.2"," 8","  29.6"," 8","1007.1"," 8","005.1"," 8"," 31.1"," 8","  9.2"," 8"," 11.7","999.9","  38.3","*","  25.7"," "," 0.00","F","999.9","000000"
"21802099999","2022-06-02","71.9666666","114.0833333","18.0","SASKYLAH, RS","  48.4"," 8","  34.2"," 8","1007.6"," 8","005.6"," 8"," 31.1"," 6","  4.9"," 8","  9.7","999.9","  60.3"," ","  34.2"," "," 0.00","F","999.9","000000"
"21802099999","2022-06-03","71.9666666","114.0833333","18.0","SASKYLAH, RS","  50.4"," 8","  35.8"," 8","1009.0"," 8","007.1"," 8"," 31.1"," 6","  4.9"," 8","  7.8","999.9","  64.8"," ","  37.0","*"," 0.00","F","999.9","000000"
"21802099999","2022-06-04","71.9666666","114.0833333","18.0","SASKYLAH, RS","  35.4"," 8","  32.4"," 8","1008.5"," 8","006.6"," 8"," 25.7"," 7"," 10.2"," 8"," 13.6","999.9","  42.6","*","  29.8","*"," 0.04","F","999.9","010000"
"21802099999","2022-06-05","71.9666666","114.0833333","18.0","SASKYLAH, RS","  38.2"," 8","  32.8"," 8","1014.1"," 8","012.1"," 8"," 26.4"," 4","  6.6"," 8","  9.7","999.9","  46.6"," ","  29.8"," "," 0.31","F","999.9","010000"
"21802099999","2022-06-06","71.9666666","114.0833333","18.0","SASKYLAH, RS","  37.5"," 8","  27.2"," 8","1021.8"," 8","019.8"," 8"," 31.1"," 7","  4.6"," 8","  7.8","999.9","  44.2"," ","  32.4"," "," 0.00","F","999.9","000000"
"21802099999","2022-06-07","71.9666666","114.0833333","18.0","SASKYLAH, RS","  48.3"," 8","  34.5"," 7","1020.0"," 8","018.1"," 8"," 31.1"," 8","  5.6"," 8","  9.7","999.9","  56.5"," ","  33.3"," "," 0.00","F","999.9","000000"
"21802099999","2022-06-08","71.9666666","114.0833333","18.0","SASKYLAH, RS","  51.4"," 8","  40.9"," 8","1012.3"," 8","010.3"," 8"," 31.1"," 7","  6.6"," 8","  9.7","999.9","  61.0"," ","  40.6"," "," 0.00","F","999.9","000000"
"21802099999","2022-06-09","71.9666666","114.0833333","18.0","SASKYLAH, RS","  48.8"," 8","  40.8"," 8","1014.1"," 8","012.2"," 8"," 31.1"," 5","  8.0"," 8","  9.7","999.9","  54.9"," ","  40.8"," "," 0.00","F","999.9","000000"
"21802099999","2022-06-10","71.9666666","114.0833333","18.0","SASKYLAH, RS","  41.7"," 8","  36.9"," 8","1011.8"," 8","009.8"," 8"," 26.9"," 6"," 11.4"," 8"," 15.5","999.9","  51.4"," ","  35.1","*"," 0.08","F","999.9","010000"
"21802099999","2022-06-11","71.9666666","114.0833333","18.0","SASKYLAH, RS","  49.9"," 8","  42.1"," 8","1013.3"," 8","011.3"," 8"," 31.1"," 6"," 10.7"," 8"," 13.6","999.9","  66.6"," ","  34.7"," "," 0.00","F","999.9","000000"
"21802099999","2022-06-12","71.9666666","114.0833333","18.0","SASKYLAH, RS","  58.6"," 8","  45.5"," 8","1008.8"," 8","006.9"," 8"," 31.1"," 4","  5.3"," 8","  7.8","999.9","  69.3"," ","  43.2"," "," 0.00","F","999.9","000000"
"21802099999","2022-06-13","71.9666666","114.0833333","18.0","SASKYLAH, RS","  64.5"," 8","  46.5"," 8","1003.2"," 8","001.3"," 8"," 31.1"," 5","  5.6"," 8","  7.8","999.9","  72.9"," ","  52.2"," "," 0.00","F","999.9","000000"
"21802099999","2022-06-14","71.9666666","114.0833333","18.0","SASKYLAH, RS","  51.4"," 8","  40.1"," 8","1007.3"," 8","005.4"," 8"," 26.4"," 8","  8.7"," 8"," 13.6","999.9","  75.0"," ","  35.2","*"," 0.08","F","999.9","010000"
"21802099999","2022-06-15","71.9666666","114.0833333","18.0","SASKYLAH, RS","  43.0"," 8","  32.5"," 7","1016.2"," 8","014.2"," 8"," 31.1"," 7","  6.6"," 8","  9.7","999.9","  53.2"," ","  31.8","*"," 0.00","F","999.9","000000"
"21802099999","2022-06-16","71.9666666","114.0833333","18.0","SASKYLAH, RS","  51.3"," 8","  33.1"," 8","1014.1"," 8","012.2"," 8"," 31.1"," 4","  6.3"," 8","  9.7","999.9","  60.4"," ","  30.7"," "," 0.00","F","999.9","000000"
"21802099999","2022-06-17","71.9666666","114.0833333","18.0","SASKYLAH, RS","  59.0"," 8","  41.2"," 8","1002.9"," 8","001.0"," 8"," 31.1"," 7","  8.5"," 8"," 11.7","999.9","  69.8"," ","  45.5"," "," 0.00","F","999.9","000000"
"21802099999","2022-06-18","71.9666666","114.0833333","18.0","SASKYLAH, RS","  47.5"," 8","  41.2"," 8"," 993.7"," 8","991.7"," 8"," 31.1"," 6"," 13.1"," 8"," 19.4","999.9","  60.8"," ","  34.9","*"," 0.03","F","999.9","000000"
"21802099999","2022-06-19","71.9666666","114.0833333","18.0","SASKYLAH, RS","  37.5"," 8","  31.9"," 8","1009.1"," 8","007.1"," 8"," 31.1"," 6"," 10.2"," 8"," 21.4","999.9","  41.5"," ","  34.3"," "," 0.00","F","999.9","000000"
"21802099999","2022-06-20","71.9666666","114.0833333","18.0","SASKYLAH, RS","  49.4"," 7","  34.2"," 7","1010.3"," 7","008.4"," 7"," 31.1"," 5","  4.2"," 7","  5.8","999.9","  57.2"," ","  35.2"," "," 0.00","F","999.9","000000"
"21802099999","2022-06-21","71.9666666","114.0833333","18.0","SASKYLAH, RS","  51.3"," 8","  43.7"," 8","1002.7"," 8","000.8"," 8"," 31.1"," 5","  4.6"," 8","  7.8","999.9","  61.0"," ","  39.4","*"," 0.00","F","999.9","000000"
"21802099999","2022-06-22","71.9666666","114.0833333","18.0","SASKYLAH, RS","  49.6"," 8","  34.7"," 8","1010.1"," 8","008.1"," 8"," 31.1"," 6","  6.3"," 8","  7.8","999.9","  56.1"," ","  39.4"," "," 0.00","F","999.9","000000"
"21802099999","2022-06-23","71.9666666","114.0833333","18.0","SASKYLAH, RS","  49.1"," 8","  34.5"," 8","1011.6"," 8","009.6"," 8"," 31.1"," 8","  6.1"," 8","  7.8","999.9","  56.7"," ","  39.4","*"," 0.00","F","999.9","000000"
"21802099999","2022-06-24","71.9666666","114.0833333","18.0","SASKYLAH, RS","  49.6"," 8","  37.4"," 8","1001.0"," 8","999.1"," 8"," 31.1"," 8"," 10.2"," 8"," 15.5","999.9","  59.5"," ","  39.4"," "," 0.03","F","999.9","000000"
"21802099999","2022-06-25","71.9666666","114.0833333","18.0","SASKYLAH, RS","  38.8"," 8","  34.4"," 8","1000.0"," 8","998.0"," 8"," 31.1"," 6","  9.0"," 8"," 11.7","999.9","  43.7"," ","  33.3","*"," 0.04","F","999.9","000000"
"21802099999","2022-06-26","71.9666666","114.0833333","18.0","SASKYLAH, RS","  40.7"," 8","  31.4"," 8","1008.1"," 8","006.1"," 8"," 31.1"," 7","  7.8"," 8","  9.7","999.9","  48.4"," ","  33.3"," "," 0.00","F","999.9","000000"
"21802099999","2022-06-27","71.9666666","114.0833333","18.0","SASKYLAH, RS","  39.9"," 8","  31.9"," 8","1008.8"," 8","006.8"," 8"," 31.1"," 7","  9.0"," 8"," 11.7","999.9","  46.9"," ","  34.2"," "," 0.00","F","999.9","000000"
"21802099999","2022-06-28","71.9666666","114.0833333","18.0","SASKYLAH, RS","  48.5"," 8","  35.2"," 8","1006.7"," 8","004.7"," 8"," 31.1"," 5","  6.8"," 8","  9.7","999.9","  55.8"," ","  34.5"," "," 0.00","F","999.9","000000"
"21802099999","2022-06-29","71.9666666","114.0833333","18.0","SASKYLAH, RS","  57.6"," 8","  37.3"," 8","1000.0"," 8","998.1"," 8"," 31.1"," 7","  5.6"," 8","  7.8","999.9","  67.3"," ","  46.8"," "," 0.00","F","999.9","000000"
"21802099999","2022-06-30","71.9666666","114.0833333","18.0","SASKYLAH, RS","  52.9"," 8","  37.0"," 8","1003.0"," 8","001.1"," 8"," 31.1"," 6","  6.1"," 8","  9.7","999.9","  60.3"," ","  45.7","*"," 0.00","F","999.9","000000"
"21802099999","2022-07-01","71.9666666","114.0833333","18.0","SASKYLAH, RS","  54.0"," 8","  40.4"," 8","1006.3"," 8","004.3"," 8"," 31.1"," 8","  5.6"," 8","  7.8","999.9","  59.7"," ","  45.5"," "," 0.00","F","999.9","000000"
"21802099999","2022-07-02","71.9666666","114.0833333","18.0","SASKYLAH, RS","  63.3"," 8","  45.8"," 8","1001.2"," 8","999.3"," 8"," 31.1"," 8","  4.9"," 8","  7.8","999.9","  71.4"," ","  48.9"," "," 0.00","F","999.9","000000"
"21802099999","2022-07-03","71.9666666","114.0833333","18.0","SASKYLAH, RS","  60.1"," 8","  44.5"," 8","1001.7"," 8","999.8"," 8"," 31.1"," 6","  7.8"," 8","  9.7","999.9","  72.0"," ","  45.7","*"," 0.00","F","999.9","000000"
"21802099999","2022-07-04","71.9666666","114.0833333","18.0","SASKYLAH, RS","  43.9"," 8","  39.7"," 8"," 997.9"," 8","995.9"," 8"," 21.3"," 7"," 12.4"," 8"," 13.6","999.9","  52.5"," ","  35.6","*"," 0.24","F","999.9","010000"
"21802099999","2022-07-05","71.9666666","114.0833333","18.0","SASKYLAH, RS","  48.4"," 8","  42.2"," 8","1006.3"," 8","004.3"," 8"," 31.1"," 4","  3.2"," 8","  5.8","999.9","  53.1"," ","  35.2"," "," 0.00","F","999.9","000000"
"21802099999","2022-07-06","71.9666666","114.0833333","18.0","SASKYLAH, RS","  56.7"," 8","  44.0"," 8","1003.7"," 8","001.8"," 8"," 31.1"," 8","  2.2"," 8","  3.9","999.9","  60.6"," ","  46.6"," "," 0.20","F","999.9","000000"
"21802099999","2022-07-07","71.9666666","114.0833333","18.0","SASKYLAH, RS","  50.9"," 8","  39.7"," 8","1002.7"," 8","000.7"," 8"," 31.1"," 8","  8.0"," 8"," 13.6","999.9","  59.7","*","  39.7","*"," 0.00","H","999.9","010000"
"21802099999","2022-07-08","71.9666666","114.0833333","18.0","SASKYLAH, RS","  51.8"," 8","  38.5"," 8","1003.4"," 8","001.5"," 8"," 31.1"," 8","  5.6"," 8"," 11.7","999.9","  57.4","*","  38.7"," "," 0.00","E","999.9","000000"
"21802099999","2022-07-09","71.9666666","114.0833333","18.0","SASKYLAH, RS","  57.9"," 8","  45.7"," 8","1000.3"," 8","998.4"," 8"," 31.1"," 7","  6.3"," 8"," 11.7","999.9","  64.6"," ","  48.6"," "," 0.00","F","999.9","010000"
"21802099999","2022-07-10","71.9666666","114.0833333","18.0","SASKYLAH, RS","  53.7"," 8","  47.3"," 8","1004.5"," 8","002.5"," 8"," 28.0"," 8","  5.8"," 8","  7.8","999.9","  59.5"," ","  46.4","*"," 0.00","H","999.9","010000"
"21802099999","2022-07-11","71.9666666","114.0833333","18.0","SASKYLAH, RS","  46.9"," 8","  42.0"," 8","1009.4"," 8","007.4"," 8"," 28.0"," 8","  9.0"," 8"," 11.7"," 19.4","  55.8"," ","  41.9","*"," 0.20","F","999.9","010010"
"21802099999","2022-07-12","71.9666666","114.0833333","18.0","SASKYLAH, RS","  44.9"," 8","  37.1"," 8","1015.8"," 8","013.8"," 8"," 31.1"," 7","  9.0"," 8"," 11.7","999.9","  53.1"," ","  38.1","*"," 0.08","F","999.9","000000"
"21802099999","2022-07-13","71.9666666","114.0833333","18.0","SASKYLAH, RS","  46.2"," 8","  40.4"," 8","1018.7"," 8","016.4"," 8"," 28.7"," 8","  6.8"," 8","  9.7","999.9","  48.9"," ","  37.6"," "," 0.02","F","999.9","010000"
"21802099999","2022-07-14","71.9666666","114.0833333","18.0","SASKYLAH, RS","  46.8"," 8","  43.0"," 8","1018.8"," 8","016.5"," 8"," 18.6"," 8","  6.8"," 8","  7.8","999.9","  50.0"," ","  40.8"," "," 0.28","F","999.9","010000"
"21802099999","2022-07-15","71.9666666","114.0833333","18.0","SASKYLAH, RS","  54.4"," 7","  43.2"," 7","1021.6"," 7","019.4"," 7"," 31.1"," 7","  4.7"," 7","  9.7","999.9","  65.7"," ","  42.4"," "," 0.08","F","999.9","000000"
"21802099999","2022-07-16","71.9666666","114.0833333","18.0","SASKYLAH, RS","  57.4"," 7","  44.4"," 7","1020.2"," 7","018.0"," 7"," 31.1"," 7","  5.0"," 7","  7.8","999.9","  67.6"," ","  46.0"," "," 0.00","E","999.9","000000"
"21802099999","2022-07-17","71.9666666","114.0833333","18.0","SASKYLAH, RS","  55.1"," 8","  42.1"," 8","1018.3"," 8","016.1"," 8"," 31.1"," 8","  8.0"," 8"," 13.6","999.9","  62.8"," ","  46.0","*"," 0.00","F","999.9","000000"
"21802099999","2022-07-18","71.9666666","114.0833333","18.0","SASKYLAH, RS","  52.1"," 8","  42.3"," 8","1015.4"," 8","013.1"," 8"," 31.1"," 8","  8.3"," 8","  9.7","999.9","  60.1"," ","  43.3","*"," 0.00","F","999.9","000000"
"21802099999","2022-07-19","71.9666666","114.0833333","18.0","SASKYLAH, RS","  47.3"," 8","  41.3"," 8","1022.0"," 8","019.7"," 8"," 28.7"," 8"," 10.4"," 8"," 13.6","999.9","  52.3"," ","  41.2"," "," 0.00","F","999.9","010000"
"21802099999","2022-07-20","71.9666666","114.0833333","18.0","SASKYLAH, RS","  49.8"," 8","  37.5"," 8","1024.5"," 8","022.4"," 8"," 31.1"," 7","  9.2"," 8"," 11.7","999.9","  61.9"," ","  40.8"," "," 0.00","F","999.9","000000"
"21802099999","2022-07-21","71.9666666","114.0833333","18.0","SASKYLAH, RS","  52.9"," 8","  42.2"," 8","1017.3"," 8","014.2"," 8"," 31.1"," 8","  8.0"," 8","  9.7","999.9","  66.9","*","  40.6"," "," 0.00","F","999.9","000000"
"21802099999","2022-07-22","71.9666666","114.0833333","18.0","SASKYLAH, RS","  47.1"," 8","  43.2"," 8","1009.8"," 8","007.5"," 8"," 28.7"," 8","  6.6"," 8","  9.7","999.9","  51.8","*","  43.2","*"," 0.00","F","999.9","010000"
"21802099999","2022-07-23","71.9666666","114.0833333","18.0","SASKYLAH, RS","  51.9"," 8","  47.9"," 8","1010.1"," 8","007.9"," 8"," 31.1"," 8","  3.4"," 8","  5.8","999.9","  56.5"," ","  43.0"," "," 0.00","F","999.9","000000"
"21802099999","2022-07-24","71.9666666","114.0833333","18.0","SASKYLAH, RS","  65.3"," 8","  54.4"," 8","1010.0"," 8","008.0"," 8"," 31.1"," 8","  4.4"," 8","  9.7","999.9","  75.0"," ","  48.7"," "," 0.00","F","999.9","000000"
"21802099999","2022-07-25","71.9666666","114.0833333","18.0","SASKYLAH, RS","  69.7"," 8","  58.4"," 8","1007.3"," 8","005.3"," 8"," 31.1"," 4","  4.9"," 8"," 11.7","999.9","  78.1"," ","  57.9"," "," 0.00","F","999.9","000000"
"21802099999","2022-07-26","71.9666666","114.0833333","18.0","SASKYLAH, RS","  72.9"," 8","  63.4"," 8","1009.8"," 8","007.8"," 8","999.9"," 0","  1.7"," 8","  3.9","999.9","  81.7"," ","  61.5"," "," 0.08","F","999.9","000000"
"21802099999","2022-07-27","71.9666666","114.0833333","18.0","SASKYLAH, RS","  75.5"," 8","  63.7"," 8","1007.6"," 8","005.6"," 8"," 31.1"," 4","  7.8"," 8"," 11.7","999.9","  86.7"," ","  62.2"," "," 0.00","F","999.9","000000"
"21802099999","2022-07-28","71.9666666","114.0833333","18.0","SASKYLAH, RS","  63.5"," 8","  57.1"," 8","1010.8"," 8","008.8"," 8"," 31.1"," 4","  5.8"," 8","  9.7","999.9","  71.4"," ","  57.6","*"," 0.00","F","999.9","000000"
"21802099999","2022-07-29","71.9666666","114.0833333","18.0","SASKYLAH, RS","  64.9"," 8","  55.1"," 8","1009.7"," 8","007.7"," 8"," 31.1"," 4","  4.4"," 8","  7.8","999.9","  73.0"," ","  57.0"," "," 0.00","F","999.9","000000"
"21802099999","2022-07-30","71.9666666","114.0833333","18.0","SASKYLAH, RS","  68.0"," 8","  55.5"," 8","1003.2"," 8","001.2"," 8","999.9"," 0","  3.9"," 8","  5.8","999.9","  76.8"," ","  57.4"," "," 0.00","F","999.9","000000"
"21802099999","2022-07-31","71.9666666","114.0833333","18.0","SASKYLAH, RS","  48.7"," 8","  47.6"," 8","1004.9"," 8","002.8"," 8","999.9"," 0","  8.3"," 8"," 11.7","999.9","  57.0"," ","  42.3","*"," 0.12","F","999.9","010000"
"21802099999","2022-08-01","71.9666666","114.0833333","18.0","SASKYLAH, RS","  47.6"," 7","  41.8"," 7","1010.3"," 7","008.2"," 7"," 31.1"," 4","  7.8"," 7"," 11.7","999.9","  54.5"," ","  41.5"," "," 0.12","F","999.9","000000"
"21802099999","2022-08-02","71.9666666","114.0833333","18.0","SASKYLAH, RS","  47.3"," 8","  40.6"," 8","1013.5"," 8","011.3"," 8"," 31.1"," 4","  7.3"," 8","  9.7","999.9","  51.3"," ","  43.0"," "," 0.00","F","999.9","000000"
"21802099999","2022-08-03","71.9666666","114.0833333","18.0","SASKYLAH, RS","  47.3"," 8","  41.2"," 8","1017.0"," 8","014.9"," 8"," 31.1"," 4","  9.7"," 8"," 13.6","999.9","  51.6"," ","  43.5"," "," 0.00","F","999.9","000000"
"21802099999","2022-08-04","71.9666666","114.0833333","18.0","SASKYLAH, RS","  55.9"," 8","  45.3"," 8","1015.3"," 8","013.2"," 8"," 31.1"," 4","  4.1"," 8","  7.8","999.9","  63.1"," ","  44.2"," "," 0.00","F","999.9","000000"
"21802099999","2022-08-05","71.9666666","114.0833333","18.0","SASKYLAH, RS","  59.2"," 8","  52.0"," 8","1011.7"," 8","009.6"," 8"," 31.1"," 4","  2.2"," 8","  5.8","999.9","  68.0"," ","  51.6"," "," 0.00","F","999.9","000000"
"21802099999","2022-08-06","71.9666666","114.0833333","18.0","SASKYLAH, RS","  55.6"," 8","  43.8"," 8","1008.8"," 8","006.8"," 8","999.9"," 0","  4.9"," 8","  7.8","999.9","  66.4"," ","  40.1","*"," 0.00","F","999.9","000000"
"21802099999","2022-08-07","71.9666666","114.0833333","18.0","SASKYLAH, RS","  49.6"," 8","  45.1"," 8","1004.5"," 8","002.4"," 8","999.9"," 0","  5.6"," 8","  7.8","999.9","  53.2"," ","  40.1"," "," 0.00","F","999.9","000000"
"21802099999","2022-08-08","71.9666666","114.0833333","18.0","SASKYLAH, RS","  52.7"," 8","  48.5"," 8","1004.6"," 8","002.5"," 8"," 31.1"," 4","  4.4"," 8","  7.8","999.9","  56.1"," ","  47.5"," "," 0.00","F","999.9","000000"
"21802099999","2022-08-09","71.9666666","114.0833333","18.0","SASKYLAH, RS","  59.7"," 8","  50.5"," 8","1004.4"," 8","002.3"," 8"," 31.1"," 4","  6.8"," 8","  9.7","999.9","  67.5"," ","  50.7"," "," 0.00","F","999.9","000000"
"21802099999","2022-08-10","71.9666666","114.0833333","18.0","SASKYLAH, RS","  56.6"," 6","  49.0"," 6","1005.0"," 6","003.0"," 6"," 24.9"," 4","  4.9"," 6","  7.8","999.9","  62.4"," ","  50.0","*"," 0.04","F","999.9","010000"
"21802099999","2022-08-11","71.9666666","114.0833333","18.0","SASKYLAH, RS","  48.1"," 8","  41.8"," 8","1012.5"," 8","010.4"," 8"," 31.1"," 4","  9.5"," 8"," 11.7"," 21.4","  53.1","*","  42.1","*"," 0.04","E","999.9","000000"
"21802099999","2022-08-12","71.9666666","114.0833333","18.0","SASKYLAH, RS","  48.0"," 8","  39.3"," 8","1017.9"," 8","015.8"," 8"," 31.1"," 4","  4.1"," 8","  7.8","999.9","  51.3","*","  40.8"," "," 0.00","E","999.9","000000"
"21802099999","2022-08-13","71.9666666","114.0833333","18.0","SASKYLAH, RS","  49.2"," 8","  36.8"," 8","1016.8"," 8","014.7"," 8","999.9"," 0","  3.6"," 8","  7.8","999.9","  56.7"," ","  37.0","*"," 0.00","F","999.9","000000"
"21802099999","2022-08-14","71.9666666","114.0833333","18.0","SASKYLAH, RS","  49.5"," 8","  37.1"," 8","1011.2"," 8","009.1"," 8","999.9"," 0","  1.9"," 8","  3.9","999.9","  61.7"," ","  35.2","*"," 0.00","F","999.9","000000"
"21802099999","2022-08-15","71.9666666","114.0833333","18.0","SASKYLAH, RS","  52.8"," 8","  42.0"," 8","1006.1"," 8","004.0"," 8"," 31.1"," 4","  4.6"," 8","  7.8","999.9","  63.0"," ","  32.2"," "," 0.00","F","999.9","000000"
"21802099999","2022-08-16","71.9666666","114.0833333","18.0","SASKYLAH, RS","  51.2"," 8","  45.7"," 8","1003.2"," 8","001.1"," 8"," 31.1"," 5","  7.0"," 8","  7.8","999.9","  55.8"," ","  43.2"," "," 0.03","F","999.9","010000"
"21802099999","2022-08-17","71.9666666","114.0833333","18.0","SASKYLAH, RS","  48.8"," 8","  45.8"," 8","1004.6"," 8","002.5"," 8"," 31.1"," 4"," 10.4"," 8"," 13.6","999.9","  60.3"," ","  42.8","*"," 0.00","F","999.9","000000"
"21802099999","2022-08-18","71.9666666","114.0833333","18.0","SASKYLAH, RS","  42.5"," 8","  40.8"," 8","1009.3"," 8","007.2"," 8","  6.8"," 4"," 11.2"," 8"," 11.7","999.9","  48.2"," ","  38.1","*"," 0.00","F","999.9","010000"
"21802099999","2022-08-19","71.9666666","114.0833333","18.0","SASKYLAH, RS","  39.7"," 8","  36.7"," 8","1010.9"," 8","008.8"," 8"," 14.0"," 4","  9.2"," 8"," 11.7","999.9","  43.3"," ","  36.1","*"," 0.08","F","999.9","010000"
"21802099999","2022-08-20","71.9666666","114.0833333","18.0","SASKYLAH, RS","  41.6"," 8","  36.5"," 8","1012.7"," 8","010.5"," 8","999.9"," 0","  5.6"," 8","  7.8","999.9","  45.1"," ","  36.0"," "," 0.08","F","999.9","000000"
"21802099999","2022-08-21","71.9666666","114.0833333","18.0","SASKYLAH, RS","  40.6"," 8","  36.1"," 8","1012.8"," 8","010.7"," 8","999.9"," 0","  7.3"," 8","  9.7","999.9","  45.7"," ","  34.9","*"," 0.00","F","999.9","000000"
"21802099999","2022-08-22","71.9666666","114.0833333","18.0","SASKYLAH, RS","  46.2"," 8","  39.0"," 8","1012.0"," 8","009.9"," 8"," 23.9"," 4","  4.6"," 8","  7.8","999.9","  52.5"," ","  32.2"," "," 0.00","F","999.9","000000"
"21802099999","2022-08-23","71.9666666","114.0833333","18.0","SASKYLAH, RS","  46.2"," 8","  42.3"," 8","1006.6"," 8","004.5"," 8"," 24.9"," 4","  4.9"," 8","  7.8","999.9","  52.3"," ","  39.7","*"," 0.00","F","999.9","010000"
"21802099999","2022-08-24","71.9666666","114.0833333","18.0","SASKYLAH, RS","  42.8"," 8","  35.7"," 8","1004.4"," 8","002.3"," 8"," 31.1"," 4","  5.6"," 8","  9.7","999.9","  48.9"," ","  37.4"," "," 0.04","F","999.9","000000"
"21802099999","2022-08-25","71.9666666","114.0833333","18.0","SASKYLAH, RS","  47.4"," 8","  45.5"," 8"," 996.1"," 8","994.0"," 8"," 20.2"," 4","  4.4"," 8","  9.7","999.9","  52.0"," ","  37.6"," "," 0.00","F","999.9","010000"
"21802099999","2022-08-26","71.9666666","114.0833333","18.0","SASKYLAH, RS","  47.2"," 8","  45.6"," 8"," 994.8"," 8","992.7"," 8"," 31.1"," 4","  8.5"," 8"," 13.6","999.9","  49.6"," ","  44.2","*"," 0.12","F","999.9","010000"
"21802099999","2022-08-27","71.9666666","114.0833333","18.0","SASKYLAH, RS","  49.2"," 8","  47.9"," 8"," 993.3"," 8","991.3"," 8","999.9"," 0","  6.1"," 8","  9.7","999.9","  55.4"," ","  40.6","*"," 0.28","F","999.9","010000"
"21802099999","2022-08-28","71.9666666","114.0833333","18.0","SASKYLAH, RS","  39.9"," 8","  35.5"," 8","1003.2"," 8","001.1"," 8","999.9"," 0","  4.6"," 8","  9.7","999.9","  48.4"," ","  30.4","*"," 0.20","F","999.9","000000"
"21802099999","2022-08-29","71.9666666","114.0833333","18.0","SASKYLAH, RS","  47.1"," 7","  43.2"," 7","1001.8"," 7","999.8"," 7"," 21.7"," 4"," 11.1"," 7"," 15.5","999.9","  52.7"," ","  30.4"," "," 0.00","F","999.9","010000"
"21802099999","2022-08-30","71.9666666","114.0833333","18.0","SASKYLAH, RS","  46.3"," 8","  38.7"," 8","1005.1"," 8","003.0"," 8"," 31.1"," 4","  3.6"," 8","  5.8","999.9","  58.1"," ","  37.2","*"," 0.24","F","999.9","000000"
"21802099999","2022-08-31","71.9666666","114.0833333","18.0","SASKYLAH, RS","  44.9"," 8","  44.1"," 8","1003.8"," 8","001.7"," 8","  2.3"," 4","  8.7"," 8","  9.7","999.9","  48.4"," ","  36.9"," "," 0.00","F","999.9","110000"
"21802099999","2022-09-01","71.9666666","114.0833333","18.0","SASKYLAH, RS","  45.1"," 8","  43.7"," 8","1006.3"," 8","004.2"," 8","  2.5"," 4"," 11.9"," 8"," 13.6","999.9","  48.2"," ","  40.8","*"," 0.31","F","999.9","010000"
"21802099999","2022-09-02","71.9666666","114.0833333","18.0","SASKYLAH, RS","  39.7"," 8","  36.4"," 8","1017.7"," 8","015.6"," 8"," 23.9"," 4"," 10.2"," 8"," 13.6","999.9","  45.3"," ","  34.9","*"," 0.24","F","999.9","010000"
"21802099999","2022-09-03","71.9666666","114.0833333","18.0","SASKYLAH, RS","  38.4"," 8","  34.7"," 8","1020.0"," 8","017.8"," 8","999.9"," 0","  7.8"," 8"," 13.6","999.9","  43.9"," ","  34.9"," "," 0.08","F","999.9","100000"
"21802099999","2022-09-04","71.9666666","114.0833333","18.0","SASKYLAH, RS","  42.6"," 8","  32.9"," 8","1009.6"," 8","007.5"," 8","999.9"," 0","  7.0"," 8","  9.7","999.9","  50.0"," ","  34.3"," "," 0.00","F","999.9","000000"
"21802099999","2022-09-05","71.9666666","114.0833333","18.0","SASKYLAH, RS","  45.0"," 8","  34.6"," 8"," 997.7"," 8","995.6"," 8"," 31.1"," 5","  8.0"," 8"," 11.7","999.9","  49.3"," ","  37.8"," "," 0.00","F","999.9","000000"
"21802099999","2022-09-06","71.9666666","114.0833333","18.0","SASKYLAH, RS","  44.4"," 8","  38.6"," 8"," 993.7"," 8","991.6"," 8"," 31.1"," 4","  6.8"," 8"," 11.7","999.9","  50.2"," ","  39.4"," "," 0.00","F","999.9","000000"
"21802099999","2022-09-07","71.9666666","114.0833333","18.0","SASKYLAH, RS","  42.9"," 8","  39.2"," 8"," 997.5"," 8","995.4"," 8"," 31.1"," 4","  5.1"," 8","  7.8","999.9","  50.5"," ","  35.8","*"," 0.00","F","999.9","010000"
"21802099999","2022-09-08","71.9666666","114.0833333","18.0","SASKYLAH, RS","  39.0"," 8","  33.3"," 8"," 998.9"," 8","996.8"," 8"," 31.1"," 4","  4.1"," 8","  5.8","999.9","  43.2"," ","  34.7"," "," 0.04","F","999.9","000000"
"21802099999","2022-09-09","71.9666666","114.0833333","18.0","SASKYLAH, RS","  41.5"," 8","  40.1"," 8"," 993.2"," 8","991.2"," 8"," 21.7"," 4","  7.3"," 8","  9.7","999.9","  44.4"," ","  36.0"," "," 0.08","F","999.9","010000"
"21802099999","2022-09-10","71.9666666","114.0833333","18.0","SASKYLAH, RS","  38.5"," 8","  37.4"," 8","1002.2"," 8","000.0"," 8","999.9"," 0"," 10.4"," 8"," 13.6","999.9","  41.5"," ","  36.5","*"," 0.12","F","999.9","010000"
"21802099999","2022-09-11","71.9666666","114.0833333","18.0","SASKYLAH, RS","  37.2"," 8","  34.7"," 8","1010.8"," 8","008.7"," 8","999.9"," 0","  6.3"," 8"," 11.7","999.9","  39.4"," ","  34.9","*"," 0.16","F","999.9","010000"
"21802099999","2022-09-12","71.9666666","114.0833333","18.0","SASKYLAH, RS","  39.9"," 8","  32.9"," 8","1010.8"," 8","008.7"," 8"," 31.1"," 4","  5.6"," 8","  7.8","999.9","  46.6"," ","  33.3"," "," 0.00","F","999.9","000000"
"21802099999","2022-09-13","71.9666666","114.0833333","18.0","SASKYLAH, RS","  37.6"," 8","  34.5"," 8","1007.5"," 8","005.4"," 8"," 24.9"," 4","  4.6"," 8","  7.8","999.9","  43.5"," ","  35.8"," "," 0.04","F","999.9","010000"
"21802099999","2022-09-14","71.9666666","114.0833333","18.0","SASKYLAH, RS","  34.8"," 8","  30.9"," 8","1011.3"," 8","009.1"," 8"," 31.1"," 4","  3.4"," 8","  5.8","999.9","  41.0"," ","  28.8","*"," 0.03","F","999.9","010000"
"21802099999","2022-09-15","71.9666666","114.0833333","18.0","SASKYLAH, RS","  33.6"," 8","  30.6"," 8","1006.8"," 8","004.7"," 8"," 31.1"," 4","  5.1"," 8","  9.7","999.9","  38.7"," ","  27.7"," "," 0.00","F","999.9","000000"
"21802099999","2022-09-16","71.9666666","114.0833333","18.0","SASKYLAH, RS","  32.5"," 8","  31.3"," 8"," 999.7"," 8","997.6"," 8"," 16.8"," 4"," 11.2"," 8"," 13.6","999.9","  34.0"," ","  28.6"," "," 0.00","F","999.9","010000"
"21802099999","2022-09-17","71.9666666","114.0833333","18.0","SASKYLAH, RS","  35.1"," 8","  33.9"," 8","1008.0"," 8","005.8"," 8","999.9"," 0"," 13.1"," 8"," 19.4"," 23.3","  37.6"," ","  32.0"," "," 0.00","H","999.9","010000"
"21802099999","2022-09-18","71.9666666","114.0833333","18.0","SASKYLAH, RS","  34.4"," 8","  32.2"," 8","1015.8"," 8","013.6"," 8","999.9"," 0","  8.0"," 8","  9.7"," 23.3","  38.5"," ","  32.5","*"," 0.12","F","999.9","000000"
"21802099999","2022-09-19","71.9666666","114.0833333","18.0","SASKYLAH, RS","  32.3"," 8","  30.2"," 8","1012.0"," 8","009.8"," 8"," 23.6"," 4","  6.1"," 8","  7.8","999.9","  36.3"," ","  27.1","*"," 0.12","F","999.9","010000"
"21802099999","2022-09-20","71.9666666","114.0833333","18.0","SASKYLAH, RS","  30.9"," 8","  26.4"," 8","1010.9"," 8","008.7"," 8"," 31.1"," 4"," 10.9"," 8"," 13.6","999.9","  35.1"," ","  27.0"," "," 0.04","F","999.9","000000"
"21802099999","2022-09-21","71.9666666","114.0833333","18.0","SASKYLAH, RS","  28.6"," 8","  21.9"," 8","1013.9"," 8","011.7"," 8"," 31.1"," 4"," 12.6"," 8"," 15.5","999.9","  30.7"," ","  27.1"," "," 0.00","F","999.9","001000"
"21802099999","2022-09-22","71.9666666","114.0833333","18.0","SASKYLAH, RS","  28.0"," 8","  21.7"," 8","1012.2"," 8","010.0"," 8"," 31.1"," 4","  5.3"," 8","  7.8","999.9","  30.9"," ","  25.3","*"," 0.02","F","999.9","000000"
"21802099999","2022-09-23","71.9666666","114.0833333","18.0","SASKYLAH, RS","  23.1"," 8","  16.8"," 8","1015.8"," 8","013.6"," 8"," 31.1"," 4","  4.9"," 8","  7.8","999.9","  27.9"," ","  15.8","*"," 0.00","F","999.9","000000"
"21802099999","2022-09-24","71.9666666","114.0833333","18.0","SASKYLAH, RS","  22.6"," 8","  19.3"," 8","1018.5"," 8","016.2"," 8","999.9"," 0","  4.6"," 8","  5.8","999.9","  29.7"," ","  15.3"," "," 0.00","F","999.9","000000"
"21802099999","2022-09-25","71.9666666","114.0833333","18.0","SASKYLAH, RS","  31.5"," 8","  29.5"," 8","1015.7"," 8","013.5"," 8","999.9"," 0","  8.0"," 8","  9.7","999.9","  35.1"," ","  16.9"," "," 0.00","F","999.9","001000"
"21802099999","2022-09-26","71.9666666","114.0833333","18.0","SASKYLAH, RS","  32.7"," 8","  27.8"," 8","1015.9"," 8","013.7"," 8"," 31.1"," 4","  9.2"," 8"," 11.7","999.9","  35.1"," ","  30.2"," "," 0.04","F","999.9","000000"
"21802099999","2022-09-27","71.9666666","114.0833333","18.0","SASKYLAH, RS","  31.5"," 8","  27.1"," 8","1019.3"," 8","017.1"," 8"," 31.1"," 4","  9.2"," 8"," 13.6","999.9","  35.4"," ","  27.9","*"," 0.00","F","999.9","011000"
"21802099999","2022-09-28","71.9666666","114.0833333","18.0","SASKYLAH, RS","  30.0"," 8","  26.4"," 8","1019.3"," 8","017.1"," 8"," 24.9"," 4","  5.8"," 8","  7.8","999.9","  33.1"," ","  26.8"," "," 0.00","F","999.9","001000"
"21802099999","2022-09-29","71.9666666","114.0833333","18.0","SASKYLAH, RS","  28.4"," 8","  27.0"," 8","1011.9"," 8","009.7"," 8","  4.7"," 4","  8.3"," 8"," 11.7","999.9","  31.1"," ","  24.4","*"," 0.04","F","999.9","001000"
"21802099999","2022-09-30","71.9666666","114.0833333","18.0","SASKYLAH, RS","  25.5"," 8","  22.9"," 8","1015.3"," 8","013.1"," 8"," 23.9"," 4","  5.8"," 8","  9.7","999.9","  28.4"," ","  22.8","*"," 0.16","F","999.9","001000"
"21802099999","2022-10-01","71.9666666","114.0833333","18.0","SASKYLAH, RS","  32.0"," 8","  31.1"," 8","1013.5"," 8","011.3"," 8","999.9"," 0","  4.9"," 8","  7.8","999.9","  33.8"," ","  22.8"," "," 0.08","F","999.9","001000"
"21802099999","2022-10-02","71.9666666","114.0833333","18.0","SASKYLAH, RS","  31.8"," 8","  30.6"," 8","1016.7"," 8","014.5"," 8","999.9"," 0"," 10.9"," 8"," 13.6","999.9","  34.3"," ","  30.2","*"," 0.12","F","  1.2","000000"
"21802099999","2022-10-03","71.9666666","114.0833333","18.0","SASKYLAH, RS","  27.8"," 8","  24.8"," 8","1021.9"," 8","019.7"," 8","  9.0"," 4","  7.8"," 8"," 13.6"," 21.4","  29.7"," ","  25.3","*"," 0.20","F","  3.9","001000"
"21802099999","2022-10-04","71.9666666","114.0833333","18.0","SASKYLAH, RS","  26.5"," 8","  21.9"," 8","1014.6"," 8","012.5"," 8"," 31.1"," 4","  3.9"," 8","  5.8","999.9","  31.8"," ","  23.2","*"," 0.08","F","999.9","000000"
"21802099999","2022-10-05","71.9666666","114.0833333","18.0","SASKYLAH, RS","  26.4"," 8","  22.9"," 8","1014.6"," 8","012.5"," 8","  7.6"," 5","  6.6"," 8","  9.7","999.9","  31.3"," ","  23.0"," "," 0.08","F","999.9","001000"
"21802099999","2022-10-06","71.9666666","114.0833333","18.0","SASKYLAH, RS","  21.8"," 8","  16.4"," 8","1020.0"," 8","017.7"," 8"," 31.1"," 8","  8.7"," 8"," 13.6","999.9","  23.0"," ","  19.8"," "," 0.08","F","999.9","000000"
"21802099999","2022-10-07","71.9666666","114.0833333","18.0","SASKYLAH, RS","  27.0"," 8","  23.4"," 8","1009.2"," 8","007.0"," 8"," 31.1"," 8"," 13.6"," 8"," 19.4","999.9","  29.1","*","  19.6"," "," 0.00","F","999.9","000000"
"21802099999","2022-10-08","71.9666666","114.0833333","18.0","SASKYLAH, RS","  28.5"," 8","  26.8"," 8","1005.3"," 8","003.1"," 8"," 23.8"," 8","  6.8"," 8","  9.7","999.9","  31.3"," ","  21.7","*"," 0.31","F","999.9","001000"
"21802099999","2022-10-09","71.9666666","114.0833333","18.0","SASKYLAH, RS","  18.8"," 8","  13.8"," 8","1011.8"," 8","009.6"," 8"," 31.1"," 8","  5.3"," 8","  7.8","999.9","  22.1"," ","  14.2","*"," 0.00","F","999.9","000000"
"21802099999","2022-10-10","71.9666666","114.0833333","18.0","SASKYLAH, RS","  21.0"," 8","  17.8"," 8","1009.3"," 8","007.1"," 8"," 31.1"," 8","  6.6"," 8"," 11.7","999.9","  28.2","*","  10.8"," "," 0.00","F","  3.9","000000"
"21802099999","2022-10-11","71.9666666","114.0833333","18.0","SASKYLAH, RS","  30.7"," 8","  27.2"," 8","1000.6"," 8","998.5"," 8"," 31.1"," 8","  6.6"," 8"," 11.7","999.9","  32.7"," ","  14.5"," "," 0.00","F","  4.3","000000"
"21802099999","2022-10-12","71.9666666","114.0833333","18.0","SASKYLAH, RS","  33.5"," 8","  32.0"," 8","1003.2"," 8","001.1"," 8"," 23.1"," 7","  4.1"," 8","  5.8","999.9","  35.1"," ","  27.7"," "," 0.04","F","999.9","010000"
"21802099999","2022-10-13","71.9666666","114.0833333","18.0","SASKYLAH, RS","  28.2"," 8","  26.5"," 8","1013.6"," 8","011.5"," 8"," 22.9"," 7","  8.0"," 8","  9.7","999.9","  32.5"," ","  24.1","*"," 0.08","F","  3.5","011000"
"21802099999","2022-10-14","71.9666666","114.0833333","18.0","SASKYLAH, RS","  21.9"," 7","  17.5"," 7","1020.7"," 7","018.5"," 7"," 31.1"," 7","  6.4"," 7","  9.7","999.9","  25.3","*","  14.9","*"," 0.00","E","999.9","000000"
"21802099999","2022-10-15","71.9666666","114.0833333","18.0","SASKYLAH, RS","  31.4"," 8","  27.7"," 8","1011.7"," 8","009.6"," 8"," 31.1"," 8","  9.5"," 8"," 13.6","999.9","  34.5","*","  14.5"," "," 0.00","F","  3.5","000000"
"21802099999","2022-10-16","71.9666666","114.0833333","18.0","SASKYLAH, RS","  28.0"," 8","  23.7"," 8","1010.5"," 8","008.3"," 8"," 31.1"," 8"," 14.1"," 8"," 19.4"," 25.3","  34.0"," ","  25.2","*"," 0.00","F","999.9","000000"
"21802099999","2022-10-17","71.9666666","114.0833333","18.0","SASKYLAH, RS","  23.6"," 6","  18.7"," 6","1009.5"," 6","007.2"," 6"," 31.1"," 6","  8.7"," 6"," 13.6","999.9","  25.9"," ","  22.1","*"," 0.04","E","999.9","000000"
"21802099999","2022-10-18","71.9666666","114.0833333","18.0","SASKYLAH, RS","  22.1"," 7","  18.8"," 7"," 998.6"," 7","996.4"," 7"," 28.4"," 7","  5.8"," 7","  9.7","999.9","  24.6"," ","  18.7","*"," 0.03","E","999.9","001000"
"21802099999","2022-10-19","71.9666666","114.0833333","18.0","SASKYLAH, RS","  21.4"," 8","  17.7"," 8"," 990.5"," 8","988.4"," 8"," 13.0"," 8"," 16.3"," 8"," 27.2","999.9","  28.8"," ","  16.9"," "," 0.08","F","  3.5","001000"
"21802099999","2022-10-20","71.9666666","114.0833333","18.0","SASKYLAH, RS","  14.0"," 8","  10.7"," 8","1006.2"," 8","003.9"," 8"," 31.1"," 7","  3.4"," 8","  5.8","999.9","  18.5"," ","   7.7","*"," 0.04","F","999.9","000000"
"21802099999","2022-10-21","71.9666666","114.0833333","18.0","SASKYLAH, RS","  24.9"," 7","  19.7"," 7","1009.4"," 7","007.1"," 7"," 31.1"," 7","  2.5"," 7","  3.9","999.9","  41.9","*","  14.0","*"," 0.00","E","999.9","000000"
"21802099999","2022-10-22","71.9666666","114.0833333","18.0","SASKYLAH, RS","   9.1"," 8","   6.4"," 8","1008.0"," 8","005.7"," 8"," 31.1"," 7","  2.9"," 8","  3.9","999.9","  14.2"," ","   5.2","*"," 0.00","F","999.9","000000"
"21802099999","2022-10-23","71.9666666","114.0833333","18.0","SASKYLAH, RS","  25.2"," 8","  22.3"," 8"," 992.1"," 8","989.9"," 8"," 20.4"," 8","  8.7"," 8"," 13.6","999.9","  28.9","*","   3.9"," "," 0.12","F","  3.5","001000"
"21802099999","2022-10-24","71.9666666","114.0833333","18.0","SASKYLAH, RS","  24.1"," 8","  20.9"," 8"," 987.8"," 8","985.7"," 8"," 27.9"," 8","  7.0"," 8"," 11.7","999.9","  25.7"," ","  23.0","*"," 0.12","F","  4.3","000000"
"21802099999","2022-10-25","71.9666666","114.0833333","18.0","SASKYLAH, RS","  17.8"," 8","  14.4"," 8"," 996.6"," 8","994.4"," 8"," 28.0"," 8","  5.8"," 8"," 13.6","999.9","  23.0"," ","   5.2","*"," 0.01","F","  4.3","001000"
"21802099999","2022-10-26","71.9666666","114.0833333","18.0","SASKYLAH, RS","   2.0"," 8","  -1.5"," 8","1003.4"," 8","001.1"," 8"," 31.1"," 8","  4.1"," 8","  7.8","999.9","  10.9","*","  -3.6"," "," 0.00","E","  4.3","000000"
"21802099999","2022-10-27","71.9666666","114.0833333","18.0","SASKYLAH, RS","   6.0"," 8","   1.8"," 8","1005.2"," 8","002.9"," 8"," 23.9"," 8","  6.6"," 8"," 13.6","999.9","  11.7","*","  -2.4"," "," 0.02","E","  4.3","001000"
"21802099999","2022-10-28","71.9666666","114.0833333","18.0","SASKYLAH, RS","   2.4"," 8","  -1.1"," 8","1014.5"," 8","012.2"," 8"," 31.1"," 8","  3.6"," 8","  7.8","999.9","  11.3","*","  -4.7"," "," 0.00","E","  4.3","000000"
"21802099999","2022-10-29","71.9666666","114.0833333","18.0","SASKYLAH, RS","   4.5"," 8","   0.0"," 8","1013.2"," 8","010.9"," 8"," 31.1"," 8","  6.6"," 8","  9.7","999.9","   8.4"," ","  -0.2","*"," 0.00","F","  4.3","000000"
"21802099999","2022-10-30","71.9666666","114.0833333","18.0","SASKYLAH, RS","   1.7"," 8","  -2.3"," 8","1011.0"," 8","008.7"," 8"," 28.4"," 7","  5.3"," 8","  9.7","999.9","   7.7"," ","  -4.4","*"," 0.00","F","  4.3","001000"
"21802099999","2022-10-31","71.9666666","114.0833333","18.0","SASKYLAH, RS","  -1.3"," 8","  -5.1"," 8","1014.2"," 8","011.9"," 8"," 27.0"," 7","  4.6"," 8","  7.8","999.9","   3.9"," ","  -5.8"," "," 0.05","F","  4.7","001000"
"21802099999","2022-11-01","71.9666666","114.0833333","18.0","SASKYLAH, RS","  16.4"," 8","  12.3"," 8","1006.8"," 8","004.6"," 8"," 25.2"," 8","  6.8"," 8","  9.7","999.9","  23.4"," ","  -4.2"," "," 0.04","F","  4.7","001000"
"21802099999","2022-11-02","71.9666666","114.0833333","18.0","SASKYLAH, RS","  13.4"," 8","   9.6"," 8","1001.1"," 8","998.9"," 8"," 27.5"," 8","  5.6"," 8","  9.7","999.9","  21.0"," ","   4.8","*"," 0.04","F","999.9","001000"
"21802099999","2022-11-03","71.9666666","114.0833333","18.0","SASKYLAH, RS","   8.2"," 8","   3.8"," 8","1002.7"," 8","000.4"," 8"," 31.1"," 7","  6.1"," 8","  9.7","999.9","  11.7"," ","   1.6"," "," 0.00","F","  5.9","000000"
"21802099999","2022-11-04","71.9666666","114.0833333","18.0","SASKYLAH, RS","   1.6"," 8","  -2.7"," 8"," 998.5"," 8","996.2"," 8"," 20.4"," 8","  8.7"," 8"," 11.7","999.9","   9.5"," ","  -5.1","*"," 0.08","F","  5.1","001000"
"21802099999","2022-11-05","71.9666666","114.0833333","18.0","SASKYLAH, RS"," -18.3"," 8"," -23.5"," 8","1006.7"," 8","004.3"," 8"," 31.1"," 8","  3.4"," 8","  7.8","999.9","  -8.1"," "," -29.9","*"," 0.00","F","  6.3","000000"
"21802099999","2022-11-06","71.9666666","114.0833333","18.0","SASKYLAH, RS"," -29.5"," 8"," -35.6"," 8","1011.8"," 8","009.3"," 8"," 31.1"," 8","  1.7"," 8","  1.9","999.9"," -23.8","*"," -31.7"," "," 0.00","F","  6.3","000000"
"21802099999","2022-11-07","71.9666666","114.0833333","18.0","SASKYLAH, RS"," -12.3"," 8"," -17.1"," 8","1008.0"," 8","005.6"," 8"," 31.1"," 8","  3.2"," 8","  5.8","999.9","  -6.2"," "," -31.5"," "," 0.00","F","  6.3","000000"
"21802099999","2022-11-08","71.9666666","114.0833333","18.0","SASKYLAH, RS"," -21.6"," 8"," -27.1"," 8","1004.1"," 8","001.7"," 8"," 31.1"," 8","  2.7"," 8","  3.9","999.9"," -14.8","*"," -25.4"," "," 0.00","F","  6.3","000000"
"21802099999","2022-11-09","71.9666666","114.0833333","18.0","SASKYLAH, RS"," -12.9"," 8"," -17.8"," 8","1005.0"," 8","002.6"," 8"," 31.1"," 6","  2.4"," 8","  3.9","999.9","  -5.3"," "," -22.4"," "," 0.00","F","  6.3","001000"
"21802099999","2022-11-10","71.9666666","114.0833333","18.0","SASKYLAH, RS"," -25.5"," 8"," -31.2"," 8","1006.6"," 8","004.2"," 8"," 31.1"," 8","  1.9"," 8","  3.9","999.9"," -18.0"," "," -30.5","*"," 0.00","F","  6.3","000000"
"21802099999","2022-11-11","71.9666666","114.0833333","18.0","SASKYLAH, RS"," -33.7"," 8"," -40.1"," 8","1007.7"," 8","005.2"," 8"," 31.1"," 8","  0.7"," 8","  1.9","999.9"," -30.6"," "," -35.3","*"," 0.00","F","  6.3","000000"
"21802099999","2022-11-12","71.9666666","114.0833333","18.0","SASKYLAH, RS"," -32.3"," 8"," -38.5"," 8","1009.8"," 8","007.2"," 8"," 31.1"," 7","  3.2"," 8","  5.8","999.9"," -27.0"," "," -39.5","*"," 0.00","F","999.9","000000"
"21802099999","2022-11-13","71.9666666","114.0833333","18.0","SASKYLAH, RS"," -12.4"," 8"," -17.6"," 8","1012.6"," 8","010.2"," 8"," 31.1"," 7","  9.7"," 8"," 11.7","999.9","  -7.1","*"," -39.8"," "," 0.00","F","  6.3","000000"
"21802099999","2022-11-14","71.9666666","114.0833333","18.0","SASKYLAH, RS","  -4.7"," 8"," -10.0"," 8","1013.6"," 8","011.3"," 8"," 28.0"," 8","  9.7"," 8"," 17.5","999.9","  -0.9"," "," -11.6"," "," 0.00","F","  6.3","001000"
"21802099999","2022-11-15","71.9666666","114.0833333","18.0","SASKYLAH, RS","  -8.4"," 8"," -14.5"," 8","1008.5"," 8","006.1"," 8"," 31.1"," 8","  5.3"," 8","  5.8","999.9","  -5.6"," "," -10.7","*"," 0.00","F","  7.1","000000"
"21802099999","2022-11-16","71.9666666","114.0833333","18.0","SASKYLAH, RS"," -17.1"," 8"," -22.9"," 8","1006.2"," 8","003.8"," 8"," 31.1"," 8","  6.3"," 8","  7.8","999.9"," -11.4"," "," -19.1","*"," 0.00","F","  7.1","000000"
"21802099999","2022-11-17","71.9666666","114.0833333","18.0","SASKYLAH, RS"," -27.4"," 8"," -32.8"," 8","1007.6"," 8","005.2"," 8"," 27.5"," 8","  3.2"," 8","  7.8","999.9"," -22.4"," "," -30.6"," "," 0.00","F","  7.1","000000"
"21802099999","2022-11-18","71.9666666","114.0833333","18.0","SASKYLAH, RS"," -29.8"," 8"," -35.9"," 8","1009.4"," 8","006.9"," 8"," 31.1"," 8","  6.8"," 8","  9.7","999.9"," -24.7"," "," -31.7","*"," 0.00","F","  7.1","000000"
"21802099999","2022-11-19","71.9666666","114.0833333","18.0","SASKYLAH, RS"," -29.6"," 8"," -36.1"," 8","1012.4"," 8","009.8"," 8"," 31.1"," 8","  5.3"," 8","  7.8","999.9"," -22.2","*"," -34.1"," "," 0.00","F","  6.3","000000"
"21802099999","2022-11-20","71.9666666","114.0833333","18.0","SASKYLAH, RS"," -32.4"," 8"," -38.6"," 8","1018.1"," 8","015.6"," 8"," 31.1"," 8","  2.2"," 8","  3.9","999.9"," -21.6"," "," -39.5","*"," 0.00","F","  7.1","000000"
"21802099999","2022-11-21","71.9666666","114.0833333","18.0","SASKYLAH, RS"," -39.1"," 8"," -45.8"," 8","1021.1"," 8","018.5"," 8"," 31.1"," 8","  1.7"," 8","  3.9","999.9"," -38.0"," "," -39.8"," "," 0.00","F","  7.1","000000"
"21802099999","2022-11-22","71.9666666","114.0833333","18.0","SASKYLAH, RS"," -36.1"," 8"," -42.7"," 8","1021.3"," 8","018.8"," 8"," 31.1"," 8","  1.5"," 8","  1.9","999.9"," -28.5","*"," -40.5"," "," 0.00","F","  7.1","000000"
"21802099999","2022-11-23","71.9666666","114.0833333","18.0","SASKYLAH, RS"," -39.2"," 8"," -46.0"," 8","1024.7"," 8","022.2"," 8"," 31.1"," 8","  0.7"," 8","  1.9","999.9"," -35.9"," "," -41.4","*"," 0.00","F","  7.1","000000"
"21802099999","2022-11-24","71.9666666","114.0833333","18.0","SASKYLAH, RS"," -35.2"," 8"," -41.7"," 8","1027.4"," 8","024.8"," 8"," 31.1"," 8","  1.5"," 8","  3.9","999.9"," -18.2","*"," -42.2"," "," 0.00","F","  7.1","000000"
"21802099999","2022-11-25","71.9666666","114.0833333","18.0","SASKYLAH, RS"," -12.8"," 8"," -18.2"," 8","1021.5"," 8","019.1"," 8"," 31.1"," 8","  6.1"," 8"," 11.7","999.9","  -8.7"," "," -39.3"," "," 0.00","F","  7.1","000000"
"21802099999","2022-11-26","71.9666666","114.0833333","18.0","SASKYLAH, RS"," -17.6"," 7"," -23.0"," 7","1023.1"," 7","020.6"," 7"," 31.1"," 7","  5.5"," 7","  9.7","999.9"," -10.8"," "," -29.6","*"," 0.00","F","  7.1","000000"
"21802099999","2022-11-27","71.9666666","114.0833333","18.0","SASKYLAH, RS","  -9.8"," 8"," -14.6"," 8","1019.5"," 8","017.1"," 8"," 31.1"," 7","  4.9"," 8","  7.8","999.9","  -7.1"," "," -31.2"," "," 0.00","F","  7.1","000000"
"21802099999","2022-11-28","71.9666666","114.0833333","18.0","SASKYLAH, RS"," -28.2"," 8"," -34.1"," 8","1029.7"," 8","027.1"," 8"," 31.1"," 8","  2.7"," 8","  5.8","999.9"," -13.0"," "," -37.1","*"," 0.00","F","  7.1","000000"
"21802099999","2022-11-29","71.9666666","114.0833333","18.0","SASKYLAH, RS","  -7.6"," 8"," -12.2"," 8","1022.5"," 8","020.1"," 8"," 27.5"," 8","  6.8"," 8"," 15.5","999.9","   6.3"," "," -27.0","*"," 0.04","F","  7.1","001000"
"21802099999","2022-11-30","71.9666666","114.0833333","18.0","SASKYLAH, RS"," -20.3"," 8"," -25.8"," 8","1027.8"," 8","025.3"," 8"," 31.1"," 7","  7.5"," 8","  9.7","999.9"," -10.8"," "," -26.1","*"," 0.00","F","  7.1","000000"
"21802099999","2022-12-01","71.9666666","114.0833333","18.0","SASKYLAH, RS"," -26.5"," 8"," -32.4"," 8","1022.0"," 8","019.5"," 8"," 31.1"," 8","  4.1"," 8","  5.8","999.9"," -18.8"," "," -30.5","*"," 0.00","F","  7.1","000000"
"21802099999","2022-12-02","71.9666666","114.0833333","18.0","SASKYLAH, RS","  -9.3"," 8"," -13.7"," 8","1006.8"," 8","004.4"," 8"," 23.9"," 8","  4.1"," 8","  9.7","999.9","  14.4","*"," -33.9"," "," 0.03","F","  7.1","001000"
"21802099999","2022-12-03","71.9666666","114.0833333","18.0","SASKYLAH, RS","   9.3"," 8","   6.2"," 8","1005.4"," 8","003.1"," 8"," 23.4"," 8"," 15.5"," 8"," 29.1"," 33.0","  12.6"," ","  -8.0"," "," 0.08","F","  7.1","000000"
"21802099999","2022-12-04","71.9666666","114.0833333","18.0","SASKYLAH, RS","   2.3"," 8","  -1.3"," 8"," 989.8"," 8","987.5"," 8","  0.9"," 8"," 20.4"," 8"," 25.3","999.9","  12.6"," ","  -4.7","*"," 0.47","F"," 10.2","000000"
"21802099999","2022-12-05","71.9666666","114.0833333","18.0","SASKYLAH, RS"," -10.5"," 8"," -15.7"," 8"," 995.5"," 8","993.1"," 8"," 17.0"," 8"," 12.6"," 8"," 25.3","999.9","  -6.0"," "," -15.2","*"," 0.20","F"," 12.2","001000"
"21802099999","2022-12-06","71.9666666","114.0833333","18.0","SASKYLAH, RS","  -5.2"," 8","  -9.6"," 8"," 983.2"," 8","980.9"," 8"," 15.9"," 8"," 15.1"," 8"," 25.3","999.9","   1.6","*"," -15.2"," "," 0.31","F"," 13.4","001000"
"21802099999","2022-12-07","71.9666666","114.0833333","18.0","SASKYLAH, RS"," -30.7"," 8"," -36.9"," 8","1008.3"," 8","005.8"," 8"," 31.1"," 7","  7.5"," 8"," 13.6","999.9"," -20.4"," "," -36.4","*"," 0.00","F"," 14.2","000000"
"21802099999","2022-12-08","71.9666666","114.0833333","18.0","SASKYLAH, RS"," -10.5"," 8"," -15.3"," 8","1011.7"," 8","009.4"," 8"," 23.7"," 8"," 10.9"," 8"," 13.6","999.9","  -0.9","*"," -36.9"," "," 0.04","F"," 14.2","001000"
"21802099999","2022-12-09","71.9666666","114.0833333","18.0","SASKYLAH, RS"," -12.6"," 8"," -17.5"," 8","1011.8"," 8","009.4"," 8"," 23.7"," 8","  8.0"," 8"," 11.7","999.9","   9.5"," "," -23.8","*"," 0.24","F"," 15.7","001000"
"21802099999","2022-12-10","71.9666666","114.0833333","18.0","SASKYLAH, RS","  -5.4"," 8","  -9.8"," 8","1017.0"," 8","014.6"," 8"," 31.1"," 8","  7.8"," 8"," 11.7","999.9","  -2.6"," "," -24.2"," "," 0.00","F"," 15.7","000000"
"21802099999","2022-12-11","71.9666666","114.0833333","18.0","SASKYLAH, RS","  -4.3"," 8","  -9.1"," 8","1010.3"," 8","008.0"," 8"," 31.1"," 7"," 11.9"," 8"," 17.5","999.9","  -2.2"," ","  -7.1"," "," 0.00","F"," 15.7","000000"
"21802099999","2022-12-12","71.9666666","114.0833333","18.0","SASKYLAH, RS","  -5.3"," 8"," -11.0"," 8","1009.1"," 8","006.7"," 8"," 27.5"," 8","  7.8"," 8","  9.7","999.9","  -0.0"," "," -10.7","*"," 0.02","F"," 15.7","001000"
"21802099999","2022-12-13","71.9666666","114.0833333","18.0","SASKYLAH, RS","  -2.5"," 8","  -7.2"," 8","1013.7"," 8","011.3"," 8"," 26.3"," 6","  7.8"," 8"," 15.5","999.9","   5.7"," "," -13.7"," "," 0.04","F"," 15.7","001000"
"21802099999","2022-12-14","71.9666666","114.0833333","18.0","SASKYLAH, RS"," -15.4"," 8"," -21.6"," 8","1020.9"," 8","018.5"," 8"," 31.1"," 8","  8.7"," 8"," 15.5","999.9","  -8.7"," "," -18.9","*"," 0.00","F"," 15.7","000000"
"21802099999","2022-12-15","71.9666666","114.0833333","18.0","SASKYLAH, RS"," -26.5"," 8"," -32.2"," 8","1023.8"," 8","021.3"," 8"," 31.1"," 7","  3.6"," 8","  7.8","999.9"," -13.4"," "," -36.6","*"," 0.00","F"," 15.7","000000"
"21802099999","2022-12-16","71.9666666","114.0833333","18.0","SASKYLAH, RS"," -41.7"," 7"," -48.4"," 7","1032.2"," 7","029.5"," 7"," 31.1"," 7","  2.2"," 7","  3.9","999.9"," -38.2"," "," -42.7","*"," 0.00","E","999.9","000000"
"21802099999","2022-12-17","71.9666666","114.0833333","18.0","SASKYLAH, RS"," -44.0"," 7"," -51.2"," 7","1029.9"," 7","027.3"," 7"," 31.1"," 7","  2.2"," 7","  3.9","999.9"," -41.8","*"," -45.0","*"," 0.00","E"," 15.7","000000"
"21802099999","2022-12-18","71.9666666","114.0833333","18.0","SASKYLAH, RS"," -44.7"," 8"," -51.8"," 8","1031.3"," 8","028.6"," 8"," 31.1"," 8","  1.2"," 8","  1.9","999.9"," -43.2"," "," -45.4"," "," 0.00","E"," 15.7","000000"
"21802099999","2022-12-19","71.9666666","114.0833333","18.0","SASKYLAH, RS"," -22.5"," 8"," -28.2"," 8","1020.7"," 8","018.2"," 8"," 31.1"," 8","  9.7"," 8"," 13.6"," 21.4","  -3.1","*"," -45.6"," "," 0.00","F"," 15.7","000000"
"21802099999","2022-12-20","71.9666666","114.0833333","18.0","SASKYLAH, RS"," -20.7"," 8"," -26.2"," 8","1020.6"," 8","018.2"," 8"," 31.1"," 8","  6.3"," 8","  9.7","999.9","   1.2"," "," -36.8","*"," 0.00","F"," 15.7","000000"
"21802099999","2022-12-21","71.9666666","114.0833333","18.0","SASKYLAH, RS"," -34.7"," 8"," -41.5"," 8","1026.1"," 8","023.5"," 8"," 31.1"," 8","  6.8"," 8"," 11.7","999.9"," -29.2"," "," -41.8"," "," 0.00","F"," 15.7","000000"
"21802099999","2022-12-22","71.9666666","114.0833333","18.0","SASKYLAH, RS"," -25.3"," 8"," -32.4"," 8","1028.4"," 8","025.9"," 8"," 31.1"," 8"," 10.9"," 8"," 17.5","999.9"," -17.3","*"," -37.5"," "," 0.00","F"," 15.7","000000"
"21802099999","2022-12-23","71.9666666","114.0833333","18.0","SASKYLAH, RS"," -14.8"," 8"," -21.4"," 8","1032.5"," 8","030.0"," 8"," 31.1"," 8","  5.3"," 8"," 11.7","999.9","  -7.1"," "," -22.9","*"," 0.00","F"," 15.7","000000"
"21802099999","2022-12-24","71.9666666","114.0833333","18.0","SASKYLAH, RS"," -30.4"," 8"," -36.5"," 8","1031.5"," 8","029.2"," 8"," 31.1"," 8","  1.9"," 8","  3.9","999.9"," -23.3","*"," -35.1","*"," 0.00","E"," 15.7","000000"
"21802099999","2022-12-25","71.9666666","114.0833333","18.0","SASKYLAH, RS"," -25.6"," 8"," -31.4"," 8","1026.4"," 8","023.9"," 8"," 31.1"," 8","  4.4"," 8","  5.8","999.9"," -17.1"," "," -35.9"," "," 0.00","E"," 15.7","000000"
"21802099999","2022-12-26","71.9666666","114.0833333","18.0","SASKYLAH, RS"," -27.5"," 8"," -33.5"," 8","1021.0"," 8","018.5"," 8"," 31.1"," 8","  3.9"," 8","  5.8","999.9"," -22.7"," "," -30.6","*"," 0.00","F"," 15.7","000000"
"21802099999","2022-12-27","71.9666666","114.0833333","18.0","SASKYLAH, RS"," -38.3"," 7"," -44.9"," 7","1017.5"," 7","015.0"," 7"," 31.1"," 7","  2.5"," 7","  3.9","999.9"," -30.6"," "," -42.2","*"," 0.00","F"," 15.7","000000"
"21802099999","2022-12-28","71.9666666","114.0833333","18.0","SASKYLAH, RS"," -30.3"," 8"," -36.5"," 8","1021.6"," 8","019.1"," 8"," 27.5"," 8","  5.8"," 8","  9.7","999.9"," -19.7","*"," -44.5"," "," 0.00","F"," 15.7","000000"
"21802099999","2022-12-29","71.9666666","114.0833333","18.0","SASKYLAH, RS"," -14.1"," 8"," -19.2"," 8","1028.9"," 8","026.5"," 8"," 27.2"," 8"," 12.4"," 8"," 27.2","999.9","  -2.2","*"," -28.1"," "," 0.00","F"," 15.7","000000"
"21802099999","2022-12-30","71.9666666","114.0833333","18.0","SASKYLAH, RS","  -2.8"," 8","  -6.9"," 8","1022.9"," 8","020.5"," 8","  4.4"," 8"," 23.8"," 8"," 31.1","999.9","  -2.0"," "," -18.8"," "," 0.28","F"," 15.7","001000"
"21802099999","2022-12-31","71.9666666","114.0833333","18.0","SASKYLAH, RS","   0.7"," 8","  -3.0"," 8","1017.5"," 8","015.1"," 8","  0.2"," 8"," 28.7"," 8"," 35.0"," 40.8","   4.8"," ","  -3.8"," "," 0.71","F"," 15.7","000000"
