"STATION","DATE","LATITUDE","LONGITUDE","ELEVATION","NAME","TEMP","TEMP_ATTRIBUTES","DEWP","DEWP_ATTRIBUTES","SLP","SLP_ATTRIBUTES","STP","STP_ATTRIBUTES","VISIB","VISIB_ATTRIBUTES","WDSP","WDSP_ATTRIBUTES","MXSPD","GUST","MAX","MAX_ATTRIBUTES","MIN","MIN_ATTRIBUTES","PRCP","PRCP_ATTRIBUTES","SNDP","FRSHTT"
"36259099999","2022-01-01","50.0166666","88.6833333","1759.0","KOSH AGACH, RS"," -21.6"," 8"," -27.9"," 8","9999.9"," 0","824.7"," 8"," 31.1"," 8","999.9"," 0","999.9","999.9","  -8.9"," "," -29.9","*"," 0.00","F","  1.2","000000"
"36259099999","2022-01-02","50.0166666","88.6833333","1759.0","KOSH AGACH, RS"," -23.7"," 8"," -30.1"," 8","9999.9"," 0","825.7"," 8"," 31.1"," 8","999.9"," 0","999.9","999.9"," -11.6"," "," -32.3"," "," 0.00","F","  1.2","000000"
"36259099999","2022-01-03","50.0166666","88.6833333","1759.0","KOSH AGACH, RS"," -21.9"," 8"," -28.4"," 8","9999.9"," 0","824.2"," 8"," 31.1"," 8","999.9"," 0","999.9","999.9","  -8.7"," "," -29.6"," "," 0.00","F","  1.2","000000"
"36259099999","2022-01-04","50.0166666","88.6833333","1759.0","KOSH AGACH, RS"," -17.7"," 8"," -23.6"," 8","9999.9"," 0","820.1"," 8"," 31.1"," 8","999.9"," 0","999.9","999.9","  -6.2"," "," -27.2"," "," 0.00","F","  1.2","000000"
"36259099999","2022-01-05","50.0166666","88.6833333","1759.0","KOSH AGACH, RS"," -11.2"," 8"," -16.9"," 8","9999.9"," 0","823.1"," 8"," 31.1"," 8","999.9"," 0","999.9","999.9","   1.2"," "," -20.9"," "," 0.00","F","  1.2","000000"
"36259099999","2022-01-06","50.0166666","88.6833333","1759.0","KOSH AGACH, RS"," -10.2"," 8"," -15.6"," 8","9999.9"," 0","826.3"," 8"," 31.1"," 8","999.9"," 0","999.9","999.9","   2.7"," "," -19.8"," "," 0.00","F","  1.2","000000"
"36259099999","2022-01-07","50.0166666","88.6833333","1759.0","KOSH AGACH, RS","  -5.6"," 8"," -10.6"," 8","9999.9"," 0","828.7"," 8"," 31.1"," 8","999.9"," 0","999.9","999.9","   5.0"," "," -13.4"," "," 0.00","F","  1.2","000000"
"36259099999","2022-01-08","50.0166666","88.6833333","1759.0","KOSH AGACH, RS","  -7.7"," 8"," -12.7"," 8","9999.9"," 0","829.5"," 8"," 31.1"," 8","  1.9"," 4","  1.9","999.9","   5.4"," "," -15.3","*"," 0.00","F","  1.2","000000"
"36259099999","2022-01-09","50.0166666","88.6833333","1759.0","KOSH AGACH, RS"," -12.1"," 8"," -17.5"," 8","9999.9"," 0","827.6"," 8"," 31.1"," 8","999.9"," 0","999.9","999.9","   0.9"," "," -18.4","*"," 0.00","F","999.9","000000"
"36259099999","2022-01-10","50.0166666","88.6833333","1759.0","KOSH AGACH, RS"," -11.5"," 8"," -16.6"," 8","9999.9"," 0","829.4"," 8"," 31.1"," 8","999.9"," 0","999.9","999.9","   1.0"," "," -21.8","*"," 0.00","F","  1.2","000000"
"36259099999","2022-01-11","50.0166666","88.6833333","1759.0","KOSH AGACH, RS"," -17.3"," 8"," -23.0"," 8","9999.9"," 0","832.3"," 8"," 31.1"," 8","999.9"," 0","999.9","999.9","  -4.9"," "," -27.8","*"," 0.00","F","  1.2","000000"
"36259099999","2022-01-12","50.0166666","88.6833333","1759.0","KOSH AGACH, RS"," -24.0"," 8"," -30.4"," 8","9999.9"," 0","824.3"," 8"," 31.1"," 8","999.9"," 0","999.9","999.9"," -12.1"," "," -30.6","*"," 0.00","F","  1.2","000000"
"36259099999","2022-01-13","50.0166666","88.6833333","1759.0","KOSH AGACH, RS"," -17.0"," 8"," -22.8"," 8","9999.9"," 0","817.7"," 8"," 31.1"," 8","999.9"," 0","999.9","999.9","  -9.2","*"," -31.5"," "," 0.00","F","  1.2","000000"
"36259099999","2022-01-14","50.0166666","88.6833333","1759.0","KOSH AGACH, RS"," -15.6"," 8"," -21.6"," 8","9999.9"," 0","821.1"," 8"," 31.1"," 8","999.9"," 0","999.9","999.9","  -1.1"," "," -23.6","*"," 0.00","F","  1.2","000000"
"36259099999","2022-01-15","50.0166666","88.6833333","1759.0","KOSH AGACH, RS"," -12.6"," 8"," -18.2"," 8","9999.9"," 0","821.8"," 8"," 31.1"," 8","999.9"," 0","999.9","999.9","  -4.7"," "," -25.6"," "," 0.00","F","  1.2","000000"
"36259099999","2022-01-16","50.0166666","88.6833333","1759.0","KOSH AGACH, RS","  -6.9"," 8"," -12.7"," 8","9999.9"," 0","825.1"," 8"," 31.1"," 8","  3.5"," 5","  3.9","999.9","   3.4"," "," -15.3"," "," 0.00","F","  1.2","000000"
"36259099999","2022-01-17","50.0166666","88.6833333","1759.0","KOSH AGACH, RS","  -2.3"," 8","  -7.6"," 8","9999.9"," 0","822.2"," 8"," 31.1"," 8","  2.4"," 4","  3.9","999.9","   7.0"," "," -11.6"," "," 0.00","F","  1.2","000000"
"36259099999","2022-01-18","50.0166666","88.6833333","1759.0","KOSH AGACH, RS","  -3.0"," 8","  -8.3"," 8","9999.9"," 0","822.0"," 8"," 31.1"," 8","  2.7"," 5","  3.9","999.9","  10.8"," "," -10.5","*"," 0.00","F","  1.2","000000"
"36259099999","2022-01-19","50.0166666","88.6833333","1759.0","KOSH AGACH, RS","  -7.8"," 8"," -12.3"," 8","9999.9"," 0","818.5"," 8"," 31.1"," 8","  1.9"," 4","  1.9","999.9","   1.0"," "," -13.2"," "," 0.00","F","  1.2","000000"
"36259099999","2022-01-20","50.0166666","88.6833333","1759.0","KOSH AGACH, RS","  -6.6"," 8"," -11.0"," 8","9999.9"," 0","820.1"," 8"," 26.7"," 7","  1.9"," 4","  1.9","999.9","   3.2"," "," -13.7"," "," 0.00","F","  1.2","100000"
"36259099999","2022-01-21","50.0166666","88.6833333","1759.0","KOSH AGACH, RS"," -12.8"," 8"," -17.8"," 8","9999.9"," 0","820.3"," 8"," 31.1"," 8","999.9"," 0","999.9","999.9","   0.9"," "," -23.4","*"," 0.00","F","  1.2","000000"
"36259099999","2022-01-22","50.0166666","88.6833333","1759.0","KOSH AGACH, RS"," -16.6"," 8"," -22.5"," 8","9999.9"," 0","823.9"," 8"," 31.1"," 8","999.9"," 0","999.9","999.9","  -1.5"," "," -30.1","*"," 0.00","F","  1.2","000000"
"36259099999","2022-01-23","50.0166666","88.6833333","1759.0","KOSH AGACH, RS"," -26.5"," 8"," -33.2"," 8","9999.9"," 0","827.3"," 8"," 31.1"," 8","999.9"," 0","999.9","999.9"," -10.1"," "," -35.0","*"," 0.00","F","  1.2","000000"
"36259099999","2022-01-24","50.0166666","88.6833333","1759.0","KOSH AGACH, RS"," -26.1"," 8"," -33.0"," 8","9999.9"," 0","826.7"," 8"," 31.1"," 8","  2.4"," 4","  3.9","999.9"," -13.0"," "," -36.9"," "," 0.00","F","  1.2","000000"
"36259099999","2022-01-25","50.0166666","88.6833333","1759.0","KOSH AGACH, RS"," -29.3"," 8"," -36.4"," 8","9999.9"," 0","827.7"," 8"," 31.1"," 8","999.9"," 0","999.9","999.9"," -14.1"," "," -38.4"," "," 0.00","F","  1.2","000000"
"36259099999","2022-01-26","50.0166666","88.6833333","1759.0","KOSH AGACH, RS"," -25.8"," 8"," -32.5"," 8","9999.9"," 0","826.0"," 8"," 31.1"," 8","999.9"," 0","999.9","999.9"," -15.5"," "," -39.3"," "," 0.00","F","  1.2","000000"
"36259099999","2022-01-27","50.0166666","88.6833333","1759.0","KOSH AGACH, RS"," -21.7"," 8"," -28.5"," 8","9999.9"," 0","824.8"," 8"," 31.1"," 8","  1.9"," 4","  1.9","999.9","  -7.4"," "," -32.6","*"," 0.00","F","  1.2","000000"
"36259099999","2022-01-28","50.0166666","88.6833333","1759.0","KOSH AGACH, RS"," -27.0"," 8"," -34.7"," 8","9999.9"," 0","825.1"," 8"," 31.1"," 8","999.9"," 0","999.9","999.9","  -8.5"," "," -37.3","*"," 0.00","F","  1.2","000000"
"36259099999","2022-01-29","50.0166666","88.6833333","1759.0","KOSH AGACH, RS"," -28.8"," 8"," -36.7"," 8","9999.9"," 0","828.5"," 8"," 31.1"," 8","999.9"," 0","999.9","999.9"," -14.3"," "," -40.7"," "," 0.00","F","  1.2","000000"
"36259099999","2022-01-30","50.0166666","88.6833333","1759.0","KOSH AGACH, RS"," -27.6"," 8"," -35.1"," 8","9999.9"," 0","828.7"," 8"," 31.1"," 8","999.9"," 0","999.9","999.9"," -13.5"," "," -36.4"," "," 0.00","F","  1.2","000000"
"36259099999","2022-01-31","50.0166666","88.6833333","1759.0","KOSH AGACH, RS"," -24.8"," 8"," -32.1"," 8","9999.9"," 0","827.9"," 8"," 31.1"," 8","999.9"," 0","999.9","999.9","  -9.8"," "," -37.5"," "," 0.00","F","  1.2","000000"
"36259099999","2022-02-01","50.0166666","88.6833333","1759.0","KOSH AGACH, RS"," -16.4"," 8"," -23.7"," 8","9999.9"," 0","828.1"," 8"," 31.1"," 8","999.9"," 0","999.9","999.9","  -3.8"," "," -29.7"," "," 0.00","F","  1.2","000000"
"36259099999","2022-02-02","50.0166666","88.6833333","1759.0","KOSH AGACH, RS"," -21.2"," 8"," -28.1"," 8","9999.9"," 0","827.6"," 8"," 31.1"," 8","999.9"," 0","999.9","999.9","  -5.8"," "," -31.0"," "," 0.00","F","  1.2","000000"
"36259099999","2022-02-03","50.0166666","88.6833333","1759.0","KOSH AGACH, RS"," -22.7"," 8"," -29.8"," 8","9999.9"," 0","832.7"," 8"," 31.1"," 8","999.9"," 0","999.9","999.9","  -6.2"," "," -31.4"," "," 0.00","F","  1.2","000000"
"36259099999","2022-02-04","50.0166666","88.6833333","1759.0","KOSH AGACH, RS"," -23.9"," 8"," -31.1"," 8","9999.9"," 0","835.3"," 8"," 31.1"," 8","999.9"," 0","999.9","999.9","  -8.7","*"," -33.7","*"," 0.00","E","  1.2","000000"
"36259099999","2022-02-05","50.0166666","88.6833333","1759.0","KOSH AGACH, RS"," -25.5"," 8"," -33.0"," 8","9999.9"," 0","834.5"," 8"," 31.1"," 8","999.9"," 0","999.9","999.9","  -7.6"," "," -36.8"," "," 0.00","F","  1.2","000000"
"36259099999","2022-02-06","50.0166666","88.6833333","1759.0","KOSH AGACH, RS"," -26.6"," 8"," -34.0"," 8","9999.9"," 0","828.7"," 8"," 31.1"," 8","999.9"," 0","999.9","999.9","  -9.8"," "," -37.3"," "," 0.00","F","  1.2","000000"
"36259099999","2022-02-07","50.0166666","88.6833333","1759.0","KOSH AGACH, RS"," -25.7"," 8"," -33.0"," 8","9999.9"," 0","827.7"," 8"," 27.2"," 8","999.9"," 0","999.9","999.9"," -10.5","*"," -38.2"," "," 0.00","F","  1.2","100000"
"36259099999","2022-02-08","50.0166666","88.6833333","1759.0","KOSH AGACH, RS"," -24.8"," 8"," -32.5"," 8","9999.9"," 0","824.0"," 8"," 31.1"," 8","999.9"," 0","999.9","999.9","  -8.3"," "," -37.1"," "," 0.00","F","  1.2","000000"
"36259099999","2022-02-09","50.0166666","88.6833333","1759.0","KOSH AGACH, RS"," -20.0"," 8"," -27.6"," 8","9999.9"," 0","819.6"," 8"," 31.1"," 8","999.9"," 0","999.9","999.9","  -5.3"," "," -33.2"," "," 0.00","F","  1.2","000000"
"36259099999","2022-02-10","50.0166666","88.6833333","1759.0","KOSH AGACH, RS"," -24.5"," 8"," -32.0"," 8","9999.9"," 0","823.0"," 8"," 31.1"," 8","999.9"," 0","999.9","999.9","  -3.6"," "," -35.0","*"," 0.00","F","  1.2","000000"
"36259099999","2022-02-11","50.0166666","88.6833333","1759.0","KOSH AGACH, RS"," -27.2"," 8"," -34.8"," 8","9999.9"," 0","824.7"," 8"," 31.1"," 8","  1.9"," 4","  1.9","999.9","  -9.4"," "," -37.7"," "," 0.00","F","  1.2","000000"
"36259099999","2022-02-12","50.0166666","88.6833333","1759.0","KOSH AGACH, RS"," -28.5"," 8"," -36.1"," 8","9999.9"," 0","822.6"," 8"," 31.1"," 8","999.9"," 0","999.9","999.9"," -10.1"," "," -39.8"," "," 0.00","F","  1.2","000000"
"36259099999","2022-02-13","50.0166666","88.6833333","1759.0","KOSH AGACH, RS"," -24.0"," 8"," -31.4"," 8","9999.9"," 0","821.7"," 8"," 31.1"," 8","  1.9"," 6","  1.9","999.9"," -10.5"," "," -39.1"," "," 0.00","F","  1.2","000000"
"36259099999","2022-02-14","50.0166666","88.6833333","1759.0","KOSH AGACH, RS"," -18.6"," 8"," -25.2"," 8","9999.9"," 0","821.2"," 8"," 31.1"," 8","  2.4"," 4","  3.9","999.9","  -3.1"," "," -31.9"," "," 0.00","F","  1.2","000000"
"36259099999","2022-02-15","50.0166666","88.6833333","1759.0","KOSH AGACH, RS"," -10.2"," 8"," -17.7"," 8","9999.9"," 0","818.0"," 8"," 31.1"," 8","  3.2"," 8","  5.8","999.9","  -0.6"," "," -26.0"," "," 0.00","F","  1.2","000000"
"36259099999","2022-02-16","50.0166666","88.6833333","1759.0","KOSH AGACH, RS","  -3.9"," 8"," -14.8"," 8","9999.9"," 0","820.1"," 8"," 31.1"," 8","  5.8"," 8"," 13.6","999.9","   6.4"," "," -20.6","*"," 0.00","F","  1.2","000000"
"36259099999","2022-02-17","50.0166666","88.6833333","1759.0","KOSH AGACH, RS"," -14.6"," 8"," -22.2"," 8","9999.9"," 0","827.6"," 8"," 31.1"," 8","  2.4"," 4","  3.9","999.9","   1.0"," "," -24.2","*"," 0.00","F","  1.2","000000"
"36259099999","2022-02-18","50.0166666","88.6833333","1759.0","KOSH AGACH, RS"," -10.4"," 8"," -16.6"," 8","9999.9"," 0","831.9"," 8"," 31.1"," 8","  1.9"," 5","  1.9","999.9","  -1.5"," "," -26.7"," "," 0.00","F","  1.2","000000"
"36259099999","2022-02-19","50.0166666","88.6833333","1759.0","KOSH AGACH, RS","  -9.9"," 8"," -16.4"," 8","9999.9"," 0","830.9"," 8"," 31.1"," 8","999.9"," 0","999.9","999.9","   2.5"," "," -21.5","*"," 0.00","F","  1.2","000000"
"36259099999","2022-02-20","50.0166666","88.6833333","1759.0","KOSH AGACH, RS"," -11.0"," 8"," -17.0"," 8","9999.9"," 0","830.3"," 8"," 31.1"," 8","  1.9"," 4","  1.9","999.9","   7.3"," "," -22.9"," "," 0.00","F","  1.2","000000"
"36259099999","2022-02-21","50.0166666","88.6833333","1759.0","KOSH AGACH, RS"," -11.7"," 8"," -17.7"," 8","9999.9"," 0","829.2"," 8"," 31.1"," 8","  1.9"," 4","  1.9","999.9","   8.4"," "," -25.4"," "," 0.00","F","  1.2","000000"
"36259099999","2022-02-22","50.0166666","88.6833333","1759.0","KOSH AGACH, RS"," -11.5"," 8"," -17.6"," 8","9999.9"," 0","826.4"," 8"," 31.1"," 8","999.9"," 0","999.9","999.9","   6.4"," "," -23.8"," "," 0.00","F","  1.2","000000"
"36259099999","2022-02-23","50.0166666","88.6833333","1759.0","KOSH AGACH, RS","  -8.9"," 8"," -14.8"," 8","9999.9"," 0","825.2"," 8"," 31.1"," 8","  1.9"," 5","  1.9","999.9","   8.8"," "," -23.8"," "," 0.00","F","  1.2","000000"
"36259099999","2022-02-24","50.0166666","88.6833333","1759.0","KOSH AGACH, RS","  -4.2"," 8"," -10.9"," 8","9999.9"," 0","828.4"," 8"," 31.1"," 8","999.9"," 0","999.9","999.9","  13.3"," "," -15.2"," "," 0.00","F","  1.2","000000"
"36259099999","2022-02-25","50.0166666","88.6833333","1759.0","KOSH AGACH, RS","  -3.3"," 8","  -9.9"," 8","9999.9"," 0","827.1"," 8"," 31.1"," 8","  2.9"," 4","  3.9","999.9","  16.0"," "," -16.2"," "," 0.00","F","  1.2","000000"
"36259099999","2022-02-26","50.0166666","88.6833333","1759.0","KOSH AGACH, RS","   2.2"," 8","  -4.3"," 8","9999.9"," 0","824.2"," 8"," 31.1"," 8","  3.6"," 7","  9.7","999.9","  12.4"," "," -15.5"," "," 0.00","F","  1.2","000000"
"36259099999","2022-02-27","50.0166666","88.6833333","1759.0","KOSH AGACH, RS","   0.0"," 8","  -8.6"," 8","9999.9"," 0","832.8"," 8"," 31.1"," 8","  2.9"," 6","  3.9","999.9","  18.0"," "," -14.4","*"," 0.00","F","  1.2","000000"
"36259099999","2022-02-28","50.0166666","88.6833333","1759.0","KOSH AGACH, RS","  -7.4"," 8"," -14.1"," 8","9999.9"," 0","828.6"," 8"," 31.1"," 8","  2.2"," 8","  3.9","999.9","  10.4"," "," -20.2"," "," 0.00","F","  1.2","000000"
"36259099999","2022-03-01","50.0166666","88.6833333","1759.0","KOSH AGACH, RS","  -7.0"," 8"," -13.3"," 8","9999.9"," 0","821.9"," 8"," 31.1"," 8","  2.7"," 5","  3.9","999.9","   9.9"," "," -20.4"," "," 0.00","F","  1.2","000000"
"36259099999","2022-03-02","50.0166666","88.6833333","1759.0","KOSH AGACH, RS","   4.9"," 8","  -3.6"," 8","9999.9"," 0","817.1"," 8"," 31.1"," 8","  7.8"," 6"," 15.5","999.9","  17.2","*"," -18.6"," "," 0.00","F","  1.2","000000"
"36259099999","2022-03-03","50.0166666","88.6833333","1759.0","KOSH AGACH, RS","   3.7"," 8","  -7.2"," 8","9999.9"," 0","824.0"," 8"," 31.1"," 8","  4.4"," 8"," 11.7","999.9","  19.4"," "," -12.6","*"," 0.00","F","  1.2","000000"
"36259099999","2022-03-04","50.0166666","88.6833333","1759.0","KOSH AGACH, RS","  -0.9"," 8","  -8.7"," 8","9999.9"," 0","820.2"," 8"," 31.1"," 8","  1.9"," 5","  1.9","999.9","  15.6"," "," -15.7"," "," 0.00","F","  0.8","000000"
"36259099999","2022-03-05","50.0166666","88.6833333","1759.0","KOSH AGACH, RS","   8.1"," 8","  -0.2"," 8","9999.9"," 0","818.5"," 8"," 31.1"," 8","  2.9"," 4","  3.9","999.9","  25.3"," "," -10.5"," "," 0.00","F","  0.8","000000"
"36259099999","2022-03-06","50.0166666","88.6833333","1759.0","KOSH AGACH, RS","  12.0"," 8","   4.8"," 8","9999.9"," 0","817.0"," 8"," 31.1"," 8","  2.6"," 6","  3.9","999.9","  23.4"," ","  -4.4"," "," 0.00","F","  0.8","000000"
"36259099999","2022-03-07","50.0166666","88.6833333","1759.0","KOSH AGACH, RS","  27.3"," 8","  15.4"," 8","9999.9"," 0","814.7"," 8"," 31.1"," 8","  4.7"," 7"," 11.7","999.9","  41.0"," ","   5.4"," "," 0.00","F","  0.8","000000"
"36259099999","2022-03-08","50.0166666","88.6833333","1759.0","KOSH AGACH, RS","  19.7"," 8","  11.2"," 8","9999.9"," 0","815.5"," 8"," 31.1"," 8","  9.7"," 7"," 19.4","999.9","  30.7"," ","   8.1","*"," 0.00","F","999.9","000000"
"36259099999","2022-03-09","50.0166666","88.6833333","1759.0","KOSH AGACH, RS","  14.9"," 8","   0.8"," 8","9999.9"," 0","820.1"," 8"," 31.1"," 8","  3.1"," 5","  3.9","999.9","  28.0","*","   4.6"," "," 0.00","F","999.9","000000"
"36259099999","2022-03-10","50.0166666","88.6833333","1759.0","KOSH AGACH, RS","  15.1"," 8","   5.3"," 8","9999.9"," 0","817.8"," 8"," 28.7"," 8","  3.1"," 5","  5.8","999.9","  24.3"," ","  -2.0"," "," 0.00","F","999.9","001000"
"36259099999","2022-03-11","50.0166666","88.6833333","1759.0","KOSH AGACH, RS","  16.3"," 8","   5.1"," 8","9999.9"," 0","817.2"," 8"," 31.1"," 8","  4.7"," 7","  9.7","999.9","  28.0"," ","   6.4","*"," 0.02","F","  0.4","000000"
"36259099999","2022-03-12","50.0166666","88.6833333","1759.0","KOSH AGACH, RS","  16.2"," 8","   2.2"," 8","9999.9"," 0","812.8"," 8"," 31.1"," 8","  2.2"," 7","  3.9","999.9","  27.9"," ","   3.0"," "," 0.00","F","999.9","000000"
"36259099999","2022-03-13","50.0166666","88.6833333","1759.0","KOSH AGACH, RS","  21.9"," 8","  11.0"," 8","9999.9"," 0","812.8"," 8"," 31.1"," 8","  3.3"," 7","  5.8","999.9","  31.1","*","   6.3"," "," 0.00","F","999.9","000000"
"36259099999","2022-03-14","50.0166666","88.6833333","1759.0","KOSH AGACH, RS","  24.1"," 8","  10.7"," 8","9999.9"," 0","815.5"," 8"," 31.1"," 8","  7.3"," 8"," 13.6","999.9","  34.3"," ","  12.2","*"," 0.00","F","  0.4","001000"
"36259099999","2022-03-15","50.0166666","88.6833333","1759.0","KOSH AGACH, RS","  17.4"," 8","   3.8"," 8","9999.9"," 0","819.3"," 8"," 31.1"," 8","  2.9"," 8","  5.8","999.9","  28.6"," ","   5.7"," "," 0.00","F","  0.4","000000"
"36259099999","2022-03-16","50.0166666","88.6833333","1759.0","KOSH AGACH, RS","  13.4"," 8","  -0.3"," 8","9999.9"," 0","819.4"," 8"," 31.1"," 8","  4.4"," 8","  9.7","999.9","  27.7"," ","   3.2","*"," 0.00","F","  0.4","000000"
"36259099999","2022-03-17","50.0166666","88.6833333","1759.0","KOSH AGACH, RS","   9.7"," 8","  -6.0"," 8","9999.9"," 0","820.6"," 8"," 31.1"," 8","  2.2"," 8","  3.9","999.9","  21.0"," ","  -0.6","*"," 0.00","F","999.9","000000"
"36259099999","2022-03-18","50.0166666","88.6833333","1759.0","KOSH AGACH, RS","   9.5"," 8","  -0.9"," 8","9999.9"," 0","818.5"," 8"," 26.4"," 8","  1.5"," 8","  3.9","999.9","  16.3"," ","  -1.1"," "," 0.00","F","999.9","001000"
"36259099999","2022-03-19","50.0166666","88.6833333","1759.0","KOSH AGACH, RS","  13.3"," 8","   7.1"," 8","9999.9"," 0","821.8"," 8"," 24.9"," 8","  2.2"," 8","  3.9","999.9","  22.3"," ","   3.0"," "," 0.03","F","  0.4","001000"
"36259099999","2022-03-20","50.0166666","88.6833333","1759.0","KOSH AGACH, RS","   8.7"," 8","  -0.6"," 8","9999.9"," 0","822.2"," 8"," 31.1"," 8","  2.4"," 8","  3.9","999.9","  22.6"," ","  -1.3","*"," 0.20","F","  2.8","000000"
"36259099999","2022-03-21","50.0166666","88.6833333","1759.0","KOSH AGACH, RS","  10.7"," 8","  -5.3"," 8","9999.9"," 0","818.8"," 8"," 31.1"," 8","  2.9"," 8","  7.8","999.9","  24.4"," ","  -6.2"," "," 0.00","F","999.9","000000"
"36259099999","2022-03-22","50.0166666","88.6833333","1759.0","KOSH AGACH, RS","  20.1"," 8","   2.4"," 8","9999.9"," 0","813.4"," 8"," 31.1"," 8","  2.9"," 8","  7.8","999.9","  29.1"," ","   2.1"," "," 0.00","F","  2.0","000000"
"36259099999","2022-03-23","50.0166666","88.6833333","1759.0","KOSH AGACH, RS","  13.3"," 8","  -1.3"," 8","9999.9"," 0","810.0"," 8"," 27.3"," 8","  9.7"," 8"," 21.4","999.9","  21.7"," ","   6.3","*"," 0.00","F","  0.4","000000"
"36259099999","2022-03-24","50.0166666","88.6833333","1759.0","KOSH AGACH, RS","  13.8"," 8","  -5.5"," 8","9999.9"," 0","814.5"," 8"," 31.1"," 8"," 10.4"," 8"," 21.4","999.9","  17.1"," ","   5.7"," "," 0.00","F","  0.4","000000"
"36259099999","2022-03-25","50.0166666","88.6833333","1759.0","KOSH AGACH, RS","  15.8"," 8","  -3.7"," 8","9999.9"," 0","821.1"," 8"," 31.1"," 8","  8.5"," 8"," 19.4","999.9","  24.3"," ","   5.7","*"," 0.00","F","  0.4","000000"
"36259099999","2022-03-26","50.0166666","88.6833333","1759.0","KOSH AGACH, RS","  20.1"," 8","  -1.9"," 8","9999.9"," 0","819.8"," 8"," 31.1"," 8","  1.9"," 8","  3.9","999.9","  35.6"," ","   2.5"," "," 0.00","F","999.9","000000"
"36259099999","2022-03-27","50.0166666","88.6833333","1759.0","KOSH AGACH, RS","  24.4"," 8","   9.9"," 8","9999.9"," 0","813.8"," 8"," 31.1"," 8","  1.9"," 8","  3.9","999.9","  35.1"," ","  13.3"," "," 0.00","F","999.9","000000"
"36259099999","2022-03-28","50.0166666","88.6833333","1759.0","KOSH AGACH, RS","  22.3"," 8","  12.0"," 8","9999.9"," 0","819.0"," 8"," 31.1"," 8","  2.9"," 8","  7.8","999.9","  33.6"," ","   9.3","*"," 0.00","F","999.9","000000"
"36259099999","2022-03-29","50.0166666","88.6833333","1759.0","KOSH AGACH, RS","  20.3"," 8","   4.8"," 8","9999.9"," 0","823.8"," 8"," 31.1"," 8","  3.2"," 8","  7.8","999.9","  33.8"," ","   7.3"," "," 0.00","F","999.9","000000"
"36259099999","2022-03-30","50.0166666","88.6833333","1759.0","KOSH AGACH, RS","  20.4"," 8","   2.0"," 8","9999.9"," 0","831.4"," 8"," 31.1"," 8","  6.1"," 8"," 15.5","999.9","  32.2"," ","   9.7"," "," 0.00","F","999.9","000000"
"36259099999","2022-03-31","50.0166666","88.6833333","1759.0","KOSH AGACH, RS","  20.7"," 8","   1.6"," 8","9999.9"," 0","837.2"," 8"," 31.1"," 8","  2.4"," 8","  3.9","999.9","  32.9"," ","   5.7"," "," 0.00","F","999.9","000000"
"36259099999","2022-04-01","50.0166666","88.6833333","1759.0","KOSH AGACH, RS","  26.4"," 8","   4.3"," 8","9999.9"," 0","830.9"," 8"," 31.1"," 8","  2.2"," 8","  3.9","999.9","  43.3"," ","   8.2"," "," 0.00","F","999.9","000000"
"36259099999","2022-04-02","50.0166666","88.6833333","1759.0","KOSH AGACH, RS","  32.2"," 8","   6.5"," 8","9999.9"," 0","826.0"," 8"," 31.1"," 8","  3.9"," 8","  9.7","999.9","  49.3"," ","  14.5"," "," 0.00","F","999.9","000000"
"36259099999","2022-04-03","50.0166666","88.6833333","1759.0","KOSH AGACH, RS","  35.5"," 8","  16.0"," 8","9999.9"," 0","827.7"," 8"," 31.1"," 8","  7.5"," 8"," 17.5","999.9","  45.1"," ","  20.1"," "," 0.00","F","999.9","000000"
"36259099999","2022-04-04","50.0166666","88.6833333","1759.0","KOSH AGACH, RS","  35.2"," 8","  19.7"," 8","9999.9"," 0","829.1"," 8"," 31.1"," 8","  2.4"," 8","  3.9","999.9","  48.4"," ","  23.7","*"," 0.00","F","999.9","000000"
"36259099999","2022-04-05","50.0166666","88.6833333","1759.0","KOSH AGACH, RS","  38.5"," 8","  15.6"," 8","9999.9"," 0","828.7"," 8"," 31.1"," 8","  2.2"," 8","  3.9","999.9","  55.9"," ","  22.3"," "," 0.00","F","999.9","000000"
"36259099999","2022-04-06","50.0166666","88.6833333","1759.0","KOSH AGACH, RS","  40.4"," 8","  12.3"," 8","9999.9"," 0","825.9"," 8"," 31.1"," 8","  2.7"," 8","  9.7","999.9","  61.5"," ","  20.5"," "," 0.00","F","999.9","000000"
"36259099999","2022-04-07","50.0166666","88.6833333","1759.0","KOSH AGACH, RS","  39.2"," 8","  21.0"," 8","9999.9"," 0","821.2"," 8"," 31.1"," 8","  3.9"," 8"," 11.7","999.9","  55.2"," ","  24.1"," "," 0.00","F","999.9","000000"
"36259099999","2022-04-08","50.0166666","88.6833333","1759.0","KOSH AGACH, RS","  38.0"," 8","  25.8"," 8","9999.9"," 0","814.4"," 8"," 31.1"," 8","  7.3"," 8"," 19.4","999.9","  55.6"," ","  23.7","*"," 0.00","F","999.9","000000"
"36259099999","2022-04-09","50.0166666","88.6833333","1759.0","KOSH AGACH, RS","  27.0"," 8","  11.6"," 8","9999.9"," 0","818.5"," 8"," 31.1"," 8"," 10.4"," 8"," 17.5","999.9","  37.0"," ","  18.5","*"," 0.04","F","999.9","000000"
"36259099999","2022-04-10","50.0166666","88.6833333","1759.0","KOSH AGACH, RS","  25.0"," 8","   4.1"," 8","9999.9"," 0","825.9"," 8"," 31.1"," 8","  3.9"," 8","  9.7","999.9","  35.6"," ","  14.5"," "," 0.00","F","999.9","000000"
"36259099999","2022-04-11","50.0166666","88.6833333","1759.0","KOSH AGACH, RS","  25.4"," 8","   1.3"," 8","9999.9"," 0","828.9"," 8"," 31.1"," 8","  4.1"," 8","  7.8","999.9","  34.9"," ","  14.4","*"," 0.00","F","999.9","000000"
"36259099999","2022-04-12","50.0166666","88.6833333","1759.0","KOSH AGACH, RS","  30.5"," 8","   5.5"," 8","9999.9"," 0","827.7"," 8"," 31.1"," 8","  4.1"," 8","  9.7","999.9","  45.7"," ","  10.9"," "," 0.00","F","999.9","000000"
"36259099999","2022-04-13","50.0166666","88.6833333","1759.0","KOSH AGACH, RS","  32.9"," 8","   3.6"," 8","9999.9"," 0","826.3"," 8"," 31.1"," 8","  6.3"," 8"," 11.7","999.9","  45.3"," ","  19.0"," "," 0.00","F","999.9","000000"
"36259099999","2022-04-14","50.0166666","88.6833333","1759.0","KOSH AGACH, RS","  22.5"," 8","  -6.9"," 8","9999.9"," 0","831.4"," 8"," 31.1"," 8","  5.3"," 8","  7.8","999.9","  32.7"," ","  11.8","*"," 0.00","F","999.9","000000"
"36259099999","2022-04-15","50.0166666","88.6833333","1759.0","KOSH AGACH, RS","  27.5"," 8","  -6.8"," 8","9999.9"," 0","832.2"," 8"," 31.1"," 8","  1.2"," 8","  1.9","999.9","  43.9"," ","   8.2"," "," 0.00","F","999.9","000000"
"36259099999","2022-04-16","50.0166666","88.6833333","1759.0","KOSH AGACH, RS","  35.6"," 8","   1.5"," 8","9999.9"," 0","830.0"," 8"," 31.1"," 8","  1.7"," 8","  3.9","999.9","  53.6"," ","  14.9"," "," 0.00","F","999.9","000000"
"36259099999","2022-04-17","50.0166666","88.6833333","1759.0","KOSH AGACH, RS","  41.2"," 8","   7.3"," 8","9999.9"," 0","827.9"," 8"," 31.1"," 8","  2.9"," 8","  5.8","999.9","  61.2"," ","  18.0"," "," 0.00","F","999.9","000000"
"36259099999","2022-04-18","50.0166666","88.6833333","1759.0","KOSH AGACH, RS","  44.4"," 8","   8.0"," 8","9999.9"," 0","823.7"," 8"," 31.1"," 8","  2.9"," 8","  7.8","999.9","  58.8"," ","  24.1"," "," 0.00","F","999.9","000000"
"36259099999","2022-04-19","50.0166666","88.6833333","1759.0","KOSH AGACH, RS","  38.5"," 8","  17.7"," 8","9999.9"," 0","815.3"," 8"," 31.1"," 8"," 10.4"," 8"," 19.4","999.9","  53.6"," ","  23.7","*"," 0.00","F","999.9","000000"
"36259099999","2022-04-20","50.0166666","88.6833333","1759.0","KOSH AGACH, RS","  34.1"," 8","  14.8"," 8","9999.9"," 0","817.5"," 8"," 31.1"," 8","  8.7"," 8"," 15.5","999.9","  44.2"," ","  19.0"," "," 0.00","F","999.9","000000"
"36259099999","2022-04-21","50.0166666","88.6833333","1759.0","KOSH AGACH, RS","  40.2"," 8","  20.9"," 8","9999.9"," 0","814.8"," 8"," 31.1"," 8","  8.5"," 8"," 15.5","999.9","  47.7"," ","  30.4"," "," 0.00","F","999.9","000000"
"36259099999","2022-04-22","50.0166666","88.6833333","1759.0","KOSH AGACH, RS","  33.3"," 8","  21.3"," 8","9999.9"," 0","812.8"," 8"," 31.1"," 8"," 11.2"," 8"," 17.5","999.9","  41.2"," ","  21.9","*"," 0.05","F","999.9","010000"
"36259099999","2022-04-23","50.0166666","88.6833333","1759.0","KOSH AGACH, RS","  31.9"," 8","   5.8"," 8","9999.9"," 0","813.8"," 8"," 31.1"," 8","  6.1"," 8"," 11.7","999.9","  42.3"," ","  18.7"," "," 0.00","F","999.9","000000"
"36259099999","2022-04-24","50.0166666","88.6833333","1759.0","KOSH AGACH, RS","  23.3"," 8","   4.1"," 8","9999.9"," 0","817.7"," 8"," 31.1"," 8","  8.7"," 8"," 21.4","999.9","  31.5"," ","  12.2","*"," 0.00","F","999.9","000000"
"36259099999","2022-04-25","50.0166666","88.6833333","1759.0","KOSH AGACH, RS","  29.6"," 8","   3.8"," 8","9999.9"," 0","821.2"," 8"," 31.1"," 8","  1.9"," 8","  3.9","999.9","  39.2"," ","  10.6"," "," 0.00","F","999.9","000000"
"36259099999","2022-04-26","50.0166666","88.6833333","1759.0","KOSH AGACH, RS","  36.5"," 8","  10.5"," 8","9999.9"," 0","821.5"," 8"," 31.1"," 8","  4.9"," 8","  9.7","999.9","  46.4"," ","  27.0"," "," 0.00","F","999.9","000000"
"36259099999","2022-04-27","50.0166666","88.6833333","1759.0","KOSH AGACH, RS","  32.9"," 8","  19.1"," 8","9999.9"," 0","825.2"," 8"," 31.1"," 8","  6.1"," 8"," 17.5","999.9","  42.1"," ","  25.9","*"," 0.00","F","999.9","000000"
"36259099999","2022-04-28","50.0166666","88.6833333","1759.0","KOSH AGACH, RS","  36.5"," 8","  13.4"," 8","9999.9"," 0","831.8"," 8"," 31.1"," 8","  1.0"," 8","  3.9","999.9","  47.8"," ","  25.0"," "," 0.00","F","  0.4","000000"
"36259099999","2022-04-29","50.0166666","88.6833333","1759.0","KOSH AGACH, RS","  41.1"," 8","  13.5"," 8","9999.9"," 0","834.5"," 8"," 31.1"," 8","  1.9"," 8","  3.9","999.9","  57.0"," ","  24.3"," "," 0.00","F","999.9","000000"
"36259099999","2022-04-30","50.0166666","88.6833333","1759.0","KOSH AGACH, RS","  45.6"," 8","  12.5"," 8","9999.9"," 0","830.1"," 8"," 31.1"," 8","  2.4"," 8","  7.8","999.9","  64.2"," ","  22.3"," "," 0.00","F","999.9","000000"
"36259099999","2022-05-01","50.0166666","88.6833333","1759.0","KOSH AGACH, RS","  48.9"," 8","  12.3"," 8","9999.9"," 0","824.5"," 8"," 31.1"," 8","  3.6"," 8","  7.8","999.9","  66.4"," ","  27.5"," "," 0.00","F","999.9","000000"
"36259099999","2022-05-02","50.0166666","88.6833333","1759.0","KOSH AGACH, RS","  47.2"," 8","  22.4"," 8","9999.9"," 0","817.8"," 8"," 31.1"," 8","  4.9"," 8"," 11.7","999.9","  60.3"," ","  33.8","*"," 0.00","F","999.9","000000"
"36259099999","2022-05-03","50.0166666","88.6833333","1759.0","KOSH AGACH, RS","  44.8"," 8","  31.0"," 8","9999.9"," 0","816.3"," 8"," 31.1"," 8","  6.6"," 8"," 15.5","999.9","  55.4"," ","  32.0"," "," 0.00","F","999.9","000000"
"36259099999","2022-05-04","50.0166666","88.6833333","1759.0","KOSH AGACH, RS","  45.2"," 8","  16.1"," 8","9999.9"," 0","819.7"," 8"," 31.1"," 8","  2.9"," 8","  3.9","999.9","  56.1"," ","  32.4"," "," 0.00","F","999.9","000000"
"36259099999","2022-05-05","50.0166666","88.6833333","1759.0","KOSH AGACH, RS","  47.2"," 8","  22.1"," 8","9999.9"," 0","820.3"," 8"," 31.1"," 8","  3.9"," 8"," 11.7","999.9","  62.1"," ","  32.4"," "," 0.00","F","999.9","000000"
"36259099999","2022-05-06","50.0166666","88.6833333","1759.0","KOSH AGACH, RS","  47.4"," 8","  24.3"," 8","9999.9"," 0","823.3"," 8"," 31.1"," 8","  6.6"," 8"," 15.5","999.9","  62.2"," ","  32.2","*"," 0.00","F","999.9","000000"
"36259099999","2022-05-07","50.0166666","88.6833333","1759.0","KOSH AGACH, RS","  51.2"," 8","  22.3"," 8","9999.9"," 0","823.0"," 8"," 31.1"," 8","  5.6"," 8"," 11.7","999.9","  65.7"," ","  29.5"," "," 0.00","F","999.9","000000"
"36259099999","2022-05-08","50.0166666","88.6833333","1759.0","KOSH AGACH, RS","  37.5"," 8","  16.0"," 8","9999.9"," 0","824.3"," 8"," 28.0"," 8","  8.7"," 8"," 21.4","999.9","  48.2"," ","  27.1","*"," 0.03","F","999.9","010000"
"36259099999","2022-05-09","50.0166666","88.6833333","1759.0","KOSH AGACH, RS","  36.3"," 8","   8.1"," 8","9999.9"," 0","825.9"," 8"," 31.1"," 8","  4.4"," 8","  9.7","999.9","  47.8"," ","  23.9"," "," 0.00","F","999.9","000000"
"36259099999","2022-05-10","50.0166666","88.6833333","1759.0","KOSH AGACH, RS","  39.0"," 8","   4.8"," 8","9999.9"," 0","823.6"," 8"," 31.1"," 8","  4.9"," 8","  9.7","999.9","  53.2"," ","  22.8"," "," 0.00","F","999.9","000000"
"36259099999","2022-05-11","50.0166666","88.6833333","1759.0","KOSH AGACH, RS","  42.0"," 8","   3.6"," 8","9999.9"," 0","825.5"," 8"," 31.1"," 8","  3.9"," 8","  7.8","999.9","  54.7"," ","  20.3"," "," 0.00","F","999.9","000000"
"36259099999","2022-05-12","50.0166666","88.6833333","1759.0","KOSH AGACH, RS","  46.4"," 8","   4.6"," 8","9999.9"," 0","825.8"," 8"," 31.1"," 8","  3.9"," 8","  5.8","999.9","  60.1"," ","  29.1"," "," 0.00","F","999.9","000000"
"36259099999","2022-05-13","50.0166666","88.6833333","1759.0","KOSH AGACH, RS","  49.0"," 8","   9.8"," 8","9999.9"," 0","825.5"," 8"," 31.1"," 8","  2.7"," 8","  3.9","999.9","  63.0"," ","  31.3"," "," 0.00","F","999.9","000000"
"36259099999","2022-05-14","50.0166666","88.6833333","1759.0","KOSH AGACH, RS","  53.3"," 8","  16.7"," 8","9999.9"," 0","826.0"," 8"," 31.1"," 8","  3.4"," 8","  7.8","999.9","  67.6"," ","  32.7"," "," 0.00","F","999.9","000000"
"36259099999","2022-05-15","50.0166666","88.6833333","1759.0","KOSH AGACH, RS","  54.0"," 8","  19.2"," 8","9999.9"," 0","824.9"," 8"," 31.1"," 8","  4.1"," 8","  9.7","999.9","  68.9"," ","  34.5"," "," 0.00","F","999.9","000000"
"36259099999","2022-05-16","50.0166666","88.6833333","1759.0","KOSH AGACH, RS","  51.2"," 8","  30.4"," 8","9999.9"," 0","823.1"," 8"," 31.1"," 8","  5.1"," 8"," 11.7","999.9","  59.9"," ","  38.3"," "," 0.00","F","999.9","000000"
"36259099999","2022-05-17","50.0166666","88.6833333","1759.0","KOSH AGACH, RS","  53.1"," 8","  29.0"," 8","9999.9"," 0","822.5"," 8"," 31.1"," 8","  3.9"," 8"," 11.7","999.9","  67.3"," ","  37.6"," "," 0.00","F","999.9","000000"
"36259099999","2022-05-18","50.0166666","88.6833333","1759.0","KOSH AGACH, RS","  57.3"," 8","  24.6"," 8","9999.9"," 0","823.2"," 8"," 31.1"," 8","  2.2"," 8","  3.9","999.9","  72.3"," ","  36.3"," "," 0.00","F","999.9","000000"
"36259099999","2022-05-19","50.0166666","88.6833333","1759.0","KOSH AGACH, RS","  59.7"," 8","  25.7"," 8","9999.9"," 0","822.5"," 8"," 31.1"," 8","  4.6"," 8","  7.8","999.9","  73.0"," ","  44.1"," "," 0.00","F","999.9","000000"
"36259099999","2022-05-20","50.0166666","88.6833333","1759.0","KOSH AGACH, RS","  51.1"," 8","  36.6"," 8","9999.9"," 0","824.7"," 8"," 28.7"," 8","  3.6"," 8","  5.8","999.9","  62.6"," ","  39.7","*"," 0.12","F","999.9","010000"
"36259099999","2022-05-21","50.0166666","88.6833333","1759.0","KOSH AGACH, RS","  58.7"," 8","  25.9"," 8","9999.9"," 0","823.6"," 8"," 31.1"," 8","  2.9"," 8","  5.8","999.9","  72.7"," ","  38.1"," "," 0.00","F","999.9","000000"
"36259099999","2022-05-22","50.0166666","88.6833333","1759.0","KOSH AGACH, RS","  62.7"," 8","  27.0"," 8","9999.9"," 0","820.0"," 8"," 31.1"," 8","  5.1"," 8","  9.7","999.9","  75.9"," ","  48.4"," "," 0.00","F","999.9","000000"
"36259099999","2022-05-23","50.0166666","88.6833333","1759.0","KOSH AGACH, RS","  61.6"," 8","  35.7"," 8","9999.9"," 0","824.8"," 8"," 31.1"," 8","  6.3"," 8"," 11.7","999.9","  73.9"," ","  49.8"," "," 0.00","F","999.9","000000"
"36259099999","2022-05-24","50.0166666","88.6833333","1759.0","KOSH AGACH, RS","  64.2"," 8","  36.8"," 8","9999.9"," 0","824.2"," 8"," 31.1"," 8","  6.3"," 8"," 15.5","999.9","  79.9"," ","  44.8"," "," 0.00","F","999.9","000000"
"36259099999","2022-05-25","50.0166666","88.6833333","1759.0","KOSH AGACH, RS","  67.6"," 8","  34.5"," 8","9999.9"," 0","823.4"," 8"," 31.1"," 8","  4.6"," 8"," 11.7","999.9","  79.9"," ","  45.1"," "," 0.00","F","999.9","000000"
"36259099999","2022-05-26","50.0166666","88.6833333","1759.0","KOSH AGACH, RS","  57.9"," 7","  43.0"," 7","9999.9"," 0","821.6"," 7"," 31.1"," 7","  5.3"," 7"," 15.5","999.9","  72.7"," ","  42.8","*"," 0.12","F","999.9","010000"
"36259099999","2022-05-27","50.0166666","88.6833333","1759.0","KOSH AGACH, RS","  57.2"," 8","  40.2"," 8","9999.9"," 0","818.8"," 8"," 31.1"," 8","  7.0"," 8"," 23.3","999.9","  68.9"," ","  42.1"," "," 0.02","F","999.9","010000"
"36259099999","2022-05-28","50.0166666","88.6833333","1759.0","KOSH AGACH, RS","  59.8"," 8","  29.7"," 8","9999.9"," 0","821.2"," 8"," 31.1"," 8","  6.6"," 8"," 13.6","999.9","  72.3"," ","  40.6"," "," 0.00","F","999.9","000000"
"36259099999","2022-05-29","50.0166666","88.6833333","1759.0","KOSH AGACH, RS","  58.6"," 8","  38.2"," 8","9999.9"," 0","823.5"," 8"," 28.7"," 8","  4.6"," 8"," 11.7","999.9","  74.1"," ","  42.8"," "," 0.02","F","999.9","000010"
"36259099999","2022-05-30","50.0166666","88.6833333","1759.0","KOSH AGACH, RS","  59.8"," 8","  30.2"," 8","9999.9"," 0","823.1"," 8"," 31.1"," 8","  4.1"," 8","  7.8","999.9","  71.4"," ","  44.1"," "," 0.04","F","999.9","000000"
"36259099999","2022-05-31","50.0166666","88.6833333","1759.0","KOSH AGACH, RS","  52.1"," 8","  41.5"," 8","9999.9"," 0","819.3"," 8"," 31.1"," 8","  2.7"," 8","  7.8","999.9","  59.5"," ","  46.9","*"," 0.02","F","999.9","000000"
"36259099999","2022-06-01","50.0166666","88.6833333","1759.0","KOSH AGACH, RS","  50.9"," 8","  36.5"," 8","9999.9"," 0","814.2"," 8"," 31.1"," 8","  6.8"," 8"," 19.4","999.9","  62.8"," ","  41.4","*"," 0.02","F","999.9","000000"
"36259099999","2022-06-02","50.0166666","88.6833333","1759.0","KOSH AGACH, RS","  42.2"," 8","  26.3"," 8","9999.9"," 0","818.0"," 8"," 31.1"," 8"," 14.3"," 8"," 27.2","999.9","  52.3"," ","  34.9","*"," 0.00","F","999.9","000000"
"36259099999","2022-06-03","50.0166666","88.6833333","1759.0","KOSH AGACH, RS","  46.0"," 8","  22.5"," 8","9999.9"," 0","821.8"," 8"," 31.1"," 8","  5.1"," 8"," 11.7","999.9","  57.9"," ","  32.2"," "," 0.00","F","999.9","000000"
"36259099999","2022-06-04","50.0166666","88.6833333","1759.0","KOSH AGACH, RS","  49.8"," 8","  27.6"," 8","9999.9"," 0","820.1"," 8"," 31.1"," 8","  7.0"," 8"," 15.5","999.9","  61.5"," ","  32.9"," "," 0.00","F","999.9","000000"
"36259099999","2022-06-05","50.0166666","88.6833333","1759.0","KOSH AGACH, RS","  46.6"," 8","  30.7"," 8","9999.9"," 0","819.0"," 8"," 31.1"," 8","  5.1"," 8"," 11.7","999.9","  59.7"," ","  35.8"," "," 0.00","F","999.9","000000"
"36259099999","2022-06-06","50.0166666","88.6833333","1759.0","KOSH AGACH, RS","  47.5"," 8","  22.8"," 8","9999.9"," 0","822.4"," 8"," 31.1"," 8","  7.0"," 8"," 11.7","999.9","  56.5"," ","  36.9"," "," 0.00","F","999.9","000000"
"36259099999","2022-06-07","50.0166666","88.6833333","1759.0","KOSH AGACH, RS","  49.1"," 8","  21.3"," 8","9999.9"," 0","821.5"," 8"," 31.1"," 8","  5.6"," 8"," 11.7","999.9","  60.6"," ","  34.7"," "," 0.00","F","999.9","000000"
"36259099999","2022-06-08","50.0166666","88.6833333","1759.0","KOSH AGACH, RS","  52.9"," 8","  21.7"," 8","9999.9"," 0","821.5"," 8"," 31.1"," 8","  8.5"," 8"," 17.5","999.9","  64.9"," ","  33.6"," "," 0.00","F","999.9","000000"
"36259099999","2022-06-09","50.0166666","88.6833333","1759.0","KOSH AGACH, RS","  56.2"," 8","  13.8"," 8","9999.9"," 0","822.2"," 8"," 31.1"," 8","  7.0"," 8","  9.7","999.9","  70.2"," ","  40.8"," "," 0.00","F","999.9","000000"
"36259099999","2022-06-10","50.0166666","88.6833333","1759.0","KOSH AGACH, RS","  60.0"," 8","  13.9"," 8","9999.9"," 0","821.5"," 8"," 31.1"," 8","  5.6"," 8"," 11.7","999.9","  75.0"," ","  38.7"," "," 0.00","F","999.9","000000"
"36259099999","2022-06-11","50.0166666","88.6833333","1759.0","KOSH AGACH, RS","  65.4"," 8","  23.4"," 8","9999.9"," 0","820.9"," 8"," 31.1"," 8","  2.4"," 8","  3.9","999.9","  81.0"," ","  40.8"," "," 0.00","F","999.9","000000"
"36259099999","2022-06-12","50.0166666","88.6833333","1759.0","KOSH AGACH, RS","  63.2"," 8","  39.0"," 8","9999.9"," 0","821.5"," 8"," 31.1"," 8","  4.9"," 8"," 15.5","999.9","  76.8"," ","  45.1"," "," 0.00","F","999.9","000000"
"36259099999","2022-06-13","50.0166666","88.6833333","1759.0","KOSH AGACH, RS","  56.3"," 8","  48.4"," 8","9999.9"," 0","821.8"," 8"," 31.1"," 8","  1.5"," 8","  7.8","999.9","  66.4"," ","  45.0"," "," 0.28","F","999.9","010000"
"36259099999","2022-06-14","50.0166666","88.6833333","1759.0","KOSH AGACH, RS","  57.8"," 8","  46.9"," 8","9999.9"," 0","820.3"," 8"," 27.2"," 8","  1.0"," 8","  3.9","999.9","  65.1"," ","  45.5"," "," 0.08","F","999.9","100000"
"36259099999","2022-06-15","50.0166666","88.6833333","1759.0","KOSH AGACH, RS","  57.3"," 7","  43.3"," 7","9999.9"," 0","819.2"," 7"," 31.1"," 7","  4.7"," 7"," 19.4","999.9","  62.4","*","  50.4"," "," 0.00","F","999.9","010000"
"36259099999","2022-06-16","50.0166666","88.6833333","1759.0","KOSH AGACH, RS","  58.4"," 7","  31.8"," 7","9999.9"," 0","817.1"," 7"," 31.1"," 7","  6.7"," 7"," 19.4","999.9","  68.7"," ","  46.4","*"," 0.00","F","999.9","000000"
"36259099999","2022-06-17","50.0166666","88.6833333","1759.0","KOSH AGACH, RS","  54.2"," 8","  34.6"," 8","9999.9"," 0","818.3"," 8"," 31.1"," 8","  6.8"," 8"," 19.4","999.9","  62.6"," ","  41.2"," "," 0.00","F","999.9","000000"
"36259099999","2022-06-21","50.0166666","88.6833333","1759.0","KOSH AGACH, RS","  51.6"," 5","  41.6"," 5","9999.9"," 0","820.2"," 5"," 31.1"," 5","  4.7"," 5","  9.7","999.9","  73.8"," ","  42.3","*"," 0.02","E","999.9","010000"
"36259099999","2022-06-25","50.0166666","88.6833333","1759.0","KOSH AGACH, RS","  67.4"," 7","  38.4"," 7","9999.9"," 0","819.9"," 7"," 31.1"," 7","  6.4"," 7","  9.7","999.9","  77.4"," ","  53.8","*"," 0.00","E","999.9","000000"
"36259099999","2022-06-28","50.0166666","88.6833333","1759.0","KOSH AGACH, RS","  61.1"," 5","  41.8"," 5","9999.9"," 0","818.0"," 5"," 31.1"," 5","  3.9"," 5","  7.8","999.9","  73.8"," ","  50.5","*"," 0.11","F","999.9","000010"
"36259099999","2022-07-02","50.0166666","88.6833333","1759.0","KOSH AGACH, RS","  59.4"," 5","  28.9"," 5","9999.9"," 0","817.0"," 5"," 31.1"," 5","  5.4"," 5"," 11.7","999.9","  67.5"," ","  45.7","*"," 0.00","E","999.9","000000"
"36259099999","2022-07-06","50.0166666","88.6833333","1759.0","KOSH AGACH, RS","  56.7"," 4","  33.3"," 4","9999.9"," 0","819.7"," 4"," 31.1"," 4"," 10.7"," 4"," 19.4","999.9","  66.7"," ","  42.4","*"," 0.00","E","999.9","000000"
"36259099999","2022-07-07","50.0166666","88.6833333","1759.0","KOSH AGACH, RS","  57.6"," 8","  29.3"," 8","9999.9"," 0","822.1"," 8"," 31.1"," 8","  7.8"," 8"," 15.5","999.9","  69.3"," ","  37.2"," "," 0.00","F","999.9","000000"
"36259099999","2022-07-08","50.0166666","88.6833333","1759.0","KOSH AGACH, RS","  57.6"," 8","  35.6"," 8","9999.9"," 0","821.2"," 8"," 31.1"," 8","  6.3"," 8"," 15.5","999.9","  70.5"," ","  43.9","*"," 0.00","F","999.9","000000"
"36259099999","2022-07-09","50.0166666","88.6833333","1759.0","KOSH AGACH, RS","  60.2"," 8","  35.7"," 8","9999.9"," 0","817.7"," 8"," 31.1"," 8","  4.9"," 8"," 11.7"," 23.3","  69.4"," ","  41.7"," "," 0.00","F","999.9","000000"
"36259099999","2022-07-10","50.0166666","88.6833333","1759.0","KOSH AGACH, RS","  54.0"," 8","  43.7"," 8","9999.9"," 0","818.8"," 8"," 28.0"," 8","  4.9"," 8","  7.8","999.9","  63.7"," ","  46.6","*"," 0.08","F","999.9","010000"
"36259099999","2022-07-11","50.0166666","88.6833333","1759.0","KOSH AGACH, RS","  60.1"," 8","  40.5"," 8","9999.9"," 0","820.3"," 8"," 31.1"," 8","  3.9"," 8"," 11.7"," 19.4","  69.8","*","  41.5"," "," 0.01","E","999.9","000000"
"36259099999","2022-07-12","50.0166666","88.6833333","1759.0","KOSH AGACH, RS","  59.4"," 8","  42.8"," 8","9999.9"," 0","819.9"," 8"," 31.1"," 8","  2.4"," 8","  3.9","999.9","  75.6"," ","  47.1"," "," 0.04","E","999.9","010000"
"36259099999","2022-07-13","50.0166666","88.6833333","1759.0","KOSH AGACH, RS","  53.6"," 8","  37.5"," 8","9999.9"," 0","820.4"," 8"," 28.0"," 8","  4.4"," 8","  7.8","999.9","  62.6"," ","  48.2"," "," 0.43","F","999.9","010000"
"36259099999","2022-07-14","50.0166666","88.6833333","1759.0","KOSH AGACH, RS","  45.1"," 8","  39.0"," 8","9999.9"," 0","822.5"," 8"," 25.6"," 8","  4.4"," 8","  7.8","999.9","  51.4"," ","  36.5","*"," 0.37","F","999.9","010000"
"36259099999","2022-07-15","50.0166666","88.6833333","1759.0","KOSH AGACH, RS","  51.6"," 8","  35.7"," 8","9999.9"," 0","822.7"," 8"," 31.1"," 8","  3.9"," 8"," 15.5","999.9","  61.0"," ","  34.0"," "," 0.01","F","999.9","010000"
"36259099999","2022-07-16","50.0166666","88.6833333","1759.0","KOSH AGACH, RS","  57.6"," 8","  38.4"," 8","9999.9"," 0","821.1"," 8"," 31.1"," 8","  5.3"," 8"," 11.7","999.9","  68.2"," ","  47.1"," "," 0.02","F","999.9","000000"
"36259099999","2022-07-17","50.0166666","88.6833333","1759.0","KOSH AGACH, RS","  57.8"," 8","  42.8"," 8","9999.9"," 0","818.5"," 8"," 31.1"," 8","  5.8"," 8"," 19.4","999.9","  71.6"," ","  48.0"," "," 0.01","F","999.9","010000"
"36259099999","2022-07-18","50.0166666","88.6833333","1759.0","KOSH AGACH, RS","  52.1"," 8","  43.6"," 8","9999.9"," 0","816.7"," 8"," 31.1"," 8","  3.9"," 8","  7.8","999.9","  60.6"," ","  45.0","*"," 0.12","F","999.9","010000"
"36259099999","2022-07-19","50.0166666","88.6833333","1759.0","KOSH AGACH, RS","  52.0"," 8","  35.7"," 8","9999.9"," 0","819.1"," 8"," 31.1"," 8","  3.4"," 8"," 15.5","999.9","  59.9"," ","  41.5"," "," 0.00","F","999.9","000000"
"36259099999","2022-07-20","50.0166666","88.6833333","1759.0","KOSH AGACH, RS","  55.3"," 8","  31.3"," 8","9999.9"," 0","821.2"," 8"," 31.1"," 8","  3.4"," 8","  7.8"," 31.1","  64.4"," ","  45.3","*"," 0.00","E","999.9","000000"
"36259099999","2022-07-21","50.0166666","88.6833333","1759.0","KOSH AGACH, RS","  53.6"," 8","  40.9"," 8","9999.9"," 0","820.0"," 8"," 28.7"," 8","  2.4"," 8","  3.9","999.9","  63.1"," ","  41.5"," "," 0.12","F","999.9","010000"
"36259099999","2022-07-22","50.0166666","88.6833333","1759.0","KOSH AGACH, RS","  56.0"," 8","  43.5"," 8","9999.9"," 0","815.8"," 8"," 31.1"," 8","  2.9"," 8","  7.8","999.9","  68.9"," ","  46.6"," "," 0.03","F","999.9","010000"
"36259099999","2022-07-23","50.0166666","88.6833333","1759.0","KOSH AGACH, RS","  57.0"," 8","  34.8"," 8","9999.9"," 0","815.5"," 8"," 31.1"," 8","  4.9"," 8","  7.8","999.9","  66.9"," ","  41.5"," "," 0.01","F","999.9","000000"
"36259099999","2022-07-24","50.0166666","88.6833333","1759.0","KOSH AGACH, RS","  58.7"," 8","  35.6"," 8","9999.9"," 0","814.5"," 8"," 31.1"," 8","  3.4"," 8","  7.8","999.9","  69.8"," ","  42.4"," "," 0.00","F","999.9","000000"
"36259099999","2022-07-25","50.0166666","88.6833333","1759.0","KOSH AGACH, RS","  58.5"," 8","  31.7"," 8","9999.9"," 0","818.9"," 8"," 31.1"," 8","  4.9"," 8","  7.8","999.9","  67.3"," ","  48.0"," "," 0.00","F","999.9","000000"
"36259099999","2022-07-26","50.0166666","88.6833333","1759.0","KOSH AGACH, RS","  58.7"," 8","  32.1"," 8","9999.9"," 0","820.8"," 8"," 31.1"," 8","  3.9"," 8","  7.8","999.9","  71.6"," ","  44.4"," "," 0.00","F","999.9","000000"
"36259099999","2022-07-27","50.0166666","88.6833333","1759.0","KOSH AGACH, RS","  62.0"," 8","  33.8"," 8","9999.9"," 0","818.9"," 8"," 31.1"," 8","  3.4"," 8","  7.8","999.9","  74.5"," ","  41.7"," "," 0.00","F","999.9","000000"
"36259099999","2022-07-28","50.0166666","88.6833333","1759.0","KOSH AGACH, RS","  63.8"," 8","  33.4"," 8","9999.9"," 0","816.7"," 7"," 31.1"," 8","  4.4"," 8"," 15.5","999.9","  78.8"," ","  46.6"," "," 0.00","F","999.9","000000"
"36259099999","2022-07-29","50.0166666","88.6833333","1759.0","KOSH AGACH, RS","  59.2"," 8","  43.4"," 8","9999.9"," 0","817.6"," 8"," 31.1"," 8","  1.9"," 8","  3.9","999.9","  75.2"," ","  46.8","*"," 0.20","F","999.9","010010"
"36259099999","2022-07-30","50.0166666","88.6833333","1759.0","KOSH AGACH, RS","  59.9"," 8","  46.3"," 8","9999.9"," 0","817.6"," 8"," 31.1"," 8","  2.4"," 8","  7.8","999.9","  73.0"," ","  46.4"," "," 0.02","F","999.9","010000"
"36259099999","2022-07-31","50.0166666","88.6833333","1759.0","KOSH AGACH, RS","  63.8"," 8","  38.7"," 8","9999.9"," 0","817.1"," 8"," 28.7"," 8","  4.4"," 8"," 11.7","999.9","  74.3"," ","  48.0"," "," 0.00","F","999.9","010010"
"36259099999","2022-08-01","50.0166666","88.6833333","1759.0","KOSH AGACH, RS","  62.3"," 8","  41.8"," 8","9999.9"," 0","817.0"," 8"," 31.1"," 8","  5.8"," 8"," 11.7","999.9","  70.7"," ","  51.8"," "," 0.16","F","999.9","000010"
"36259099999","2022-08-02","50.0166666","88.6833333","1759.0","KOSH AGACH, RS","  59.6"," 8","  39.3"," 8","9999.9"," 0","819.3"," 8"," 31.1"," 8","  4.9"," 8","  7.8","999.9","  70.3"," ","  48.9","*"," 0.00","F","999.9","000000"
"36259099999","2022-08-03","50.0166666","88.6833333","1759.0","KOSH AGACH, RS","  59.4"," 8","  40.1"," 8","9999.9"," 0","821.7"," 8"," 31.1"," 8","  5.3"," 8"," 15.5","999.9","  71.6"," ","  47.7"," "," 0.00","F","999.9","000000"
"36259099999","2022-08-04","50.0166666","88.6833333","1759.0","KOSH AGACH, RS","  61.0"," 8","  42.7"," 8","9999.9"," 0","821.5"," 8"," 31.1"," 8","  4.9"," 8"," 15.5","999.9","  74.1"," ","  44.1"," "," 0.00","F","999.9","000000"
"36259099999","2022-08-05","50.0166666","88.6833333","1759.0","KOSH AGACH, RS","  50.9"," 8","  45.4"," 8","9999.9"," 0","822.9"," 8"," 28.0"," 8","  3.4"," 8","  7.8","999.9","  56.8","*","  41.4","*"," 0.08","E","999.9","010000"
"36259099999","2022-08-06","50.0166666","88.6833333","1759.0","KOSH AGACH, RS","  55.9"," 8","  38.3"," 8","9999.9"," 0","821.8"," 8"," 31.1"," 8","  4.4"," 8"," 15.5","999.9","  71.4"," ","  39.6"," "," 0.00","F","999.9","000000"
"36259099999","2022-08-07","50.0166666","88.6833333","1759.0","KOSH AGACH, RS","  61.2"," 8","  34.3"," 8","9999.9"," 0","819.9"," 8"," 31.1"," 8","  2.9"," 8","  7.8","999.9","  74.3"," ","  43.7"," "," 0.00","F","999.9","000000"
"36259099999","2022-08-08","50.0166666","88.6833333","1759.0","KOSH AGACH, RS","  62.4"," 8","  42.2"," 8","9999.9"," 0","820.2"," 8"," 31.1"," 8","  2.4"," 8","  7.8","999.9","  73.8"," ","  51.3"," "," 0.04","F","999.9","010000"
"36259099999","2022-08-09","50.0166666","88.6833333","1759.0","KOSH AGACH, RS","  59.5"," 8","  41.0"," 8","9999.9"," 0","820.3"," 8"," 31.1"," 8","  2.9"," 8","  7.8"," 46.6","  74.3"," ","  46.9","*"," 0.00","F","999.9","000010"
"36259099999","2022-08-10","50.0166666","88.6833333","1759.0","KOSH AGACH, RS","  60.5"," 6","  40.3"," 6","9999.9"," 0","821.4"," 6"," 31.1"," 6","  3.2"," 6","  7.8","999.9","  74.1"," ","  42.8"," "," 0.08","F","999.9","000000"
"36259099999","2022-08-11","50.0166666","88.6833333","1759.0","KOSH AGACH, RS","  59.5"," 8","  43.0"," 8","9999.9"," 0","822.1"," 8"," 28.7"," 8","  5.8"," 8"," 11.7","999.9","  71.8"," ","  47.8","*"," 0.04","F","999.9","010010"
"36259099999","2022-08-12","50.0166666","88.6833333","1759.0","KOSH AGACH, RS","  60.1"," 8","  41.0"," 8","9999.9"," 0","821.0"," 8"," 31.1"," 8","  3.9"," 8"," 11.7","999.9","  71.1"," ","  44.2"," "," 0.16","F","999.9","000010"
"36259099999","2022-08-13","50.0166666","88.6833333","1759.0","KOSH AGACH, RS","  57.0"," 8","  41.3"," 8","9999.9"," 0","820.9"," 8"," 31.1"," 8","  4.4"," 8","  7.8","999.9","  67.6"," ","  50.4"," "," 0.01","F","999.9","010000"
"36259099999","2022-08-14","50.0166666","88.6833333","1759.0","KOSH AGACH, RS","  57.5"," 8","  36.4"," 8","9999.9"," 0","821.6"," 8"," 31.1"," 8","  3.4"," 8"," 11.7","999.9","  69.6"," ","  45.1","*"," 0.01","F","999.9","010000"
"36259099999","2022-08-15","50.0166666","88.6833333","1759.0","KOSH AGACH, RS","  58.5"," 8","  36.1"," 8","9999.9"," 0","818.2"," 8"," 31.1"," 8","  5.3"," 8"," 19.4","999.9","  71.1"," ","  41.5"," "," 0.00","F","999.9","000000"
"36259099999","2022-08-16","50.0166666","88.6833333","1759.0","KOSH AGACH, RS","  53.4"," 8","  28.3"," 8","9999.9"," 0","817.5"," 8"," 31.1"," 8","  5.3"," 8","  7.8","999.9","  66.7"," ","  41.4","*"," 0.00","F","999.9","000000"
"36259099999","2022-08-17","50.0166666","88.6833333","1759.0","KOSH AGACH, RS","  51.1"," 8","  27.4"," 8","9999.9"," 0","817.6"," 8"," 31.1"," 8","  5.3"," 8"," 11.7","999.9","  61.9"," ","  35.1","*"," 0.00","F","999.9","000000"
"36259099999","2022-08-18","50.0166666","88.6833333","1759.0","KOSH AGACH, RS","  46.9"," 8","  28.3"," 8","9999.9"," 0","818.3"," 8"," 31.1"," 8","  4.9"," 8"," 11.7","999.9","  55.4"," ","  35.1"," "," 0.00","F","999.9","000000"
"36259099999","2022-08-19","50.0166666","88.6833333","1759.0","KOSH AGACH, RS","  40.1"," 8","  34.6"," 8","9999.9"," 0","818.4"," 8"," 20.2"," 8","  2.9"," 8","  7.8","999.9","  48.9"," ","  32.5","*"," 0.24","F","999.9","011000"
"36259099999","2022-08-20","50.0166666","88.6833333","1759.0","KOSH AGACH, RS","  39.9"," 8","  21.4"," 8","9999.9"," 0","823.2"," 8"," 31.1"," 8","  1.9"," 8","  7.8","999.9","  48.2"," ","  32.0","*"," 0.16","F","  0.4","000000"
"36259099999","2022-08-21","50.0166666","88.6833333","1759.0","KOSH AGACH, RS","  43.1"," 8","  16.6"," 8","9999.9"," 0","824.4"," 8"," 31.1"," 8","  1.5"," 8","  3.9","999.9","  55.9"," ","  26.6"," "," 0.00","F","999.9","000000"
"36259099999","2022-08-22","50.0166666","88.6833333","1759.0","KOSH AGACH, RS","  46.9"," 8","  22.7"," 8","9999.9"," 0","824.9"," 8"," 31.1"," 8","  3.4"," 8","  7.8","999.9","  61.7"," ","  29.5"," "," 0.00","F","999.9","000000"
"36259099999","2022-08-23","50.0166666","88.6833333","1759.0","KOSH AGACH, RS","  50.0"," 8","  30.1"," 8","9999.9"," 0","826.8"," 8"," 31.1"," 8","  3.4"," 8","  7.8","999.9","  62.1"," ","  33.8"," "," 0.00","F","999.9","000000"
"36259099999","2022-08-24","50.0166666","88.6833333","1759.0","KOSH AGACH, RS","  51.5"," 8","  28.2"," 8","9999.9"," 0","827.1"," 8"," 31.1"," 8","  3.4"," 8","  7.8","999.9","  65.5"," ","  38.5"," "," 0.00","F","999.9","000000"
"36259099999","2022-08-25","50.0166666","88.6833333","1759.0","KOSH AGACH, RS","  53.7"," 8","  26.0"," 8","9999.9"," 0","825.2"," 8"," 31.1"," 8","  2.4"," 8","  7.8","999.9","  68.0"," ","  39.0"," "," 0.00","F","999.9","000000"
"36259099999","2022-08-26","50.0166666","88.6833333","1759.0","KOSH AGACH, RS","  52.4"," 8","  32.9"," 8","9999.9"," 0","823.6"," 8"," 31.1"," 8","  6.8"," 8"," 15.5","999.9","  66.9"," ","  33.3"," "," 0.00","F","999.9","000000"
"36259099999","2022-08-27","50.0166666","88.6833333","1759.0","KOSH AGACH, RS","  54.3"," 8","  33.1"," 8","9999.9"," 0","823.2"," 8"," 31.1"," 8","  6.8"," 8"," 15.5","999.9","  62.8"," ","  43.9"," "," 0.00","F","999.9","000000"
"36259099999","2022-08-28","50.0166666","88.6833333","1759.0","KOSH AGACH, RS","  45.7"," 8","  32.8"," 8","9999.9"," 0","825.6"," 8"," 31.1"," 8","  4.4"," 8"," 11.7","999.9","  57.6"," ","  34.9","*"," 0.08","F","999.9","010000"
"36259099999","2022-08-29","50.0166666","88.6833333","1759.0","KOSH AGACH, RS","  51.0"," 7","  25.0"," 7","9999.9"," 0","827.6"," 7"," 31.1"," 7","  3.3"," 7"," 11.7","999.9","  66.4"," ","  32.5"," "," 0.00","E","999.9","000000"
"36259099999","2022-08-30","50.0166666","88.6833333","1759.0","KOSH AGACH, RS","  53.8"," 8","  29.7"," 8","9999.9"," 0","827.4"," 8"," 31.1"," 8","  3.4"," 8","  7.8","999.9","  69.4"," ","  36.9"," "," 0.00","F","999.9","000000"
"36259099999","2022-08-31","50.0166666","88.6833333","1759.0","KOSH AGACH, RS","  55.6"," 8","  28.1"," 8","9999.9"," 0","825.7"," 8"," 31.1"," 8","  2.4"," 8"," 11.7","999.9","  70.7"," ","  35.6"," "," 0.00","F","999.9","000000"
