"STATION","DATE","LATITUDE","LONGITUDE","ELEVATION","NAME","TEMP","TEMP_ATTRIBUTES","DEWP","DEWP_ATTRIBUTES","SLP","SLP_ATTRIBUTES","STP","STP_ATTRIBUTES","VISIB","VISIB_ATTRIBUTES","WDSP","WDSP_ATTRIBUTES","MXSPD","GUST","MAX","MAX_ATTRIBUTES","MIN","MIN_ATTRIBUTES","PRCP","PRCP_ATTRIBUTES","SNDP","FRSHTT"
"40650099999","2022-01-01","33.2666666","44.2333333","34.74","BAGHDAD INTERNATIONAL AIRPORT, IZ","  48.4","24","  36.7","24","1020.7"," 7","999.9"," 0","  5.6","24","  3.8","22","  6.0","999.9","  57.9"," ","  35.1"," "," 0.00","F","999.9","000000"
"40650099999","2022-01-02","33.2666666","44.2333333","34.74","BAGHDAD INTERNATIONAL AIRPORT, IZ","  49.7","24","  35.5","24","1014.5"," 7","999.9"," 0","  5.0","24","  7.3","24"," 15.5","999.9","  62.1"," ","  41.0","*"," 0.00","F","999.9","000000"
"40650099999","2022-01-03","33.2666666","44.2333333","34.74","BAGHDAD INTERNATIONAL AIRPORT, IZ","  46.3","23","  40.3","23","1014.9"," 7","999.9"," 0","  4.7","23","  3.6","22","  8.0","999.9","  54.5"," ","  37.4","*"," 0.08","F","999.9","010000"
"40650099999","2022-01-04","33.2666666","44.2333333","34.74","BAGHDAD INTERNATIONAL AIRPORT, IZ","  42.4","24","  40.6","24","1020.7"," 7","999.9"," 0","  1.7","24","  3.5","24","  6.0","999.9","  53.6"," ","  33.8","*"," 0.08","F","999.9","100000"
"40650099999","2022-01-05","33.2666666","44.2333333","34.74","BAGHDAD INTERNATIONAL AIRPORT, IZ","  48.9","24","  40.8","24","1022.6"," 8","999.9"," 0","  3.7","24","  5.1","24","  9.7","999.9","  62.6","*","  34.7"," "," 0.00","F","999.9","100000"
"40650099999","2022-01-06","33.2666666","44.2333333","34.74","BAGHDAD INTERNATIONAL AIRPORT, IZ","  50.5","23","  38.7","23","1023.4"," 7","999.9"," 0","  5.4","23","  7.8","23"," 13.6","999.9","  65.1"," ","  37.4"," "," 0.00","F","999.9","000000"
"40650099999","2022-01-07","33.2666666","44.2333333","34.74","BAGHDAD INTERNATIONAL AIRPORT, IZ","  52.6","24","  40.5","24","1021.9"," 6","999.9"," 0","  5.3","24","  2.8","23","  5.8","999.9","  70.2"," ","  39.2","*"," 0.00","E","999.9","000000"
"40650099999","2022-01-08","33.2666666","44.2333333","34.74","BAGHDAD INTERNATIONAL AIRPORT, IZ","  53.0","24","  40.2","24","1021.9"," 6","999.9"," 0","  4.6","24","  3.2","23","  6.0","999.9","  68.9"," ","  38.3"," "," 0.00","F","999.9","000000"
"40650099999","2022-01-09","33.2666666","44.2333333","34.74","BAGHDAD INTERNATIONAL AIRPORT, IZ","  56.0","24","  36.8","24","1019.6"," 6","999.9"," 0","  5.6","24","  4.6","24","  8.0","999.9","  69.8","*","  36.5"," "," 0.00","E","999.9","000000"
"40650099999","2022-01-10","33.2666666","44.2333333","34.74","BAGHDAD INTERNATIONAL AIRPORT, IZ","  57.4","24","  43.3","24","1016.2"," 5","999.9"," 0","  5.0","24","  9.6","24"," 18.1","999.9","  64.4"," ","  51.8"," "," 0.00","F","999.9","000000"
"40650099999","2022-01-11","33.2666666","44.2333333","34.74","BAGHDAD INTERNATIONAL AIRPORT, IZ","  60.0","24","  48.6","24","9999.9"," 0","999.9"," 0","  4.3","24","  9.9","24"," 18.1","999.9","  66.2","*","  53.6","*","99.99"," ","999.9","010000"
"40650099999","2022-01-12","33.2666666","44.2333333","34.74","BAGHDAD INTERNATIONAL AIRPORT, IZ","  59.8","23","  52.1","23","1019.3"," 6","999.9"," 0","  2.8","23","  6.0","23"," 11.1","999.9","  70.3"," ","  53.6","*"," 0.00","F","999.9","000000"
"40650099999","2022-01-13","33.2666666","44.2333333","34.74","BAGHDAD INTERNATIONAL AIRPORT, IZ","  63.2","24","  51.5","24","1013.7"," 8","999.9"," 0","  4.7","24"," 10.9","24"," 19.0","999.9","  73.6"," ","  54.5"," "," 0.00","F","999.9","000000"
"40650099999","2022-01-14","33.2666666","44.2333333","34.74","BAGHDAD INTERNATIONAL AIRPORT, IZ","  56.8","24","  45.3","24","1009.2"," 8","999.9"," 0","  5.1","24","  4.8","23","  9.9","999.9","  67.6"," ","  44.6","*"," 0.00","F","999.9","000000"
"40650099999","2022-01-15","33.2666666","44.2333333","34.74","BAGHDAD INTERNATIONAL AIRPORT, IZ","  52.6","24","  34.9","24","1010.1"," 8","999.9"," 0","  6.2","24","  4.2","24","  7.0","999.9","  64.2"," ","  41.5"," "," 0.00","F","999.9","000000"
"40650099999","2022-01-16","33.2666666","44.2333333","34.74","BAGHDAD INTERNATIONAL AIRPORT, IZ","  51.6","24","  40.6","24","1010.6"," 8","999.9"," 0","  6.2","24","  7.6","24"," 13.6"," 20.0","  65.3"," ","  39.2","*"," 0.04","F","999.9","010000"
"40650099999","2022-01-17","33.2666666","44.2333333","34.74","BAGHDAD INTERNATIONAL AIRPORT, IZ","  43.8","23","  34.1","23","1019.3"," 6","999.9"," 0","  6.2","23","  6.0","23"," 11.1","999.9","  49.1"," ","  35.6","*"," 0.16","F","999.9","010000"
"40650099999","2022-01-18","33.2666666","44.2333333","34.74","BAGHDAD INTERNATIONAL AIRPORT, IZ","  40.0","24","  29.4","24","1025.4"," 7","999.9"," 0","  6.2","24","  4.9","24","  8.9","999.9","  52.7"," ","  28.4"," "," 0.00","F","999.9","000000"
"40650099999","2022-01-19","33.2666666","44.2333333","34.74","BAGHDAD INTERNATIONAL AIRPORT, IZ","  45.0","23","  26.0","23","1020.2"," 7","999.9"," 0","  5.8","23"," 10.8","23"," 19.4","999.9","  57.0"," ","  25.7"," "," 0.00","F","999.9","010000"
"40650099999","2022-01-20","33.2666666","44.2333333","34.74","BAGHDAD INTERNATIONAL AIRPORT, IZ","  44.1","24","  22.3","24","1020.0"," 5","999.9"," 0","  4.4","24"," 10.6","24"," 19.4","999.9","  51.3"," ","  35.6","*"," 0.01","F","999.9","010000"
"40650099999","2022-01-21","33.2666666","44.2333333","34.74","BAGHDAD INTERNATIONAL AIRPORT, IZ","  39.1","23","  21.7","23","1029.8"," 7","999.9"," 0","  5.7","23","  6.4","23"," 11.1","999.9","  56.3"," ","  27.5"," "," 0.00","F","999.9","000000"
"40650099999","2022-01-22","33.2666666","44.2333333","34.74","BAGHDAD INTERNATIONAL AIRPORT, IZ","  40.3","24","  26.8","24","1024.5"," 4","999.9"," 0","  6.0","24","  5.5","24","  9.9","999.9","  55.0"," ","  26.1"," "," 0.00","F","999.9","000000"
"40650099999","2022-01-23","33.2666666","44.2333333","34.74","BAGHDAD INTERNATIONAL AIRPORT, IZ","  45.2","22","  27.8","22","1020.0"," 6","999.9"," 0","  5.1","22","  3.1","22","  8.0","999.9","  58.8","*","  30.2","*"," 0.00","E","999.9","000000"
"40650099999","2022-01-24","33.2666666","44.2333333","34.74","BAGHDAD INTERNATIONAL AIRPORT, IZ","  49.4","23","  27.2","23","1020.2"," 7","999.9"," 0","  5.9","23","  3.7","23","  8.0","999.9","  65.8"," ","  33.1"," "," 0.00","F","999.9","000000"
"40650099999","2022-01-25","33.2666666","44.2333333","34.74","BAGHDAD INTERNATIONAL AIRPORT, IZ","  49.5","23","  30.1","23","1020.9"," 6","999.9"," 0","  5.0","23","  3.2","21","  8.0","999.9","  68.9"," ","  32.5"," "," 0.00","E","999.9","000000"
"40650099999","2022-01-26","33.2666666","44.2333333","34.74","BAGHDAD INTERNATIONAL AIRPORT, IZ","  53.6","22","  32.1","22","1014.5"," 7","999.9"," 0","  5.6","22","  5.4","22","  9.9","999.9","  69.1"," ","  34.5"," "," 0.00","F","999.9","000000"
"40650099999","2022-01-27","33.2666666","44.2333333","34.74","BAGHDAD INTERNATIONAL AIRPORT, IZ","  50.1","24","  30.2","24","1014.7"," 5","999.9"," 0","  4.2","24","  8.0","24"," 15.9","999.9","  62.6"," ","  33.8","*"," 0.00","F","999.9","000000"
"40650099999","2022-01-28","33.2666666","44.2333333","34.74","BAGHDAD INTERNATIONAL AIRPORT, IZ","  47.5","23","  31.1","23","1023.9"," 6","999.9"," 0","  6.1","23","  3.8","23","  7.0","999.9","  60.8"," ","  35.6","*"," 0.00","E","999.9","000000"
"40650099999","2022-01-29","33.2666666","44.2333333","34.74","BAGHDAD INTERNATIONAL AIRPORT, IZ","  50.2","24","  33.1","24","1023.7"," 5","999.9"," 0","  5.9","24","  5.2","23"," 11.7","999.9","  65.3"," ","  38.5"," "," 0.02","F","999.9","010000"
"40650099999","2022-01-30","33.2666666","44.2333333","34.74","BAGHDAD INTERNATIONAL AIRPORT, IZ","  50.1","24","  32.9","24","1022.3"," 8","999.9"," 0","  5.4","24","  4.0","23","  8.9","999.9","  67.6"," ","  32.0"," "," 0.00","F","999.9","000000"
"40650099999","2022-01-31","33.2666666","44.2333333","34.74","BAGHDAD INTERNATIONAL AIRPORT, IZ","  49.3","20","  35.0","20","1017.5"," 5","999.9"," 0","  5.8","20","  4.9","20","  9.9","999.9","  63.5"," ","  35.6"," "," 0.20","F","999.9","010000"
"40650099999","2022-02-01","33.2666666","44.2333333","34.74","BAGHDAD INTERNATIONAL AIRPORT, IZ","  51.1","24","  44.1","24","1020.3"," 5","999.9"," 0","  6.0","24","  7.4","24"," 14.0","999.9","  61.2"," ","  42.8","*"," 0.00","H","999.9","010000"
"40650099999","2022-02-02","33.2666666","44.2333333","34.74","BAGHDAD INTERNATIONAL AIRPORT, IZ","  49.5","23","  40.2","23","1024.4"," 7","999.9"," 0","  5.1","23","  4.6","23","  9.7","999.9","  64.4"," ","  37.8"," "," 0.00","F","999.9","100000"
"40650099999","2022-02-03","33.2666666","44.2333333","34.74","BAGHDAD INTERNATIONAL AIRPORT, IZ","  55.1","24","  37.7","24","1017.4"," 8","999.9"," 0","  5.3","24","  9.5","23"," 15.9","999.9","  68.2"," ","  36.0"," "," 0.00","F","999.9","000000"
"40650099999","2022-02-04","33.2666666","44.2333333","34.74","BAGHDAD INTERNATIONAL AIRPORT, IZ","  58.6","24","  40.6","24","1009.7"," 8","999.9"," 0","  5.9","24","  9.0","24"," 17.1"," 31.1","  68.0"," ","  48.2","*"," 0.00","F","999.9","010000"
"40650099999","2022-02-05","33.2666666","44.2333333","34.74","BAGHDAD INTERNATIONAL AIRPORT, IZ","  51.2","24","  38.5","24","1016.1"," 8","999.9"," 0","  6.2","24","  4.6","23","  9.7","999.9","  63.5"," ","  41.0","*"," 0.00","F","999.9","000000"
"40650099999","2022-02-06","33.2666666","44.2333333","34.74","BAGHDAD INTERNATIONAL AIRPORT, IZ","  50.9","23","  32.6","23","1022.4"," 7","999.9"," 0","  6.2","23","  5.6","22"," 12.0","999.9","  64.9"," ","  38.7"," "," 0.00","F","999.9","000000"
"40650099999","2022-02-07","33.2666666","44.2333333","34.74","BAGHDAD INTERNATIONAL AIRPORT, IZ","  53.3","24","  33.9","24","1023.0"," 7","999.9"," 0","  6.2","24","  3.5","23","  6.0","999.9","  65.8","*","  38.5"," "," 0.00","E","999.9","000000"
"40650099999","2022-02-08","33.2666666","44.2333333","34.74","BAGHDAD INTERNATIONAL AIRPORT, IZ","  57.1","24","  34.9","24","1022.6"," 6","999.9"," 0","  5.9","24","  3.1","21","  8.0","999.9","  70.7"," ","  41.0","*"," 0.00","E","999.9","000000"
"40650099999","2022-02-09","33.2666666","44.2333333","34.74","BAGHDAD INTERNATIONAL AIRPORT, IZ","  60.7","23","  35.3","23","1017.9"," 8","999.9"," 0","  5.9","23","  9.7","23"," 19.0","999.9","  74.5"," ","  41.0","*"," 0.00","F","999.9","000000"
"40650099999","2022-02-10","33.2666666","44.2333333","34.74","BAGHDAD INTERNATIONAL AIRPORT, IZ","  59.2","23","  39.0","23","1013.1"," 6","999.9"," 0","  5.9","23"," 10.1","23"," 29.1"," 32.1","  69.3","*","  44.6","*"," 0.00","E","999.9","010000"
"40650099999","2022-02-11","33.2666666","44.2333333","34.74","BAGHDAD INTERNATIONAL AIRPORT, IZ","  56.9","24","  37.8","24","1016.8"," 8","999.9"," 0","  5.7","24","  5.0","24","  9.9","999.9","  71.4","*","  39.9"," "," 0.00","F","999.9","000000"
"40650099999","2022-02-12","33.2666666","44.2333333","34.74","BAGHDAD INTERNATIONAL AIRPORT, IZ","  56.3","24","  34.3","24","1019.9"," 8","999.9"," 0","  6.2","24"," 10.1","24"," 15.5","999.9","  70.5"," ","  45.5"," "," 0.00","F","999.9","000000"
"40650099999","2022-02-13","33.2666666","44.2333333","34.74","BAGHDAD INTERNATIONAL AIRPORT, IZ","  56.4","24","  30.7","24","1018.1"," 5","999.9"," 0","  6.2","24","  9.7","24"," 15.9","999.9","  72.9"," ","  42.8"," "," 0.00","F","999.9","000000"
"40650099999","2022-02-14","33.2666666","44.2333333","34.74","BAGHDAD INTERNATIONAL AIRPORT, IZ","  57.2","24","  31.8","24","1016.4"," 8","999.9"," 0","  5.6","24","  5.3","24","  9.9","999.9","  75.6"," ","  38.8"," "," 0.00","F","999.9","000000"
"40650099999","2022-02-15","33.2666666","44.2333333","34.74","BAGHDAD INTERNATIONAL AIRPORT, IZ","  57.3","24","  34.6","24","1018.2"," 8","999.9"," 0","  6.0","24","  6.2","24","  9.9","999.9","  73.8"," ","  40.6"," "," 0.00","F","999.9","000000"
"40650099999","2022-02-16","33.2666666","44.2333333","34.74","BAGHDAD INTERNATIONAL AIRPORT, IZ","  57.7","22","  34.3","22","1016.7"," 8","999.9"," 0","  6.1","22","  8.3","22"," 17.1","999.9","  70.9"," ","  40.1"," "," 0.00","F","999.9","000000"
"40650099999","2022-02-17","33.2666666","44.2333333","34.74","BAGHDAD INTERNATIONAL AIRPORT, IZ","  59.1","23","  32.0","23","1014.9"," 6","999.9"," 0","  6.2","23","  6.1","23"," 12.0","999.9","  72.3"," ","  44.6","*"," 0.00","E","999.9","000000"
"40650099999","2022-02-18","33.2666666","44.2333333","34.74","BAGHDAD INTERNATIONAL AIRPORT, IZ","  62.1","24","  34.4","24","1013.0"," 8","999.9"," 0","  5.9","24","  7.2","24"," 12.0","999.9","  72.1"," ","  51.1","*"," 0.00","F","999.9","000000"
"40650099999","2022-02-19","33.2666666","44.2333333","34.74","BAGHDAD INTERNATIONAL AIRPORT, IZ","  65.2","24","  37.4","24","1010.2"," 6","999.9"," 0","  5.6","24"," 10.1","24"," 26.0"," 36.9","  74.1"," ","  59.0","*"," 0.00","F","999.9","010000"
"40650099999","2022-02-20","33.2666666","44.2333333","34.74","BAGHDAD INTERNATIONAL AIRPORT, IZ","  61.9","24","  45.7","24","1010.1"," 7","999.9"," 0","  5.8","24","  7.6","24"," 15.9","999.9","  73.4"," ","  53.6","*"," 0.01","F","999.9","010000"
"40650099999","2022-02-21","33.2666666","44.2333333","34.74","BAGHDAD INTERNATIONAL AIRPORT, IZ","  58.0","24","  45.2","24","1017.1"," 8","999.9"," 0","  5.9","24","  6.6","24"," 12.0","999.9","  70.7"," ","  48.2","*"," 0.00","F","999.9","000000"
"40650099999","2022-02-22","33.2666666","44.2333333","34.74","BAGHDAD INTERNATIONAL AIRPORT, IZ","  57.7","23","  44.3","23","1017.9"," 7","999.9"," 0","  5.6","23","  3.2","21","  6.0","999.9","  73.4"," ","  41.5"," "," 0.00","F","999.9","000000"
"40650099999","2022-02-23","33.2666666","44.2333333","34.74","BAGHDAD INTERNATIONAL AIRPORT, IZ","  63.0","24","  43.6","24","1017.6"," 7","999.9"," 0","  4.9","24","  2.1","23","  5.1","999.9","  78.1"," ","  46.4"," "," 0.00","F","999.9","000000"
"40650099999","2022-02-24","33.2666666","44.2333333","34.74","BAGHDAD INTERNATIONAL AIRPORT, IZ","  68.2","24","  40.0","24","1014.8"," 8","999.9"," 0","  5.5","24","  9.2","24"," 15.0","999.9","  81.0"," ","  47.3"," "," 0.00","F","999.9","010000"
"40650099999","2022-02-25","33.2666666","44.2333333","34.74","BAGHDAD INTERNATIONAL AIRPORT, IZ","  66.0","24","  38.3","24","1012.8"," 5","999.9"," 0","  5.4","24","  8.2","24"," 19.0","999.9","  76.1"," ","  55.4","*"," 0.16","F","999.9","000000"
"40650099999","2022-02-26","33.2666666","44.2333333","34.74","BAGHDAD INTERNATIONAL AIRPORT, IZ","  60.0","24","  40.3","24","1016.6"," 7","999.9"," 0","  5.0","24","  6.0","24"," 11.1","999.9","  71.6"," ","  50.0","*"," 0.00","F","999.9","000000"
"40650099999","2022-02-27","33.2666666","44.2333333","34.74","BAGHDAD INTERNATIONAL AIRPORT, IZ","  60.4","24","  40.9","24","1020.9"," 8","999.9"," 0","  6.2","24","  6.6","24"," 12.0","999.9","  72.9"," ","  46.4"," "," 0.00","F","999.9","000000"
"40650099999","2022-02-28","33.2666666","44.2333333","34.74","BAGHDAD INTERNATIONAL AIRPORT, IZ","  61.3","24","  38.6","24","1020.4"," 8","999.9"," 0","  6.2","24","  5.9","23"," 13.0","999.9","  76.6"," ","  46.2"," "," 0.00","F","999.9","000000"
"40650099999","2022-03-01","33.2666666","44.2333333","34.74","BAGHDAD INTERNATIONAL AIRPORT, IZ","  62.9","24","  39.8","24","1019.7"," 8","999.9"," 0","  6.2","24","  5.5","23","  8.0","999.9","  76.6"," ","  46.4"," "," 0.00","F","999.9","000000"
"40650099999","2022-03-02","33.2666666","44.2333333","34.74","BAGHDAD INTERNATIONAL AIRPORT, IZ","  69.7","24","  40.1","24","1016.3"," 8","999.9"," 0","  6.1","24","  9.1","24"," 15.9","999.9","  81.9"," ","  59.0","*"," 0.00","F","999.9","000000"
"40650099999","2022-03-03","33.2666666","44.2333333","34.74","BAGHDAD INTERNATIONAL AIRPORT, IZ","  71.0","24","  39.4","24","1008.5"," 4","999.9"," 0","  2.3","24"," 15.9","24"," 25.1"," 35.0","  79.2"," ","  62.6","*"," 0.00","F","999.9","010000"
"40650099999","2022-03-04","33.2666666","44.2333333","34.74","BAGHDAD INTERNATIONAL AIRPORT, IZ","  59.1","24","  31.3","24","1016.5"," 8","999.9"," 0","  4.8","24","  8.0","24"," 15.5","999.9","  69.6"," ","  50.0","*"," 0.00","F","999.9","000000"
"40650099999","2022-03-05","33.2666666","44.2333333","34.74","BAGHDAD INTERNATIONAL AIRPORT, IZ","  59.7","23","  32.1","23","1017.5"," 6","999.9"," 0","  5.5","23","  7.2","23"," 13.6","999.9","  74.1"," ","  45.5"," "," 0.00","F","999.9","000000"
"40650099999","2022-03-06","33.2666666","44.2333333","34.74","BAGHDAD INTERNATIONAL AIRPORT, IZ","  63.1","24","  36.1","24","1012.7"," 8","999.9"," 0","  5.3","24","  6.4","24"," 12.0","999.9","  75.2"," ","  46.4"," "," 0.00","F","999.9","010000"
"40650099999","2022-03-07","33.2666666","44.2333333","34.74","BAGHDAD INTERNATIONAL AIRPORT, IZ","  65.7","24","  44.4","24","1007.2"," 6","999.9"," 0","  5.6","24","  9.2","24"," 17.1","999.9","  78.8"," ","  55.4","*"," 0.00","F","999.9","010000"
"40650099999","2022-03-08","33.2666666","44.2333333","34.74","BAGHDAD INTERNATIONAL AIRPORT, IZ","  60.8","24","  41.1","24","1012.8"," 8","999.9"," 0","  6.2","24","  6.1","24"," 11.7","999.9","  72.9"," ","  48.2","*"," 0.00","F","999.9","000000"
"40650099999","2022-03-09","33.2666666","44.2333333","34.74","BAGHDAD INTERNATIONAL AIRPORT, IZ","  69.9","24","  41.2","24","1007.5"," 7","999.9"," 0","  5.7","24","  9.5","24"," 21.0","999.9","  81.5"," ","  53.6"," "," 0.00","E","999.9","000000"
"40650099999","2022-03-10","33.2666666","44.2333333","34.74","BAGHDAD INTERNATIONAL AIRPORT, IZ","  66.7","23","  44.6","23","1006.1"," 5","999.9"," 0","  5.2","23","  6.2","23"," 11.1","999.9","  77.0"," ","  57.2","*"," 0.00","E","999.9","000000"
"40650099999","2022-03-11","33.2666666","44.2333333","34.74","BAGHDAD INTERNATIONAL AIRPORT, IZ","  64.8","24","  33.0","24","1010.8"," 8","999.9"," 0","  4.2","24"," 11.3","24"," 15.9"," 22.0","  73.4"," ","  55.9"," "," 0.00","F","999.9","000000"
"40650099999","2022-03-12","33.2666666","44.2333333","34.74","BAGHDAD INTERNATIONAL AIRPORT, IZ","  55.2","24","  30.2","24","1018.3"," 8","999.9"," 0","  4.6","24","  5.9","24"," 11.7"," 15.9","  63.1"," ","  44.6","*"," 0.00","F","999.9","000000"
"40650099999","2022-03-13","33.2666666","44.2333333","34.74","BAGHDAD INTERNATIONAL AIRPORT, IZ","  55.6","24","  30.4","24","1018.5"," 7","999.9"," 0","  6.2","24","  4.7","24"," 11.7","999.9","  67.6","*","  42.3"," "," 0.00","E","999.9","000000"
"40650099999","2022-03-14","33.2666666","44.2333333","34.74","BAGHDAD INTERNATIONAL AIRPORT, IZ","  58.3","24","  30.0","24","1018.4"," 8","999.9"," 0","  6.1","24","  8.2","24"," 14.0","999.9","  70.7"," ","  41.9"," "," 0.00","F","999.9","000000"
"40650099999","2022-03-15","33.2666666","44.2333333","34.74","BAGHDAD INTERNATIONAL AIRPORT, IZ","  53.8","24","  24.7","24","1018.0"," 7","999.9"," 0","  6.2","24"," 10.9","24"," 17.5","999.9","  62.6"," ","  40.3","*"," 0.00","F","999.9","000000"
"40650099999","2022-03-16","33.2666666","44.2333333","34.74","BAGHDAD INTERNATIONAL AIRPORT, IZ","  49.0","22","  21.2","22","1020.8"," 8","999.9"," 0","  6.0","22","  9.9","22"," 17.1","999.9","  59.7"," ","  40.8"," "," 0.00","F","999.9","000000"
"40650099999","2022-03-17","33.2666666","44.2333333","34.74","BAGHDAD INTERNATIONAL AIRPORT, IZ","  51.1","23","  18.0","22","1023.5"," 7","999.9"," 0","  6.2","23","  4.7","23","  9.9","999.9","  63.5"," ","  35.1"," "," 0.00","E","999.9","000000"
"40650099999","2022-03-18","33.2666666","44.2333333","34.74","BAGHDAD INTERNATIONAL AIRPORT, IZ","  55.9","21","  18.4","21","1019.3"," 7","999.9"," 0","  6.1","21","  6.1","21"," 13.6","999.9","  70.2","*","  36.9"," "," 0.00","F","999.9","000000"
"40650099999","2022-03-19","33.2666666","44.2333333","34.74","BAGHDAD INTERNATIONAL AIRPORT, IZ","  62.5","24","  29.3","24","1015.9"," 6","999.9"," 0","  5.8","24","  7.9","24"," 15.9","999.9","  77.9"," ","  48.2","*"," 0.00","E","999.9","000000"
"40650099999","2022-03-20","33.2666666","44.2333333","34.74","BAGHDAD INTERNATIONAL AIRPORT, IZ","  53.4","23","  25.0","23","1018.0"," 8","999.9"," 0","  6.1","23"," 12.8","23"," 17.5","999.9","  61.5"," ","  46.4","*"," 0.00","F","999.9","000000"
"40650099999","2022-03-21","33.2666666","44.2333333","34.74","BAGHDAD INTERNATIONAL AIRPORT, IZ","  53.9","23","  21.4","23","1016.2"," 4","999.9"," 0","  6.2","23"," 11.4","23"," 17.5","999.9","  65.8"," ","  44.1"," "," 0.00","F","999.9","000000"
"40650099999","2022-03-22","33.2666666","44.2333333","34.74","BAGHDAD INTERNATIONAL AIRPORT, IZ","  59.7","24","  40.0","24","1012.9"," 6","999.9"," 0","  6.1","24","  7.9","24"," 13.6","999.9","  73.2"," ","  47.8"," "," 0.02","F","999.9","010010"
"40650099999","2022-03-23","33.2666666","44.2333333","34.74","BAGHDAD INTERNATIONAL AIRPORT, IZ","  66.3","24","  38.6","24","1011.3"," 7","999.9"," 0","  5.0","24","  7.8","24"," 29.9"," 36.9","  83.5"," ","  45.0"," "," 0.00","F","999.9","000000"
"40650099999","2022-03-24","33.2666666","44.2333333","34.74","BAGHDAD INTERNATIONAL AIRPORT, IZ","  59.8","24","  33.0","24","1012.1"," 6","999.9"," 0","  4.7","24","  7.9","24"," 15.5","999.9","  71.6"," ","  49.8","*"," 0.00","E","999.9","000000"
"40650099999","2022-03-25","33.2666666","44.2333333","34.74","BAGHDAD INTERNATIONAL AIRPORT, IZ","  58.4","24","  32.7","24","1015.4"," 4","999.9"," 0","  5.9","24","  7.9","24"," 19.4","999.9","  71.8"," ","  43.7"," "," 0.00","F","999.9","010000"
"40650099999","2022-03-26","33.2666666","44.2333333","34.74","BAGHDAD INTERNATIONAL AIRPORT, IZ","  56.6","23","  36.5","23","1022.7"," 4","999.9"," 0","  6.2","23","  6.3","23","  9.9","999.9","  68.0"," ","  45.5"," "," 0.00","F","999.9","000000"
"40650099999","2022-03-27","33.2666666","44.2333333","34.74","BAGHDAD INTERNATIONAL AIRPORT, IZ","  58.4","24","  29.6","24","1023.5"," 7","999.9"," 0","  6.1","24","  7.6","24"," 15.9","999.9","  73.8"," ","  44.6"," "," 0.00","F","999.9","000000"
"40650099999","2022-03-28","33.2666666","44.2333333","34.74","BAGHDAD INTERNATIONAL AIRPORT, IZ","  58.2","24","  31.9","24","1025.9"," 8","999.9"," 0","  6.2","24","  8.6","24"," 15.9","999.9","  71.6"," ","  42.8"," "," 0.00","F","999.9","000000"
"40650099999","2022-03-29","33.2666666","44.2333333","34.74","BAGHDAD INTERNATIONAL AIRPORT, IZ","  62.7","24","  29.0","24","1022.0"," 8","999.9"," 0","  6.2","24","  7.9","24"," 15.0","999.9","  78.8"," ","  44.6"," "," 0.00","F","999.9","000000"
"40650099999","2022-03-30","33.2666666","44.2333333","34.74","BAGHDAD INTERNATIONAL AIRPORT, IZ","  68.8","24","  34.0","24","1016.1"," 7","999.9"," 0","  6.0","24","  5.2","24"," 11.1","999.9","  83.5"," ","  44.2"," "," 0.00","F","999.9","010010"
"40650099999","2022-03-31","33.2666666","44.2333333","34.74","BAGHDAD INTERNATIONAL AIRPORT, IZ","  75.5","24","  33.3","24","1014.7"," 8","999.9"," 0","  6.0","24","  4.9","24","  8.0","999.9","  91.4"," ","  60.8","*"," 0.00","F","999.9","000000"
"40650099999","2022-04-01","33.2666666","44.2333333","34.74","BAGHDAD INTERNATIONAL AIRPORT, IZ","  73.7","24","  34.3","24","1016.9"," 6","999.9"," 0","  6.1","24","  7.3","24"," 13.0","999.9","  91.8","*","  55.4","*"," 0.00","E","999.9","000000"
"40650099999","2022-04-02","33.2666666","44.2333333","34.74","BAGHDAD INTERNATIONAL AIRPORT, IZ","  73.9","24","  31.5","24","1015.2"," 5","999.9"," 0","  5.9","24","  4.9","24"," 13.0","999.9","  92.5"," ","  51.8"," "," 0.00","F","999.9","000000"
"40650099999","2022-04-03","33.2666666","44.2333333","34.74","BAGHDAD INTERNATIONAL AIRPORT, IZ","  78.3","24","  36.5","24","1011.6"," 7","999.9"," 0","  5.2","24","  3.1","24","  5.1","999.9","  98.1"," ","  56.1"," "," 0.00","F","999.9","000000"
"40650099999","2022-04-04","33.2666666","44.2333333","34.74","BAGHDAD INTERNATIONAL AIRPORT, IZ","  77.8","24","  32.6","24","1012.9"," 7","999.9"," 0","  5.6","24"," 10.6","24"," 17.5","999.9","  93.7"," ","  62.6"," "," 0.00","F","999.9","000000"
"40650099999","2022-04-05","33.2666666","44.2333333","34.74","BAGHDAD INTERNATIONAL AIRPORT, IZ","  75.2","24","  36.6","24","1015.1"," 8","999.9"," 0","  5.5","24","  8.0","24"," 15.5","999.9","  91.4"," ","  59.0","*"," 0.00","F","999.9","000000"
"40650099999","2022-04-06","33.2666666","44.2333333","34.74","BAGHDAD INTERNATIONAL AIRPORT, IZ","  80.5","24","  38.1","24","1010.2"," 5","999.9"," 0","  6.1","24"," 10.8","24"," 21.0","999.9","  95.5"," ","  59.0","*"," 0.00","F","999.9","000000"
"40650099999","2022-04-07","33.2666666","44.2333333","34.74","BAGHDAD INTERNATIONAL AIRPORT, IZ","  79.0","24","  38.1","24","1007.9"," 5","999.9"," 0","  4.0","24","  7.5","24"," 15.0","999.9","  92.5"," ","  68.0","*"," 0.00","F","999.9","000000"
"40650099999","2022-04-08","33.2666666","44.2333333","34.74","BAGHDAD INTERNATIONAL AIRPORT, IZ","  81.7","24","  40.6","24","1009.2"," 7","999.9"," 0","  5.0","24","  9.0","24"," 19.0","999.9","  95.0"," ","  61.2"," "," 0.00","F","999.9","000000"
"40650099999","2022-04-09","33.2666666","44.2333333","34.74","BAGHDAD INTERNATIONAL AIRPORT, IZ","  75.2","23","  42.8","23","1009.8"," 6","999.9"," 0","  2.6","23"," 10.4","23"," 28.0"," 35.9","  84.2"," ","  64.4","*"," 0.00","F","999.9","010000"
"40650099999","2022-04-10","33.2666666","44.2333333","34.74","BAGHDAD INTERNATIONAL AIRPORT, IZ","  75.2","24","  40.3","24","1012.8"," 6","999.9"," 0","  6.0","24","  4.4","24","  8.0"," 14.0","  90.5"," ","  57.2"," "," 0.00","F","999.9","000000"
"40650099999","2022-04-11","33.2666666","44.2333333","34.74","BAGHDAD INTERNATIONAL AIRPORT, IZ","  80.1","24","  39.3","24","1008.6"," 6","999.9"," 0","  5.4","24","  8.4","24"," 14.0"," 21.0","  95.4"," ","  59.7"," "," 0.00","F","999.9","000000"
"40650099999","2022-04-12","33.2666666","44.2333333","34.74","BAGHDAD INTERNATIONAL AIRPORT, IZ","  70.2","22","  34.3","22","1009.1"," 4","999.9"," 0","  2.9","22"," 11.7","22"," 20.0","999.9","  81.5"," ","  59.0","*"," 0.00","F","999.9","000000"
"40650099999","2022-04-13","33.2666666","44.2333333","34.74","BAGHDAD INTERNATIONAL AIRPORT, IZ","  68.9","24","  34.0","24","1011.0"," 6","999.9"," 0","  3.4","24","  8.7","24"," 14.0","999.9","  82.4","*","  51.8"," "," 0.00","E","999.9","000000"
"40650099999","2022-04-14","33.2666666","44.2333333","34.74","BAGHDAD INTERNATIONAL AIRPORT, IZ","  72.1","23","  26.7","23","1011.6"," 4","999.9"," 0","  6.0","23"," 12.7","23"," 17.1","999.9","  82.8","*","  60.8","*"," 0.00","I","999.9","000000"
"40650099999","2022-04-15","33.2666666","44.2333333","34.74","BAGHDAD INTERNATIONAL AIRPORT, IZ","  70.2","24","  20.1","24","1011.8"," 8","999.9"," 0","  6.2","24"," 10.4","24"," 19.4","999.9","  84.2"," ","  57.2"," "," 0.00","F","999.9","000000"
"40650099999","2022-04-16","33.2666666","44.2333333","34.74","BAGHDAD INTERNATIONAL AIRPORT, IZ","  71.0","24","  28.4","24","1011.6"," 7","999.9"," 0","  6.0","24","  7.2","24"," 14.0","999.9","  86.9"," ","  53.6"," "," 0.00","F","999.9","000000"
"40650099999","2022-04-17","33.2666666","44.2333333","34.74","BAGHDAD INTERNATIONAL AIRPORT, IZ","  72.4","23","  30.3","23","1012.8"," 8","999.9"," 0","  6.1","22","  6.4","23"," 11.1","999.9","  87.8"," ","  51.3"," "," 0.00","F","999.9","000000"
"40650099999","2022-04-18","33.2666666","44.2333333","34.74","BAGHDAD INTERNATIONAL AIRPORT, IZ","  75.4","23","  31.1","23","1012.3"," 7","999.9"," 0","  6.2","23","  5.7","23"," 12.0","999.9","  94.1"," ","  59.0"," "," 0.00","F","999.9","000000"
"40650099999","2022-04-19","33.2666666","44.2333333","34.74","BAGHDAD INTERNATIONAL AIRPORT, IZ","  81.4","24","  32.4","24","1009.3"," 8","999.9"," 0","  5.9","24","  5.5","24"," 13.0","999.9","  95.4"," ","  59.2"," "," 0.00","F","999.9","000000"
"40650099999","2022-04-20","33.2666666","44.2333333","34.74","BAGHDAD INTERNATIONAL AIRPORT, IZ","  77.7","23","  36.6","23","1009.3"," 6","999.9"," 0","  2.6","23"," 12.1","23"," 17.5","999.9","  86.2"," ","  68.4"," "," 0.00","F","999.9","000000"
"40650099999","2022-04-21","33.2666666","44.2333333","34.74","BAGHDAD INTERNATIONAL AIRPORT, IZ","  75.6","22","  30.5","22","1011.6"," 8","999.9"," 0","  6.0","22"," 11.5","22"," 17.1","999.9","  88.5"," ","  62.6"," "," 0.00","F","999.9","000000"
"40650099999","2022-04-22","33.2666666","44.2333333","34.74","BAGHDAD INTERNATIONAL AIRPORT, IZ","  74.0","24","  29.6","24","1012.1"," 7","999.9"," 0","  6.2","24","  8.7","24"," 17.1","999.9","  90.7"," ","  55.2"," "," 0.00","F","999.9","000000"
"40650099999","2022-04-23","33.2666666","44.2333333","34.74","BAGHDAD INTERNATIONAL AIRPORT, IZ","  77.3","24","  29.6","24","1009.6"," 7","999.9"," 0","  6.1","23","  5.3","24","  9.9","999.9","  92.3"," ","  54.7"," "," 0.00","F","999.9","000000"
"40650099999","2022-04-24","33.2666666","44.2333333","34.74","BAGHDAD INTERNATIONAL AIRPORT, IZ","  71.9","24","  48.0","24","1009.7"," 7","999.9"," 0","  5.4","24","  7.6","24"," 17.1","999.9","  82.0"," ","  62.6","*"," 0.12","F","999.9","010000"
"40650099999","2022-04-25","33.2666666","44.2333333","34.74","BAGHDAD INTERNATIONAL AIRPORT, IZ","  74.6","24","  53.5","24","1009.2"," 7","999.9"," 0","  5.8","24","  6.4","24"," 14.0","999.9","  86.9"," ","  59.2"," "," 0.00","F","999.9","000010"
"40650099999","2022-04-26","33.2666666","44.2333333","34.74","BAGHDAD INTERNATIONAL AIRPORT, IZ","  78.6","23","  55.5","23","1009.4"," 7","999.9"," 0","  5.9","23","  8.3","23"," 14.0","999.9","  90.5"," ","  69.8"," "," 0.00","F","999.9","000000"
"40650099999","2022-04-27","33.2666666","44.2333333","34.74","BAGHDAD INTERNATIONAL AIRPORT, IZ","  80.1","23","  51.1","23","1009.8"," 7","999.9"," 0","  5.1","23","  7.0","23"," 12.0","999.9","  92.5"," ","  67.1"," "," 0.00","F","999.9","000000"
"40650099999","2022-04-28","33.2666666","44.2333333","34.74","BAGHDAD INTERNATIONAL AIRPORT, IZ","  82.2","24","  48.3","24","1010.6"," 5","999.9"," 0","  4.3","24","  5.3","24"," 21.0","999.9","  95.0"," ","  65.7"," "," 0.00","F","999.9","000000"
"40650099999","2022-04-29","33.2666666","44.2333333","34.74","BAGHDAD INTERNATIONAL AIRPORT, IZ","  80.0","24","  51.8","24","1013.0"," 7","999.9"," 0","  4.0","24","  5.8","24","  9.9","999.9","  89.8"," ","  73.4"," "," 0.00","F","999.9","000000"
"40650099999","2022-04-30","33.2666666","44.2333333","34.74","BAGHDAD INTERNATIONAL AIRPORT, IZ","  82.0","18","  53.5","18","1010.6"," 7","999.9"," 0","  5.6","18","  6.1","18"," 11.7","999.9","  94.1"," ","  68.0","*"," 0.00","F","999.9","000000"
"40650099999","2022-05-01","33.2666666","44.2333333","34.74","BAGHDAD INTERNATIONAL AIRPORT, IZ","  81.6","19","  48.6","19","9999.9"," 0","999.9"," 0","  2.4","19"," 13.7","19"," 22.0"," 32.1","  91.4","*","  71.6","*"," 0.00","E","999.9","000000"
"40650099999","2022-05-02","33.2666666","44.2333333","34.74","BAGHDAD INTERNATIONAL AIRPORT, IZ","  77.2","22","  47.9","22","1008.7"," 7","999.9"," 0","  5.3","22","  8.5","22"," 15.9"," 25.1","  89.8"," ","  65.1"," "," 0.00","F","999.9","000000"
"40650099999","2022-05-03","33.2666666","44.2333333","34.74","BAGHDAD INTERNATIONAL AIRPORT, IZ","  83.7","22","  44.5","22","1009.0"," 8","999.9"," 0","  6.1","22","  5.7","22","  9.7","999.9","  95.5"," ","  65.5"," "," 0.00","F","999.9","000000"
"40650099999","2022-05-04","33.2666666","44.2333333","34.74","BAGHDAD INTERNATIONAL AIRPORT, IZ","  88.5","24","  36.3","24","1004.0"," 6","999.9"," 0","  4.4","24"," 12.8","24"," 25.1","999.9"," 101.3"," ","  78.8","*"," 0.00","F","999.9","000000"
"40650099999","2022-05-05","33.2666666","44.2333333","34.74","BAGHDAD INTERNATIONAL AIRPORT, IZ","  81.6","23","  47.2","23","1006.8"," 8","999.9"," 0","  1.1","23","  9.6","23"," 19.0","999.9","  90.1"," ","  73.4","*"," 0.00","F","999.9","010000"
"40650099999","2022-05-06","33.2666666","44.2333333","34.74","BAGHDAD INTERNATIONAL AIRPORT, IZ","  74.5","22","  40.2","22","1006.3"," 6","999.9"," 0","  2.7","22","  6.6","22"," 14.0","999.9","  87.1"," ","  62.6","*"," 0.00","F","999.9","000000"
"40650099999","2022-05-07","33.2666666","44.2333333","34.74","BAGHDAD INTERNATIONAL AIRPORT, IZ","  71.6","19","  41.4","19","1010.0"," 8","999.9"," 0","  3.3","19","  7.3","19"," 13.0","999.9","  81.5"," ","  60.4"," "," 0.00","F","999.9","000000"
"40650099999","2022-05-08","33.2666666","44.2333333","34.74","BAGHDAD INTERNATIONAL AIRPORT, IZ","  75.3","20","  37.4","20","1012.8"," 7","999.9"," 0","  6.0","20","  5.3","20","  8.9","999.9","  88.7"," ","  56.5"," "," 0.00","F","999.9","000000"
"40650099999","2022-05-09","33.2666666","44.2333333","34.74","BAGHDAD INTERNATIONAL AIRPORT, IZ","  77.5","23","  34.6","23","1013.0"," 7","999.9"," 0","  6.0","23","  7.0","23"," 17.5","999.9","  89.6"," ","  57.2"," "," 0.00","F","999.9","000000"
"40650099999","2022-05-10","33.2666666","44.2333333","34.74","BAGHDAD INTERNATIONAL AIRPORT, IZ","  79.5","23","  33.8","23","1008.3"," 4","999.9"," 0","  4.5","23","  9.3","23"," 17.1","999.9","  96.1"," ","  65.7"," "," 0.00","F","999.9","000000"
"40650099999","2022-05-11","33.2666666","44.2333333","34.74","BAGHDAD INTERNATIONAL AIRPORT, IZ","  80.4","23","  35.2","22","1012.0"," 8","999.9"," 0","  5.5","23","  6.9","23"," 15.0"," 20.0","  93.7"," ","  59.9"," "," 0.00","F","999.9","000000"
"40650099999","2022-05-12","33.2666666","44.2333333","34.74","BAGHDAD INTERNATIONAL AIRPORT, IZ","  82.0","20","  28.7","19","1011.7"," 6","999.9"," 0","  5.2","20","  6.4","20"," 14.0","999.9","  95.0","*","  58.3","*"," 0.00","E","999.9","000000"
"40650099999","2022-05-13","33.2666666","44.2333333","34.74","BAGHDAD INTERNATIONAL AIRPORT, IZ","  81.3","23","  31.5","23","1014.0"," 5","999.9"," 0","  4.5","23"," 11.2","23"," 19.4","999.9","  91.9"," ","  62.6"," "," 0.00","F","999.9","000000"
"40650099999","2022-05-14","33.2666666","44.2333333","34.74","BAGHDAD INTERNATIONAL AIRPORT, IZ","  81.4","22","  30.2","20","1013.0"," 8","999.9"," 0","  6.1","22","  8.9","22"," 17.5","999.9"," 100.4","*","  62.6","*"," 0.00","F","999.9","000000"
"40650099999","2022-05-15","33.2666666","44.2333333","34.74","BAGHDAD INTERNATIONAL AIRPORT, IZ","  88.0","23","  40.7","20","1009.8"," 7","999.9"," 0","  6.1","23","  6.4","23"," 13.6","999.9"," 105.1"," ","  68.0","*"," 0.00","F","999.9","000000"
"40650099999","2022-05-16","33.2666666","44.2333333","34.74","BAGHDAD INTERNATIONAL AIRPORT, IZ","  81.6","24","  48.9","24","9999.9"," 0","999.9"," 0","  0.5","24"," 12.5","24"," 22.9","999.9","  88.9"," ","  72.0"," "," 0.00","F","999.9","000000"
"40650099999","2022-05-17","33.2666666","44.2333333","34.74","BAGHDAD INTERNATIONAL AIRPORT, IZ","  82.4","23","  48.4","23","1010.4"," 7","999.9"," 0","  3.5","23","  5.6","23"," 12.0","999.9","  94.1"," ","  69.8","*"," 0.00","F","999.9","000000"
"40650099999","2022-05-18","33.2666666","44.2333333","34.74","BAGHDAD INTERNATIONAL AIRPORT, IZ","  85.3","22","  41.0","22","1009.9"," 7","999.9"," 0","  5.8","22","  4.4","22","  9.7","999.9"," 100.4"," ","  65.3"," "," 0.00","F","999.9","000000"
"40650099999","2022-05-19","33.2666666","44.2333333","34.74","BAGHDAD INTERNATIONAL AIRPORT, IZ","  90.9","23","  38.7","21","1009.3"," 7","999.9"," 0","  5.3","23","  4.0","23","  7.0","999.9"," 104.0"," ","  68.0"," "," 0.00","F","999.9","000000"
"40650099999","2022-05-20","33.2666666","44.2333333","34.74","BAGHDAD INTERNATIONAL AIRPORT, IZ","  91.7","21","  34.1","20","1007.7"," 4","999.9"," 0","  3.1","21"," 11.4","21"," 19.0","999.9"," 104.9"," ","  77.7"," "," 0.00","F","999.9","000000"
"40650099999","2022-05-21","33.2666666","44.2333333","34.74","BAGHDAD INTERNATIONAL AIRPORT, IZ","  82.3","23","  27.9","23","1011.2"," 8","999.9"," 0","  3.0","23","  9.0","23"," 17.5","999.9","  93.9"," ","  73.4","*"," 0.00","F","999.9","000000"
"40650099999","2022-05-22","33.2666666","44.2333333","34.74","BAGHDAD INTERNATIONAL AIRPORT, IZ","  86.2","24","  35.0","22","1005.6"," 8","999.9"," 0","  5.1","24","  4.8","24","  9.9","999.9"," 103.1"," ","  65.3"," "," 0.00","F","999.9","000000"
"40650099999","2022-05-23","33.2666666","44.2333333","34.74","BAGHDAD INTERNATIONAL AIRPORT, IZ","  81.1","24","  45.1","24","1003.6"," 6","999.9"," 0","  1.4","24","  9.7","24"," 21.0","999.9","  88.9"," ","  76.8","*"," 0.00","E","999.9","100000"
"40650099999","2022-05-24","33.2666666","44.2333333","34.74","BAGHDAD INTERNATIONAL AIRPORT, IZ","  81.8","24","  47.3","24","1007.7"," 6","999.9"," 0","  4.5","24","  7.3","24"," 15.9","999.9","  93.2"," ","  71.6","*"," 0.00","F","999.9","000000"
"40650099999","2022-05-25","33.2666666","44.2333333","34.74","BAGHDAD INTERNATIONAL AIRPORT, IZ","  84.4","23","  40.5","23","1010.3"," 4","999.9"," 0","  5.5","23","  7.4","23"," 18.1","999.9","  96.8","*","  66.2","*"," 0.00","E","999.9","000000"
"40650099999","2022-05-26","33.2666666","44.2333333","34.74","BAGHDAD INTERNATIONAL AIRPORT, IZ","  83.8","22","  27.8","21","1011.4"," 4","999.9"," 0","  2.6","22"," 10.1","22"," 17.5"," 26.0","  95.4"," ","  68.0","*"," 0.00","F","999.9","000000"
"40650099999","2022-05-27","33.2666666","44.2333333","34.74","BAGHDAD INTERNATIONAL AIRPORT, IZ","  83.4","23","  32.9","22","1008.5"," 8","999.9"," 0","  6.2","23","  8.7","23"," 17.5"," 24.1","  98.6"," ","  68.0","*"," 0.00","F","999.9","000000"
"40650099999","2022-05-28","33.2666666","44.2333333","34.74","BAGHDAD INTERNATIONAL AIRPORT, IZ","  84.8","23","  35.1","23","1006.6"," 5","999.9"," 0","  6.1","23","  6.1","23"," 18.1","999.9"," 103.6"," ","  66.4"," "," 0.00","F","999.9","000000"
"40650099999","2022-05-29","33.2666666","44.2333333","34.74","BAGHDAD INTERNATIONAL AIRPORT, IZ","  91.4","23","  36.1","23","1007.9"," 6","999.9"," 0","  6.1","23","  6.8","23"," 15.9"," 21.0"," 108.5"," ","  66.2"," "," 0.00","F","999.9","000000"
"40650099999","2022-05-30","33.2666666","44.2333333","34.74","BAGHDAD INTERNATIONAL AIRPORT, IZ","  92.7","23","  39.8","23","1006.7"," 8","999.9"," 0","  5.3","23","  7.8","23"," 18.1","999.9"," 109.4"," ","  72.5"," "," 0.00","F","999.9","000000"
"40650099999","2022-05-31","33.2666666","44.2333333","34.74","BAGHDAD INTERNATIONAL AIRPORT, IZ","  95.6","22","  39.1","22","1004.1"," 7","999.9"," 0","  4.9","22","  9.0","22"," 19.0","999.9"," 111.9"," ","  73.4"," "," 0.00","F","999.9","000000"
"40650099999","2022-06-01","33.2666666","44.2333333","34.74","BAGHDAD INTERNATIONAL AIRPORT, IZ","  95.4","21","  40.1","18","1004.0"," 6","999.9"," 0","  5.5","21","  5.7","21"," 11.1"," 21.0"," 113.0"," ","  73.4"," "," 0.00","F","999.9","000000"
"40650099999","2022-06-02","33.2666666","44.2333333","34.74","BAGHDAD INTERNATIONAL AIRPORT, IZ","  95.4","23","  41.1","23","1005.1"," 6","999.9"," 0","  5.8","23","  4.1","23","  7.8","999.9"," 115.7"," ","  75.2","*"," 0.00","E","999.9","000000"
"40650099999","2022-06-03","33.2666666","44.2333333","34.74","BAGHDAD INTERNATIONAL AIRPORT, IZ","  99.1","23","  38.7","23","9999.9"," 0","999.9"," 0","  5.2","23","  4.5","23","  8.0","999.9"," 114.8","*","  78.8","*"," 0.00","I","999.9","000000"
"40650099999","2022-06-04","33.2666666","44.2333333","34.74","BAGHDAD INTERNATIONAL AIRPORT, IZ","  99.8","24","  40.3","24","9999.9"," 0","999.9"," 0","  5.5","24","  4.7","24","  7.0","999.9"," 113.0","*","  86.0","*"," 0.00","I","999.9","000000"
"40650099999","2022-06-05","33.2666666","44.2333333","34.74","BAGHDAD INTERNATIONAL AIRPORT, IZ"," 102.0","23","  43.6","23","9999.9"," 0","999.9"," 0","  3.0","23","  5.6","23"," 13.0","999.9"," 114.8","*","  87.8","*"," 0.00","I","999.9","000000"
"40650099999","2022-06-06","33.2666666","44.2333333","34.74","BAGHDAD INTERNATIONAL AIRPORT, IZ"," 102.1","22","  43.4","22","9999.9"," 0","999.9"," 0","  3.4","22","  7.2","22"," 15.0","999.9"," 114.8","*","  84.2","*"," 0.00","I","999.9","000000"
"40650099999","2022-06-07","33.2666666","44.2333333","34.74","BAGHDAD INTERNATIONAL AIRPORT, IZ","  98.0","23","  42.5","23","9999.9"," 0","999.9"," 0","  4.7","23","  8.9","23"," 14.0","999.9"," 109.4","*","  86.0","*"," 0.00","I","999.9","000000"
"40650099999","2022-06-08","33.2666666","44.2333333","34.74","BAGHDAD INTERNATIONAL AIRPORT, IZ","  94.9","24","  45.0","24","9999.9"," 0","999.9"," 0","  5.8","24","  5.9","24","  9.9","999.9"," 109.4","*","  77.0","*"," 0.00","I","999.9","000000"
"40650099999","2022-06-09","33.2666666","44.2333333","34.74","BAGHDAD INTERNATIONAL AIRPORT, IZ","  94.5","24","  45.3","24","9999.9"," 0","999.9"," 0","  5.7","24","  7.1","24"," 11.1","999.9"," 109.4","*","  77.0","*"," 0.00","I","999.9","000000"
"40650099999","2022-06-10","33.2666666","44.2333333","34.74","BAGHDAD INTERNATIONAL AIRPORT, IZ","  90.6","24","  44.6","24","1006.8"," 6","999.9"," 0","  4.7","24","  6.9","24"," 13.0"," 19.0"," 104.9"," ","  73.6"," "," 0.00","F","999.9","000000"
"40650099999","2022-06-11","33.2666666","44.2333333","34.74","BAGHDAD INTERNATIONAL AIRPORT, IZ","  90.1","22","  43.3","22","1004.8"," 7","999.9"," 0","  6.1","22","  9.4","22"," 18.1","999.9"," 106.3"," ","  68.9"," "," 0.00","F","999.9","000000"
"40650099999","2022-06-12","33.2666666","44.2333333","34.74","BAGHDAD INTERNATIONAL AIRPORT, IZ","  93.1","24","  44.3","24"," 999.8"," 8","999.9"," 0","  6.2","24","  7.6","24"," 14.0","999.9"," 110.1"," ","  71.8"," "," 0.00","F","999.9","000000"
"40650099999","2022-06-13","33.2666666","44.2333333","34.74","BAGHDAD INTERNATIONAL AIRPORT, IZ","  89.7","23","  51.6","23","1002.0"," 6","999.9"," 0","  3.0","23"," 10.0","23"," 17.1","999.9","  99.5"," ","  80.6","*"," 0.00","F","999.9","000000"
"40650099999","2022-06-14","33.2666666","44.2333333","34.74","BAGHDAD INTERNATIONAL AIRPORT, IZ","  92.2","24","  50.5","24","9999.9"," 0","999.9"," 0","  5.9","24","  4.7","24","  8.9"," 18.1"," 104.0","*","  71.6"," "," 0.00","E","999.9","000000"
"40650099999","2022-06-15","33.2666666","44.2333333","34.74","BAGHDAD INTERNATIONAL AIRPORT, IZ","  93.5","24","  47.5","24","1006.3"," 8","999.9"," 0","  6.0","24","  8.4","24"," 17.5","999.9"," 107.1"," ","  76.8"," "," 0.00","F","999.9","000000"
"40650099999","2022-06-16","33.2666666","44.2333333","34.74","BAGHDAD INTERNATIONAL AIRPORT, IZ","  94.2","23","  46.8","23","1006.5"," 7","999.9"," 0","  6.0","23"," 11.1","23"," 20.0","999.9"," 108.1"," ","  76.8"," "," 0.00","F","999.9","000000"
"40650099999","2022-06-17","33.2666666","44.2333333","34.74","BAGHDAD INTERNATIONAL AIRPORT, IZ","  97.4","21","  44.2","21","1003.8"," 7","999.9"," 0","  5.0","21"," 12.2","21"," 27.2"," 28.0"," 113.2"," ","  75.4"," "," 0.00","F","999.9","000000"
"40650099999","2022-06-18","33.2666666","44.2333333","34.74","BAGHDAD INTERNATIONAL AIRPORT, IZ","  99.7","23","  46.8","21","1000.6"," 8","999.9"," 0","  5.2","23"," 11.1","23"," 19.4","999.9"," 118.8"," ","  78.3"," "," 0.00","F","999.9","000000"
"40650099999","2022-06-19","33.2666666","44.2333333","34.74","BAGHDAD INTERNATIONAL AIRPORT, IZ"," 101.0","22","  49.1","22","1001.0"," 8","999.9"," 0","  5.7","22","  6.6","22"," 15.5","999.9"," 120.9"," ","  79.7"," "," 0.00","F","999.9","000000"
"40650099999","2022-06-20","33.2666666","44.2333333","34.74","BAGHDAD INTERNATIONAL AIRPORT, IZ"," 103.0","19","  47.5","19","1001.0"," 7","999.9"," 0","  5.3","19","  9.7","19"," 15.0","999.9"," 120.0"," ","  86.0","*"," 0.00","F","999.9","000000"
"40650099999","2022-06-21","33.2666666","44.2333333","34.74","BAGHDAD INTERNATIONAL AIRPORT, IZ","  96.3","24","  47.0","24"," 998.2"," 7","999.9"," 0","  4.1","24","  8.9","24"," 14.0","999.9"," 112.1"," ","  82.4"," "," 0.00","F","999.9","000000"
"40650099999","2022-06-22","33.2666666","44.2333333","34.74","BAGHDAD INTERNATIONAL AIRPORT, IZ","  88.0","17","  49.3","17"," 998.7"," 6","999.9"," 0","  3.3","17"," 12.6","17"," 20.0","999.9","  98.6"," ","  78.8","*"," 0.00","F","999.9","000000"
"40650099999","2022-06-23","33.2666666","44.2333333","34.74","BAGHDAD INTERNATIONAL AIRPORT, IZ","  92.0","23","  52.1","23","1002.3"," 7","999.9"," 0","  5.8","23","  4.3","23","  9.9","999.9"," 104.9"," ","  77.0","*"," 0.00","F","999.9","000000"
"40650099999","2022-06-24","33.2666666","44.2333333","34.74","BAGHDAD INTERNATIONAL AIRPORT, IZ","  95.5","21","  49.9","20","1003.6"," 7","999.9"," 0","  5.7","21","  4.6","21","  9.7","999.9"," 109.6"," ","  75.7"," "," 0.00","F","999.9","000000"
"40650099999","2022-06-25","33.2666666","44.2333333","34.74","BAGHDAD INTERNATIONAL AIRPORT, IZ"," 100.5","23","  50.0","23","1000.4"," 5","999.9"," 0","  4.2","23"," 11.7","23"," 22.9"," 25.1"," 113.4"," ","  78.8","*"," 0.00","F","999.9","000000"
"40650099999","2022-06-26","33.2666666","44.2333333","34.74","BAGHDAD INTERNATIONAL AIRPORT, IZ","  90.8","24","  54.1","24","1003.3"," 6","999.9"," 0","  3.7","24"," 10.0","24"," 17.5","999.9","  99.5"," ","  82.4"," "," 0.00","F","999.9","000000"
"40650099999","2022-06-27","33.2666666","44.2333333","34.74","BAGHDAD INTERNATIONAL AIRPORT, IZ","  92.0","23","  48.9","23","1003.8"," 7","999.9"," 0","  3.8","23","  6.4","23","  9.9"," 14.0"," 104.0"," ","  78.6"," "," 0.00","F","999.9","000000"
"40650099999","2022-06-28","33.2666666","44.2333333","34.74","BAGHDAD INTERNATIONAL AIRPORT, IZ","  91.6","23","  45.0","23","1003.4"," 7","999.9"," 0","  5.7","23"," 10.0","23"," 20.0","999.9"," 106.0"," ","  75.2","*"," 0.00","F","999.9","000000"
"40650099999","2022-06-29","33.2666666","44.2333333","34.74","BAGHDAD INTERNATIONAL AIRPORT, IZ","  95.0","24","  46.5","24","1001.6"," 7","999.9"," 0","  6.1","24","  9.0","24"," 17.5","999.9"," 112.1"," ","  74.3"," "," 0.00","F","999.9","000000"
"40650099999","2022-06-30","33.2666666","44.2333333","34.74","BAGHDAD INTERNATIONAL AIRPORT, IZ","  97.9","23","  43.7","22"," 998.7"," 7","999.9"," 0","  5.2","23"," 10.1","23"," 17.5"," 27.0"," 115.7"," ","  78.8","*"," 0.00","F","999.9","000000"
"40650099999","2022-07-01","33.2666666","44.2333333","34.74","BAGHDAD INTERNATIONAL AIRPORT, IZ","  98.7","23","  46.3","22"," 998.3"," 7","999.9"," 0","  5.3","23"," 11.9","23"," 21.0"," 24.1"," 114.1"," ","  79.7"," "," 0.00","F","999.9","000000"
"40650099999","2022-07-02","33.2666666","44.2333333","34.74","BAGHDAD INTERNATIONAL AIRPORT, IZ","  94.6","21","  49.3","21"," 998.4"," 7","999.9"," 0","  5.1","21"," 10.9","21"," 19.4"," 28.9"," 106.7"," ","  82.4","*"," 0.00","F","999.9","000000"
"40650099999","2022-07-03","33.2666666","44.2333333","34.74","BAGHDAD INTERNATIONAL AIRPORT, IZ","  97.1","23","  52.5","23"," 995.2"," 5","999.9"," 0","  2.5","21"," 12.0","23"," 19.0","999.9"," 108.5"," ","  81.5"," "," 0.00","F","999.9","000000"
"40650099999","2022-07-04","33.2666666","44.2333333","34.74","BAGHDAD INTERNATIONAL AIRPORT, IZ","  98.2","21","  48.3","21"," 996.3"," 7","999.9"," 0","  5.7","21"," 10.6","21"," 14.0","999.9"," 112.3"," ","  86.0"," "," 0.00","F","999.9","000000"
"40650099999","2022-07-05","33.2666666","44.2333333","34.74","BAGHDAD INTERNATIONAL AIRPORT, IZ","  98.3","21","  46.2","20"," 997.0"," 8","999.9"," 0","  5.9","21"," 10.9","21"," 18.1"," 25.1"," 113.4"," ","  83.5"," "," 0.00","F","999.9","000000"
"40650099999","2022-07-06","33.2666666","44.2333333","34.74","BAGHDAD INTERNATIONAL AIRPORT, IZ","  98.8","20","  46.7","20"," 997.0"," 8","999.9"," 0","  4.7","20","  8.2","20"," 12.0","999.9"," 113.4"," ","  81.5"," "," 0.00","F","999.9","000000"
"40650099999","2022-07-07","33.2666666","44.2333333","34.74","BAGHDAD INTERNATIONAL AIRPORT, IZ","  98.7","22","  46.3","22"," 999.2"," 6","999.9"," 0","  6.1","22","  7.2","22"," 12.0","999.9"," 113.0","*","  84.2","*"," 0.00","E","999.9","000000"
"40650099999","2022-07-08","33.2666666","44.2333333","34.74","BAGHDAD INTERNATIONAL AIRPORT, IZ","  97.7","20","  47.1","20","1000.0"," 6","999.9"," 0","  5.7","20","  7.9","20"," 15.0","999.9"," 112.1"," ","  79.2"," "," 0.00","F","999.9","000000"
"40650099999","2022-07-09","33.2666666","44.2333333","34.74","BAGHDAD INTERNATIONAL AIRPORT, IZ","  99.9","22","  45.5","22"," 997.1"," 8","999.9"," 0","  4.4","22"," 14.0","22"," 23.3","999.9"," 113.0"," ","  86.7"," "," 0.00","F","999.9","000000"
"40650099999","2022-07-10","33.2666666","44.2333333","34.74","BAGHDAD INTERNATIONAL AIRPORT, IZ","  96.6","21","  50.1","21"," 996.3"," 6","999.9"," 0","  3.4","21"," 14.5","21"," 20.0","999.9"," 110.7"," ","  81.1"," "," 0.00","F","999.9","000000"
"40650099999","2022-07-11","33.2666666","44.2333333","34.74","BAGHDAD INTERNATIONAL AIRPORT, IZ","  94.4","23","  48.7","23","1001.2"," 4","999.9"," 0","  4.0","23"," 13.8","23"," 21.0"," 28.9"," 107.6"," ","  80.4"," "," 0.00","F","999.9","000000"
"40650099999","2022-07-12","33.2666666","44.2333333","34.74","BAGHDAD INTERNATIONAL AIRPORT, IZ","  96.1","24","  49.1","24","1002.6"," 7","999.9"," 0","  6.1","24"," 11.9","24"," 19.0","999.9"," 108.5"," ","  79.5"," "," 0.00","F","999.9","000000"
"40650099999","2022-07-13","33.2666666","44.2333333","34.74","BAGHDAD INTERNATIONAL AIRPORT, IZ","  98.9","24","  48.3","24"," 999.5"," 6","999.9"," 0","  4.7","24"," 13.9","24"," 20.0","999.9"," 112.1"," ","  77.9"," "," 0.00","F","999.9","000000"
"40650099999","2022-07-14","33.2666666","44.2333333","34.74","BAGHDAD INTERNATIONAL AIRPORT, IZ","  99.1","24","  44.1","23"," 996.7"," 7","999.9"," 0","  4.8","24"," 13.0","24"," 21.0","999.9"," 112.8"," ","  86.0","*"," 0.00","E","999.9","000000"
"40650099999","2022-07-15","33.2666666","44.2333333","34.74","BAGHDAD INTERNATIONAL AIRPORT, IZ","  96.3","23","  48.9","23"," 998.1"," 8","999.9"," 0","  5.7","23","  9.3","23"," 17.5","999.9"," 112.1"," ","  82.4","*"," 0.00","E","999.9","000000"
"40650099999","2022-07-16","33.2666666","44.2333333","34.74","BAGHDAD INTERNATIONAL AIRPORT, IZ","  97.8","23","  48.2","23"," 999.3"," 6","999.9"," 0","  3.6","23"," 13.2","23"," 20.0","999.9"," 111.6"," ","  78.8"," "," 0.00","F","999.9","000000"
"40650099999","2022-07-17","33.2666666","44.2333333","34.74","BAGHDAD INTERNATIONAL AIRPORT, IZ","  98.8","23","  46.0","23"," 999.7"," 7","999.9"," 0","  6.0","23"," 11.2","23"," 17.1","999.9"," 113.0"," ","  82.4","*"," 0.00","F","999.9","000000"
"40650099999","2022-07-18","33.2666666","44.2333333","34.74","BAGHDAD INTERNATIONAL AIRPORT, IZ","  99.0","24","  48.0","24"," 999.9"," 8","999.9"," 0","  6.1","24","  7.4","24"," 14.0","999.9"," 117.7"," ","  77.0"," "," 0.00","F","999.9","000000"
"40650099999","2022-07-19","33.2666666","44.2333333","34.74","BAGHDAD INTERNATIONAL AIRPORT, IZ"," 100.8","23","  46.5","23","1000.0"," 8","999.9"," 0","  6.1","23","  8.2","23"," 15.5"," 21.0"," 119.3"," ","  78.6"," "," 0.00","F","999.9","000000"
"40650099999","2022-07-20","33.2666666","44.2333333","34.74","BAGHDAD INTERNATIONAL AIRPORT, IZ"," 102.6","24","  46.1","23"," 998.9"," 8","999.9"," 0","  6.1","24"," 10.9","24"," 20.0","999.9"," 118.8"," ","  80.6"," "," 0.00","F","999.9","000000"
"40650099999","2022-07-21","33.2666666","44.2333333","34.74","BAGHDAD INTERNATIONAL AIRPORT, IZ"," 100.5","23","  48.2","23"," 998.9"," 8","999.9"," 0","  5.0","23","  9.3","23"," 14.0","999.9"," 116.6"," ","  80.6","*"," 0.00","F","999.9","000000"
"40650099999","2022-07-22","33.2666666","44.2333333","34.74","BAGHDAD INTERNATIONAL AIRPORT, IZ"," 100.6","21","  45.7","21","1001.2"," 8","999.9"," 0","  4.9","21","  9.5","21"," 17.1","999.9"," 114.3"," ","  83.3"," "," 0.00","F","999.9","000000"
"40650099999","2022-07-23","33.2666666","44.2333333","34.74","BAGHDAD INTERNATIONAL AIRPORT, IZ","  96.0","23","  42.7","22","1000.4"," 7","999.9"," 0","  6.1","23"," 10.6","23"," 19.4","999.9"," 109.4","*","  78.8"," "," 0.00","E","999.9","000000"
"40650099999","2022-07-24","33.2666666","44.2333333","34.74","BAGHDAD INTERNATIONAL AIRPORT, IZ","  96.7","23","  44.3","23"," 997.4"," 7","999.9"," 0","  5.8","23","  8.2","23"," 13.0","999.9"," 110.7"," ","  77.9"," "," 0.00","F","999.9","000000"
"40650099999","2022-07-25","33.2666666","44.2333333","34.74","BAGHDAD INTERNATIONAL AIRPORT, IZ","  93.9","24","  40.6","24"," 998.8"," 6","999.9"," 0","  5.8","24","  7.6","24"," 17.1","999.9"," 109.6"," ","  76.6"," "," 0.00","F","999.9","000000"
"40650099999","2022-07-26","33.2666666","44.2333333","34.74","BAGHDAD INTERNATIONAL AIRPORT, IZ","  93.7","24","  43.4","24"," 999.5"," 8","999.9"," 0","  5.9","24","  6.9","24"," 14.0"," 20.0"," 111.0"," ","  72.5"," "," 0.00","F","999.9","000000"
"40650099999","2022-07-27","33.2666666","44.2333333","34.74","BAGHDAD INTERNATIONAL AIRPORT, IZ","  97.1","24","  43.4","23"," 999.7"," 8","999.9"," 0","  6.2","24","  8.1","24"," 17.5","999.9"," 115.2"," ","  74.8"," "," 0.00","F","999.9","000000"
"40650099999","2022-07-28","33.2666666","44.2333333","34.74","BAGHDAD INTERNATIONAL AIRPORT, IZ","  99.1","23","  40.8","23","1001.6"," 8","999.9"," 0","  6.0","23","  8.5","23"," 17.1","999.9"," 115.2"," ","  77.5"," "," 0.00","F","999.9","000000"
"40650099999","2022-07-29","33.2666666","44.2333333","34.74","BAGHDAD INTERNATIONAL AIRPORT, IZ","  99.1","22","  43.1","22","1002.1"," 7","999.9"," 0","  6.1","22","  7.2","22"," 15.0","999.9"," 116.6"," ","  75.9","*"," 0.00","E","999.9","000000"
"40650099999","2022-07-30","33.2666666","44.2333333","34.74","BAGHDAD INTERNATIONAL AIRPORT, IZ","  99.5","23","  43.4","23","1001.3"," 7","999.9"," 0","  6.0","23","  6.5","23"," 17.1","999.9"," 117.7"," ","  75.9"," "," 0.00","F","999.9","000000"
"40650099999","2022-07-31","33.2666666","44.2333333","34.74","BAGHDAD INTERNATIONAL AIRPORT, IZ"," 100.1","24","  46.2","24"," 998.5"," 6","999.9"," 0","  6.0","24","  4.1","24","  8.9","999.9"," 116.6","*","  78.8"," "," 0.00","E","999.9","000000"
"40650099999","2022-08-01","33.2666666","44.2333333","34.74","BAGHDAD INTERNATIONAL AIRPORT, IZ"," 102.3","23","  46.4","23"," 997.8"," 8","999.9"," 0","  5.8","23","  5.3","23"," 11.7","999.9"," 120.7"," ","  80.6"," "," 0.00","F","999.9","000000"
"40650099999","2022-08-02","33.2666666","44.2333333","34.74","BAGHDAD INTERNATIONAL AIRPORT, IZ"," 102.5","24","  50.9","24"," 998.7"," 8","999.9"," 0","  5.4","24","  5.5","24","  9.7"," 20.0"," 120.6"," ","  81.3"," "," 0.00","F","999.9","000000"
"40650099999","2022-08-03","33.2666666","44.2333333","34.74","BAGHDAD INTERNATIONAL AIRPORT, IZ"," 104.3","24","  53.8","24","1000.2"," 7","999.9"," 0","  4.5","24","  5.2","24","  8.0","999.9"," 120.6"," ","  83.3"," "," 0.00","F","999.9","000000"
"40650099999","2022-08-04","33.2666666","44.2333333","34.74","BAGHDAD INTERNATIONAL AIRPORT, IZ"," 103.6","22","  52.7","22","1001.6"," 8","999.9"," 0","  5.9","22","  6.1","22","  9.7","999.9"," 121.1"," ","  84.9"," "," 0.00","F","999.9","000000"
"40650099999","2022-08-05","33.2666666","44.2333333","34.74","BAGHDAD INTERNATIONAL AIRPORT, IZ"," 103.1","22","  52.8","22"," 999.8"," 8","999.9"," 0","  5.8","22","  7.6","22"," 15.0","999.9"," 122.0"," ","  84.2"," "," 0.00","F","999.9","000000"
"40650099999","2022-08-06","33.2666666","44.2333333","34.74","BAGHDAD INTERNATIONAL AIRPORT, IZ"," 105.7","24","  57.0","24"," 997.5"," 8","999.9"," 0","  5.1","24","  8.2","24"," 12.0","999.9"," 118.8"," ","  90.0"," "," 0.00","F","999.9","000000"
"40650099999","2022-08-07","33.2666666","44.2333333","34.74","BAGHDAD INTERNATIONAL AIRPORT, IZ"," 102.7","23","  51.2","23"," 998.0"," 8","999.9"," 0","  3.6","23"," 10.1","23"," 19.4","999.9"," 117.0"," ","  84.2","*"," 0.00","F","999.9","000000"
"40650099999","2022-08-08","33.2666666","44.2333333","34.74","BAGHDAD INTERNATIONAL AIRPORT, IZ","  99.0","22","  49.3","22","1000.8"," 7","999.9"," 0","  5.2","22","  8.8","22"," 14.0","999.9"," 114.8"," ","  84.2","*"," 0.00","F","999.9","000000"
"40650099999","2022-08-09","33.2666666","44.2333333","34.74","BAGHDAD INTERNATIONAL AIRPORT, IZ","  96.1","19","  50.3","19","1000.6"," 7","999.9"," 0","  5.8","19"," 11.1","19"," 19.4","999.9"," 113.0"," ","  80.6","*"," 0.00","F","999.9","000000"
"40650099999","2022-08-10","33.2666666","44.2333333","34.74","BAGHDAD INTERNATIONAL AIRPORT, IZ","  96.6","16","  56.2","16"," 999.8"," 5","999.9"," 0","  3.2","16"," 15.0","16"," 23.3","999.9"," 109.4","*","  80.6"," "," 0.00","E","999.9","000000"
"40650099999","2022-08-11","33.2666666","44.2333333","34.74","BAGHDAD INTERNATIONAL AIRPORT, IZ","  96.8","24","  57.0","24","1000.2"," 8","999.9"," 0","  5.5","24"," 13.2","24"," 19.0"," 27.0"," 108.7"," ","  84.2","*"," 0.00","F","999.9","000000"
"40650099999","2022-08-12","33.2666666","44.2333333","34.74","BAGHDAD INTERNATIONAL AIRPORT, IZ","  97.3","24","  55.0","24"," 999.9"," 7","999.9"," 0","  5.2","24"," 14.9","24"," 22.9","999.9"," 109.4","*","  84.2","*"," 0.00","F","999.9","000000"
"40650099999","2022-08-13","33.2666666","44.2333333","34.74","BAGHDAD INTERNATIONAL AIRPORT, IZ","  96.2","24","  54.2","24"," 997.7"," 7","999.9"," 0","  5.1","24"," 11.3","24"," 19.4","999.9"," 111.2"," ","  82.2","*"," 0.00","E","999.9","000000"
"40650099999","2022-08-14","33.2666666","44.2333333","34.74","BAGHDAD INTERNATIONAL AIRPORT, IZ","  95.8","24","  54.4","24"," 999.3"," 7","999.9"," 0","  4.5","24","  9.9","24"," 17.1","999.9"," 110.8"," ","  82.4","*"," 0.00","F","999.9","000000"
"40650099999","2022-08-15","33.2666666","44.2333333","34.74","BAGHDAD INTERNATIONAL AIRPORT, IZ","  96.8","24","  52.2","24","1001.7"," 7","999.9"," 0","  5.9","24"," 11.4","24"," 17.1","999.9"," 112.5"," ","  77.0","*"," 0.00","F","999.9","000000"
"40650099999","2022-08-16","33.2666666","44.2333333","34.74","BAGHDAD INTERNATIONAL AIRPORT, IZ","  97.6","24","  47.7","24","1002.2"," 8","999.9"," 0","  3.8","24"," 14.8","24"," 22.9","999.9"," 111.4"," ","  80.6"," "," 0.00","F","999.9","000000"
"40650099999","2022-08-17","33.2666666","44.2333333","34.74","BAGHDAD INTERNATIONAL AIRPORT, IZ","  98.2","24","  48.9","24"," 999.8"," 8","999.9"," 0","  3.9","24"," 14.5","24"," 25.1","999.9"," 113.0","*","  82.4","*"," 0.00","F","999.9","000000"
"40650099999","2022-08-18","33.2666666","44.2333333","34.74","BAGHDAD INTERNATIONAL AIRPORT, IZ","  99.0","24","  47.0","23"," 998.5"," 8","999.9"," 0","  6.1","24"," 11.6","24"," 19.4","999.9"," 117.5"," ","  80.6","*"," 0.00","F","999.9","000000"
"40650099999","2022-08-19","33.2666666","44.2333333","34.74","BAGHDAD INTERNATIONAL AIRPORT, IZ","  99.4","24","  49.7","24"," 998.8"," 8","999.9"," 0","  6.2","24","  7.3","24"," 11.1","999.9"," 116.4"," ","  77.9"," "," 0.00","F","999.9","000000"
"40650099999","2022-08-20","33.2666666","44.2333333","34.74","BAGHDAD INTERNATIONAL AIRPORT, IZ"," 100.2","24","  54.5","24"," 998.9"," 6","999.9"," 0","  4.6","24","  5.2","24","  9.7","999.9"," 116.6"," ","  81.5"," "," 0.00","F","999.9","000000"
"40650099999","2022-08-21","33.2666666","44.2333333","34.74","BAGHDAD INTERNATIONAL AIRPORT, IZ","  98.8","24","  50.4","24"," 998.2"," 8","999.9"," 0","  5.7","24","  6.3","24"," 11.1","999.9"," 115.7"," ","  84.2"," "," 0.00","F","999.9","000000"
"40650099999","2022-08-22","33.2666666","44.2333333","34.74","BAGHDAD INTERNATIONAL AIRPORT, IZ","  95.2","24","  52.5","24","1000.4"," 8","999.9"," 0","  5.0","24","  9.2","23"," 20.0","999.9"," 109.8"," ","  77.0"," "," 0.00","F","999.9","000000"
"40650099999","2022-08-23","33.2666666","44.2333333","34.74","BAGHDAD INTERNATIONAL AIRPORT, IZ","  96.5","24","  51.9","23","1002.5"," 8","999.9"," 0","  6.0","24","  6.7","24"," 12.0","999.9"," 111.2"," ","  76.1"," "," 0.00","F","999.9","000000"
"40650099999","2022-08-24","33.2666666","44.2333333","34.74","BAGHDAD INTERNATIONAL AIRPORT, IZ","  96.8","24","  51.3","24","1003.2"," 8","999.9"," 0","  6.1","24"," 11.1","24"," 18.1","999.9"," 109.6"," ","  84.2"," "," 0.00","F","999.9","000000"
"40650099999","2022-08-25","33.2666666","44.2333333","34.74","BAGHDAD INTERNATIONAL AIRPORT, IZ","  96.7","22","  55.3","22","1002.6"," 7","999.9"," 0","  6.1","22"," 10.2","22"," 17.5","999.9"," 108.5"," ","  81.3"," "," 0.00","F","999.9","000000"
"40650099999","2022-08-26","33.2666666","44.2333333","34.74","BAGHDAD INTERNATIONAL AIRPORT, IZ","  97.1","21","  46.0","21","1002.3"," 7","999.9"," 0","  3.5","21"," 13.9","21"," 22.0","999.9"," 111.2","*","  84.2"," "," 0.00","F","999.9","000000"
"40650099999","2022-08-27","33.2666666","44.2333333","34.74","BAGHDAD INTERNATIONAL AIRPORT, IZ","  99.7","23","  46.1","22","1004.0"," 6","999.9"," 0","  3.1","23"," 13.8","23"," 19.4","999.9"," 112.1"," ","  84.2","*"," 0.00","F","999.9","000000"
"40650099999","2022-08-28","33.2666666","44.2333333","34.74","BAGHDAD INTERNATIONAL AIRPORT, IZ","  99.9","23","  40.2","23","1004.0"," 5","999.9"," 0","  5.7","23"," 10.9","23"," 17.1","999.9"," 115.5"," ","  87.8","*"," 0.00","F","999.9","000000"
"40650099999","2022-08-29","33.2666666","44.2333333","34.74","BAGHDAD INTERNATIONAL AIRPORT, IZ","  97.5","24","  40.2","23","1005.1"," 6","999.9"," 0","  6.1","24","  7.8","24"," 13.0","999.9"," 116.2"," ","  82.0"," "," 0.00","F","999.9","000000"
"40650099999","2022-08-30","33.2666666","44.2333333","34.74","BAGHDAD INTERNATIONAL AIRPORT, IZ","  96.8","24","  41.2","24","1006.2"," 7","999.9"," 0","  6.0","24","  6.8","24"," 13.6","999.9"," 114.1","*","  78.8","*"," 0.00","E","999.9","000000"
"40650099999","2022-08-31","33.2666666","44.2333333","34.74","BAGHDAD INTERNATIONAL AIRPORT, IZ","  98.0","23","  46.7","22","1004.9"," 7","999.9"," 0","  5.8","23","  5.6","22"," 25.3","999.9"," 115.9"," ","  78.8"," "," 0.00","F","999.9","000000"
"40650099999","2022-09-01","33.2666666","44.2333333","34.74","BAGHDAD INTERNATIONAL AIRPORT, IZ","  98.6","23","  45.2","23","1003.9"," 7","999.9"," 0","  5.7","23","  5.0","23"," 11.1","999.9"," 116.2"," ","  77.0"," "," 0.00","F","999.9","000000"
"40650099999","2022-09-02","33.2666666","44.2333333","34.74","BAGHDAD INTERNATIONAL AIRPORT, IZ","  96.6","24","  47.4","24","1005.4"," 7","999.9"," 0","  5.3","24","  4.2","24","  7.8","999.9"," 115.9"," ","  74.7"," "," 0.00","F","999.9","000000"
"40650099999","2022-09-03","33.2666666","44.2333333","34.74","BAGHDAD INTERNATIONAL AIRPORT, IZ","  98.3","24","  46.6","24","1005.5"," 6","999.9"," 0","  5.6","24","  5.4","24","  9.7","999.9"," 117.3"," ","  78.3"," "," 0.00","F","999.9","000000"
"40650099999","2022-09-04","33.2666666","44.2333333","34.74","BAGHDAD INTERNATIONAL AIRPORT, IZ"," 100.1","24","  43.9","23","1002.6"," 7","999.9"," 0","  6.0","24","  7.5","24"," 12.0","999.9"," 117.3","*","  77.5"," "," 0.00","E","999.9","000000"
"40650099999","2022-09-05","33.2666666","44.2333333","34.74","BAGHDAD INTERNATIONAL AIRPORT, IZ","  99.1","24","  47.0","24","1002.5"," 8","999.9"," 0","  6.0","24","  8.9","24"," 13.0","999.9"," 116.1"," ","  82.4"," "," 0.00","F","999.9","000000"
"40650099999","2022-09-06","33.2666666","44.2333333","34.74","BAGHDAD INTERNATIONAL AIRPORT, IZ","  96.5","24","  51.2","24","1001.9"," 8","999.9"," 0","  4.5","24","  4.9","24","  8.9","999.9"," 115.0"," ","  75.2"," "," 0.00","F","999.9","000000"
"40650099999","2022-09-07","33.2666666","44.2333333","34.74","BAGHDAD INTERNATIONAL AIRPORT, IZ","  95.7","24","  52.5","24","1002.4"," 5","999.9"," 0","  5.5","24","  5.5","24","  8.0","999.9"," 112.3","*","  74.3"," "," 0.00","E","999.9","000000"
"40650099999","2022-09-08","33.2666666","44.2333333","34.74","BAGHDAD INTERNATIONAL AIRPORT, IZ","  97.9","24","  52.2","24","1005.6"," 6","999.9"," 0","  5.4","24","  6.7","24"," 12.0","999.9"," 112.1"," ","  77.9"," "," 0.00","F","999.9","000000"
"40650099999","2022-09-09","33.2666666","44.2333333","34.74","BAGHDAD INTERNATIONAL AIRPORT, IZ"," 100.7","23","  49.8","23","1007.2"," 6","999.9"," 0","  6.2","23","  8.4","23"," 12.0","999.9"," 113.0"," ","  82.2"," "," 0.00","F","999.9","000000"
"40650099999","2022-09-10","33.2666666","44.2333333","34.74","BAGHDAD INTERNATIONAL AIRPORT, IZ","  97.8","24","  48.5","24","1006.7"," 8","999.9"," 0","  6.0","24","  5.9","24","  9.9","999.9"," 111.2"," ","  81.0"," "," 0.00","F","999.9","000000"
"40650099999","2022-09-11","33.2666666","44.2333333","34.74","BAGHDAD INTERNATIONAL AIRPORT, IZ","  93.7","24","  48.2","24","1004.3"," 8","999.9"," 0","  5.4","24","  3.9","24","  9.7","999.9"," 110.3"," ","  70.7"," "," 0.00","F","999.9","000000"
"40650099999","2022-09-12","33.2666666","44.2333333","34.74","BAGHDAD INTERNATIONAL AIRPORT, IZ","  92.6","23","  49.0","23","1001.5"," 8","999.9"," 0","  5.9","23","  3.9","23","  8.0","999.9"," 110.8"," ","  73.4"," "," 0.00","E","999.9","000000"
"40650099999","2022-09-13","33.2666666","44.2333333","34.74","BAGHDAD INTERNATIONAL AIRPORT, IZ","  95.0","24","  50.6","24","1001.3"," 5","999.9"," 0","  5.2","24","  5.4","24"," 11.7","999.9"," 112.6"," ","  73.4"," "," 0.00","F","999.9","000000"
"40650099999","2022-09-14","33.2666666","44.2333333","34.74","BAGHDAD INTERNATIONAL AIRPORT, IZ","  93.6","20","  51.7","20","1005.3"," 7","999.9"," 0","  6.0","20"," 10.2","20"," 15.9","999.9"," 107.1"," ","  78.8","*"," 0.00","F","999.9","000000"
"40650099999","2022-09-15","33.2666666","44.2333333","34.74","BAGHDAD INTERNATIONAL AIRPORT, IZ","  90.1","24","  50.7","24","1008.7"," 7","999.9"," 0","  6.2","24","  9.9","24"," 20.0","999.9"," 102.2","*","  73.0"," "," 0.00","E","999.9","000000"
"40650099999","2022-09-16","33.2666666","44.2333333","34.74","BAGHDAD INTERNATIONAL AIRPORT, IZ","  88.4","23","  46.7","23","1006.8"," 8","999.9"," 0","  6.1","23"," 10.7","23"," 21.4"," 28.0"," 102.0"," ","  70.2"," "," 0.00","F","999.9","000000"
"40650099999","2022-09-17","33.2666666","44.2333333","34.74","BAGHDAD INTERNATIONAL AIRPORT, IZ","  86.7","20","  48.1","20","1003.1"," 8","999.9"," 0","  6.2","20","  6.9","20"," 12.0","999.9"," 105.1"," ","  71.6"," "," 0.00","F","999.9","000000"
"40650099999","2022-09-18","33.2666666","44.2333333","34.74","BAGHDAD INTERNATIONAL AIRPORT, IZ","  88.0","23","  50.6","23","1003.4"," 6","999.9"," 0","  6.0","23","  4.1","23","  9.9","999.9"," 108.0"," ","  68.5"," "," 0.00","F","999.9","000000"
"40650099999","2022-09-19","33.2666666","44.2333333","34.74","BAGHDAD INTERNATIONAL AIRPORT, IZ","  88.9","24","  50.3","23","1004.7"," 7","999.9"," 0","  5.7","24","  2.5","24","  5.8","999.9"," 108.5"," ","  67.5"," "," 0.00","F","999.9","000000"
"40650099999","2022-09-20","33.2666666","44.2333333","34.74","BAGHDAD INTERNATIONAL AIRPORT, IZ","  92.9","24","  43.2","24","1004.2"," 7","999.9"," 0","  5.9","24","  6.9","24"," 12.0","999.9"," 111.0"," ","  71.2"," "," 0.00","F","999.9","000000"
"40650099999","2022-09-21","33.2666666","44.2333333","34.74","BAGHDAD INTERNATIONAL AIRPORT, IZ","  90.5","22","  49.1","22","9999.9"," 0","999.9"," 0","  5.6","22","  7.0","22"," 12.0","999.9"," 105.8","*","  72.5"," "," 0.00","E","999.9","010010"
"40650099999","2022-09-22","33.2666666","44.2333333","34.74","BAGHDAD INTERNATIONAL AIRPORT, IZ","  90.9","23","  54.2","23","9999.9"," 0","999.9"," 0","  5.2","23","  5.2","23","  8.9","999.9"," 102.2","*","  78.8","*","99.99"," ","999.9","010000"
"40650099999","2022-09-23","33.2666666","44.2333333","34.74","BAGHDAD INTERNATIONAL AIRPORT, IZ","  87.6","24","  49.6","24","9999.9"," 0","999.9"," 0","  6.2","24","  9.2","24"," 13.0","999.9"," 100.4","*","  75.2","*"," 0.00","I","999.9","000000"
"40650099999","2022-09-24","33.2666666","44.2333333","34.74","BAGHDAD INTERNATIONAL AIRPORT, IZ","  86.1","24","  49.6","24","9999.9"," 0","999.9"," 0","  6.0","24"," 10.6","24"," 17.1","999.9","  98.6","*","  69.8","*"," 0.00","I","999.9","000000"
"40650099999","2022-09-25","33.2666666","44.2333333","34.74","BAGHDAD INTERNATIONAL AIRPORT, IZ","  84.5","24","  49.5","24","9999.9"," 0","999.9"," 0","  5.4","24"," 13.0","24"," 19.0","999.9","  95.0","*","  71.6","*"," 0.00","I","999.9","000000"
"40650099999","2022-09-26","33.2666666","44.2333333","34.74","BAGHDAD INTERNATIONAL AIRPORT, IZ","  83.4","24","  41.7","24","9999.9"," 0","999.9"," 0","  5.8","24"," 10.6","24"," 20.0","999.9","  96.8","*","  69.8","*"," 0.00","I","999.9","000000"
"40650099999","2022-09-27","33.2666666","44.2333333","34.74","BAGHDAD INTERNATIONAL AIRPORT, IZ","  80.7","24","  35.1","24","9999.9"," 0","999.9"," 0","  6.2","24","  6.7","24"," 15.0","999.9","  98.6","*","  66.2","*"," 0.00","I","999.9","000000"
"40650099999","2022-09-28","33.2666666","44.2333333","34.74","BAGHDAD INTERNATIONAL AIRPORT, IZ","  83.6","23","  37.9","23","9999.9"," 0","999.9"," 0","  5.9","23","  9.8","23"," 15.0","999.9","  96.8","*","  68.0","*"," 0.00","I","999.9","000000"
"40650099999","2022-09-29","33.2666666","44.2333333","34.74","BAGHDAD INTERNATIONAL AIRPORT, IZ","  80.9","23","  51.2","23","9999.9"," 0","999.9"," 0","  6.2","23","  8.7","23"," 15.0","999.9","  95.0"," ","  68.0","*"," 0.00","E","999.9","000000"
"40650099999","2022-09-30","33.2666666","44.2333333","34.74","BAGHDAD INTERNATIONAL AIRPORT, IZ","  82.0","24","  46.9","24","9999.9"," 0","999.9"," 0","  5.9","24","  5.1","24","  8.0","999.9"," 100.4","*","  62.6","*"," 0.00","I","999.9","000000"
"40650099999","2022-10-01","33.2666666","44.2333333","34.74","BAGHDAD INTERNATIONAL AIRPORT, IZ","  84.4","23","  47.4","23","9999.9"," 0","999.9"," 0","  6.2","23","  6.3","23"," 11.1","999.9"," 102.2","*","  69.8","*"," 0.00","I","999.9","000000"
"40650099999","2022-10-02","33.2666666","44.2333333","34.74","BAGHDAD INTERNATIONAL AIRPORT, IZ","  82.5","24","  45.8","24","9999.9"," 0","999.9"," 0","  6.0","24","  4.3","24","  8.0","999.9"," 100.4","*","  68.0","*"," 0.00","I","999.9","000000"
"40650099999","2022-10-03","33.2666666","44.2333333","34.74","BAGHDAD INTERNATIONAL AIRPORT, IZ","  84.2","24","  42.4","24","9999.9"," 0","999.9"," 0","  6.0","24","  3.7","24","  8.9","999.9"," 100.4","*","  64.4","*"," 0.00","I","999.9","000000"
"40650099999","2022-10-04","33.2666666","44.2333333","34.74","BAGHDAD INTERNATIONAL AIRPORT, IZ","  89.4","24","  43.0","24","9999.9"," 0","999.9"," 0","  6.0","24","  6.1","24","  8.9","999.9"," 104.0","*","  69.8","*"," 0.00","I","999.9","000000"
"40650099999","2022-10-05","33.2666666","44.2333333","34.74","BAGHDAD INTERNATIONAL AIRPORT, IZ","  87.9","23","  44.1","23","9999.9"," 0","999.9"," 0","  5.4","23","  4.4","23","  8.0","999.9"," 105.8","*","  69.8","*"," 0.00","I","999.9","000000"
"40650099999","2022-10-06","33.2666666","44.2333333","34.74","BAGHDAD INTERNATIONAL AIRPORT, IZ","  87.6","23","  42.6","23","1009.9"," 6","999.9"," 0","  5.1","23","  6.1","23"," 11.1","999.9"," 108.5"," ","  67.1"," "," 0.00","F","999.9","000000"
"40650099999","2022-10-07","33.2666666","44.2333333","34.74","BAGHDAD INTERNATIONAL AIRPORT, IZ","  88.2","23","  42.9","23","1008.6"," 7","999.9"," 0","  5.8","23","  5.3","23","  8.0","999.9"," 108.5"," ","  68.0"," "," 0.00","F","999.9","000000"
"40650099999","2022-10-08","33.2666666","44.2333333","34.74","BAGHDAD INTERNATIONAL AIRPORT, IZ","  85.9","24","  44.9","24","1009.1"," 8","999.9"," 0","  5.3","24","  3.5","24","  8.0"," 18.1"," 106.0"," ","  65.7"," "," 0.00","F","999.9","000000"
"40650099999","2022-10-09","33.2666666","44.2333333","34.74","BAGHDAD INTERNATIONAL AIRPORT, IZ","  87.1","24","  46.6","24","1010.2"," 8","999.9"," 0","  5.3","24","  6.8","24"," 14.0","999.9"," 104.9"," ","  69.8"," "," 0.00","F","999.9","000000"
"40650099999","2022-10-10","33.2666666","44.2333333","34.74","BAGHDAD INTERNATIONAL AIRPORT, IZ","  80.5","24","  47.2","24","1014.9"," 6","999.9"," 0","  6.1","24","  8.7","24"," 15.0","999.9","  94.1"," ","  68.0","*"," 0.00","F","999.9","000000"
"40650099999","2022-10-11","33.2666666","44.2333333","34.74","BAGHDAD INTERNATIONAL AIRPORT, IZ","  79.0","24","  45.8","24","1014.8"," 7","999.9"," 0","  6.1","24","  5.7","24","  9.9","999.9","  93.6","*","  63.5"," "," 0.00","E","999.9","000000"
"40650099999","2022-10-12","33.2666666","44.2333333","34.74","BAGHDAD INTERNATIONAL AIRPORT, IZ","  78.2","24","  45.4","24","1013.9"," 7","999.9"," 0","  6.0","24","  4.6","24","  8.9","999.9","  95.0"," ","  62.6"," "," 0.00","F","999.9","000000"
"40650099999","2022-10-13","33.2666666","44.2333333","34.74","BAGHDAD INTERNATIONAL AIRPORT, IZ","  80.0","21","  46.1","21","1012.0"," 7","999.9"," 0","  4.9","21","  3.4","21","  6.0","999.9","  95.9"," ","  62.6"," "," 0.00","F","999.9","000000"
"40650099999","2022-10-14","33.2666666","44.2333333","34.74","BAGHDAD INTERNATIONAL AIRPORT, IZ","  83.4","22","  44.5","22","1009.1"," 5","999.9"," 0","  5.6","22","  5.5","22","  9.9","999.9","  99.0"," ","  69.8","*"," 0.00","E","999.9","000000"
"40650099999","2022-10-15","33.2666666","44.2333333","34.74","BAGHDAD INTERNATIONAL AIRPORT, IZ","  84.7","24","  43.4","23","1010.2"," 7","999.9"," 0","  4.8","24","  7.6","24"," 14.0","999.9"," 102.6"," ","  65.5"," "," 0.00","F","999.9","000000"
"40650099999","2022-10-16","33.2666666","44.2333333","34.74","BAGHDAD INTERNATIONAL AIRPORT, IZ","  86.3","22","  39.0","22","1013.7"," 8","999.9"," 0","  5.8","22","  6.2","22","  8.9","999.9"," 103.1"," ","  69.8","*"," 0.00","F","999.9","000000"
"40650099999","2022-10-17","33.2666666","44.2333333","34.74","BAGHDAD INTERNATIONAL AIRPORT, IZ","  84.7","19","  45.5","19","1015.8"," 6","999.9"," 0","  4.1","19","  3.9","19","  7.0","999.9","  98.6"," ","  71.6","*"," 0.00","F","999.9","000000"
"40650099999","2022-10-18","33.2666666","44.2333333","34.74","BAGHDAD INTERNATIONAL AIRPORT, IZ","  81.1","24","  44.7","24","1014.3"," 7","999.9"," 0","  3.3","24","  2.5","24","  5.8","999.9"," 100.4"," ","  65.5","*"," 0.00","E","999.9","000000"
"40650099999","2022-10-19","33.2666666","44.2333333","34.74","BAGHDAD INTERNATIONAL AIRPORT, IZ","  79.7","24","  42.8","24","1012.2"," 8","999.9"," 0","  4.8","24","  4.4","24","  8.9","999.9","  99.9"," ","  61.7"," "," 0.00","F","999.9","000000"
"40650099999","2022-10-20","33.2666666","44.2333333","34.74","BAGHDAD INTERNATIONAL AIRPORT, IZ","  83.1","22","  43.9","22","1010.6"," 8","999.9"," 0","  5.0","22","  5.1","22","  9.9","999.9","  97.7"," ","  64.4","*"," 0.00","F","999.9","000000"
"40650099999","2022-10-21","33.2666666","44.2333333","34.74","BAGHDAD INTERNATIONAL AIRPORT, IZ","  82.5","23","  46.7","23","1013.8"," 8","999.9"," 0","  4.6","23","  8.6","23"," 15.5","999.9","  95.9"," ","  66.2","*"," 0.00","F","999.9","000000"
"40650099999","2022-10-22","33.2666666","44.2333333","34.74","BAGHDAD INTERNATIONAL AIRPORT, IZ","  82.2","24","  54.9","24","1015.2"," 6","999.9"," 0","  5.4","24"," 10.2","24"," 18.1","999.9","  95.0"," ","  71.6","*"," 0.00","E","999.9","000000"
"40650099999","2022-10-23","33.2666666","44.2333333","34.74","BAGHDAD INTERNATIONAL AIRPORT, IZ","  78.7","24","  55.7","24","1015.0"," 7","999.9"," 0","  5.3","24","  6.7","24"," 14.0","999.9","  93.2"," ","  68.0"," "," 0.00","F","999.9","000000"
"40650099999","2022-10-24","33.2666666","44.2333333","34.74","BAGHDAD INTERNATIONAL AIRPORT, IZ","  76.8","24","  50.5","24","1014.1"," 7","999.9"," 0","  5.2","24","  8.7","24"," 17.5","999.9","  90.7"," ","  66.2","*"," 0.00","F","999.9","010010"
"40650099999","2022-10-25","33.2666666","44.2333333","34.74","BAGHDAD INTERNATIONAL AIRPORT, IZ","  73.1","24","  44.2","24","1015.1"," 8","999.9"," 0","  6.2","24","  6.8","24"," 13.0","999.9","  87.1"," ","  62.6"," "," 0.00","F","999.9","000000"
"40650099999","2022-10-26","33.2666666","44.2333333","34.74","BAGHDAD INTERNATIONAL AIRPORT, IZ","  73.8","24","  42.1","24","9999.9"," 0","999.9"," 0","  5.9","24","  6.6","24"," 12.0","999.9","  86.0","*","  59.0","*"," 0.00","I","999.9","000000"
"40650099999","2022-10-27","33.2666666","44.2333333","34.74","BAGHDAD INTERNATIONAL AIRPORT, IZ","  76.9","24","  46.4","24","1013.9"," 6","999.9"," 0","  5.6","24","  5.4","24","  8.9","999.9","  91.4","*","  63.5"," "," 0.00","F","999.9","010010"
"40650099999","2022-10-28","33.2666666","44.2333333","34.74","BAGHDAD INTERNATIONAL AIRPORT, IZ","  74.7","24","  46.5","24","1012.7"," 7","999.9"," 0","  5.6","24","  7.0","24"," 15.9","999.9","  92.1"," ","  56.7"," "," 0.00","F","999.9","000000"
"40650099999","2022-10-29","33.2666666","44.2333333","34.74","BAGHDAD INTERNATIONAL AIRPORT, IZ","  71.5","24","  42.7","24","1015.7"," 8","999.9"," 0","  5.8","24","  4.0","24","  8.0","999.9","  88.7"," ","  56.3"," "," 0.00","F","999.9","000000"
"40650099999","2022-10-30","33.2666666","44.2333333","34.74","BAGHDAD INTERNATIONAL AIRPORT, IZ","  77.1","23","  39.7","23","1016.3"," 8","999.9"," 0","  5.4","23","  5.0","23","  8.9","999.9","  88.7"," ","  56.8"," "," 0.00","F","999.9","010000"
"40650099999","2022-10-31","33.2666666","44.2333333","34.74","BAGHDAD INTERNATIONAL AIRPORT, IZ","  78.7","24","  43.9","24","9999.9"," 0","999.9"," 0","  5.4","24","  6.5","24"," 13.0","999.9","  93.2","*","  64.0"," "," 0.00","E","999.9","000000"
"40650099999","2022-11-01","33.2666666","44.2333333","34.74","BAGHDAD INTERNATIONAL AIRPORT, IZ","  70.9","24","  49.6","24","9999.9"," 0","999.9"," 0","  5.7","24","  4.6","24","  7.0","999.9","  84.2","*","  60.8","*","99.99"," ","999.9","010000"
"40650099999","2022-11-02","33.2666666","44.2333333","34.74","BAGHDAD INTERNATIONAL AIRPORT, IZ","  70.6","24","  41.5","24","9999.9"," 0","999.9"," 0","  5.9","24","  5.9","24"," 13.0","999.9","  84.2","*","  59.0","*"," 0.00","I","999.9","000000"
"40650099999","2022-11-03","33.2666666","44.2333333","34.74","BAGHDAD INTERNATIONAL AIRPORT, IZ","  69.1","24","  37.2","24","9999.9"," 0","999.9"," 0","  6.2","24","  5.1","24"," 11.1","999.9","  82.4","*","  57.2","*"," 0.00","I","999.9","000000"
"40650099999","2022-11-04","33.2666666","44.2333333","34.74","BAGHDAD INTERNATIONAL AIRPORT, IZ","  64.2","23","  35.6","23","9999.9"," 0","999.9"," 0","  6.2","23","  3.5","23","  8.0","999.9","  80.6","*","  50.0","*"," 0.00","I","999.9","000000"
"40650099999","2022-11-05","33.2666666","44.2333333","34.74","BAGHDAD INTERNATIONAL AIRPORT, IZ","  65.9","23","  37.2","23","9999.9"," 0","999.9"," 0","  5.4","23","  2.5","23","  5.1","999.9","  80.6","*","  51.8","*"," 0.00","I","999.9","000000"
"40650099999","2022-11-06","33.2666666","44.2333333","34.74","BAGHDAD INTERNATIONAL AIRPORT, IZ","  66.9","23","  38.2","23","1018.0"," 6","999.9"," 0","  5.0","23","  2.8","23","  6.0","999.9","  83.5"," ","  49.1"," "," 0.00","F","999.9","000000"
"40650099999","2022-11-07","33.2666666","44.2333333","34.74","BAGHDAD INTERNATIONAL AIRPORT, IZ","  65.4","24","  38.5","24","1016.1"," 7","999.9"," 0","  5.3","24","  2.7","24","  6.0","999.9","  82.4"," ","  49.1"," "," 0.00","F","999.9","000000"
"40650099999","2022-11-08","33.2666666","44.2333333","34.74","BAGHDAD INTERNATIONAL AIRPORT, IZ","  68.3","23","  41.1","23","1013.1"," 6","999.9"," 0","  5.6","23","  5.1","23","  9.9","999.9","  80.2"," ","  50.9"," "," 0.03","F","999.9","010010"
"40650099999","2022-11-09","33.2666666","44.2333333","34.74","BAGHDAD INTERNATIONAL AIRPORT, IZ","  69.0","24","  45.5","24","1013.8"," 7","999.9"," 0","  5.6","24","  4.3","24","  8.0","999.9","  81.0"," ","  58.6"," "," 0.03","F","999.9","010000"
"40650099999","2022-11-10","33.2666666","44.2333333","34.74","BAGHDAD INTERNATIONAL AIRPORT, IZ","  68.5","24","  46.5","24","1017.2"," 8","999.9"," 0","  5.1","24","  2.5","24","  5.8","999.9","  82.8"," ","  51.1"," "," 0.00","F","999.9","000000"
"40650099999","2022-11-11","33.2666666","44.2333333","34.74","BAGHDAD INTERNATIONAL AIRPORT, IZ","  73.9","21","  43.5","21","1018.9"," 7","999.9"," 0","  5.7","21","  5.3","21","  9.9","999.9","  85.5","*","  56.3"," "," 0.00","F","999.9","010000"
"40650099999","2022-11-12","33.2666666","44.2333333","34.74","BAGHDAD INTERNATIONAL AIRPORT, IZ","  66.1","24","  62.1","24","1020.8"," 5","999.9"," 0","  5.1","24","  6.5","24"," 13.6","999.9","  71.6"," ","  59.0","*"," 1.26","F","999.9","010010"
"40650099999","2022-11-13","33.2666666","44.2333333","34.74","BAGHDAD INTERNATIONAL AIRPORT, IZ","  65.7","24","  57.0","24","1021.2"," 8","999.9"," 0","  4.7","24","  6.3","24"," 11.1","999.9","  78.8"," ","  56.1"," "," 0.00","F","999.9","000000"
"40650099999","2022-11-14","33.2666666","44.2333333","34.74","BAGHDAD INTERNATIONAL AIRPORT, IZ","  64.2","24","  48.8","24","1019.1"," 8","999.9"," 0","  6.0","24","  3.3","24","  6.0","999.9","  78.8"," ","  51.8"," "," 0.00","F","999.9","000000"
"40650099999","2022-11-15","33.2666666","44.2333333","34.74","BAGHDAD INTERNATIONAL AIRPORT, IZ","  65.5","23","  45.5","23","1018.7"," 8","999.9"," 0","  4.8","23","  3.7","23","  7.8","999.9","  78.3"," ","  51.6"," "," 0.00","F","999.9","000000"
"40650099999","2022-11-16","33.2666666","44.2333333","34.74","BAGHDAD INTERNATIONAL AIRPORT, IZ","  62.9","24","  53.5","24","1015.9"," 7","999.9"," 0","  5.0","24","  5.8","24"," 13.6","999.9","  68.0"," ","  56.1"," "," 0.00","F","999.9","010000"
"40650099999","2022-11-17","33.2666666","44.2333333","34.74","BAGHDAD INTERNATIONAL AIRPORT, IZ","  60.8","23","  57.5","23","1017.2"," 6","999.9"," 0","  3.1","23","  4.3","23","  9.7","999.9","  70.0"," ","  53.6","*"," 0.00","F","999.9","110000"
"40650099999","2022-11-18","33.2666666","44.2333333","34.74","BAGHDAD INTERNATIONAL AIRPORT, IZ","  58.4","23","  54.4","23","1021.2"," 7","999.9"," 0","  3.0","23","  6.0","23"," 11.7","999.9","  69.8"," ","  49.3"," "," 0.00","F","999.9","100000"
"40650099999","2022-11-19","33.2666666","44.2333333","34.74","BAGHDAD INTERNATIONAL AIRPORT, IZ","  61.1","24","  52.0","24","1023.2"," 8","999.9"," 0","  4.8","24","  8.1","24"," 15.0","999.9","  73.4"," ","  49.6"," "," 0.00","F","999.9","000000"
"40650099999","2022-11-20","33.2666666","44.2333333","34.74","BAGHDAD INTERNATIONAL AIRPORT, IZ","  63.5","24","  51.1","24","1022.0"," 8","999.9"," 0","  5.8","24","  9.5","24"," 18.1","999.9","  75.2"," ","  53.6"," "," 0.00","F","999.9","000000"
"40650099999","2022-11-21","33.2666666","44.2333333","34.74","BAGHDAD INTERNATIONAL AIRPORT, IZ","  63.3","24","  46.4","24","1019.8"," 8","999.9"," 0","  6.2","24","  5.8","24","  9.9","999.9","  78.6"," ","  51.8","*"," 0.00","F","999.9","000000"
"40650099999","2022-11-22","33.2666666","44.2333333","34.74","BAGHDAD INTERNATIONAL AIRPORT, IZ","  63.2","24","  47.5","24","1019.3"," 8","999.9"," 0","  5.4","24","  2.9","24","  7.8","999.9","  79.3"," ","  47.3"," "," 0.00","F","999.9","000000"
"40650099999","2022-11-23","33.2666666","44.2333333","34.74","BAGHDAD INTERNATIONAL AIRPORT, IZ","  65.4","24","  47.5","24","1018.3"," 8","999.9"," 0","  3.6","24","  2.1","24","  6.0","999.9","  79.7"," ","  53.2"," "," 0.00","F","999.9","000000"
"40650099999","2022-11-24","33.2666666","44.2333333","34.74","BAGHDAD INTERNATIONAL AIRPORT, IZ","  69.1","24","  49.2","24","1015.5"," 6","999.9"," 0","  4.3","24","  5.4","24"," 14.0","999.9","  80.2"," ","  57.2"," "," 0.00","F","999.9","010000"
"40650099999","2022-11-25","33.2666666","44.2333333","34.74","BAGHDAD INTERNATIONAL AIRPORT, IZ","  65.0","24","  59.2","24","1012.3"," 7","999.9"," 0","  3.2","24","  8.3","24"," 19.4","999.9","  72.7"," ","  57.2","*"," 0.17","F","999.9","010010"
"40650099999","2022-11-26","33.2666666","44.2333333","34.74","BAGHDAD INTERNATIONAL AIRPORT, IZ","  64.8","23","  53.6","22","1017.5"," 7","999.9"," 0","  5.4","23","  5.6","23","  8.0","999.9","  75.9"," ","  53.6","*"," 0.00","E","999.9","000000"
"40650099999","2022-11-27","33.2666666","44.2333333","34.74","BAGHDAD INTERNATIONAL AIRPORT, IZ","  62.6","24","  54.3","24","1019.4"," 8","999.9"," 0","  5.9","24","  5.5","24"," 11.7","999.9","  72.5"," ","  55.4","*"," 0.00","F","999.9","000000"
"40650099999","2022-11-28","33.2666666","44.2333333","34.74","BAGHDAD INTERNATIONAL AIRPORT, IZ","  61.4","24","  52.7","24","1018.4"," 7","999.9"," 0","  5.7","24","  4.9","24","  7.0","999.9","  70.2"," ","  53.6"," "," 0.00","F","999.9","010000"
"40650099999","2022-11-29","33.2666666","44.2333333","34.74","BAGHDAD INTERNATIONAL AIRPORT, IZ","  69.9","23","  53.0","23","1015.3"," 8","999.9"," 0","  5.6","23","  7.0","23"," 13.6","999.9","  80.4"," ","  57.0"," "," 0.01","F","999.9","010010"
"40650099999","2022-11-30","33.2666666","44.2333333","34.74","BAGHDAD INTERNATIONAL AIRPORT, IZ","  65.8","23","  58.8","23","1015.6"," 7","999.9"," 0","  6.0","23","  4.1","23","  9.7","999.9","  73.9"," ","  57.2","*"," 0.03","F","999.9","010000"
"40650099999","2022-12-01","33.2666666","44.2333333","34.74","BAGHDAD INTERNATIONAL AIRPORT, IZ","  62.8","23","  54.8","23","1019.5"," 5","999.9"," 0","  5.7","23","  4.3","23","  7.0","999.9","  73.4","*","  50.4"," "," 0.00","E","999.9","000000"
"40650099999","2022-12-02","33.2666666","44.2333333","34.74","BAGHDAD INTERNATIONAL AIRPORT, IZ","  60.3","23","  53.8","23","9999.9"," 0","999.9"," 0","  5.5","23","  5.7","23"," 12.0","999.9","  71.6","*","  53.6","*"," 0.00","I","999.9","000000"
"40650099999","2022-12-03","33.2666666","44.2333333","34.74","BAGHDAD INTERNATIONAL AIRPORT, IZ","  58.9","23","  53.5","23","9999.9"," 0","999.9"," 0","  4.4","23","  5.0","23","  8.9","999.9","  68.0","*","  51.8","*"," 0.00","I","999.9","000000"
"40650099999","2022-12-04","33.2666666","44.2333333","34.74","BAGHDAD INTERNATIONAL AIRPORT, IZ","  57.0","23","  53.8","23","9999.9"," 0","999.9"," 0","  1.9","23","  6.0","23","  8.9","999.9","  66.2","*","  50.0","*"," 0.00","I","999.9","100000"
"40650099999","2022-12-05","33.2666666","44.2333333","34.74","BAGHDAD INTERNATIONAL AIRPORT, IZ","  55.1","21","  49.5","21","9999.9"," 0","999.9"," 0","  2.8","21","  4.3","21","  8.0","999.9","  66.2","*","  48.2","*"," 0.00","I","999.9","100000"
"40650099999","2022-12-06","33.2666666","44.2333333","34.74","BAGHDAD INTERNATIONAL AIRPORT, IZ","  55.0","21","  49.3","21","9999.9"," 0","999.9"," 0","  3.2","21","  2.7","21","  6.0","999.9","  68.0","*","  44.6","*"," 0.00","I","999.9","100000"
"40650099999","2022-12-07","33.2666666","44.2333333","34.74","BAGHDAD INTERNATIONAL AIRPORT, IZ","  55.7","24","  47.3","24","1021.4"," 5","999.9"," 0","  4.0","24","  2.3","24","  4.1","999.9","  65.3"," ","  48.2","*"," 0.01","E","999.9","010000"
"40650099999","2022-12-08","33.2666666","44.2333333","34.74","BAGHDAD INTERNATIONAL AIRPORT, IZ","  56.3","23","  48.5","23","9999.9"," 0","999.9"," 0","  4.0","23","  4.4","23","  6.0","999.9","  64.4","*","  46.0"," "," 0.00","E","999.9","000000"
"40650099999","2022-12-09","33.2666666","44.2333333","34.74","BAGHDAD INTERNATIONAL AIRPORT, IZ","  56.4","23","  47.8","23","9999.9"," 0","999.9"," 0","  4.7","23","  8.4","23"," 14.0","999.9","  66.2","*","  48.2","*"," 0.00","I","999.9","000000"
"40650099999","2022-12-10","33.2666666","44.2333333","34.74","BAGHDAD INTERNATIONAL AIRPORT, IZ","  56.8","23","  47.9","23","1020.4"," 6","999.9"," 0","  5.3","23","  8.3","23"," 13.6","999.9","  67.5"," ","  47.1"," "," 0.00","F","999.9","000000"
"40650099999","2022-12-11","33.2666666","44.2333333","34.74","BAGHDAD INTERNATIONAL AIRPORT, IZ","  55.2","24","  47.0","24","1020.6"," 7","999.9"," 0","  4.7","24","  3.9","24","  8.0","999.9","  67.3"," ","  45.5"," "," 0.00","F","999.9","000000"
"40650099999","2022-12-12","33.2666666","44.2333333","34.74","BAGHDAD INTERNATIONAL AIRPORT, IZ","  57.5","23","  47.6","23","1017.6"," 6","999.9"," 0","  3.6","23","  4.0","23","  8.0","999.9","  68.9"," ","  43.7"," "," 0.00","F","999.9","000000"
"40650099999","2022-12-13","33.2666666","44.2333333","34.74","BAGHDAD INTERNATIONAL AIRPORT, IZ","  64.3","22","  46.2","22","1015.8"," 7","999.9"," 0","  5.7","22"," 10.6","22"," 15.0","999.9","  72.0"," ","  53.8"," "," 0.00","F","999.9","000000"
"40650099999","2022-12-14","33.2666666","44.2333333","34.74","BAGHDAD INTERNATIONAL AIRPORT, IZ","  64.9","23","  46.7","23","1017.9"," 8","999.9"," 0","  6.2","23","  7.8","23"," 17.5","999.9","  72.7"," ","  55.4","*"," 0.00","F","999.9","000000"
"40650099999","2022-12-15","33.2666666","44.2333333","34.74","BAGHDAD INTERNATIONAL AIRPORT, IZ","  64.7","22","  49.9","22","1019.2"," 8","999.9"," 0","  5.6","22","  3.6","22","  8.0","999.9","  73.8"," ","  55.4","*"," 0.00","F","999.9","000000"
"40650099999","2022-12-16","33.2666666","44.2333333","34.74","BAGHDAD INTERNATIONAL AIRPORT, IZ","  60.6","21","  51.6","20","1021.4"," 6","999.9"," 0","  4.7","21","  8.0","21"," 12.0","999.9","  70.2"," ","  52.7"," "," 0.00","F","999.9","000000"
"40650099999","2022-12-17","33.2666666","44.2333333","34.74","BAGHDAD INTERNATIONAL AIRPORT, IZ","  56.5","24","  51.6","24","1021.4"," 8","999.9"," 0","  3.9","24","  8.9","24"," 13.0","999.9","  65.3"," ","  50.9"," "," 0.00","F","999.9","000000"
"40650099999","2022-12-18","33.2666666","44.2333333","34.74","BAGHDAD INTERNATIONAL AIRPORT, IZ","  56.5","24","  45.2","24","1021.4"," 8","999.9"," 0","  5.5","24","  5.3","24","  8.0","999.9","  71.1"," ","  46.8"," "," 0.00","F","999.9","000000"
"40650099999","2022-12-19","33.2666666","44.2333333","34.74","BAGHDAD INTERNATIONAL AIRPORT, IZ","  55.5","24","  43.0","24","1020.2"," 8","999.9"," 0","  5.9","23","  3.9","24","  7.8","999.9","  72.5"," ","  45.0"," "," 0.00","F","999.9","000000"
"40650099999","2022-12-20","33.2666666","44.2333333","34.74","BAGHDAD INTERNATIONAL AIRPORT, IZ","  54.5","24","  41.3","24","1018.4"," 8","999.9"," 0","  5.3","24","  2.6","24","  7.0","999.9","  70.7"," ","  40.1"," "," 0.00","F","999.9","000000"
"40650099999","2022-12-21","33.2666666","44.2333333","34.74","BAGHDAD INTERNATIONAL AIRPORT, IZ","  56.9","24","  44.4","24","1017.2"," 7","999.9"," 0","  4.7","24","  6.7","24"," 14.0","999.9","  68.4"," ","  40.3"," "," 0.00","F","999.9","010000"
"40650099999","2022-12-22","33.2666666","44.2333333","34.74","BAGHDAD INTERNATIONAL AIRPORT, IZ","  59.1","23","  51.0","23","1016.3"," 8","999.9"," 0","  5.9","23","  7.7","23"," 13.6","999.9","  63.7"," ","  55.0","*"," 0.08","F","999.9","010000"
"40650099999","2022-12-23","33.2666666","44.2333333","34.74","BAGHDAD INTERNATIONAL AIRPORT, IZ","  55.5","24","  52.8","24","1011.4"," 8","999.9"," 0","  3.0","24","  7.8","24"," 25.1"," 41.0","  61.2"," ","  46.8"," "," 0.71","F","999.9","010010"
"40650099999","2022-12-24","33.2666666","44.2333333","34.74","BAGHDAD INTERNATIONAL AIRPORT, IZ","  53.7","24","  53.2","22","1011.3"," 8","999.9"," 0","  3.2","24","  5.6","24"," 14.0","999.9","  57.2"," ","  46.4","*"," 1.02","F","999.9","010000"
"40650099999","2022-12-25","33.2666666","44.2333333","34.74","BAGHDAD INTERNATIONAL AIRPORT, IZ","  53.0","24","  50.4","24","1019.1"," 8","999.9"," 0","  1.5","24","  4.3","24","  7.0","999.9","  63.1"," ","  42.8","*"," 0.00","F","999.9","100000"
"40650099999","2022-12-26","33.2666666","44.2333333","34.74","BAGHDAD INTERNATIONAL AIRPORT, IZ","  54.1","24","  52.8","24","1019.2"," 7","999.9"," 0","  1.2","24","  5.0","24","  7.0","999.9","  61.7"," ","  50.0","*"," 0.00","F","999.9","100000"
"40650099999","2022-12-27","33.2666666","44.2333333","34.74","BAGHDAD INTERNATIONAL AIRPORT, IZ","  53.4","24","  51.3","24","1020.6"," 7","999.9"," 0","  2.2","24","  4.7","24","  8.0","999.9","  60.8"," ","  48.2"," "," 0.00","F","999.9","100000"
"40650099999","2022-12-28","33.2666666","44.2333333","34.74","BAGHDAD INTERNATIONAL AIRPORT, IZ","  52.6","24","  47.8","24","1024.9"," 8","999.9"," 0","  4.4","24","  7.6","23"," 13.6","999.9","  61.0"," ","  46.4","*"," 0.00","F","999.9","000000"
"40650099999","2022-12-29","33.2666666","44.2333333","34.74","BAGHDAD INTERNATIONAL AIRPORT, IZ","  51.7","24","  46.8","24","1028.0"," 7","999.9"," 0","  3.9","24","  2.6","24","  4.1","999.9","  63.1"," ","  39.2"," "," 0.00","F","999.9","100000"
"40650099999","2022-12-30","33.2666666","44.2333333","34.74","BAGHDAD INTERNATIONAL AIRPORT, IZ","  51.2","24","  47.1","24","1029.4"," 8","999.9"," 0","  4.0","24","  5.1","24"," 11.7","999.9","  61.7"," ","  40.1"," "," 0.00","F","999.9","100000"
"40650099999","2022-12-31","33.2666666","44.2333333","34.74","BAGHDAD INTERNATIONAL AIRPORT, IZ","  49.0","24","  47.5","24","1028.9"," 6","999.9"," 0","  2.9","24","  6.7","24"," 13.0","999.9","  57.4"," ","  44.1"," "," 0.00","F","999.9","100000"
