"STATION","DATE","LATITUDE","LONGITUDE","ELEVATION","NAME","TEMP","TEMP_ATTRIBUTES","DEWP","DEWP_ATTRIBUTES","SLP","SLP_ATTRIBUTES","STP","STP_ATTRIBUTES","VISIB","VISIB_ATTRIBUTES","WDSP","WDSP_ATTRIBUTES","MXSPD","GUST","MAX","MAX_ATTRIBUTES","MIN","MIN_ATTRIBUTES","PRCP","PRCP_ATTRIBUTES","SNDP","FRSHTT"
"42463099999","2022-01-01","25.491172","78.558422","244.14","JHANSI, IN","  53.5"," 8","  49.8"," 8","1024.3"," 8","999.9"," 0","  0.5"," 8","  0.1"," 8","  1.0","999.9","  68.4"," ","  47.1","*"," 0.00","I","999.9","100000"
"42463099999","2022-01-02","25.491172","78.558422","244.14","JHANSI, IN","  55.1"," 8","  48.0"," 8","1022.4"," 8","999.9"," 0","  0.8"," 8","  0.5"," 8","  1.9","999.9","  68.0","*","  44.1"," "," 0.00","I","999.9","100000"
"42463099999","2022-01-03","25.491172","78.558422","244.14","JHANSI, IN","  57.5"," 8","  49.6"," 8","1020.9"," 8","999.9"," 0","  1.4"," 8","  0.5"," 8","  1.9","999.9","  71.2","*","  45.3"," "," 0.00","I","999.9","000000"
"42463099999","2022-01-04","25.491172","78.558422","244.14","JHANSI, IN","  60.7"," 7","  48.6"," 7","1020.0"," 7","999.9"," 0","  1.4"," 7","  0.4"," 7","  1.9","999.9","  76.5"," ","  45.0"," "," 0.00","I","999.9","100000"
"42463099999","2022-01-05","25.491172","78.558422","244.14","JHANSI, IN","  61.7"," 8","  52.7"," 8","1018.3"," 8","999.9"," 0","  0.8"," 8","  1.1"," 8","  2.9","999.9","  76.5"," ","  50.9"," "," 0.01","E","999.9","010110"
"42463099999","2022-01-06","25.491172","78.558422","244.14","JHANSI, IN","  58.1"," 8","  56.1"," 8","1018.3"," 8","999.9"," 0","  0.4"," 8","  1.0"," 8","  2.9","999.9","  75.6"," ","  56.3"," "," 0.47","G","999.9","110000"
"42463099999","2022-01-07","25.491172","78.558422","244.14","JHANSI, IN","  61.9"," 8","  59.7"," 8","1018.5"," 8","999.9"," 0","  0.9"," 8","  1.0"," 8","  2.9","999.9","  66.9","*","  57.4"," "," 0.51","G","999.9","110010"
"42463099999","2022-01-08","25.491172","78.558422","244.14","JHANSI, IN","  64.0"," 8","  60.2"," 8","1017.5"," 8","999.9"," 0","  1.1"," 8","  2.0"," 8","  4.1","999.9","  72.7"," ","  57.7"," "," 1.38","G","999.9","010000"
"42463099999","2022-01-09","25.491172","78.558422","244.14","JHANSI, IN","  61.7"," 8","  58.4"," 8","1016.2"," 8","999.9"," 0","  0.7"," 8","  0.6"," 8","  2.9","999.9","  72.7"," ","  57.9","*"," 0.00","G","999.9","100000"
"42463099999","2022-01-10","25.491172","78.558422","244.14","JHANSI, IN","  58.7"," 8","  55.0"," 8","1019.5"," 8","999.9"," 0","  0.8"," 8","  1.0"," 8","  1.9","999.9","  68.9"," ","  55.6"," "," 0.04","G","999.9","010000"
"42463099999","2022-01-11","25.491172","78.558422","244.14","JHANSI, IN","  57.1"," 8","  51.1"," 8","1019.3"," 8","999.9"," 0","  0.9"," 8","  1.2"," 8","  4.1","999.9","  66.9","*","  51.3","*"," 0.00","G","999.9","000000"
"42463099999","2022-01-12","25.491172","78.558422","244.14","JHANSI, IN","  54.6"," 8","  48.3"," 8","1019.8"," 8","999.9"," 0","  0.9"," 8","  0.7"," 8","  1.9","999.9","  67.3"," ","  46.8","*"," 0.00","I","999.9","000000"
"42463099999","2022-01-13","25.491172","78.558422","244.14","JHANSI, IN","  53.1"," 8","  47.6"," 8","1019.9"," 8","999.9"," 0","  0.9"," 8","  0.6"," 8","  1.9","999.9","  65.7"," ","  45.7"," "," 0.00","I","999.9","100000"
"42463099999","2022-01-14","25.491172","78.558422","244.14","JHANSI, IN","  53.7"," 8","  46.9"," 8","1020.4"," 8","999.9"," 0","  1.4"," 8","  1.0"," 8","  2.9","999.9","  65.3"," ","  43.7"," "," 0.00","I","999.9","000000"
"42463099999","2022-01-15","25.491172","78.558422","244.14","JHANSI, IN","  48.5"," 8","  45.7"," 8","1022.7"," 8","999.9"," 0","  0.5"," 8","  0.8"," 8","  2.9","999.9","  67.1"," ","  43.7"," "," 0.00","I","999.9","100000"
"42463099999","2022-01-16","25.491172","78.558422","244.14","JHANSI, IN","  49.2"," 8","  45.0"," 8","1023.5"," 8","999.9"," 0","  0.7"," 8","  0.5"," 8","  1.9","999.9","  55.8","*","  42.3"," "," 0.00","I","999.9","100000"
"42463099999","2022-01-17","25.491172","78.558422","244.14","JHANSI, IN","  50.8"," 8","  45.1"," 8","1023.8"," 8","999.9"," 0","  1.3"," 8","  1.0"," 8","  2.9","999.9","  60.1","*","  41.2"," "," 0.00","I","999.9","100000"
"42463099999","2022-01-18","25.491172","78.558422","244.14","JHANSI, IN","  49.6"," 8","  45.3"," 8","1021.3"," 8","999.9"," 0","  0.7"," 8","  0.2"," 8","  1.9","999.9","  61.9"," ","  42.4"," "," 0.00","I","999.9","100000"
"42463099999","2022-01-19","25.491172","78.558422","244.14","JHANSI, IN","  48.6"," 7","  45.3"," 7","1019.1"," 7","999.9"," 0","  0.4"," 7","  0.3"," 7","  1.9","999.9","  61.2"," ","  42.8"," "," 0.00","I","999.9","100000"
"42463099999","2022-01-20","25.491172","78.558422","244.14","JHANSI, IN","  55.4"," 7","  49.5"," 7","1014.3"," 7","999.9"," 0","  0.7"," 7","  0.7"," 7","  1.9","999.9","  68.0","*","  43.2"," "," 0.00","I","999.9","100000"
"42463099999","2022-01-21","25.491172","78.558422","244.14","JHANSI, IN","  54.9"," 8","  52.3"," 8","1014.0"," 8","999.9"," 0","  0.6"," 8","  0.8"," 8","  1.9","999.9","  69.3"," ","  48.4"," "," 0.00","G","999.9","100000"
"42463099999","2022-01-22","25.491172","78.558422","244.14","JHANSI, IN","  59.1"," 8","  55.5"," 8","1009.2"," 8","999.9"," 0","  0.7"," 8","  0.7"," 8","  1.9","999.9","  68.7","*","  47.5"," "," 0.12","G","999.9","100000"
"42463099999","2022-01-23","25.491172","78.558422","244.14","JHANSI, IN","  59.9"," 8","  55.2"," 8","1012.2"," 8","999.9"," 0","  0.8"," 8","  1.5"," 8","  2.9","999.9","  70.0"," ","  49.6"," "," 0.02","G","999.9","100000"
"42463099999","2022-01-24","25.491172","78.558422","244.14","JHANSI, IN","  55.8"," 8","  48.4"," 8","1016.7"," 8","999.9"," 0","  1.2"," 8","  1.0"," 8","  2.9","999.9","  69.3"," ","  48.2"," "," 0.00","G","999.9","000000"
"42463099999","2022-01-25","25.491172","78.558422","244.14","JHANSI, IN","  57.1"," 8","  48.0"," 8","1017.1"," 8","999.9"," 0","  1.0"," 8","  0.8"," 8","  1.9","999.9","  66.4"," ","  48.4"," "," 0.00","I","999.9","100000"
"42463099999","2022-01-26","25.491172","78.558422","244.14","JHANSI, IN","  55.5"," 8","  47.5"," 8","1018.5"," 8","999.9"," 0","  1.2"," 8","  1.3"," 8","  1.9","999.9","  65.1","*","  46.2"," "," 0.00","I","999.9","100000"
"42463099999","2022-01-27","25.491172","78.558422","244.14","JHANSI, IN","  55.0"," 8","  46.4"," 8","1019.4"," 8","999.9"," 0","  1.2"," 8","  1.0"," 8","  4.1","999.9","  68.7"," ","  45.0"," "," 0.00","I","999.9","000000"
"42463099999","2022-01-28","25.491172","78.558422","244.14","JHANSI, IN","  56.3"," 8","  44.3"," 8","1020.2"," 8","999.9"," 0","  1.3"," 8","  0.8"," 8","  1.9","999.9","  69.8","*","  43.7"," "," 0.00","I","999.9","000000"
"42463099999","2022-01-29","25.491172","78.558422","244.14","JHANSI, IN","  57.5"," 8","  45.3"," 8","1019.6"," 8","999.9"," 0","  1.3"," 8","  0.7"," 8","  1.9","999.9","  72.7","*","  41.4"," "," 0.00","I","999.9","000000"
"42463099999","2022-01-30","25.491172","78.558422","244.14","JHANSI, IN","  61.0"," 8","  46.9"," 8","1015.2"," 8","999.9"," 0","  1.5"," 8","  1.6"," 8","  4.1","999.9","  77.4"," ","  47.1"," "," 0.00","I","999.9","000000"
"42463099999","2022-01-31","25.491172","78.558422","244.14","JHANSI, IN","  62.5"," 8","  49.0"," 8","1014.1"," 8","999.9"," 0","  1.5"," 8","  1.1"," 8","  1.9","999.9","  81.7"," ","  45.9"," "," 0.00","I","999.9","000000"
"42463099999","2022-02-01","25.491172","78.558422","244.14","JHANSI, IN","  64.9"," 8","  51.7"," 8","1013.0"," 8","999.9"," 0","  1.3"," 8","  0.7"," 8","  1.9","999.9","  79.9","*","  50.7"," "," 0.00","I","999.9","000000"
"42463099999","2022-02-02","25.491172","78.558422","244.14","JHANSI, IN","  63.8"," 8","  52.1"," 8","1013.1"," 8","999.9"," 0","  1.0"," 8","  1.1"," 8","  1.9","999.9","  83.5"," ","  52.7"," "," 0.00","I","999.9","000000"
"42463099999","2022-02-03","25.491172","78.558422","244.14","JHANSI, IN","  67.1"," 8","  50.0"," 8","1008.2"," 8","999.9"," 0","  1.4"," 8","  2.6"," 8","  5.1","999.9","  83.1","*","  52.0"," "," 0.00","I","999.9","000000"
"42463099999","2022-02-04","25.491172","78.558422","244.14","JHANSI, IN","  59.5"," 8","  43.2"," 8","1012.8"," 8","999.9"," 0","  1.5"," 8","  2.1"," 8","  7.0","999.9","  84.0"," ","  49.1"," "," 0.00","I","999.9","000000"
"42463099999","2022-02-05","25.491172","78.558422","244.14","JHANSI, IN","  59.0"," 8","  47.5"," 8","1016.3"," 8","999.9"," 0","  1.3"," 8","  1.0"," 8","  2.9","999.9","  74.1"," ","  47.1"," "," 0.00","I","999.9","000000"
"42463099999","2022-02-06","25.491172","78.558422","244.14","JHANSI, IN","  59.6"," 8","  47.9"," 8","1018.2"," 8","999.9"," 0","  1.5"," 8","  1.0"," 8","  1.9","999.9","  74.8"," ","  45.9"," "," 0.00","I","999.9","000000"
"42463099999","2022-02-07","25.491172","78.558422","244.14","JHANSI, IN","  62.3"," 8","  50.1"," 8","1017.0"," 8","999.9"," 0","  1.5"," 8","  1.4"," 8","  4.1","999.9","  79.5","*","  47.3"," "," 0.00","I","999.9","000000"
"42463099999","2022-02-08","25.491172","78.558422","244.14","JHANSI, IN","  66.9"," 7","  52.1"," 7","1014.8"," 7","999.9"," 0","  1.7"," 7","  1.2"," 7","  2.9","999.9","  82.8"," ","  48.6"," "," 0.00","I","999.9","000000"
"42463099999","2022-02-09","25.491172","78.558422","244.14","JHANSI, IN","  62.6"," 8","  54.0"," 8","1016.3"," 8","999.9"," 0","  1.2"," 8","  3.0"," 8","  6.0","999.9","  83.3"," ","  53.2"," "," 0.00","I","999.9","000000"
"42463099999","2022-02-10","25.491172","78.558422","244.14","JHANSI, IN","  59.9"," 8","  50.5"," 8","1019.7"," 8","999.9"," 0","  1.2"," 8","  1.5"," 8","  2.9","999.9","  77.2"," ","  52.7"," "," 0.00","I","999.9","000000"
"42463099999","2022-02-11","25.491172","78.558422","244.14","JHANSI, IN","  61.1"," 8","  46.5"," 8","1018.6"," 8","999.9"," 0","  1.5"," 8","  2.1"," 8","  6.0","999.9","  75.2","*","  49.1"," "," 0.00","I","999.9","000000"
"42463099999","2022-02-12","25.491172","78.558422","244.14","JHANSI, IN","  62.5"," 8","  45.0"," 8","1017.2"," 8","999.9"," 0","  1.7"," 8","  1.5"," 8","  2.9","999.9","  78.8","*","  49.5"," "," 0.00","I","999.9","000000"
"42463099999","2022-02-13","25.491172","78.558422","244.14","JHANSI, IN","  61.9"," 8","  46.6"," 8","1015.7"," 8","999.9"," 0","  1.6"," 8","  1.0"," 8","  2.9","999.9","  80.2"," ","  48.0"," "," 0.00","I","999.9","000000"
"42463099999","2022-02-14","25.491172","78.558422","244.14","JHANSI, IN","  62.4"," 8","  46.5"," 8","1015.7"," 8","999.9"," 0","  1.5"," 8","  1.4"," 8","  4.1","999.9","  77.9"," ","  47.3"," "," 0.00","I","999.9","000000"
"42463099999","2022-02-15","25.491172","78.558422","244.14","JHANSI, IN","  65.0"," 6","  48.3"," 6","1015.4"," 6","999.9"," 0","  1.8"," 6","  1.5"," 6"," 35.9","999.9","  79.2"," ","  48.6"," "," 0.00","I","999.9","000000"
"42463099999","2022-02-16","25.491172","78.558422","244.14","JHANSI, IN","  64.7"," 8","  50.1"," 8","1013.1"," 8","999.9"," 0","  1.6"," 8","  0.2"," 8","  1.9","999.9","  79.5","*","  51.3"," "," 0.00","I","999.9","000000"
"42463099999","2022-02-17","25.491172","78.558422","244.14","JHANSI, IN","  67.0"," 8","  48.1"," 8","1013.1"," 8","999.9"," 0","  1.5"," 8","  1.2"," 8","  4.1","999.9","  82.4","*","  55.4","*"," 0.00","I","999.9","000000"
"42463099999","2022-02-18","25.491172","78.558422","244.14","JHANSI, IN","  68.7"," 8","  47.6"," 8","1014.3"," 8","999.9"," 0","  1.6"," 8","  1.3"," 8","  2.9","999.9","  85.3","*","  51.8"," "," 0.00","I","999.9","000000"
"42463099999","2022-02-19","25.491172","78.558422","244.14","JHANSI, IN","  68.5"," 8","  52.3"," 8","1014.6"," 8","999.9"," 0","  1.6"," 8","  1.0"," 8","  1.9","999.9","  86.0"," ","  52.0"," "," 0.00","I","999.9","000000"
"42463099999","2022-02-20","25.491172","78.558422","244.14","JHANSI, IN","  68.6"," 8","  48.6"," 8","1013.2"," 8","999.9"," 0","  1.7"," 8","  2.2"," 8","  6.0","999.9","  83.7"," ","  54.5"," "," 0.00","I","999.9","000000"
"42463099999","2022-02-21","25.491172","78.558422","244.14","JHANSI, IN","  68.4"," 8","  48.7"," 8","1011.5"," 8","999.9"," 0","  1.7"," 8","  1.2"," 8","  4.1","999.9","  84.4"," ","  52.7"," "," 0.00","I","999.9","000000"
"42463099999","2022-02-22","25.491172","78.558422","244.14","JHANSI, IN","  71.7"," 7","  52.1"," 7","1012.7"," 7","999.9"," 0","  1.7"," 7","  2.1"," 7","  5.1","999.9","  90.0","*","  53.6"," "," 0.00","I","999.9","000000"
"42463099999","2022-02-23","25.491172","78.558422","244.14","JHANSI, IN","  72.4"," 8","  56.3"," 8","1015.1"," 8","999.9"," 0","  1.6"," 8","  0.7"," 8","  1.9","999.9","  90.3"," ","  55.6"," "," 0.00","I","999.9","000000"
"42463099999","2022-02-24","25.491172","78.558422","244.14","JHANSI, IN","  70.2"," 8","  57.1"," 8","1016.4"," 8","999.9"," 0","  1.6"," 8","  1.8"," 8","  4.1","999.9","  90.9"," ","  59.2"," "," 0.00","I","999.9","000000"
"42463099999","2022-02-25","25.491172","78.558422","244.14","JHANSI, IN","  70.9"," 8","  57.3"," 8","1017.4"," 8","999.9"," 0","  1.6"," 8","  0.8"," 8","  4.1","999.9","  84.9","*","  59.9"," "," 0.00","I","999.9","000000"
"42463099999","2022-02-26","25.491172","78.558422","244.14","JHANSI, IN","  71.9"," 7","  57.4"," 7","1016.9"," 7","999.9"," 0","  1.5"," 7","  2.2"," 7","  4.1","999.9","  86.7"," ","  57.6"," "," 0.00","I","999.9","000000"
"42463099999","2022-02-27","25.491172","78.558422","244.14","JHANSI, IN","  67.4"," 8","  58.9"," 8","1018.3"," 8","999.9"," 0","  1.6"," 8","  2.5"," 8","  5.1","999.9","  84.6"," ","  57.2"," "," 0.00","I","999.9","000000"
"42463099999","2022-02-28","25.491172","78.558422","244.14","JHANSI, IN","  66.6"," 8","  49.5"," 8","1018.5"," 8","999.9"," 0","  1.7"," 8","  1.4"," 8","  4.1","999.9","  81.0","*","  56.7"," "," 0.00","I","999.9","000000"
"42463099999","2022-03-01","25.491172","78.558422","244.14","JHANSI, IN","  66.7"," 8","  50.2"," 8","1019.0"," 8","999.9"," 0","  1.8"," 8","  1.5"," 8","  2.9","999.9","  82.4"," ","  50.7"," "," 0.00","I","999.9","000000"
"42463099999","2022-03-02","25.491172","78.558422","244.14","JHANSI, IN","  68.4"," 8","  52.9"," 8","1018.4"," 8","999.9"," 0","  1.6"," 8","  0.7"," 8","  1.9","999.9","  82.6"," ","  53.8"," "," 0.00","I","999.9","000000"
"42463099999","2022-03-03","25.491172","78.558422","244.14","JHANSI, IN","  71.8"," 7","  51.9"," 7","1017.0"," 7","999.9"," 0","  2.0"," 7","  1.0"," 7","  1.9","999.9","  84.9","*","  56.3"," "," 0.00","I","999.9","000000"
"42463099999","2022-03-04","25.491172","78.558422","244.14","JHANSI, IN","  72.5"," 8","  55.6"," 8","1016.3"," 8","999.9"," 0","  1.7"," 8","  0.8"," 8","  2.9","999.9","  86.2"," ","  58.1"," "," 0.00","I","999.9","000000"
"42463099999","2022-03-05","25.491172","78.558422","244.14","JHANSI, IN","  70.2"," 8","  54.8"," 8","1015.9"," 8","999.9"," 0","  1.9"," 8","  1.7"," 8","  5.1","999.9","  87.1"," ","  58.8"," "," 0.00","I","999.9","000000"
"42463099999","2022-03-06","25.491172","78.558422","244.14","JHANSI, IN","  70.4"," 8","  55.7"," 8","1015.6"," 8","999.9"," 0","  1.9"," 8","  1.2"," 8","  2.9","999.9","  85.1"," ","  54.9"," "," 0.00","I","999.9","000000"
"42463099999","2022-03-07","25.491172","78.558422","244.14","JHANSI, IN","  72.4"," 8","  57.1"," 8","1015.9"," 8","999.9"," 0","  1.7"," 8","  0.6"," 8","  2.9","999.9","  87.1","*","  57.4"," "," 0.00","I","999.9","000000"
"42463099999","2022-03-08","25.491172","78.558422","244.14","JHANSI, IN","  74.7"," 7","  57.7"," 7","1015.5"," 7","999.9"," 0","  2.0"," 7","  1.2"," 7","  2.9","999.9","  88.5","*","  57.9"," "," 0.00","I","999.9","000000"
"42463099999","2022-03-09","25.491172","78.558422","244.14","JHANSI, IN","  76.9"," 7","  57.8"," 7","1014.4"," 7","999.9"," 0","  2.0"," 7","  2.1"," 7","  8.0","999.9","  90.0","*","  62.2"," "," 0.00","I","999.9","000010"
"42463099999","2022-03-10","25.491172","78.558422","244.14","JHANSI, IN","  74.7"," 8","  60.1"," 8","1014.2"," 8","999.9"," 0","  1.9"," 8","  1.4"," 8","  4.1","999.9","  90.9"," ","  63.1"," "," 0.08","G","999.9","000000"
"42463099999","2022-03-11","25.491172","78.558422","244.14","JHANSI, IN","  70.4"," 6","  57.4"," 6","1015.4"," 6","999.9"," 0","  1.7"," 6","  0.6"," 6","  1.9","999.9","  88.7"," ","  61.0"," "," 0.00","G","999.9","000000"
"42463099999","2022-03-12","25.491172","78.558422","244.14","JHANSI, IN","  76.2"," 8","  57.1"," 8","1013.4"," 8","999.9"," 0","  1.9"," 8","  2.0"," 8","  5.1","999.9","  91.4","*","  61.5"," "," 0.00","I","999.9","000000"
"42463099999","2022-03-13","25.491172","78.558422","244.14","JHANSI, IN","  78.4"," 8","  56.7"," 8","1013.5"," 7","999.9"," 0","  1.9"," 8","  1.4"," 8","  5.1","999.9","  93.9","*","  59.2"," "," 0.00","I","999.9","000000"
"42463099999","2022-03-14","25.491172","78.558422","244.14","JHANSI, IN","  81.8"," 8","  60.9"," 8","1012.7"," 8","999.9"," 0","  1.9"," 8","  1.4"," 8","  4.1","999.9","  97.5","*","  64.4"," "," 0.00","I","999.9","000000"
"42463099999","2022-03-15","25.491172","78.558422","244.14","JHANSI, IN","  81.9"," 8","  62.6"," 8","1008.7"," 8","999.9"," 0","  2.0"," 8","  1.6"," 8","  4.1","999.9","  99.3"," ","  64.8"," "," 0.00","I","999.9","000000"
"42463099999","2022-03-16","25.491172","78.558422","244.14","JHANSI, IN","  82.9"," 8","  62.8"," 8","1006.9"," 8","999.9"," 0","  1.9"," 8","  1.6"," 8","  4.1","999.9","  99.3"," ","  67.1"," "," 0.00","I","999.9","000000"
"42463099999","2022-03-17","25.491172","78.558422","244.14","JHANSI, IN","  83.7"," 8","  64.9"," 8","1007.2"," 8","999.9"," 0","  1.7"," 8","  1.2"," 8","  2.9","999.9"," 100.4"," ","  68.2"," "," 0.00","I","999.9","000000"
"42463099999","2022-03-18","25.491172","78.558422","244.14","JHANSI, IN","  83.1"," 8","  67.6"," 8","1008.0"," 7","999.9"," 0","  1.7"," 8","  0.9"," 8","  4.1","999.9","  98.8"," ","  69.3"," "," 0.00","I","999.9","000000"
"42463099999","2022-03-19","25.491172","78.558422","244.14","JHANSI, IN","  84.8"," 8","  66.8"," 8","1006.4"," 8","999.9"," 0","  1.7"," 8","  1.2"," 8","  2.9","999.9","  97.9","*","  71.4"," "," 0.00","I","999.9","000000"
"42463099999","2022-03-20","25.491172","78.558422","244.14","JHANSI, IN","  85.6"," 8","  61.1"," 8","1005.6"," 8","999.9"," 0","  1.9"," 8","  0.8"," 8","  2.9","999.9"," 102.9","*","  69.1"," "," 0.00","I","999.9","000000"
"42463099999","2022-03-21","25.491172","78.558422","244.14","JHANSI, IN","  86.3"," 8","  56.6"," 8","1007.4"," 8","999.9"," 0","  1.9"," 8","  2.1"," 8","  6.0","999.9"," 103.5"," ","  69.1"," "," 0.00","I","999.9","000000"
"42463099999","2022-03-22","25.491172","78.558422","244.14","JHANSI, IN","  84.3"," 8","  58.2"," 8","1008.6"," 8","999.9"," 0","  1.9"," 8","  1.2"," 8","  4.1","999.9"," 103.3"," ","  70.0"," "," 0.00","I","999.9","000000"
"42463099999","2022-03-23","25.491172","78.558422","244.14","JHANSI, IN","  84.2"," 8","  55.7"," 8","1008.4"," 8","999.9"," 0","  1.9"," 8","  0.7"," 8","  1.9","999.9"," 100.8"," ","  68.0"," "," 0.00","I","999.9","000000"
"42463099999","2022-03-24","25.491172","78.558422","244.14","JHANSI, IN","  85.1"," 8","  58.9"," 8","1006.6"," 8","999.9"," 0","  1.6"," 8","  1.6"," 8","  2.9","999.9","  99.9"," ","  72.5"," "," 0.00","I","999.9","000000"
"42463099999","2022-03-25","25.491172","78.558422","244.14","JHANSI, IN","  85.5"," 8","  57.1"," 8","1008.0"," 8","999.9"," 0","  1.9"," 8","  1.2"," 8","  4.1","999.9","  99.7","*","  70.7"," "," 0.00","I","999.9","000000"
"42463099999","2022-03-26","25.491172","78.558422","244.14","JHANSI, IN","  84.9"," 8","  56.9"," 8","1009.7"," 8","999.9"," 0","  1.9"," 8","  1.7"," 8","  4.1","999.9"," 100.8"," ","  70.0"," "," 0.00","I","999.9","000000"
"42463099999","2022-03-27","25.491172","78.558422","244.14","JHANSI, IN","  86.7"," 8","  54.6"," 8","1010.2"," 8","999.9"," 0","  1.9"," 8","  1.5"," 8","  4.1","999.9"," 102.2","*","  70.3"," "," 0.00","I","999.9","000000"
"42463099999","2022-03-28","25.491172","78.558422","244.14","JHANSI, IN","  87.0"," 8","  55.3"," 8","1008.5"," 8","999.9"," 0","  1.7"," 8","  1.0"," 8","  4.1","999.9"," 104.7","*","  71.6"," "," 0.00","I","999.9","000000"
"42463099999","2022-03-29","25.491172","78.558422","244.14","JHANSI, IN","  88.4"," 8","  54.1"," 8","1006.7"," 8","999.9"," 0","  1.9"," 8","  2.3"," 8","  4.1","999.9"," 105.8"," ","  68.4"," "," 0.00","I","999.9","000000"
"42463099999","2022-03-30","25.491172","78.558422","244.14","JHANSI, IN","  88.7"," 8","  56.4"," 8","1006.4"," 8","999.9"," 0","  2.0"," 8","  1.1"," 8","  2.9","999.9"," 106.9"," ","  69.4"," "," 0.00","I","999.9","000000"
"42463099999","2022-03-31","25.491172","78.558422","244.14","JHANSI, IN","  89.9"," 8","  56.8"," 8","1006.4"," 8","999.9"," 0","  1.9"," 8","  1.5"," 8","  4.1","999.9"," 107.8"," ","  70.3"," "," 0.00","I","999.9","000000"
"42463099999","2022-04-01","25.491172","78.558422","244.14","JHANSI, IN","  88.4"," 8","  59.4"," 8","1007.2"," 8","999.9"," 0","  1.9"," 8","  2.0"," 8","  4.1","999.9"," 108.5"," ","  76.1"," "," 0.00","I","999.9","000000"
"42463099999","2022-04-02","25.491172","78.558422","244.14","JHANSI, IN","  87.7"," 8","  56.6"," 8","1009.7"," 8","999.9"," 0","  2.0"," 8","  1.3"," 8","  2.9","999.9"," 105.6"," ","  69.6"," "," 0.00","I","999.9","000000"
"42463099999","2022-04-03","25.491172","78.558422","244.14","JHANSI, IN","  89.8"," 8","  55.3"," 8","1008.2"," 8","999.9"," 0","  2.0"," 8","  2.1"," 8","  4.1","999.9"," 108.0","*","  74.3"," "," 0.00","I","999.9","000000"
"42463099999","2022-04-04","25.491172","78.558422","244.14","JHANSI, IN","  91.6"," 8","  55.0"," 8","1008.3"," 8","999.9"," 0","  1.9"," 8","  1.6"," 8","  4.1","999.9"," 108.5"," ","  74.3"," "," 0.00","I","999.9","000000"
"42463099999","2022-04-05","25.491172","78.558422","244.14","JHANSI, IN","  91.1"," 7","  56.6"," 7","1010.6"," 7","999.9"," 0","  2.1"," 7","  1.7"," 7","  4.1","999.9"," 108.7"," ","  78.4","*"," 0.00","I","999.9","000000"
"42463099999","2022-04-06","25.491172","78.558422","244.14","JHANSI, IN","  88.6"," 8","  56.2"," 8","1010.7"," 8","999.9"," 0","  2.0"," 8","  0.6"," 8","  1.9","999.9"," 107.2"," ","  70.0"," "," 0.00","I","999.9","000000"
"42463099999","2022-04-07","25.491172","78.558422","244.14","JHANSI, IN","  90.5"," 7","  57.1"," 7","1009.8"," 7","999.9"," 0","  2.1"," 7","  1.8"," 7","  5.1","999.9"," 108.0"," ","  70.3"," "," 0.00","I","999.9","000000"
"42463099999","2022-04-08","25.491172","78.558422","244.14","JHANSI, IN","  92.0"," 7","  58.7"," 7","1007.6"," 7","999.9"," 0","  2.1"," 7","  1.8"," 7","  4.1","999.9"," 110.5"," ","  68.9"," "," 0.00","I","999.9","000000"
"42463099999","2022-04-09","25.491172","78.558422","244.14","JHANSI, IN","  91.8"," 8","  58.5"," 8","1006.1"," 8","999.9"," 0","  2.2"," 8","  1.2"," 8","  2.9","999.9"," 111.2"," ","  71.8"," "," 0.00","I","999.9","000000"
"42463099999","2022-04-10","25.491172","78.558422","244.14","JHANSI, IN","  94.1"," 8","  60.7"," 8","1004.8"," 8","999.9"," 0","  2.0"," 8","  2.1"," 8","  2.9","999.9"," 111.9"," ","  74.1"," "," 0.00","I","999.9","000000"
"42463099999","2022-04-11","25.491172","78.558422","244.14","JHANSI, IN","  93.6"," 8","  60.9"," 8","1004.5"," 8","999.9"," 0","  2.0"," 8","  2.4"," 8","  4.1","999.9"," 112.1"," ","  74.5"," "," 0.00","I","999.9","000000"
"42463099999","2022-04-13","25.491172","78.558422","244.14","JHANSI, IN","  92.9"," 8","  60.1"," 8","1004.1"," 8","999.9"," 0","  2.2"," 8","  2.1"," 8","  4.1","999.9"," 110.5"," ","  79.7"," "," 0.00","I","999.9","000000"
"42463099999","2022-04-14","25.491172","78.558422","244.14","JHANSI, IN","  93.3"," 8","  60.3"," 8","1003.5"," 8","999.9"," 0","  2.0"," 8","  2.7"," 8","  4.1","999.9"," 108.5"," ","  77.7"," "," 0.00","I","999.9","000000"
"42463099999","2022-04-15","25.491172","78.558422","244.14","JHANSI, IN","  94.2"," 7","  62.3"," 7","1003.6"," 7","999.9"," 0","  2.1"," 7","  1.7"," 7","  4.1","999.9"," 108.5"," ","  77.9"," "," 0.00","I","999.9","000000"
"42463099999","2022-04-16","25.491172","78.558422","244.14","JHANSI, IN","  92.3"," 8","  60.5"," 8","1002.8"," 8","999.9"," 0","  2.5"," 8","  2.5"," 8","  7.0","999.9"," 109.0"," ","  77.2"," "," 0.00","I","999.9","000000"
"42463099999","2022-04-17","25.491172","78.558422","244.14","JHANSI, IN","  92.7"," 8","  61.7"," 8","1003.7"," 8","999.9"," 0","  2.2"," 8","  1.8"," 8","  4.1","999.9"," 111.4"," ","  77.5"," "," 0.00","I","999.9","000000"
"42463099999","2022-04-21","25.491172","78.558422","244.14","JHANSI, IN","  90.8"," 8","  64.9"," 8","1007.3"," 8","999.9"," 0","  1.4"," 8","  3.0"," 8","  9.9","999.9"," 111.6"," ","  79.3"," "," 0.00","I","999.9","000000"
"42463099999","2022-04-22","25.491172","78.558422","244.14","JHANSI, IN","  92.5"," 7","  65.8"," 7","1008.5"," 7","999.9"," 0","  2.1"," 7","  1.5"," 7","  2.9","999.9"," 106.9"," ","  77.5"," "," 0.00","I","999.9","000000"
"42463099999","2022-04-23","25.491172","78.558422","244.14","JHANSI, IN","  91.7"," 8","  65.8"," 8","1007.4"," 8","999.9"," 0","  2.2"," 8","  0.8"," 8","  2.9","999.9"," 108.0"," ","  76.1"," "," 0.00","I","999.9","000000"
"42463099999","2022-04-24","25.491172","78.558422","244.14","JHANSI, IN","  90.3"," 7","  64.8"," 7","1006.8"," 7","999.9"," 0","  2.0"," 7","  0.8"," 7","  1.9","999.9"," 108.0"," ","  76.8"," "," 0.00","I","999.9","000000"
"42463099999","2022-04-25","25.491172","78.558422","244.14","JHANSI, IN","  92.6"," 8","  67.0"," 8","1005.7"," 8","999.9"," 0","  2.0"," 8","  1.1"," 8","  4.1","999.9"," 109.4"," ","  76.8"," "," 0.00","I","999.9","000000"
"42463099999","2022-04-26","25.491172","78.558422","244.14","JHANSI, IN","  94.6"," 7","  67.0"," 7","1005.7"," 7","999.9"," 0","  2.1"," 7","  1.7"," 7","  4.1","999.9"," 110.5"," ","  77.0"," "," 0.00","I","999.9","000000"
"42463099999","2022-04-27","25.491172","78.558422","244.14","JHANSI, IN","  94.9"," 8","  67.3"," 8","1004.7"," 8","999.9"," 0","  2.0"," 8","  1.6"," 8","  4.1","999.9"," 113.9"," ","  77.4"," "," 0.00","I","999.9","000000"
"42463099999","2022-05-01","25.491172","78.558422","244.14","JHANSI, IN","  96.7"," 8","  71.8"," 8","1001.0"," 8","999.9"," 0","  2.0"," 8","  3.0"," 8","  8.0","999.9"," 113.4"," ","  82.8"," "," 0.00","I","999.9","000000"
"42463099999","2022-05-02","25.491172","78.558422","244.14","JHANSI, IN","  91.2"," 7","  71.7"," 7","1001.8"," 7","999.9"," 0","  1.6"," 7","  2.4"," 7","  4.1","999.9"," 111.7"," ","  77.4","*"," 0.08","G","999.9","000010"
"42463099999","2022-05-03","25.491172","78.558422","244.14","JHANSI, IN","  98.2"," 7","  71.8"," 7","1003.2"," 7","999.9"," 0","  2.0"," 7","  3.7"," 7","  7.0","999.9"," 111.6"," ","  82.4","*"," 0.00","G","999.9","000000"
"42463099999","2022-05-04","25.491172","78.558422","244.14","JHANSI, IN","  96.6"," 8","  70.1"," 8","1004.8"," 8","999.9"," 0","  2.2"," 8","  2.5"," 8","  4.1","999.9"," 110.7"," ","  82.4","*"," 0.00","I","999.9","000000"
"42463099999","2022-05-05","25.491172","78.558422","244.14","JHANSI, IN","  92.5"," 8","  69.2"," 8","1005.8"," 8","999.9"," 0","  2.2"," 8","  1.8"," 8","  2.9","999.9"," 110.7"," ","  79.2","*"," 0.00","I","999.9","000000"
"42463099999","2022-05-06","25.491172","78.558422","244.14","JHANSI, IN","  88.9"," 8","  68.5"," 8","1006.6"," 8","999.9"," 0","  1.7"," 8","  1.2"," 8","  4.1","999.9"," 106.9"," ","  79.5","*"," 0.12","E","999.9","010000"
"42463099999","2022-05-07","25.491172","78.558422","244.14","JHANSI, IN","  92.8"," 7","  65.1"," 7","1005.8"," 7","999.9"," 0","  2.1"," 7","  1.8"," 7","  2.9","999.9"," 108.3"," ","  76.1"," "," 0.00","I","999.9","000000"
"42463099999","2022-05-08","25.491172","78.558422","244.14","JHANSI, IN","  96.1"," 7","  65.7"," 7","1002.3"," 7","999.9"," 0","  2.0"," 7","  1.5"," 7","  2.9","999.9"," 112.3"," ","  81.0","*"," 0.00","I","999.9","000000"
"42463099999","2022-05-09","25.491172","78.558422","244.14","JHANSI, IN","  95.0"," 8","  67.9"," 8","1002.9"," 8","999.9"," 0","  2.0"," 8","  2.1"," 8","  5.1","999.9"," 112.3"," ","  80.8"," "," 0.00","I","999.9","000000"
"42463099999","2022-05-10","25.491172","78.558422","244.14","JHANSI, IN","  95.6"," 8","  70.1"," 8","1002.7"," 8","999.9"," 0","  2.0"," 8","  2.4"," 8","  4.1","999.9"," 108.7"," ","  79.2"," "," 0.00","I","999.9","000000"
"42463099999","2022-05-11","25.491172","78.558422","244.14","JHANSI, IN","  97.1"," 8","  72.7"," 8","1001.1"," 8","999.9"," 0","  2.2"," 8","  1.9"," 8","  2.9","999.9"," 109.6"," ","  83.8"," "," 0.00","I","999.9","000000"
"42463099999","2022-05-12","25.491172","78.558422","244.14","JHANSI, IN","  99.9"," 7","  71.5"," 7","1000.1"," 7","999.9"," 0","  2.3"," 7","  2.4"," 7","  7.0","999.9"," 115.0"," ","  84.6","*"," 0.00","I","999.9","000000"
"42463099999","2022-05-13","25.491172","78.558422","244.14","JHANSI, IN"," 102.6"," 7","  68.6"," 7"," 997.3"," 7","999.9"," 0","  2.0"," 7","  3.0"," 7","  6.0","999.9"," 117.7"," ","  83.5"," "," 0.00","I","999.9","000000"
"42463099999","2022-05-14","25.491172","78.558422","244.14","JHANSI, IN"," 101.4"," 8","  68.7"," 8"," 998.3"," 8","999.9"," 0","  2.0"," 8","  3.5"," 8","  6.0","999.9"," 117.7"," ","  84.4"," "," 0.00","I","999.9","000000"
"42463099999","2022-05-15","25.491172","78.558422","244.14","JHANSI, IN"," 102.7"," 7","  66.5"," 7"," 999.7"," 7","999.9"," 0","  2.0"," 7","  4.1"," 7","  6.0","999.9"," 117.7"," ","  90.0"," "," 0.00","I","999.9","000000"
"42463099999","2022-05-16","25.491172","78.558422","244.14","JHANSI, IN"," 102.2"," 7","  69.4"," 7"," 999.9"," 7","999.9"," 0","  2.0"," 7","  3.7"," 7","  5.1","999.9"," 117.7"," ","  92.3"," "," 0.00","G","999.9","000000"
"42463099999","2022-05-17","25.491172","78.558422","244.14","JHANSI, IN"," 101.8"," 7","  71.2"," 7"," 999.8"," 7","999.9"," 0","  2.3"," 7","  4.2"," 7","  6.0","999.9"," 114.1"," ","  89.2"," "," 0.00","I","999.9","000000"
"42463099999","2022-05-18","25.491172","78.558422","244.14","JHANSI, IN","  99.7"," 8","  63.2"," 8","1001.6"," 8","999.9"," 0","  2.2"," 8","  2.1"," 8","  5.1","999.9"," 113.7"," ","  85.8"," "," 0.00","I","999.9","000000"
"42463099999","2022-05-19","25.491172","78.558422","244.14","JHANSI, IN","  99.8"," 8","  63.5"," 8","1000.6"," 8","999.9"," 0","  2.2"," 8","  1.6"," 8","  2.9","999.9"," 115.3"," ","  82.4"," "," 0.00","I","999.9","000000"
"42463099999","2022-05-20","25.491172","78.558422","244.14","JHANSI, IN"," 102.2"," 8","  63.8"," 8"," 998.8"," 8","999.9"," 0","  1.9"," 8","  2.9"," 8","  4.1","999.9"," 117.7"," ","  86.5"," "," 0.00","I","999.9","000000"
"42463099999","2022-05-21","25.491172","78.558422","244.14","JHANSI, IN","  98.3"," 7","  63.0"," 7"," 996.9"," 7","999.9"," 0","  1.6"," 7","  2.1"," 7","  4.1","999.9"," 117.7"," ","  86.2"," "," 0.02","E","999.9","010010"
"42463099999","2022-05-22","25.491172","78.558422","244.14","JHANSI, IN","  94.9"," 8","  66.7"," 8"," 995.9"," 8","999.9"," 0","  1.2"," 8","  3.5"," 8","  6.0","999.9"," 111.4"," ","  84.2"," "," 0.00","E","999.9","010000"
"42463099999","2022-05-23","25.491172","78.558422","244.14","JHANSI, IN","  80.7"," 7","  65.9"," 7"," 999.0"," 7","999.9"," 0","  1.4"," 7","  3.6"," 7","  8.9","999.9"," 108.5"," ","  72.3","*"," 0.00","G","999.9","010010"
"42463099999","2022-05-24","25.491172","78.558422","244.14","JHANSI, IN","  84.0"," 8","  68.6"," 8","1005.3"," 8","999.9"," 0","  1.7"," 8","  1.8"," 8","  2.9","999.9"," 102.4"," ","  68.2"," "," 1.69","G","999.9","000000"
"42463099999","2022-05-25","25.491172","78.558422","244.14","JHANSI, IN","  83.7"," 8","  72.6"," 8","1005.8"," 8","999.9"," 0","  1.4"," 8","  2.1"," 8","  4.1","999.9","  97.9"," ","  76.1"," "," 0.00","G","999.9","010000"
"42463099999","2022-05-26","25.491172","78.558422","244.14","JHANSI, IN","  92.1"," 5","  67.9"," 5","1003.5"," 5","999.9"," 0","  2.0"," 5","  2.1"," 5","  2.9","999.9"," 106.7"," ","  76.1"," "," 0.24","G","999.9","010010"
"42463099999","2022-05-27","25.491172","78.558422","244.14","JHANSI, IN","  85.9"," 6","  68.3"," 6","1002.2"," 6","999.9"," 0","  1.9"," 6","  2.8"," 6","  4.1","999.9"," 106.9"," ","  79.2","*"," 0.00","G","999.9","000000"
"42463099999","2022-05-28","25.491172","78.558422","244.14","JHANSI, IN","  96.7"," 8","  67.1"," 8","1000.4"," 7","999.9"," 0","  2.2"," 8","  3.0"," 8","  7.0","999.9"," 108.3"," ","  78.3"," "," 0.08","G","999.9","000000"
"42463099999","2022-05-29","25.491172","78.558422","244.14","JHANSI, IN","  96.4"," 8","  66.6"," 8"," 999.5"," 8","999.9"," 0","  1.9"," 8","  2.4"," 8","  2.9","999.9"," 109.6"," ","  86.4","*"," 0.00","G","999.9","000000"
"42463099999","2022-05-30","25.491172","78.558422","244.14","JHANSI, IN","  97.2"," 8","  64.6"," 8","1000.2"," 8","999.9"," 0","  2.0"," 8","  3.0"," 8","  5.1","999.9"," 109.8"," ","  85.6"," "," 0.02","G","999.9","000000"
"42463099999","2022-05-31","25.491172","78.558422","244.14","JHANSI, IN","  97.3"," 8","  61.5"," 8","1000.2"," 8","999.9"," 0","  2.2"," 8","  3.1"," 8","  7.0","999.9"," 110.8"," ","  84.6","*"," 0.00","G","999.9","000000"
"42463099999","2022-06-01","25.491172","78.558422","244.14","JHANSI, IN","  97.2"," 8","  59.7"," 8","1000.7"," 8","999.9"," 0","  2.2"," 8","  1.2"," 8","  1.9","999.9"," 112.1"," ","  79.5"," "," 0.00","I","999.9","000000"
"42463099999","2022-06-02","25.491172","78.558422","244.14","JHANSI, IN","  99.2"," 8","  57.2"," 8","1000.3"," 8","999.9"," 0","  2.2"," 8","  2.2"," 8","  6.0","999.9"," 114.3"," ","  85.1"," "," 0.00","I","999.9","000000"
"42463099999","2022-06-03","25.491172","78.558422","244.14","JHANSI, IN","  99.5"," 7","  59.1"," 7"," 999.5"," 7","999.9"," 0","  2.0"," 7","  3.1"," 7","  5.1","999.9"," 114.3"," ","  86.5"," "," 0.00","I","999.9","000000"
"42463099999","2022-06-04","25.491172","78.558422","244.14","JHANSI, IN"," 100.6"," 8","  57.4"," 8"," 999.3"," 8","999.9"," 0","  2.2"," 8","  2.0"," 8","  5.1","999.9"," 115.2"," ","  84.9"," "," 0.00","I","999.9","000000"
"42463099999","2022-06-05","25.491172","78.558422","244.14","JHANSI, IN"," 100.3"," 8","  61.2"," 8","1000.0"," 8","999.9"," 0","  2.2"," 8","  2.2"," 8","  4.1","999.9"," 115.2"," ","  84.0"," "," 0.00","I","999.9","000000"
"42463099999","2022-06-06","25.491172","78.558422","244.14","JHANSI, IN","  99.9"," 8","  58.9"," 8"," 999.9"," 8","999.9"," 0","  2.0"," 8","  3.0"," 8","  5.1","999.9"," 115.0"," ","  86.0"," "," 0.00","I","999.9","000000"
"42463099999","2022-06-07","25.491172","78.558422","244.14","JHANSI, IN"," 101.3"," 8","  56.3"," 8"," 998.9"," 8","999.9"," 0","  1.9"," 8","  3.9"," 8","  6.0","999.9"," 113.0"," ","  86.4"," "," 0.00","I","999.9","000000"
"42463099999","2022-06-08","25.491172","78.558422","244.14","JHANSI, IN"," 101.0"," 8","  56.9"," 8"," 999.0"," 8","999.9"," 0","  2.0"," 8","  3.3"," 8","  5.1","999.9"," 113.4"," ","  92.3"," "," 0.00","I","999.9","000000"
"42463099999","2022-06-09","25.491172","78.558422","244.14","JHANSI, IN"," 100.2"," 8","  61.5"," 8"," 998.7"," 8","999.9"," 0","  2.0"," 8","  3.5"," 8","  6.0","999.9"," 113.4"," ","  88.9"," "," 0.00","I","999.9","000000"
"42463099999","2022-06-10","25.491172","78.558422","244.14","JHANSI, IN"," 100.4"," 8","  60.9"," 8"," 998.4"," 8","999.9"," 0","  1.7"," 8","  4.4"," 8","  6.0","999.9"," 113.5"," ","  89.8"," "," 0.00","I","999.9","000000"
"42463099999","2022-06-11","25.491172","78.558422","244.14","JHANSI, IN"," 100.9"," 8","  64.1"," 8"," 999.4"," 8","999.9"," 0","  2.0"," 8","  3.0"," 8","  5.1","999.9"," 113.5"," ","  91.6"," "," 0.00","I","999.9","000000"
"42463099999","2022-06-12","25.491172","78.558422","244.14","JHANSI, IN","  99.1"," 8","  67.2"," 8","1001.0"," 8","999.9"," 0","  1.9"," 8","  3.7"," 8","  6.0","999.9"," 112.5"," ","  86.7"," "," 0.00","I","999.9","000000"
"42463099999","2022-06-13","25.491172","78.558422","244.14","JHANSI, IN","  98.9"," 8","  68.2"," 8","1002.1"," 8","999.9"," 0","  1.9"," 8","  3.9"," 8","  6.0","999.9"," 110.8"," ","  88.0"," "," 0.00","I","999.9","000000"
"42463099999","2022-06-14","25.491172","78.558422","244.14","JHANSI, IN","  98.3"," 8","  69.1"," 8","1001.6"," 8","999.9"," 0","  1.7"," 8","  2.8"," 8","  5.1","999.9"," 109.6"," ","  85.8"," "," 0.00","I","999.9","000000"
"42463099999","2022-06-15","25.491172","78.558422","244.14","JHANSI, IN","  97.2"," 8","  69.2"," 8","1000.7"," 8","999.9"," 0","  1.9"," 8","  4.2"," 8","  6.0","999.9"," 108.5"," ","  88.7"," "," 0.00","I","999.9","000000"
"42463099999","2022-06-16","25.491172","78.558422","244.14","JHANSI, IN","  89.2"," 8","  72.6"," 8","1002.5"," 8","999.9"," 0","  1.4"," 8","  3.3"," 8","  5.1","999.9"," 108.1"," ","  83.1","*"," 0.00","E","999.9","000000"
"42463099999","2022-06-17","25.491172","78.558422","244.14","JHANSI, IN","  89.3"," 8","  71.3"," 8","1003.0"," 8","999.9"," 0","  1.7"," 8","  2.6"," 8","  5.1","999.9"," 107.8"," ","  80.8"," "," 0.00","G","999.9","000000"
"42463099999","2022-06-18","25.491172","78.558422","244.14","JHANSI, IN","  86.5"," 8","  72.0"," 8","1003.8"," 8","999.9"," 0","  1.9"," 8","  4.6"," 8","  8.0","999.9"," 102.2"," ","  75.6","*"," 0.24","E","999.9","010010"
"42463099999","2022-06-19","25.491172","78.558422","244.14","JHANSI, IN","  80.7"," 8","  74.0"," 8","1003.1"," 8","999.9"," 0","  1.7"," 8","  2.6"," 8","  5.1","999.9"," 101.7"," ","  72.9"," "," 1.26","E","999.9","010010"
"42463099999","2022-06-20","25.491172","78.558422","244.14","JHANSI, IN","  81.2"," 7","  73.6"," 7","1001.6"," 7","999.9"," 0","  1.6"," 7","  2.7"," 7","  4.1","999.9","  95.9"," ","  73.2"," "," 0.16","E","999.9","000000"
"42463099999","2022-06-21","25.491172","78.558422","244.14","JHANSI, IN","  83.0"," 8","  73.6"," 8","1001.1"," 8","999.9"," 0","  1.9"," 8","  1.2"," 8","  2.9","999.9","  96.1"," ","  71.2"," "," 0.39","E","999.9","000000"
"42463099999","2022-06-22","25.491172","78.558422","244.14","JHANSI, IN","  90.3"," 8","  74.6"," 8","1003.2"," 8","999.9"," 0","  1.8"," 8","  1.6"," 8","  2.9","999.9"," 102.4"," ","  75.7"," "," 0.00","I","999.9","000000"
"42463099999","2022-06-23","25.491172","78.558422","244.14","JHANSI, IN","  93.4"," 8","  70.1"," 8","1003.2"," 8","999.9"," 0","  1.9"," 8","  2.4"," 8","  5.1","999.9"," 104.4"," ","  81.5"," "," 0.00","I","999.9","000000"
"42463099999","2022-06-24","25.491172","78.558422","244.14","JHANSI, IN","  93.2"," 8","  64.1"," 8","1002.2"," 8","999.9"," 0","  2.0"," 8","  1.5"," 8","  4.1","999.9"," 104.7"," ","  80.1"," "," 0.00","I","999.9","000000"
"42463099999","2022-06-25","25.491172","78.558422","244.14","JHANSI, IN","  95.3"," 8","  65.7"," 8"," 999.4"," 8","999.9"," 0","  2.0"," 8","  1.7"," 8","  2.9","999.9"," 107.1"," ","  79.5"," "," 0.00","I","999.9","000000"
"42463099999","2022-06-26","25.491172","78.558422","244.14","JHANSI, IN","  95.6"," 7","  72.2"," 7","1000.2"," 7","999.9"," 0","  1.8"," 7","  3.0"," 7","  4.1","999.9"," 107.1"," ","  85.3"," "," 0.00","I","999.9","000000"
"42463099999","2022-06-27","25.491172","78.558422","244.14","JHANSI, IN","  94.9"," 8","  76.2"," 8","1001.5"," 8","999.9"," 0","  2.0"," 8","  1.2"," 8","  1.9","999.9"," 104.2"," ","  85.1"," "," 0.00","I","999.9","000000"
"42463099999","2022-06-28","25.491172","78.558422","244.14","JHANSI, IN","  92.7"," 8","  75.1"," 8"," 999.4"," 8","999.9"," 0","  2.0"," 8","  3.0"," 8","  5.1","999.9"," 108.0"," ","  84.6","*"," 0.00","E","999.9","010010"
"42463099999","2022-06-29","25.491172","78.558422","244.14","JHANSI, IN","  87.8"," 8","  76.7"," 8"," 999.0"," 8","999.9"," 0","  1.6"," 8","  4.1"," 8","  7.0","999.9"," 108.0"," ","  81.7","*"," 0.00","G","999.9","010000"
"42463099999","2022-06-30","25.491172","78.558422","244.14","JHANSI, IN","  85.9"," 8","  75.9"," 8","1000.2"," 8","999.9"," 0","  1.4"," 8","  1.8"," 8","  2.9","999.9"," 101.1"," ","  77.2"," "," 0.02","G","999.9","000000"
"42463099999","2022-07-01","25.491172","78.558422","244.14","JHANSI, IN","  86.0"," 8","  75.0"," 8","1000.6"," 8","999.9"," 0","  1.7"," 8","  1.5"," 8","  6.0","999.9","  99.7"," ","  77.9"," "," 0.00","G","999.9","010000"
"42463099999","2022-07-02","25.491172","78.558422","244.14","JHANSI, IN","  89.2"," 7","  75.7"," 7"," 999.1"," 7","999.9"," 0","  1.8"," 7","  2.3"," 7","  5.1","999.9"," 100.6"," ","  77.4"," "," 0.03","G","999.9","010010"
"42463099999","2022-07-03","25.491172","78.558422","244.14","JHANSI, IN","  85.8"," 5","  77.9"," 5","1000.2"," 5","999.9"," 0","  1.5"," 5","  1.6"," 5","  1.9","999.9"," 100.6"," ","  76.8"," "," 0.28","G","999.9","010010"
"42463099999","2022-07-04","25.491172","78.558422","244.14","JHANSI, IN","  86.2"," 8","  77.8"," 8"," 999.2"," 8","999.9"," 0","  1.7"," 8","  1.9"," 8","  2.9","999.9"," 101.1"," ","  79.3"," "," 0.04","G","999.9","000010"
"42463099999","2022-07-05","25.491172","78.558422","244.14","JHANSI, IN","  91.9"," 7","  76.3"," 7"," 997.9"," 7","999.9"," 0","  2.0"," 7","  2.7"," 7","  4.1","999.9"," 101.1"," ","  78.8"," "," 0.47","G","999.9","000000"
"42463099999","2022-07-06","25.491172","78.558422","244.14","JHANSI, IN","  85.0"," 8","  78.5"," 8","1001.5"," 8","999.9"," 0","  1.4"," 8","  0.9"," 8","  5.1","999.9"," 100.4"," ","  80.6"," "," 0.02","G","999.9","010010"
"42463099999","2022-07-07","25.491172","78.558422","244.14","JHANSI, IN","  87.9"," 8","  77.2"," 8","1002.2"," 8","999.9"," 0","  1.9"," 8","  2.9"," 8","  5.1","999.9","  98.8"," ","  78.3"," "," 0.43","G","999.9","010010"
"42463099999","2022-07-08","25.491172","78.558422","244.14","JHANSI, IN","  89.6"," 8","  79.5"," 8","1000.4"," 8","999.9"," 0","  1.7"," 8","  1.0"," 8","  1.9","999.9","  98.8"," ","  76.1"," "," 1.42","G","999.9","000010"
"42463099999","2022-07-09","25.491172","78.558422","244.14","JHANSI, IN","  84.5"," 6","  77.4"," 6"," 999.5"," 6","999.9"," 0","  1.2"," 6","  1.6"," 6","  2.9","999.9","  98.4"," ","  79.7"," "," 0.00","G","999.9","010010"
"42463099999","2022-07-10","25.491172","78.558422","244.14","JHANSI, IN","  85.6"," 8","  77.4"," 8","1000.3"," 8","999.9"," 0","  1.9"," 8","  1.3"," 8","  2.9","999.9","  97.9"," ","  76.5"," "," 0.08","G","999.9","010010"
"42463099999","2022-07-11","25.491172","78.558422","244.14","JHANSI, IN","  88.3"," 8","  76.9"," 8","1000.3"," 8","999.9"," 0","  1.9"," 8","  2.0"," 8","  4.1","999.9","  99.3"," ","  78.6"," "," 0.20","G","999.9","010010"
"42463099999","2022-07-12","25.491172","78.558422","244.14","JHANSI, IN","  87.1"," 7","  78.5"," 7"," 999.4"," 7","999.9"," 0","  2.0"," 7","  2.4"," 7","  5.1","999.9","  99.5"," ","  76.6"," "," 1.69","G","999.9","000010"
"42463099999","2022-07-13","25.491172","78.558422","244.14","JHANSI, IN","  91.0"," 8","  76.8"," 8"," 996.9"," 8","999.9"," 0","  1.9"," 8","  2.6"," 8","  4.1","999.9","  99.5"," ","  78.6"," "," 0.02","G","999.9","000000"
"42463099999","2022-07-14","25.491172","78.558422","244.14","JHANSI, IN","  92.2"," 8","  74.3"," 8"," 996.4"," 8","999.9"," 0","  1.9"," 8","  2.9"," 8","  4.1","999.9","  99.7"," ","  82.4"," "," 0.00","G","999.9","000010"
"42463099999","2022-07-15","25.491172","78.558422","244.14","JHANSI, IN","  88.9"," 8","  74.3"," 8"," 998.7"," 8","999.9"," 0","  1.9"," 8","  2.4"," 8","  5.1","999.9","  99.7"," ","  81.3"," "," 0.00","I","999.9","000000"
"42463099999","2022-07-16","25.491172","78.558422","244.14","JHANSI, IN","  86.9"," 8","  77.0"," 8","1000.7"," 8","999.9"," 0","  1.7"," 8","  2.5"," 8","  4.1","999.9","  97.9"," ","  79.0"," "," 0.00","E","999.9","000010"
"42463099999","2022-07-17","25.491172","78.558422","244.14","JHANSI, IN","  87.8"," 8","  78.8"," 8","1001.6"," 8","999.9"," 0","  1.6"," 8","  1.7"," 8","  2.9","999.9","  96.8","*","  78.8"," "," 0.00","G","999.9","000000"
"42463099999","2022-07-18","25.491172","78.558422","244.14","JHANSI, IN","  90.3"," 8","  75.4"," 8"," 999.9"," 8","999.9"," 0","  1.7"," 8","  2.4"," 8","  4.1","999.9","  98.6"," ","  79.7"," "," 0.00","G","999.9","000000"
"42463099999","2022-07-19","25.491172","78.558422","244.14","JHANSI, IN","  92.2"," 7","  77.2"," 7"," 999.6"," 7","999.9"," 0","  2.0"," 7","  1.7"," 7","  2.9","999.9"," 101.5"," ","  81.7"," "," 0.00","I","999.9","000000"
"42463099999","2022-07-20","25.491172","78.558422","244.14","JHANSI, IN","  83.1"," 8","  78.2"," 8","1001.5"," 8","999.9"," 0","  1.4"," 8","  1.6"," 8","  4.1","999.9"," 101.5"," ","  77.7","*"," 0.87","E","999.9","010010"
"42463099999","2022-07-21","25.491172","78.558422","244.14","JHANSI, IN","  82.5"," 8","  78.0"," 8","1003.8"," 8","999.9"," 0","  1.6"," 8","  1.7"," 8","  4.1","999.9","  96.1"," ","  74.3"," "," 0.00","E","999.9","000000"
"42463099999","2022-07-22","25.491172","78.558422","244.14","JHANSI, IN","  80.8"," 8","  77.1"," 8","1004.3"," 8","999.9"," 0","  1.2"," 8","  1.1"," 8","  1.9","999.9","  89.1"," ","  77.2"," "," 0.00","G","999.9","010000"
"42463099999","2022-07-23","25.491172","78.558422","244.14","JHANSI, IN","  81.8"," 7","  79.2"," 7","1001.9"," 7","999.9"," 0","  1.2"," 7","  0.4"," 7","  1.9","999.9","  87.3"," ","  76.1"," "," 0.08","E","999.9","010000"
"42463099999","2022-07-24","25.491172","78.558422","244.14","JHANSI, IN","  83.1"," 8","  77.4"," 8","1001.7"," 8","999.9"," 0","  1.6"," 8","  2.0"," 8","  4.1","999.9","  93.4"," ","  73.8"," "," 0.59","G","999.9","010000"
"42463099999","2022-07-25","25.491172","78.558422","244.14","JHANSI, IN","  81.1"," 8","  77.5"," 8","1004.5"," 8","999.9"," 0","  1.2"," 8","  2.1"," 8","  6.0","999.9","  93.4"," ","  75.4"," "," 0.12","G","999.9","010010"
"42463099999","2022-07-26","25.491172","78.558422","244.14","JHANSI, IN","  84.7"," 7","  77.3"," 7","1006.2"," 7","999.9"," 0","  1.8"," 7","  1.2"," 7","  1.9","999.9","  91.4"," ","  73.8"," "," 0.20","G","999.9","000000"
"42463099999","2022-07-27","25.491172","78.558422","244.14","JHANSI, IN","  84.1"," 8","  76.7"," 8","1006.6"," 8","999.9"," 0","  1.6"," 8","  1.6"," 8","  2.9","999.9","  91.6"," ","  76.3"," "," 0.00","G","999.9","000000"
"42463099999","2022-07-28","25.491172","78.558422","244.14","JHANSI, IN","  81.9"," 8","  77.7"," 8","1008.2"," 8","999.9"," 0","  1.2"," 8","  1.5"," 8","  1.9","999.9","  91.6"," ","  77.4"," "," 0.08","E","999.9","010010"
"42463099999","2022-07-29","25.491172","78.558422","244.14","JHANSI, IN","  80.6"," 8","  76.7"," 8","1007.4"," 8","999.9"," 0","  1.1"," 8","  1.8"," 8","  2.9","999.9","  89.8"," ","  75.9","*"," 0.67","E","999.9","010010"
"42463099999","2022-07-30","25.491172","78.558422","244.14","JHANSI, IN","  83.8"," 8","  77.0"," 8","1005.2"," 8","999.9"," 0","  1.7"," 8","  1.8"," 8","  2.9","999.9","  90.9"," ","  75.0"," "," 0.00","I","999.9","000000"
"42463099999","2022-07-31","25.491172","78.558422","244.14","JHANSI, IN","  85.6"," 7","  75.8"," 7","1003.1"," 7","999.9"," 0","  1.8"," 7","  3.1"," 7"," 32.1","999.9","  92.8","*","  77.0"," "," 0.00","I","999.9","000000"
"42463099999","2022-08-01","25.491172","78.558422","244.14","JHANSI, IN","  85.2"," 8","  76.4"," 8","1003.5"," 8","999.9"," 0","  1.7"," 8","  1.9"," 8","  2.9","999.9","  94.3"," ","  76.5"," "," 0.04","E","999.9","000000"
"42463099999","2022-08-02","25.491172","78.558422","244.14","JHANSI, IN","  82.7"," 7","  77.9"," 7","1002.9"," 7","999.9"," 0","  1.4"," 7","  2.2"," 7","  2.9","999.9","  93.9"," ","  77.0"," "," 0.63","E","999.9","010010"
"42463099999","2022-08-03","25.491172","78.558422","244.14","JHANSI, IN","  82.5"," 8","  78.0"," 8","1003.7"," 8","999.9"," 0","  1.4"," 8","  0.8"," 8","  2.9","999.9","  91.8"," ","  76.1"," "," 0.00","E","999.9","010000"
"42463099999","2022-08-04","25.491172","78.558422","244.14","JHANSI, IN","  83.4"," 8","  77.5"," 8","1003.4"," 8","999.9"," 0","  1.6"," 8","  1.1"," 8","  2.9","999.9","  92.5"," ","  77.2"," "," 0.00","G","999.9","010010"
"42463099999","2022-08-05","25.491172","78.558422","244.14","JHANSI, IN","  84.3"," 8","  77.2"," 8","1002.0"," 8","999.9"," 0","  1.6"," 8","  0.7"," 8","  2.9","999.9","  92.8"," ","  73.9"," "," 0.16","G","999.9","000000"
"42463099999","2022-08-06","25.491172","78.558422","244.14","JHANSI, IN","  87.5"," 8","  77.6"," 7","1000.2"," 8","999.9"," 0","  1.7"," 8","  0.8"," 8","  2.9","999.9","  96.1"," ","  77.5"," "," 0.00","G","999.9","000000"
"42463099999","2022-08-07","25.491172","78.558422","244.14","JHANSI, IN","  78.6"," 7","  76.1"," 7","1000.4"," 7","999.9"," 0","  1.6"," 7","  0.6"," 7","  1.0","999.9","  84.4"," ","  76.3","*"," 0.79","E","999.9","010000"
"42463099999","2022-08-08","25.491172","78.558422","244.14","JHANSI, IN","  82.1"," 8","  77.2"," 8"," 999.6"," 8","999.9"," 0","  1.5"," 8","  0.7"," 8","  1.9","999.9","  92.3"," ","  74.3"," "," 0.20","E","999.9","010010"
"42463099999","2022-08-09","25.491172","78.558422","244.14","JHANSI, IN","  85.8"," 8","  77.8"," 8"," 997.6"," 8","999.9"," 0","  1.9"," 8","  2.6"," 8","  5.1","999.9","  93.4"," ","  75.9"," "," 0.00","E","999.9","000000"
"42463099999","2022-08-10","25.491172","78.558422","244.14","JHANSI, IN","  84.9"," 6","  76.5"," 6"," 995.8"," 6","999.9"," 0","  1.9"," 6","  5.0"," 6","  7.0","999.9","  93.4"," ","  77.9"," "," 0.00","G","999.9","000000"
"42463099999","2022-08-11","25.491172","78.558422","244.14","JHANSI, IN","  82.4"," 8","  76.7"," 8"," 997.7"," 8","999.9"," 0","  1.2"," 8","  3.7"," 8","  5.1","999.9","  91.2"," ","  76.1"," "," 0.04","G","999.9","010000"
"42463099999","2022-08-12","25.491172","78.558422","244.14","JHANSI, IN","  82.4"," 7","  77.5"," 7","1000.7"," 7","999.9"," 0","  1.8"," 7","  1.1"," 7","  2.9","999.9","  88.5"," ","  75.4"," "," 0.24","G","999.9","010000"
"42463099999","2022-08-13","25.491172","78.558422","244.14","JHANSI, IN","  81.1"," 8","  76.6"," 8","1001.2"," 8","999.9"," 0","  1.2"," 8","  1.5"," 8","  4.1","999.9","  88.5"," ","  75.4"," "," 0.00","G","999.9","010000"
"42463099999","2022-08-14","25.491172","78.558422","244.14","JHANSI, IN","  79.0"," 7","  77.5"," 7","1002.6"," 7","999.9"," 0","  1.2"," 7","  1.8"," 7","  2.9","999.9","  85.3"," ","  73.6"," "," 0.67","G","999.9","010010"
"42463099999","2022-08-15","25.491172","78.558422","244.14","JHANSI, IN","  80.4"," 8","  76.3"," 8","1000.7"," 8","999.9"," 0","  1.2"," 8","  3.5"," 8","  6.0","999.9","  85.6"," ","  75.6","*"," 0.75","G","999.9","010000"
"42463099999","2022-08-16","25.491172","78.558422","244.14","JHANSI, IN","  79.9"," 6","  75.3"," 6","1000.9"," 6","999.9"," 0","  1.2"," 6","  4.7"," 6","  8.0","999.9","  86.4"," ","  73.0"," "," 0.59","G","999.9","010000"
"42463099999","2022-08-17","25.491172","78.558422","244.14","JHANSI, IN","  83.3"," 8","  75.0"," 8","1004.7"," 8","999.9"," 0","  1.9"," 8","  1.7"," 8","  2.9","999.9","  91.0"," ","  73.4"," "," 0.00","G","999.9","000000"
"42463099999","2022-08-18","25.491172","78.558422","244.14","JHANSI, IN","  82.9"," 8","  75.6"," 8","1004.4"," 8","999.9"," 0","  1.7"," 8","  2.1"," 8","  4.1","999.9","  91.0"," ","  73.9"," "," 0.00","I","999.9","000000"
"42463099999","2022-08-19","25.491172","78.558422","244.14","JHANSI, IN","  85.3"," 8","  76.8"," 8","1004.2"," 8","999.9"," 0","  1.9"," 8","  3.1"," 8","  5.1","999.9","  92.8"," ","  73.6"," "," 0.00","I","999.9","000010"
"42463099999","2022-08-20","25.491172","78.558422","244.14","JHANSI, IN","  79.0"," 8","  76.3"," 8","1004.1"," 8","999.9"," 0","  1.6"," 8","  2.2"," 8","  5.1","999.9","  92.8"," ","  76.3"," "," 0.08","G","999.9","010010"
"42463099999","2022-08-21","25.491172","78.558422","244.14","JHANSI, IN","  79.6"," 8","  77.6"," 8"," 999.8"," 8","999.9"," 0","  1.2"," 8","  4.6"," 8","  7.0","999.9","  88.2"," ","  75.6"," "," 2.09","G","999.9","010010"
"42463099999","2022-08-22","25.491172","78.558422","244.14","JHANSI, IN","  79.6"," 8","  74.3"," 8"," 997.0"," 8","999.9"," 0","  1.6"," 8","  6.0"," 8","  8.0","999.9","  88.2"," ","  75.6","*"," 2.17","G","999.9","010010"
"42463099999","2022-08-23","25.491172","78.558422","244.14","JHANSI, IN","  82.0"," 7","  74.9"," 7","1002.2"," 7","999.9"," 0","  2.0"," 7","  3.7"," 7","  6.0","999.9","  87.4"," ","  74.8"," "," 0.03","G","999.9","000000"
"42463099999","2022-08-24","25.491172","78.558422","244.14","JHANSI, IN","  83.3"," 8","  76.1"," 8","1006.6"," 8","999.9"," 0","  1.7"," 8","  1.3"," 8","  2.9","999.9","  92.3"," ","  76.3"," "," 0.00","G","999.9","000000"
"42463099999","2022-08-25","25.491172","78.558422","244.14","JHANSI, IN","  81.9"," 8","  74.5"," 8","1006.1"," 8","999.9"," 0","  1.7"," 8","  1.5"," 8","  2.9","999.9","  92.3"," ","  75.0"," "," 0.00","E","999.9","000000"
"42463099999","2022-08-26","25.491172","78.558422","244.14","JHANSI, IN","  81.7"," 8","  76.4"," 8","1005.6"," 8","999.9"," 0","  1.6"," 8","  1.8"," 8","  2.9","999.9","  90.0"," ","  76.6","*"," 0.00","G","999.9","000000"
"42463099999","2022-08-27","25.491172","78.558422","244.14","JHANSI, IN","  83.5"," 8","  77.6"," 8","1004.7"," 8","999.9"," 0","  1.7"," 8","  3.1"," 8","  4.1","999.9","  91.6"," ","  76.3"," "," 0.28","G","999.9","010000"
"42463099999","2022-08-28","25.491172","78.558422","244.14","JHANSI, IN","  80.4"," 8","  76.1"," 8","1006.0"," 8","999.9"," 0","  1.6"," 8","  1.6"," 8","  2.9","999.9","  92.3"," ","  77.7","*"," 0.00","G","999.9","010000"
"42463099999","2022-08-29","25.491172","78.558422","244.14","JHANSI, IN","  81.1"," 7","  77.1"," 7","1008.3"," 7","999.9"," 0","  1.2"," 7","  1.4"," 7","  1.9","999.9","  92.3"," ","  76.1"," "," 0.98","G","999.9","010000"
"42463099999","2022-08-30","25.491172","78.558422","244.14","JHANSI, IN","  85.0"," 7","  78.0"," 7","1009.1"," 7","999.9"," 0","  1.8"," 7","  0.6"," 7","  2.9","999.9","  92.5"," ","  77.0"," "," 0.01","G","999.9","000000"
"42463099999","2022-08-31","25.491172","78.558422","244.14","JHANSI, IN","  85.1"," 8","  78.1"," 8","1006.6"," 8","999.9"," 0","  1.4"," 8","  1.0"," 8","  1.9","999.9","  93.4"," ","  78.3"," "," 0.00","G","999.9","000000"
"42463099999","2022-09-01","25.491172","78.558422","244.14","JHANSI, IN","  82.7"," 8","  77.7"," 8","1007.3"," 8","999.9"," 0","  1.7"," 8","  1.4"," 8","  4.1","999.9","  97.2"," ","  76.6","*"," 0.51","E","999.9","010010"
"42463099999","2022-09-02","25.491172","78.558422","244.14","JHANSI, IN","  82.9"," 6","  77.4"," 6","1008.5"," 6","999.9"," 0","  2.1"," 6","  1.8"," 6","  2.9","999.9","  97.2"," ","  75.4"," ","99.99"," ","999.9","010010"
"42463099999","2022-09-03","25.491172","78.558422","244.14","JHANSI, IN","  83.5"," 8","  77.2"," 8","1005.6"," 8","999.9"," 0","  1.7"," 8","  2.2"," 8","  2.9","999.9","  93.6"," ","  75.6"," "," 1.65","G","999.9","000000"
"42463099999","2022-09-04","25.491172","78.558422","244.14","JHANSI, IN","  85.9"," 8","  76.5"," 8","1004.9"," 8","999.9"," 0","  1.9"," 8","  2.2"," 8","  2.9","999.9","  95.2"," ","  77.2"," "," 0.04","G","999.9","000000"
"42463099999","2022-09-05","25.491172","78.558422","244.14","JHANSI, IN","  84.3"," 8","  76.4"," 8","1006.2"," 8","999.9"," 0","  1.9"," 8","  2.1"," 8","  2.9","999.9","  95.2"," ","  77.5"," "," 0.00","G","999.9","000000"
"42463099999","2022-09-06","25.491172","78.558422","244.14","JHANSI, IN","  83.7"," 7","  77.2"," 7","1007.2"," 7","999.9"," 0","  1.2"," 7","  0.7"," 7","  2.9","999.9","  92.1"," ","  76.6"," "," 0.00","I","999.9","000000"
"42463099999","2022-09-07","25.491172","78.558422","244.14","JHANSI, IN","  86.0"," 8","  76.9"," 8","1007.8"," 8","999.9"," 0","  1.9"," 8","  0.6"," 8","  1.9","999.9","  95.0"," ","  77.0"," "," 0.00","I","999.9","000000"
"42463099999","2022-09-08","25.491172","78.558422","244.14","JHANSI, IN","  86.9"," 8","  78.2"," 8","1008.1"," 8","999.9"," 0","  1.9"," 8","  1.7"," 8","  4.1","999.9","  95.0"," ","  79.0"," "," 0.00","I","999.9","000000"
"42463099999","2022-09-09","25.491172","78.558422","244.14","JHANSI, IN","  85.3"," 8","  78.4"," 7","1007.9"," 8","999.9"," 0","  1.7"," 8","  1.8"," 8","  5.1","999.9","  94.1"," ","  80.2","*"," 0.00","I","999.9","000010"
"42463099999","2022-09-10","25.491172","78.558422","244.14","JHANSI, IN","  85.1"," 8","  78.2"," 8","1006.4"," 8","999.9"," 0","  1.4"," 8","  1.4"," 8","  4.1","999.9","  93.9"," ","  79.3"," "," 0.02","E","999.9","000000"
"42463099999","2022-09-11","25.491172","78.558422","244.14","JHANSI, IN","  84.2"," 8","  76.6"," 8","1003.7"," 8","999.9"," 0","  1.9"," 8","  2.2"," 8","  5.1","999.9","  92.5"," ","  78.1"," "," 0.08","E","999.9","000000"
"42463099999","2022-09-12","25.491172","78.558422","244.14","JHANSI, IN","  80.5"," 8","  76.1"," 8","1002.2"," 8","999.9"," 0","  1.4"," 8","  3.3"," 8","  5.1","999.9","  92.3"," ","  75.6","*"," 0.59","E","999.9","010000"
"42463099999","2022-09-13","25.491172","78.558422","244.14","JHANSI, IN","  78.7"," 8","  76.1"," 8","1002.0"," 8","999.9"," 0","  1.2"," 8","  2.9"," 8","  6.0","999.9","  87.4"," ","  74.5"," "," 0.47","E","999.9","010000"
"42463099999","2022-09-14","25.491172","78.558422","244.14","JHANSI, IN","  78.3"," 8","  77.5"," 8","1001.5"," 8","999.9"," 0","  1.2"," 8","  1.8"," 8","  5.1","999.9","  85.3"," ","  74.8"," "," 1.85","G","999.9","010010"
"42463099999","2022-09-15","25.491172","78.558422","244.14","JHANSI, IN","  78.4"," 7","  77.5"," 7","1001.3"," 7","999.9"," 0","  1.2"," 7","  1.5"," 7","  2.9","999.9","  83.3"," ","  75.2"," "," 3.66","G","999.9","010000"
"42463099999","2022-09-16","25.491172","78.558422","244.14","JHANSI, IN","  81.1"," 8","  76.6"," 8","1000.9"," 8","999.9"," 0","  1.6"," 8","  2.0"," 8","  5.1","999.9","  87.4"," ","  75.9","*"," 1.65","G","999.9","000010"
"42463099999","2022-09-17","25.491172","78.558422","244.14","JHANSI, IN","  79.8"," 8","  76.5"," 8","1005.1"," 8","999.9"," 0","  1.7"," 8","  1.8"," 8","  4.1","999.9","  90.7"," ","  72.9"," "," 0.35","G","999.9","010000"
"42463099999","2022-09-18","25.491172","78.558422","244.14","JHANSI, IN","  83.1"," 8","  75.7"," 8","1006.5"," 8","999.9"," 0","  1.9"," 8","  2.1"," 8","  4.1","999.9","  91.6"," ","  73.6"," "," 0.98","G","999.9","000000"
"42463099999","2022-09-19","25.491172","78.558422","244.14","JHANSI, IN","  81.8"," 8","  75.9"," 8","1006.1"," 8","999.9"," 0","  1.9"," 8","  1.1"," 8","  1.9","999.9","  91.8"," ","  76.6"," "," 0.00","G","999.9","010000"
"42463099999","2022-09-20","25.491172","78.558422","244.14","JHANSI, IN","  80.8"," 7","  76.8"," 7","1005.8"," 7","999.9"," 0","  1.6"," 7","  2.4"," 7","  4.1","999.9","  91.8"," ","  75.2","*"," 0.02","G","999.9","010000"
"42463099999","2022-09-21","25.491172","78.558422","244.14","JHANSI, IN","  76.3"," 8","  75.4"," 8","1005.5"," 8","999.9"," 0","  1.2"," 8","  1.5"," 8","  5.1","999.9","  89.8"," ","  73.9"," "," 0.67","G","999.9","010010"
"42463099999","2022-09-22","25.491172","78.558422","244.14","JHANSI, IN","  79.7"," 8","  77.1"," 8","1003.8"," 8","999.9"," 0","  1.6"," 8","  1.2"," 8","  1.9","999.9","  87.1"," ","  73.2"," "," 0.39","G","999.9","010000"
"42463099999","2022-09-23","25.491172","78.558422","244.14","JHANSI, IN","  79.0"," 8","  76.9"," 8","1003.7"," 8","999.9"," 0","  1.6"," 8","  1.9"," 8","  2.9","999.9","  87.1"," ","  76.3"," "," 0.35","G","999.9","010000"
"42463099999","2022-09-24","25.491172","78.558422","244.14","JHANSI, IN","  79.1"," 8","  76.0"," 8","1004.8"," 8","999.9"," 0","  1.2"," 8","  1.8"," 8","  4.1","999.9","  83.5"," ","  75.4"," "," 0.08","G","999.9","010000"
"42463099999","2022-09-25","25.491172","78.558422","244.14","JHANSI, IN","  81.5"," 8","  74.9"," 8","1007.7"," 8","999.9"," 0","  1.4"," 8","  1.4"," 8","  4.1","999.9","  90.5"," ","  73.9"," "," 0.20","G","999.9","000000"
"42463099999","2022-09-26","25.491172","78.558422","244.14","JHANSI, IN","  83.5"," 7","  76.2"," 7","1010.0"," 7","999.9"," 0","  1.6"," 7","  0.8"," 7","  1.9","999.9","  92.8"," ","  75.2"," "," 0.00","G","999.9","000000"
"42463099999","2022-09-27","25.491172","78.558422","244.14","JHANSI, IN","  83.6"," 8","  76.3"," 8","1008.1"," 8","999.9"," 0","  1.7"," 8","  1.3"," 8","  2.9","999.9","  92.8"," ","  77.2"," "," 0.00","I","999.9","000000"
"42463099999","2022-09-28","25.491172","78.558422","244.14","JHANSI, IN","  85.3"," 6","  75.8"," 6","1007.0"," 6","999.9"," 0","  1.7"," 6","  1.0"," 6","  2.9","999.9","  94.3"," ","  75.4"," "," 0.00","I","999.9","000000"
"42463099999","2022-09-29","25.491172","78.558422","244.14","JHANSI, IN","  84.2"," 8","  73.4"," 8","1006.9"," 8","999.9"," 0","  1.9"," 8","  1.4"," 8","  4.1","999.9","  94.6"," ","  74.5"," "," 0.00","I","999.9","000000"
"42463099999","2022-09-30","25.491172","78.558422","244.14","JHANSI, IN","  83.3"," 8","  73.4"," 8","1007.2"," 8","999.9"," 0","  1.9"," 8","  1.0"," 8","  1.9","999.9","  94.6"," ","  74.5"," "," 0.00","I","999.9","000000"
"42463099999","2022-10-01","25.491172","78.558422","244.14","JHANSI, IN","  83.2"," 8","  72.7"," 8","1006.5"," 8","999.9"," 0","  1.7"," 8","  1.2"," 8","  4.1","999.9","  94.6"," ","  75.6"," "," 0.00","I","999.9","000000"
"42463099999","2022-10-02","25.491172","78.558422","244.14","JHANSI, IN","  83.4"," 8","  72.3"," 8","1006.8"," 8","999.9"," 0","  1.9"," 8","  1.6"," 8","  2.9","999.9","  94.6"," ","  72.9"," "," 0.00","E","999.9","000000"
"42463099999","2022-10-03","25.491172","78.558422","244.14","JHANSI, IN","  83.0"," 8","  70.5"," 8","1008.1"," 8","999.9"," 0","  1.9"," 8","  1.5"," 8","  5.1","999.9","  94.1"," ","  74.5"," "," 0.00","G","999.9","000000"
"42463099999","2022-10-04","25.491172","78.558422","244.14","JHANSI, IN","  81.3"," 8","  74.4"," 8","1008.5"," 8","999.9"," 0","  1.4"," 8","  2.5"," 8","  4.1","999.9","  93.9"," ","  73.4"," "," 0.00","E","999.9","010000"
"42463099999","2022-10-05","25.491172","78.558422","244.14","JHANSI, IN","  79.8"," 8","  74.5"," 8","1008.5"," 8","999.9"," 0","  1.2"," 8","  2.3"," 8","  4.1","999.9","  91.2"," ","  74.8","*"," 0.00","G","999.9","000000"
"42463099999","2022-10-06","25.491172","78.558422","244.14","JHANSI, IN","  79.2"," 8","  75.0"," 8","1009.2"," 8","999.9"," 0","  1.4"," 8","  1.9"," 8","  2.9","999.9","  87.8"," ","  73.6"," "," 0.02","G","999.9","010010"
"42463099999","2022-10-07","25.491172","78.558422","244.14","JHANSI, IN","  77.9"," 8","  75.1"," 8","1009.8"," 8","999.9"," 0","  1.2"," 8","  2.2"," 8","  6.0","999.9","  86.7"," ","  73.6"," "," 0.35","G","999.9","010010"
"42463099999","2022-10-08","25.491172","78.558422","244.14","JHANSI, IN","  80.4"," 7","  77.3"," 7","1009.4"," 7","999.9"," 0","  1.2"," 7","  0.7"," 7","  1.9","999.9","  87.8"," ","  74.1"," "," 0.24","G","999.9","010000"
"42463099999","2022-10-09","25.491172","78.558422","244.14","JHANSI, IN","  81.2"," 8","  76.2"," 8","1010.2"," 8","999.9"," 0","  1.7"," 8","  0.8"," 8","  1.9","999.9","  91.2"," ","  74.3"," "," 0.59","G","999.9","010010"
"42463099999","2022-10-10","25.491172","78.558422","244.14","JHANSI, IN","  78.0"," 8","  75.3"," 8","1012.2"," 8","999.9"," 0","  1.4"," 8","  0.6"," 8","  1.9","999.9","  91.2"," ","  73.9"," "," 0.31","G","999.9","010010"
"42463099999","2022-10-11","25.491172","78.558422","244.14","JHANSI, IN","  79.1"," 6","  75.8"," 6","1010.9"," 6","999.9"," 0","  1.2"," 6","  1.0"," 6","  2.9","999.9","  87.8"," ","  73.6"," "," 0.71","G","999.9","010000"
"42463099999","2022-10-12","25.491172","78.558422","244.14","JHANSI, IN","  76.9"," 7","  72.9"," 7","1012.5"," 7","999.9"," 0","  1.2"," 7","  1.0"," 7"," 34.0","999.9","  86.2"," ","  72.0","*"," 0.31","G","999.9","000000"
"42463099999","2022-10-13","25.491172","78.558422","244.14","JHANSI, IN","  77.3"," 8","  70.7"," 8","1013.6"," 8","999.9"," 0","  1.7"," 8","  0.4"," 8","  1.9","999.9","  87.6"," ","  68.2"," "," 0.51","G","999.9","000000"
"42463099999","2022-10-14","25.491172","78.558422","244.14","JHANSI, IN","  78.2"," 7","  67.8"," 7","1013.6"," 7","999.9"," 0","  1.8"," 7","  0.6"," 7","  1.9","999.9","  88.9"," ","  67.1"," "," 0.00","G","999.9","000000"
"42463099999","2022-10-15","25.491172","78.558422","244.14","JHANSI, IN","  76.9"," 8","  68.7"," 8","1012.8"," 8","999.9"," 0","  1.7"," 8","  0.6"," 8","  1.9","999.9","  89.2"," ","  66.2"," "," 0.00","I","999.9","000000"
"42463099999","2022-10-16","25.491172","78.558422","244.14","JHANSI, IN","  76.7"," 7","  64.7"," 7","1015.2"," 7","999.9"," 0","  2.0"," 7","  1.6"," 7","  5.1","999.9","  89.2"," ","  67.6"," "," 0.00","I","999.9","000000"
"42463099999","2022-10-17","25.491172","78.558422","244.14","JHANSI, IN","  77.7"," 6","  66.6"," 6","1015.1"," 6","999.9"," 0","  1.9"," 6","  1.3"," 6","  2.9","999.9","  89.2"," ","  66.9","*"," 0.00","I","999.9","000000"
"42463099999","2022-10-18","25.491172","78.558422","244.14","JHANSI, IN","  77.4"," 7","  66.8"," 7","1013.7"," 7","999.9"," 0","  1.7"," 7","  0.4"," 7","  1.9","999.9","  91.0"," ","  64.0"," "," 0.00","I","999.9","000000"
"42463099999","2022-10-19","25.491172","78.558422","244.14","JHANSI, IN","  76.4"," 8","  65.1"," 8","1013.9"," 8","999.9"," 0","  1.5"," 8","  0.1"," 8","  1.0","999.9","  93.0"," ","  64.0"," "," 0.00","I","999.9","000000"
"42463099999","2022-10-20","25.491172","78.558422","244.14","JHANSI, IN","  75.9"," 8","  65.1"," 8","1015.5"," 8","999.9"," 0","  1.6"," 8","  0.7"," 8","  1.9","999.9","  93.0"," ","  63.7"," "," 0.00","I","999.9","000000"
"42463099999","2022-10-21","25.491172","78.558422","244.14","JHANSI, IN","  78.1"," 7","  65.3"," 7","1017.8"," 7","999.9"," 0","  1.7"," 7","  1.0"," 7","  2.9","999.9","  92.5"," ","  64.6"," "," 0.00","I","999.9","000000"
"42463099999","2022-10-22","25.491172","78.558422","244.14","JHANSI, IN","  74.4"," 7","  63.4"," 7","1017.7"," 7","999.9"," 0","  1.6"," 7","  0.7"," 7","  6.0","999.9","  92.5"," ","  64.8"," "," 0.00","I","999.9","000000"
"42463099999","2022-10-23","25.491172","78.558422","244.14","JHANSI, IN","  75.0"," 8","  62.1"," 8","1015.8"," 8","999.9"," 0","  1.7"," 8","  1.0"," 8","  2.9","999.9","  91.4"," ","  64.4"," "," 0.00","I","999.9","000000"
"42463099999","2022-10-24","25.491172","78.558422","244.14","JHANSI, IN","  74.8"," 8","  62.7"," 8","1011.9"," 8","999.9"," 0","  1.6"," 8","  1.5"," 8","  2.9","999.9","  88.7"," ","  66.4"," "," 0.00","I","999.9","000000"
"42463099999","2022-10-25","25.491172","78.558422","244.14","JHANSI, IN","  75.7"," 6","  59.8"," 6","1011.3"," 6","999.9"," 0","  1.7"," 6","  0.8"," 6","  2.9","999.9","  89.8"," ","  61.9"," "," 0.00","I","999.9","000000"
"42463099999","2022-10-26","25.491172","78.558422","244.14","JHANSI, IN","  73.9"," 8","  59.9"," 8","1014.6"," 8","999.9"," 0","  1.7"," 8","  0.7"," 8","  1.9","999.9","  92.5"," ","  61.0"," "," 0.00","I","999.9","000000"
"42463099999","2022-10-27","25.491172","78.558422","244.14","JHANSI, IN","  74.9"," 8","  62.1"," 8","1014.9"," 8","999.9"," 0","  1.6"," 8","  0.6"," 8","  1.9","999.9","  92.5"," ","  62.2"," "," 0.00","I","999.9","000000"
"42463099999","2022-10-28","25.491172","78.558422","244.14","JHANSI, IN","  75.2"," 8","  62.3"," 8","1014.5"," 8","999.9"," 0","  1.6"," 8","  0.7"," 8","  1.9","999.9","  93.2"," ","  62.8"," "," 0.00","I","999.9","000000"
"42463099999","2022-10-29","25.491172","78.558422","244.14","JHANSI, IN","  75.9"," 7","  63.4"," 6","1015.4"," 7","999.9"," 0","  1.5"," 7","  0.6"," 7","  1.0","999.9","  93.2"," ","  62.8"," "," 0.00","I","999.9","000000"
"42463099999","2022-10-30","25.491172","78.558422","244.14","JHANSI, IN","  72.5"," 8","  60.3"," 8","1015.8"," 8","999.9"," 0","  1.3"," 8","  0.5"," 8","  1.9","999.9","  89.8"," ","  61.7"," "," 0.00","I","999.9","000000"
"42463099999","2022-10-31","25.491172","78.558422","244.14","JHANSI, IN","  73.1"," 7","  62.3"," 7","1015.8"," 7","999.9"," 0","  1.7"," 7","  0.3"," 7","  1.0","999.9","  88.3"," ","  59.9"," "," 0.00","I","999.9","000000"
"42463099999","2022-11-01","25.491172","78.558422","244.14","JHANSI, IN","  72.2"," 8","  60.6"," 8","1016.4"," 8","999.9"," 0","  1.5"," 8","  0.4"," 8","  1.0","999.9","  89.8"," ","  59.5"," "," 0.00","I","999.9","000000"
"42463099999","2022-11-02","25.491172","78.558422","244.14","JHANSI, IN","  71.0"," 7","  60.4"," 7","1014.5"," 7","999.9"," 0","  1.3"," 7","  0.8"," 7","  1.9","999.9","  90.9"," ","  60.8"," "," 0.00","I","999.9","000000"
"42463099999","2022-11-03","25.491172","78.558422","244.14","JHANSI, IN","  73.8"," 8","  62.5"," 8","1013.8"," 8","999.9"," 0","  1.4"," 8","  0.4"," 8","  1.0","999.9","  91.0"," ","  61.5"," "," 0.00","I","999.9","000000"
"42463099999","2022-11-04","25.491172","78.558422","244.14","JHANSI, IN","  75.5"," 8","  64.0"," 8","1014.8"," 8","999.9"," 0","  1.6"," 8","  0.1"," 8","  1.0","999.9","  92.1"," ","  63.1"," "," 0.00","I","999.9","000000"
"42463099999","2022-11-05","25.491172","78.558422","244.14","JHANSI, IN","  75.8"," 8","  63.8"," 7","1016.4"," 8","999.9"," 0","  1.6"," 8","  0.4"," 8","  1.9","999.9","  94.3"," ","  63.5"," "," 0.00","I","999.9","000000"
"42463099999","2022-11-06","25.491172","78.558422","244.14","JHANSI, IN","  77.2"," 7","  66.8"," 7","1016.9"," 7","999.9"," 0","  1.5"," 7","  0.6"," 7","  1.9","999.9","  94.3"," ","  63.7"," "," 0.00","I","999.9","000000"
"42463099999","2022-11-07","25.491172","78.558422","244.14","JHANSI, IN","  75.6"," 8","  64.8"," 8","1016.4"," 8","999.9"," 0","  1.4"," 8","  0.4"," 8","  1.0","999.9","  91.4"," ","  63.5"," "," 0.00","I","999.9","000000"
"42463099999","2022-11-08","25.491172","78.558422","244.14","JHANSI, IN","  77.2"," 6","  64.6"," 6","1016.1"," 6","999.9"," 0","  1.8"," 6","  0.2"," 6","  1.0","999.9","  91.6"," ","  63.7"," "," 0.00","I","999.9","000000"
"42463099999","2022-11-09","25.491172","78.558422","244.14","JHANSI, IN","  72.9"," 8","  64.9"," 8","1016.7"," 8","999.9"," 0","  1.2"," 8","  0.7"," 8","  2.9","999.9","  91.6"," ","  64.0","*"," 0.00","I","999.9","000000"
"42463099999","2022-11-10","25.491172","78.558422","244.14","JHANSI, IN","  74.5"," 8","  64.1"," 8","1017.3"," 8","999.9"," 0","  1.2"," 8","  0.6"," 8","  1.9","999.9","  88.7"," ","  64.8"," "," 0.00","I","999.9","000000"
"42463099999","2022-11-11","25.491172","78.558422","244.14","JHANSI, IN","  72.2"," 8","  59.7"," 8","1018.2"," 8","999.9"," 0","  1.4"," 8","  0.7"," 8","  2.9","999.9","  88.7"," ","  63.0"," "," 0.00","I","999.9","000000"
"42463099999","2022-11-12","25.491172","78.558422","244.14","JHANSI, IN","  70.5"," 8","  56.3"," 8","1018.5"," 8","999.9"," 0","  1.4"," 8","  0.6"," 8","  1.9","999.9","  87.3"," ","  59.9"," "," 0.00","I","999.9","000000"
"42463099999","2022-11-13","25.491172","78.558422","244.14","JHANSI, IN","  69.7"," 8","  56.0"," 8","1017.6"," 8","999.9"," 0","  1.4"," 8","  0.6"," 8","  1.9","999.9","  87.3"," ","  56.3"," "," 0.00","I","999.9","000000"
"42463099999","2022-11-14","25.491172","78.558422","244.14","JHANSI, IN","  70.1"," 8","  55.6"," 8","1017.6"," 8","999.9"," 0","  1.6"," 8","  0.7"," 8","  1.9","999.9","  90.1"," ","  56.3"," "," 0.00","I","999.9","000000"
"42463099999","2022-11-15","25.491172","78.558422","244.14","JHANSI, IN","  69.9"," 8","  55.7"," 8","1017.2"," 8","999.9"," 0","  1.6"," 8","  0.4"," 8","  1.0","999.9","  90.7"," ","  55.9"," "," 0.00","I","999.9","000000"
"42463099999","2022-11-16","25.491172","78.558422","244.14","JHANSI, IN","  71.6"," 8","  57.4"," 8","1015.9"," 8","999.9"," 0","  1.4"," 8","  1.1"," 8","  1.9","999.9","  90.7"," ","  57.4"," "," 0.00","I","999.9","000000"
"42463099999","2022-11-17","25.491172","78.558422","244.14","JHANSI, IN","  67.6"," 8","  53.9"," 8","1016.8"," 8","999.9"," 0","  1.6"," 8","  0.6"," 8","  1.9","999.9","  89.6"," ","  55.4"," "," 0.00","I","999.9","000000"
"42463099999","2022-11-18","25.491172","78.558422","244.14","JHANSI, IN","  65.4"," 8","  49.5"," 8","1018.3"," 8","999.9"," 0","  1.6"," 8","  1.0"," 8","  2.9","999.9","  84.4"," ","  52.0"," "," 0.00","I","999.9","000000"
"42463099999","2022-11-19","25.491172","78.558422","244.14","JHANSI, IN","  64.4"," 8","  49.0"," 8","1017.5"," 8","999.9"," 0","  1.6"," 8","  0.8"," 8","  1.9","999.9","  82.0"," ","  50.7"," "," 0.00","I","999.9","000000"
"42463099999","2022-11-20","25.491172","78.558422","244.14","JHANSI, IN","  64.8"," 8","  54.3"," 8","1016.3"," 8","999.9"," 0","  1.3"," 8","  0.5"," 8","  1.9","999.9","  81.3"," ","  52.9"," "," 0.00","I","999.9","000000"
"42463099999","2022-11-21","25.491172","78.558422","244.14","JHANSI, IN","  66.8"," 7","  53.3"," 7","1015.9"," 7","999.9"," 0","  1.4"," 7","  0.8"," 7","  1.9","999.9","  83.8"," ","  54.5"," "," 0.00","I","999.9","000000"
"42463099999","2022-11-22","25.491172","78.558422","244.14","JHANSI, IN","  65.1"," 8","  53.2"," 8","1016.2"," 8","999.9"," 0","  1.6"," 8","  0.7"," 8","  1.9","999.9","  83.8"," ","  53.1"," "," 0.00","I","999.9","000000"
"42463099999","2022-11-23","25.491172","78.558422","244.14","JHANSI, IN","  64.5"," 8","  51.1"," 8","1016.8"," 8","999.9"," 0","  1.4"," 8","  0.5"," 8","  1.0","999.9","  85.1"," ","  51.6"," "," 0.00","I","999.9","000000"
"42463099999","2022-11-24","25.491172","78.558422","244.14","JHANSI, IN","  64.6"," 8","  49.9"," 8","1017.1"," 8","999.9"," 0","  1.6"," 8","  0.6"," 8","  2.9","999.9","  85.1"," ","  49.5"," "," 0.00","I","999.9","000000"
"42463099999","2022-11-25","25.491172","78.558422","244.14","JHANSI, IN","  65.5"," 7","  50.8"," 7","1018.2"," 7","999.9"," 0","  1.7"," 7","  0.0"," 7","999.9","999.9","  84.4"," ","  49.3"," "," 0.00","I","999.9","000000"
"42463099999","2022-11-26","25.491172","78.558422","244.14","JHANSI, IN","  63.5"," 8","  49.9"," 8","1015.1"," 8","999.9"," 0","  1.5"," 8","  1.1"," 8","  2.9","999.9","  84.2"," ","  50.0"," "," 0.00","I","999.9","000000"
"42463099999","2022-11-27","25.491172","78.558422","244.14","JHANSI, IN","  63.4"," 8","  51.5"," 8","1013.5"," 8","999.9"," 0","  1.3"," 8","  0.7"," 8","  2.9","999.9","  82.9"," ","  50.0"," "," 0.00","I","999.9","000000"
"42463099999","2022-11-28","25.491172","78.558422","244.14","JHANSI, IN","  61.5"," 7","  50.3"," 7","1015.5"," 7","999.9"," 0","  1.2"," 7","  0.4"," 7","  1.9","999.9","  82.9"," ","  50.2"," "," 0.00","I","999.9","000000"
"42463099999","2022-11-29","25.491172","78.558422","244.14","JHANSI, IN","  63.4"," 8","  52.7"," 8","1017.3"," 8","999.9"," 0","  1.7"," 8","  0.2"," 8","  1.9","999.9","  81.5"," ","  50.4"," "," 0.00","I","999.9","000000"
"42463099999","2022-11-30","25.491172","78.558422","244.14","JHANSI, IN","  61.9"," 8","  51.8"," 8","1018.3"," 8","999.9"," 0","  1.4"," 8","  0.7"," 8","  1.9","999.9","  80.1"," ","  51.3"," "," 0.00","I","999.9","000000"
"42463099999","2022-12-01","25.491172","78.558422","244.14","JHANSI, IN","  61.7"," 8","  51.5"," 8","1017.1"," 8","999.9"," 0","  1.6"," 8","  0.1"," 8","  1.0","999.9","  80.1"," ","  49.1"," "," 0.00","I","999.9","000000"
"42463099999","2022-12-02","25.491172","78.558422","244.14","JHANSI, IN","  62.1"," 8","  52.5"," 8","1016.6"," 8","999.9"," 0","  1.4"," 8","  0.2"," 8","  1.9","999.9","  79.5"," ","  50.4"," "," 0.00","I","999.9","000000"
"42463099999","2022-12-03","25.491172","78.558422","244.14","JHANSI, IN","  62.8"," 7","  53.0"," 7","1017.0"," 7","999.9"," 0","  1.3"," 7","  0.4"," 7","  1.9","999.9","  79.5"," ","  50.0"," "," 0.00","I","999.9","000000"
"42463099999","2022-12-04","25.491172","78.558422","244.14","JHANSI, IN","  62.5"," 8","  53.7"," 8","1017.7"," 8","999.9"," 0","  1.3"," 8","  0.2"," 8","  1.9","999.9","  79.0"," ","  50.2"," "," 0.00","I","999.9","000000"
"42463099999","2022-12-05","25.491172","78.558422","244.14","JHANSI, IN","  62.1"," 8","  52.7"," 8","1019.0"," 8","999.9"," 0","  1.3"," 8","  0.4"," 8","  1.9","999.9","  79.2"," ","  51.4"," "," 0.00","I","999.9","000000"
"42463099999","2022-12-06","25.491172","78.558422","244.14","JHANSI, IN","  61.5"," 8","  50.2"," 8","1018.1"," 8","999.9"," 0","  1.3"," 8","  0.2"," 8","  1.9","999.9","  78.1"," ","  49.3"," "," 0.00","I","999.9","000000"
"42463099999","2022-12-07","25.491172","78.558422","244.14","JHANSI, IN","  61.8"," 8","  49.9"," 8","1017.9"," 8","999.9"," 0","  1.3"," 8","  0.8"," 8","  1.9","999.9","  79.7"," ","  47.7"," "," 0.00","I","999.9","000000"
"42463099999","2022-12-08","25.491172","78.558422","244.14","JHANSI, IN","  61.5"," 8","  49.4"," 8","1018.4"," 8","999.9"," 0","  1.3"," 8","  0.7"," 8","  1.9","999.9","  79.7"," ","  46.6"," "," 0.00","I","999.9","000000"
"42463099999","2022-12-09","25.491172","78.558422","244.14","JHANSI, IN","  60.5"," 8","  50.2"," 8","1016.9"," 8","999.9"," 0","  1.3"," 8","  1.1"," 8","  2.9","999.9","  79.7"," ","  48.6"," "," 0.00","I","999.9","000000"
"42463099999","2022-12-10","25.491172","78.558422","244.14","JHANSI, IN","  61.1"," 8","  52.4"," 8","1017.1"," 8","999.9"," 0","  1.2"," 8","  0.6"," 8","  1.9","999.9","  77.9"," ","  48.7"," "," 0.00","I","999.9","000000"
"42463099999","2022-12-11","25.491172","78.558422","244.14","JHANSI, IN","  64.3"," 7","  54.4"," 7","1017.5"," 7","999.9"," 0","  1.3"," 7","  0.4"," 7","  1.9","999.9","  81.9"," ","  50.0"," "," 0.00","I","999.9","000000"
"42463099999","2022-12-12","25.491172","78.558422","244.14","JHANSI, IN","  65.7"," 8","  52.9"," 8","1016.7"," 8","999.9"," 0","  1.4"," 8","  0.2"," 8","  1.9","999.9","  83.1"," ","  52.9"," "," 0.00","I","999.9","000000"
"42463099999","2022-12-13","25.491172","78.558422","244.14","JHANSI, IN","  66.0"," 8","  50.3"," 8","1017.9"," 8","999.9"," 0","  1.5"," 8","  1.0"," 8","  2.9","999.9","  83.1"," ","  52.9"," "," 0.00","I","999.9","000000"
"42463099999","2022-12-14","25.491172","78.558422","244.14","JHANSI, IN","  66.7"," 6","  49.0"," 6","1018.4"," 6","999.9"," 0","  1.6"," 6","  1.3"," 6","  4.1","999.9","  81.9"," ","  53.6","*"," 0.00","I","999.9","000000"
"42463099999","2022-12-15","25.491172","78.558422","244.14","JHANSI, IN","  61.2"," 7","  51.1"," 7","1016.7"," 7","999.9"," 0","  1.2"," 7","  0.7"," 7","  1.9","999.9","  81.9"," ","  50.4"," "," 0.00","I","999.9","000000"
"42463099999","2022-12-16","25.491172","78.558422","244.14","JHANSI, IN","  63.2"," 7","  50.1"," 7","1016.9"," 7","999.9"," 0","  1.4"," 7","  0.7"," 7","  1.9","999.9","  81.1"," ","  47.3"," "," 0.00","I","999.9","000000"
"42463099999","2022-12-17","25.491172","78.558422","244.14","JHANSI, IN","  60.5"," 8","  49.9"," 8","1018.1"," 8","999.9"," 0","  1.2"," 8","  0.5"," 8","  1.9","999.9","  81.1"," ","  48.7"," "," 0.00","I","999.9","000000"
"42463099999","2022-12-18","25.491172","78.558422","244.14","JHANSI, IN","  60.2"," 8","  48.9"," 8","1018.3"," 8","999.9"," 0","  1.2"," 8","  0.2"," 8","  1.0","999.9","  79.5"," ","  45.5"," "," 0.00","I","999.9","000000"
"42463099999","2022-12-19","25.491172","78.558422","244.14","JHANSI, IN","  60.8"," 8","  50.4"," 8","1016.6"," 8","999.9"," 0","  1.1"," 8","  0.4"," 8","  1.9","999.9","  79.2"," ","  47.3"," "," 0.00","I","999.9","000000"
"42463099999","2022-12-20","25.491172","78.558422","244.14","JHANSI, IN","  60.5"," 8","  50.0"," 8","1015.7"," 8","999.9"," 0","  1.2"," 8","  0.6"," 8","  2.9","999.9","  79.2"," ","  46.8"," "," 0.00","I","999.9","000000"
"42463099999","2022-12-21","25.491172","78.558422","244.14","JHANSI, IN","  59.9"," 8","  51.1"," 8","1016.4"," 8","999.9"," 0","  0.9"," 8","  0.5"," 8","  1.9","999.9","  78.1"," ","  47.8"," "," 0.00","I","999.9","000000"
"42463099999","2022-12-22","25.491172","78.558422","244.14","JHANSI, IN","  60.5"," 8","  48.6"," 8","1015.8"," 8","999.9"," 0","  0.9"," 8","  0.7"," 8","  1.9","999.9","  75.7"," ","  48.9"," "," 0.00","I","999.9","000000"
"42463099999","2022-12-23","25.491172","78.558422","244.14","JHANSI, IN","  60.3"," 8","  50.2"," 8","1014.9"," 8","999.9"," 0","  0.9"," 8","  0.6"," 8","  1.9","999.9","  75.4"," ","  48.4"," "," 0.00","I","999.9","000000"
"42463099999","2022-12-24","25.491172","78.558422","244.14","JHANSI, IN","  60.2"," 8","  49.8"," 8","1016.8"," 8","999.9"," 0","  0.9"," 8","  1.5"," 8","  2.9","999.9","  75.4"," ","  48.7"," "," 0.00","I","999.9","000000"
"42463099999","2022-12-25","25.491172","78.558422","244.14","JHANSI, IN","  56.7"," 8","  46.0"," 8","1018.7"," 8","999.9"," 0","  1.1"," 8","  1.0"," 8","  2.9","999.9","  74.5"," ","  47.7"," "," 0.00","I","999.9","000000"
"42463099999","2022-12-26","25.491172","78.558422","244.14","JHANSI, IN","  55.7"," 8","  44.4"," 8","1020.6"," 8","999.9"," 0","  1.1"," 8","  0.4"," 8","  1.9","999.9","  70.9"," ","  41.2"," "," 0.00","I","999.9","000000"
"42463099999","2022-12-27","25.491172","78.558422","244.14","JHANSI, IN","  53.9"," 8","  44.0"," 8","1020.4"," 8","999.9"," 0","  0.9"," 8","  0.6"," 8","  2.9","999.9","  72.0"," ","  42.8"," "," 0.00","I","999.9","000000"
"42463099999","2022-12-28","25.491172","78.558422","244.14","JHANSI, IN","  58.3"," 8","  45.7"," 8","1020.7"," 8","999.9"," 0","  1.2"," 8","  1.8"," 8","  5.1","999.9","  79.0"," ","  44.1"," "," 0.00","I","999.9","000000"
"42463099999","2022-12-29","25.491172","78.558422","244.14","JHANSI, IN","  60.9"," 8","  46.9"," 8","1020.5"," 8","999.9"," 0","  1.5"," 8","  0.6"," 8","  1.9","999.9","  81.0"," ","  46.6"," "," 0.00","I","999.9","000000"
"42463099999","2022-12-30","25.491172","78.558422","244.14","JHANSI, IN","  64.7"," 8","  52.3"," 8","1019.9"," 8","999.9"," 0","  1.5"," 8","  0.6"," 8","  1.9","999.9","  83.8"," ","  52.5"," "," 0.00","I","999.9","000000"
"42463099999","2022-12-31","25.491172","78.558422","244.14","JHANSI, IN","  55.8"," 8","  50.7"," 8","1022.1"," 8","999.9"," 0","  0.6"," 8","  1.5"," 8","  4.1","999.9","  83.8"," ","  45.7","*"," 0.00","I","999.9","100000"
