"STATION","DATE","LATITUDE","LONGITUDE","ELEVATION","NAME","TEMP","TEMP_ATTRIBUTES","DEWP","DEWP_ATTRIBUTES","SLP","SLP_ATTRIBUTES","STP","STP_ATTRIBUTES","VISIB","VISIB_ATTRIBUTES","WDSP","WDSP_ATTRIBUTES","MXSPD","GUST","MAX","MAX_ATTRIBUTES","MIN","MIN_ATTRIBUTES","PRCP","PRCP_ATTRIBUTES","SNDP","FRSHTT"
"71149099999","2022-01-08","50.7166666","-99.5333333","351.0","MC CREARY, CA","  -1.8"," 5"," -10.7"," 5","1004.6"," 5","959.6"," 5","999.9"," 0","  8.0"," 5"," 14.0","999.9","   1.2"," "," -18.6"," "," 0.19","G"," 10.2","000000"
"71149099999","2022-01-09","50.7166666","-99.5333333","351.0","MC CREARY, CA","  -7.9"," 8"," -20.7"," 8","1027.5"," 8","981.5"," 8","999.9"," 0","  9.5"," 8"," 12.0","999.9","   2.3"," "," -15.3"," "," 0.00","G","  9.8","000000"
"71149099999","2022-01-10","50.7166666","-99.5333333","351.0","MC CREARY, CA","  -5.8"," 8"," -17.3"," 8","1035.0"," 8","988.6"," 8","999.9"," 0","  4.7"," 8"," 11.1","999.9","   3.6","*"," -14.6","*"," 0.00","G"," 10.2","000000"
"71149099999","2022-01-11","50.7166666","-99.5333333","351.0","MC CREARY, CA","  12.5"," 8","   4.6"," 8","1012.4"," 8","967.7"," 8","999.9"," 0","  7.3"," 8"," 15.9","999.9","  36.5","*","   1.0","*"," 0.01","G"," 10.2","000000"
"71149099999","2022-01-12","50.7166666","-99.5333333","351.0","MC CREARY, CA","  14.7"," 8","   9.7"," 8","1014.7"," 8","970.6"," 8","999.9"," 0","  5.2"," 8","  6.0","999.9","  38.7"," ","   1.2"," "," 0.00","G","  9.8","000000"
"71149099999","2022-01-13","50.7166666","-99.5333333","351.0","MC CREARY, CA","  17.0"," 8","  11.9"," 8","1020.1"," 8","975.9"," 8","999.9"," 0","  6.8"," 8"," 11.1","999.9","  34.9"," ","   6.4"," "," 0.00","G","  9.8","000000"
"71149099999","2022-01-14","50.7166666","-99.5333333","351.0","MC CREARY, CA","   3.0"," 8","  -2.5"," 8","1030.8"," 8","985.3"," 8","999.9"," 0","  3.0"," 8","  6.0","999.9","   5.5","*","   0.5","*"," 0.08","G"," 10.2","000000"
"71149099999","2022-01-15","50.7166666","-99.5333333","351.0","MC CREARY, CA","  17.4"," 8","  11.1"," 8","1024.7"," 8","979.9"," 8","999.9"," 0","  4.2"," 8","  8.0","999.9","  28.4"," ","  -0.6"," "," 0.00","G"," 10.6","000000"
"71149099999","2022-01-16","50.7166666","-99.5333333","351.0","MC CREARY, CA","  30.4"," 8","  23.7"," 8","1008.4"," 8","965.2"," 8","999.9"," 0","  9.1"," 8"," 13.0","999.9","  38.1"," ","  14.4"," "," 0.00","G","  9.8","000000"
"71149099999","2022-01-17","50.7166666","-99.5333333","351.0","MC CREARY, CA","  18.1"," 8","  13.3"," 8","1012.3"," 8","968.6"," 8","999.9"," 0","  7.1"," 8"," 13.0","999.9","  37.6"," ","   5.7"," "," 0.00","G","  9.8","000000"
"71149099999","2022-01-18","50.7166666","-99.5333333","351.0","MC CREARY, CA","   2.5"," 8","  -2.8"," 8","1009.5"," 8","964.9"," 8","999.9"," 0","  8.7"," 8"," 15.9","999.9","   5.5","*","  -2.4","*"," 0.43","G"," 14.2","000000"
"71149099999","2022-01-19","50.7166666","-99.5333333","351.0","MC CREARY, CA","  -7.0"," 8"," -15.4"," 8","1031.6"," 8","985.4"," 8","999.9"," 0","  9.4"," 8"," 15.0","999.9","   4.5"," "," -15.0"," "," 0.00","G"," 13.4","000000"
"71149099999","2022-01-20","50.7166666","-99.5333333","351.0","MC CREARY, CA"," -11.4"," 7"," -21.0"," 7","1035.6"," 7","988.8"," 7","999.9"," 0","  3.5"," 7","  8.9","999.9","  10.2","*"," -21.5","*"," 0.00","G"," 13.0","000000"
"71149099999","2022-01-21","50.7166666","-99.5333333","351.0","MC CREARY, CA","  17.8"," 8","   9.6"," 8","1008.6"," 8","964.5"," 8","999.9"," 0"," 10.5"," 8"," 17.1","999.9","  28.4","*","   4.1","*"," 0.02","G"," 13.0","000000"
"71149099999","2022-01-22","50.7166666","-99.5333333","351.0","MC CREARY, CA","  -3.0"," 8"," -11.5"," 8","1023.0"," 8","977.8"," 8","999.9"," 0","  6.1"," 8"," 11.1","999.9","   3.9","*","  -9.0","*"," 0.03","G"," 14.2","000000"
"71149099999","2022-01-23","50.7166666","-99.5333333","351.0","MC CREARY, CA","  -7.3"," 8"," -12.4"," 8","1018.8"," 8","973.0"," 8","999.9"," 0","  4.3"," 8","  6.0","999.9","   4.6"," "," -22.2"," "," 0.00","G"," 14.2","000000"
"71149099999","2022-01-24","50.7166666","-99.5333333","351.0","MC CREARY, CA","  -3.7"," 8"," -10.4"," 8","1018.4"," 8","973.0"," 8","999.9"," 0","  6.5"," 8","  8.9","999.9","   4.6"," "," -20.7"," "," 0.00","G"," 13.8","000000"
"71149099999","2022-01-25","50.7166666","-99.5333333","351.0","MC CREARY, CA","  -9.8"," 8"," -18.2"," 8","1029.2"," 8","983.0"," 8","999.9"," 0","  5.0"," 8","  9.9","999.9","   0.1"," "," -25.8"," "," 0.00","G"," 14.2","000000"
"71149099999","2022-01-26","50.7166666","-99.5333333","351.0","MC CREARY, CA","  16.6"," 8","   6.4"," 8","1005.2"," 8","961.0"," 8","999.9"," 0"," 12.6"," 8"," 25.1","999.9","  34.0","*","  -0.8","*"," 0.03","G"," 13.0","000000"
"71149099999","2022-01-27","50.7166666","-99.5333333","351.0","MC CREARY, CA","   8.9"," 8","   1.3"," 8","1023.3"," 8","978.7"," 8","999.9"," 0","  8.4"," 8"," 13.0","999.9","  34.2"," ","  -2.9"," "," 0.07","G"," 11.4","000000"
"71149099999","2022-01-28","50.7166666","-99.5333333","351.0","MC CREARY, CA","   7.8"," 8","   0.7"," 8","1027.3"," 8","982.0"," 8","999.9"," 0","  5.2"," 8","  9.9","999.9","  15.4"," ","  -2.9"," "," 0.00","G"," 11.8","000000"
"71149099999","2022-01-29","50.7166666","-99.5333333","351.0","MC CREARY, CA","  12.4"," 8","   7.8"," 8","1015.5"," 8","971.1"," 8","999.9"," 0","  7.3"," 8","  9.9","999.9","  17.8"," ","   6.8"," "," 0.00","G"," 11.8","000000"
"71149099999","2022-01-30","50.7166666","-99.5333333","351.0","MC CREARY, CA","   8.3"," 8","   3.3"," 8","1017.5"," 8","972.8"," 8","999.9"," 0","  4.8"," 8","  7.0","999.9","  19.2","*","  -7.2","*"," 0.00","G"," 12.2","000000"
"71149099999","2022-01-31","50.7166666","-99.5333333","351.0","MC CREARY, CA","  11.0"," 8","   7.7"," 8","1004.7"," 8","960.7"," 8","999.9"," 0","  3.3"," 8","  8.0","999.9","  21.7"," ","  -7.6"," "," 0.00","G"," 11.8","000000"
"71149099999","2022-02-01","50.7166666","-99.5333333","351.0","MC CREARY, CA","   7.8"," 8","   1.6"," 8","1006.8"," 8","962.7"," 8","999.9"," 0"," 14.0"," 8"," 20.0","999.9","  18.1"," ","  -0.4"," "," 0.08","G"," 11.0","000000"
"71149099999","2022-02-02","50.7166666","-99.5333333","351.0","MC CREARY, CA","  -8.9"," 8"," -20.1"," 8","1033.9"," 8","987.6"," 8","999.9"," 0","  8.0"," 8"," 11.1","999.9","  12.2"," "," -14.8"," "," 0.00","G"," 10.6","000000"
"71149099999","2022-02-03","50.7166666","-99.5333333","351.0","MC CREARY, CA"," -15.5"," 8"," -25.9"," 8","1035.9"," 8","988.9"," 8","999.9"," 0","  3.7"," 8"," 11.1","999.9","  -4.9"," "," -27.9"," "," 0.00","G"," 10.6","000000"
"71149099999","2022-02-04","50.7166666","-99.5333333","351.0","MC CREARY, CA"," -10.4"," 8"," -18.2"," 8","1033.3"," 8","986.7"," 8","999.9"," 0","  6.3"," 8"," 11.1","999.9","  -4.4"," "," -27.9"," "," 0.01","G"," 11.0","000000"
"71149099999","2022-02-05","50.7166666","-99.5333333","351.0","MC CREARY, CA","  -4.8"," 8"," -11.3"," 8","1018.7"," 8","973.1"," 8","999.9"," 0","  6.0"," 8","  9.9","999.9","  -1.3","*","  -7.6","*"," 0.06","G"," 11.8","000000"
"71149099999","2022-02-06","50.7166666","-99.5333333","351.0","MC CREARY, CA","  -2.9"," 7"," -10.5"," 7","1024.6"," 7","978.9"," 7","999.9"," 0","  6.0"," 7","  8.0","999.9","   1.9","*","  -7.2","*"," 0.00","G"," 11.8","000000"
"71149099999","2022-02-07","50.7166666","-99.5333333","351.0","MC CREARY, CA","  12.5"," 8","   5.4"," 8","1014.9"," 8","970.2"," 8","999.9"," 0","  4.6"," 8","  8.0","999.9","  39.2"," ","  -8.1"," "," 0.00","G"," 11.8","000000"
"71149099999","2022-02-08","50.7166666","-99.5333333","351.0","MC CREARY, CA","  35.7"," 8","  26.4"," 8"," 999.8"," 8","957.0"," 8","999.9"," 0"," 12.5"," 8"," 15.9","999.9","  39.6","*","  30.2","*"," 0.00","G"," 11.4","000000"
"71149099999","2022-02-09","50.7166666","-99.5333333","351.0","MC CREARY, CA","  21.3"," 8","  14.2"," 8","1012.6"," 8","969.2"," 8","999.9"," 0"," 10.7"," 8"," 14.0","999.9","  40.3"," ","  11.7"," "," 0.01","G"," 10.6","000000"
"71149099999","2022-02-10","50.7166666","-99.5333333","351.0","MC CREARY, CA","  23.9"," 8","  18.6"," 8","1004.9"," 7","959.2"," 8","999.9"," 0","  7.6"," 8"," 17.1","999.9","  41.5"," ","   9.1"," "," 0.03","G"," 10.6","000000"
"71149099999","2022-02-11","50.7166666","-99.5333333","351.0","MC CREARY, CA","  -1.6"," 8","  -9.6"," 8","1018.0"," 8","973.3"," 8","999.9"," 0"," 14.3"," 8"," 18.1","999.9","  26.4","*"," -13.7","*"," 0.00","G","  9.8","000000"
"71149099999","2022-02-12","50.7166666","-99.5333333","351.0","MC CREARY, CA","  -7.7"," 8"," -17.8"," 8","1032.5"," 8","986.0"," 8","999.9"," 0","  6.1"," 8"," 13.0","999.9","   1.0"," "," -21.5"," "," 0.00","G","  9.8","000000"
"71149099999","2022-02-13","50.7166666","-99.5333333","351.0","MC CREARY, CA","  -5.5"," 8"," -12.7"," 8","1026.3"," 8","980.3"," 8","999.9"," 0","  7.3"," 8"," 12.0","999.9","   2.7"," "," -18.2"," "," 0.11","G","  9.8","000000"
"71149099999","2022-02-14","50.7166666","-99.5333333","351.0","MC CREARY, CA","  -3.0"," 7","  -8.2"," 7","1027.7"," 7","981.9"," 7","999.9"," 0","  4.6"," 7","  6.0","999.9","   4.5"," "," -15.7"," "," 0.01","G","999.9","000000"
"71149099999","2022-02-15","50.7166666","-99.5333333","351.0","MC CREARY, CA","  -4.2"," 8","  -9.4"," 8","1023.7"," 8","977.9"," 8","999.9"," 0","  5.1"," 8","  9.9","999.9","   4.5"," "," -13.7"," "," 0.08","G"," 11.8","000000"
"71149099999","2022-02-16","50.7166666","-99.5333333","351.0","MC CREARY, CA","   4.5"," 8","  -5.1"," 8","1013.5"," 8","968.7"," 8","999.9"," 0","  9.0"," 8"," 13.0","999.9","  14.9"," ","  -9.4"," "," 0.03","G"," 13.4","000000"
"71149099999","2022-02-17","50.7166666","-99.5333333","351.0","MC CREARY, CA"," -12.1"," 8"," -22.0"," 8","1029.4"," 8","983.1"," 8","999.9"," 0","  6.2"," 8"," 12.0","999.9","  -2.6","*"," -24.3","*"," 0.00","G"," 12.6","000000"
"71149099999","2022-02-18","50.7166666","-99.5333333","351.0","MC CREARY, CA","  -6.6"," 8"," -14.5"," 8","1013.8"," 8","968.2"," 8","999.9"," 0"," 11.0"," 8"," 17.1","999.9","   3.4","*"," -10.5","*"," 0.11","G"," 13.8","000000"
"71149099999","2022-02-19","50.7166666","-99.5333333","351.0","MC CREARY, CA","   3.2"," 8","  -7.0"," 8","1016.3"," 8","971.2"," 8","999.9"," 0","  7.2"," 8"," 11.1","999.9","  23.7","*","  -5.3","*"," 0.03","G"," 11.8","000000"
"71149099999","2022-02-20","50.7166666","-99.5333333","351.0","MC CREARY, CA","   0.6"," 8","  -6.9"," 8","1011.6"," 8","967.0"," 8","999.9"," 0"," 10.1"," 8"," 14.0","999.9","  27.9"," "," -11.4"," "," 0.00","G"," 11.4","000000"
"71149099999","2022-02-21","50.7166666","-99.5333333","351.0","MC CREARY, CA"," -13.8"," 8"," -24.9"," 8","1036.7"," 8","989.9"," 8","999.9"," 0","  6.3"," 8","  8.0","999.9"," -10.8","*"," -17.1","*"," 0.00","G"," 11.0","000000"
"71149099999","2022-02-22","50.7166666","-99.5333333","351.0","MC CREARY, CA"," -13.8"," 8"," -25.3"," 8","1042.9"," 8","995.6"," 8","999.9"," 0","  5.4"," 8","  8.9","999.9","  -7.8","*"," -17.3","*"," 0.00","G"," 11.0","000000"
"71149099999","2022-02-23","50.7166666","-99.5333333","351.0","MC CREARY, CA","  -7.2"," 8"," -18.5"," 8","1039.5"," 8","992.8"," 8","999.9"," 0","  6.5"," 8","  8.9","999.9","   1.6"," "," -22.0"," "," 0.00","G"," 11.0","000000"
"71149099999","2022-02-24","50.7166666","-99.5333333","351.0","MC CREARY, CA","  -5.2"," 8"," -15.7"," 8","1034.8"," 8","988.5"," 8","999.9"," 0","  3.1"," 8","  4.1","999.9","   9.1","*"," -19.7","*"," 0.00","G"," 11.0","000000"
"71149099999","2022-02-25","50.7166666","-99.5333333","351.0","MC CREARY, CA","   5.0"," 8","  -9.6"," 8","1028.5"," 8","982.9"," 8","999.9"," 0","  4.2"," 8","  6.0","999.9","  15.8","*","  -5.1","*"," 0.00","G"," 11.0","000000"
"71149099999","2022-02-26","50.7166666","-99.5333333","351.0","MC CREARY, CA","  18.1"," 8","   7.6"," 8","1016.2"," 8","971.9"," 8","999.9"," 0","  9.9"," 8"," 21.0","999.9","  24.8","*","   8.6","*"," 0.01","G"," 11.0","000000"
"71149099999","2022-02-27","50.7166666","-99.5333333","351.0","MC CREARY, CA","  13.4"," 8","   4.5"," 8","1023.7"," 8","979.2"," 8","999.9"," 0","  3.2"," 8","  5.1","999.9","  28.8"," ","   8.6"," "," 0.00","G"," 11.0","000000"
"71149099999","2022-02-28","50.7166666","-99.5333333","351.0","MC CREARY, CA","   7.5"," 8","   1.7"," 8","1021.2"," 8","976.3"," 8","999.9"," 0","  3.3"," 8","  6.0","999.9","  17.2"," ","   5.4"," "," 0.13","G"," 12.6","000000"
"71149099999","2022-03-01","50.7166666","-99.5333333","351.0","MC CREARY, CA","   7.2"," 8","   0.7"," 8","1020.8"," 8","975.9"," 8","999.9"," 0","  2.8"," 8","  4.1","999.9","  18.0","*","  -2.7","*"," 0.00","G"," 12.2","000000"
"71149099999","2022-03-02","50.7166666","-99.5333333","351.0","MC CREARY, CA","   7.5"," 8","  -0.3"," 8","1027.9"," 8","982.9"," 8","999.9"," 0","  6.6"," 8"," 11.1","999.9","  19.4"," ","  -7.1"," "," 0.00","G"," 12.6","000000"
"71149099999","2022-03-03","50.7166666","-99.5333333","351.0","MC CREARY, CA","  -3.1"," 8"," -14.9"," 8","1034.7"," 8","988.5"," 8","999.9"," 0","  2.7"," 8","  6.0","999.9","  16.3"," "," -15.7"," "," 0.00","G"," 12.6","000000"
"71149099999","2022-03-04","50.7166666","-99.5333333","351.0","MC CREARY, CA","  10.2"," 8","   1.4"," 8","1028.9"," 8","983.7"," 8","999.9"," 0","  2.4"," 8","  5.1","999.9","  14.9","*","   4.5","*"," 0.02","G"," 12.6","000000"
"71149099999","2022-03-05","50.7166666","-99.5333333","351.0","MC CREARY, CA","  15.0"," 8","  10.4"," 8","1021.4"," 8","976.8"," 8","999.9"," 0","  4.2"," 8","  6.0","999.9","  18.3","*","  13.6","*"," 0.07","G"," 13.0","000000"
"71149099999","2022-03-06","50.7166666","-99.5333333","351.0","MC CREARY, CA","  19.0"," 8","   9.3"," 8","1019.9"," 8","975.6"," 8","999.9"," 0","  8.1"," 8","  9.9","999.9","  25.7","*","  16.2","*"," 0.03","G"," 14.6","000000"
"71149099999","2022-03-07","50.7166666","-99.5333333","351.0","MC CREARY, CA","  18.7"," 8","   6.9"," 8","1020.3"," 8","976.1"," 8","999.9"," 0","  4.6"," 8","  7.0","999.9","  31.6","*","   7.0","*"," 0.00","G"," 13.8","000000"
"71149099999","2022-03-08","50.7166666","-99.5333333","351.0","MC CREARY, CA","  21.2"," 8","  12.6"," 8","1008.6"," 8","965.1"," 8","999.9"," 0"," 12.2"," 8"," 19.0","999.9","  32.5"," ","   6.1"," "," 0.00","G"," 13.4","000000"
"71149099999","2022-03-09","50.7166666","-99.5333333","351.0","MC CREARY, CA","   4.6"," 8","  -7.7"," 8","1022.2"," 8","977.2"," 8","999.9"," 0","  8.1"," 8"," 11.1","999.9","  10.2","*","  -3.6","*"," 0.00","G"," 13.0","000000"
"71149099999","2022-03-10","50.7166666","-99.5333333","351.0","MC CREARY, CA","   3.9"," 8","  -7.8"," 8","1015.2"," 8","970.3"," 8","999.9"," 0","  6.8"," 8","  9.9","999.9","  13.1","*","  -1.8","*"," 0.00","G"," 13.0","000000"
"71149099999","2022-03-11","50.7166666","-99.5333333","351.0","MC CREARY, CA","   0.2"," 8"," -11.5"," 8","1020.5"," 8","975.2"," 8","999.9"," 0"," 12.0"," 8"," 18.1","999.9","  14.2"," ","  -8.5"," "," 0.01","G"," 13.0","000000"
"71149099999","2022-03-12","50.7166666","-99.5333333","351.0","MC CREARY, CA","   7.7"," 8","  -7.9"," 8","1013.9"," 8","969.1"," 8","999.9"," 0","  5.5"," 8"," 11.1","999.9","  24.8","*","  -0.9","*"," 0.00","G"," 13.0","000000"
"71149099999","2022-03-13","50.7166666","-99.5333333","351.0","MC CREARY, CA","  17.3"," 8","   6.5"," 8","1009.6"," 8","965.7"," 8","999.9"," 0","  7.5"," 8"," 11.1","999.9","  31.5","*","  10.8","*"," 0.00","G"," 13.4","000000"
"71149099999","2022-03-14","50.7166666","-99.5333333","351.0","MC CREARY, CA","  17.5"," 8","   9.7"," 8","1020.5"," 8","976.2"," 8","999.9"," 0","  6.0"," 8"," 11.1","999.9","  22.6"," ","  10.4"," "," 0.01","G"," 12.6","000000"
"71149099999","2022-03-15","50.7166666","-99.5333333","351.0","MC CREARY, CA","  18.6"," 8","  15.4"," 8","1014.5"," 8","970.4"," 8","999.9"," 0","  5.9"," 8"," 11.1","999.9","  27.5","*","  13.1","*"," 0.00","G"," 13.0","000000"
"71149099999","2022-03-16","50.7166666","-99.5333333","351.0","MC CREARY, CA","  30.1"," 8","  27.9"," 8","1006.9"," 8","963.7"," 8","999.9"," 0","  3.5"," 8","  7.0","999.9","  35.6","*","  28.2","*"," 0.05","G"," 13.4","000000"
"71149099999","2022-03-17","50.7166666","-99.5333333","351.0","MC CREARY, CA","  33.7"," 8","  28.1"," 8","1014.3"," 8","971.0"," 8","999.9"," 0","  4.6"," 8","  7.0","999.9","  39.7"," ","  27.9"," "," 0.00","G"," 13.0","000000"
"71149099999","2022-03-18","50.7166666","-99.5333333","351.0","MC CREARY, CA","  37.8"," 8","  25.9"," 8","1015.9"," 8","972.7"," 8","999.9"," 0","  6.4"," 8"," 13.0","999.9","  48.6"," ","  26.4"," "," 0.00","G"," 12.2","000000"
"71149099999","2022-03-19","50.7166666","-99.5333333","351.0","MC CREARY, CA","  40.4"," 8","  25.3"," 8","1011.5"," 8","968.8"," 8","999.9"," 0","  7.1"," 8"," 15.0","999.9","  49.5"," ","  29.7"," "," 0.00","G"," 11.0","000000"
"71149099999","2022-03-20","50.7166666","-99.5333333","351.0","MC CREARY, CA","  38.8"," 8","  24.9"," 8","1013.9"," 8","971.0"," 8","999.9"," 0","  3.8"," 8","  6.0","999.9","  48.6"," ","  31.6"," "," 0.00","G","  9.4","000000"
"71149099999","2022-03-21","50.7166666","-99.5333333","351.0","MC CREARY, CA","  37.6"," 8","  30.1"," 8","1015.2"," 8","972.2"," 8","999.9"," 0","  5.9"," 8"," 11.1","999.9","  43.0"," ","  31.6"," "," 0.11","G","  8.3","000000"
"71149099999","2022-03-22","50.7166666","-99.5333333","351.0","MC CREARY, CA","  36.1"," 8","  28.5"," 8","1015.0"," 8","971.9"," 8","999.9"," 0","  7.0"," 8"," 12.0","999.9","  39.9"," ","  32.4"," "," 0.09","G","  7.9","000000"
"71149099999","2022-03-23","50.7166666","-99.5333333","351.0","MC CREARY, CA","  32.5"," 8","  25.1"," 8","1022.8"," 8","979.2"," 8","999.9"," 0","  4.9"," 8","  6.0","999.9","  40.1"," ","  24.1"," "," 0.00","G","  7.1","000000"
"71149099999","2022-03-24","50.7166666","-99.5333333","351.0","MC CREARY, CA","  37.2"," 8","  25.9"," 8","1010.1"," 8","967.2"," 8","999.9"," 0","  8.2"," 8"," 21.0","999.9","  45.3","*","  30.6","*"," 0.00","G","  5.9","000000"
"71149099999","2022-03-25","50.7166666","-99.5333333","351.0","MC CREARY, CA","  28.3"," 8","  18.6"," 8","1013.3"," 8","970.1"," 8","999.9"," 0"," 14.6"," 8"," 18.1","999.9","  50.2"," ","  17.1"," "," 0.01","G","  4.3","000000"
"71149099999","2022-03-26","50.7166666","-99.5333333","351.0","MC CREARY, CA","  10.3"," 8","  -3.7"," 8","1029.8"," 8","984.9"," 8","999.9"," 0","  9.0"," 8"," 13.0","999.9","  30.6"," ","   3.9"," "," 0.00","G","  3.9","000000"
"71149099999","2022-03-27","50.7166666","-99.5333333","351.0","MC CREARY, CA","   6.4"," 8","  -5.7"," 8","1031.8"," 8","986.3"," 8","999.9"," 0","  5.2"," 8","  9.9","999.9","  19.4","*","  -2.9","*"," 0.00","G","  3.9","000000"
"71149099999","2022-03-28","50.7166666","-99.5333333","351.0","MC CREARY, CA","  19.7"," 8","  11.0"," 8","1021.4"," 8","977.0"," 8","999.9"," 0","  9.7"," 8"," 13.0","999.9","  30.6","*","  14.5","*"," 0.00","G","  3.9","000000"
"71149099999","2022-03-29","50.7166666","-99.5333333","351.0","MC CREARY, CA","  30.4"," 8","  25.1"," 8","1008.9"," 8","965.6"," 8","999.9"," 0","  6.1"," 8","  8.0","999.9","  32.7"," ","  14.4"," "," 0.13","G","  3.9","000000"
"71149099999","2022-03-30","50.7166666","-99.5333333","351.0","MC CREARY, CA","  26.8"," 8","  19.6"," 8","1013.9"," 8","970.4"," 8","999.9"," 0","  9.9"," 8"," 11.1","999.9","  31.6"," ","  23.7"," "," 0.15","G","  7.1","000000"
"71149099999","2022-03-31","50.7166666","-99.5333333","351.0","MC CREARY, CA","  24.4"," 8","  14.1"," 8","1012.7"," 8","969.1"," 8","999.9"," 0","  5.3"," 8"," 12.0","999.9","  36.0","*","  10.9","*"," 0.00","G","  5.5","000000"
"71149099999","2022-04-01","50.7166666","-99.5333333","351.0","MC CREARY, CA","  36.5"," 8","  26.8"," 8","1005.7"," 8","962.8"," 8","999.9"," 0","  8.7"," 8"," 12.0","999.9","  39.6","*","  32.4","*"," 0.00","G","  4.7","000000"
"71149099999","2022-04-02","50.7166666","-99.5333333","351.0","MC CREARY, CA","  31.3"," 8","  22.1"," 8","1014.1"," 8","970.9"," 8","999.9"," 0","  9.3"," 8"," 15.9","999.9","  40.8"," ","  26.6"," "," 0.00","G","999.9","000000"
"71149099999","2022-04-03","50.7166666","-99.5333333","351.0","MC CREARY, CA","  27.7"," 8","  21.6"," 8","1018.7"," 8","975.0"," 8","999.9"," 0","  3.7"," 8","  7.0","999.9","  35.4","*","  19.4","*"," 0.00","G","  4.3","000000"
"71149099999","2022-04-04","50.7166666","-99.5333333","351.0","MC CREARY, CA","  33.5"," 8","  29.0"," 8","1011.4"," 8","968.2"," 8","999.9"," 0","  5.5"," 8","  8.0","999.9","  39.4"," ","  18.0"," "," 0.00","G","  3.9","000000"
"71149099999","2022-04-05","50.7166666","-99.5333333","351.0","MC CREARY, CA","  35.7"," 8","  32.2"," 8","1000.4"," 8","957.8"," 8","999.9"," 0","  5.8"," 8","  8.0","999.9","  43.0"," ","  25.9"," "," 0.00","G","  1.6","000000"
"71149099999","2022-04-06","50.7166666","-99.5333333","351.0","MC CREARY, CA","  34.0"," 8","  29.8"," 8","1009.8"," 8","966.8"," 8","999.9"," 0"," 10.1"," 8"," 15.9","999.9","  37.2"," ","  30.9"," "," 0.01","G","  0.8","000000"
"71149099999","2022-04-07","50.7166666","-99.5333333","351.0","MC CREARY, CA","  33.0"," 7","  28.3"," 7","1022.2"," 7","978.6"," 7","999.9"," 0"," 13.0"," 7"," 15.0","999.9","  38.7","*","  30.0","*"," 0.11","G","999.9","000000"
"71149099999","2022-04-08","50.7166666","-99.5333333","351.0","MC CREARY, CA","  34.7"," 8","  19.7"," 8","1027.3"," 8","983.6"," 8","999.9"," 0","  6.7"," 8"," 11.1","999.9","  43.7","*","  27.1","*"," 0.00","G","  2.0","000000"
"71149099999","2022-04-09","50.7166666","-99.5333333","351.0","MC CREARY, CA","  37.9"," 8","  23.5"," 8","1008.2"," 8","965.4"," 8","999.9"," 0","  7.2"," 8","  8.9","999.9","  48.0","*","  33.8","*"," 0.00","G","  0.4","000000"
"71149099999","2022-04-10","50.7166666","-99.5333333","351.0","MC CREARY, CA","  42.4"," 8","  28.4"," 8","1002.0"," 8","959.8"," 8","999.9"," 0","  9.2"," 8"," 12.4","999.9","  50.4"," ","  31.6"," "," 0.00","G","999.9","000000"
"71149099999","2022-04-11","50.7166666","-99.5333333","351.0","MC CREARY, CA","  32.6"," 8","  21.5"," 8","1004.1"," 8","961.4"," 8","999.9"," 0","  7.6"," 8"," 18.1","999.9","  48.6"," ","  28.2"," "," 0.00","G","999.9","000000"
"71149099999","2022-04-12","50.7166666","-99.5333333","351.0","MC CREARY, CA","  24.5"," 7","  12.6"," 7","1014.6"," 7","971.0"," 7","999.9"," 0","  6.9"," 7"," 10.1","999.9","  37.0"," ","  19.4"," "," 0.00","G","999.9","000000"
"71149099999","2022-04-13","50.7166666","-99.5333333","351.0","MC CREARY, CA","  26.4"," 8","  20.8"," 8","1014.5"," 8","970.8"," 8","999.9"," 0"," 12.4"," 8"," 20.0","999.9","  30.6"," ","  20.3"," "," 0.02","G","999.9","000000"
"71149099999","2022-04-14","50.7166666","-99.5333333","351.0","MC CREARY, CA","  19.5"," 8","  17.2"," 8","1006.3"," 8","962.9"," 8","999.9"," 0"," 13.1"," 8"," 17.1","999.9","  27.0","*","  10.9","*"," 0.39","G","  9.1","000000"
"71149099999","2022-04-15","50.7166666","-99.5333333","351.0","MC CREARY, CA","  14.6"," 8","   6.7"," 8","1013.7"," 8","969.5"," 8","999.9"," 0"," 13.4"," 8"," 17.1","999.9","  23.7"," ","  12.0"," "," 0.08","G"," 12.6","000000"
"71149099999","2022-04-16","50.7166666","-99.5333333","351.0","MC CREARY, CA","  20.7"," 8","   3.4"," 8","1025.3"," 8","980.8"," 8","999.9"," 0","  7.5"," 8"," 11.1","999.9","  26.1","*","  15.1","*"," 0.00","G","  7.9","000000"
"71149099999","2022-04-17","50.7166666","-99.5333333","351.0","MC CREARY, CA","  18.5"," 8","   8.2"," 8","1026.3"," 8","981.8"," 8","999.9"," 0","  3.1"," 8","  6.0","999.9","  27.7"," ","   9.3"," "," 0.01","G","  7.5","000000"
"71149099999","2022-04-18","50.7166666","-99.5333333","351.0","MC CREARY, CA","  25.1"," 8","  11.3"," 8","1027.8"," 8","983.4"," 8","999.9"," 0","  5.5"," 8","  8.0","999.9","  34.3","*","  17.1","*"," 0.04","G","  7.9","000000"
"71149099999","2022-04-19","50.7166666","-99.5333333","351.0","MC CREARY, CA","  27.9"," 8","  13.3"," 8","1022.6"," 8","978.7"," 8","999.9"," 0","  6.9"," 8"," 11.1","999.9","  35.4"," ","  16.3"," "," 0.00","G","  6.7","000000"
"71149099999","2022-04-20","50.7166666","-99.5333333","351.0","MC CREARY, CA","  32.9"," 8","  27.5"," 8","1007.3"," 8","964.2"," 8","999.9"," 0","  5.4"," 8","  7.0","999.9","  41.2","*","  30.0","*"," 0.17","G","  8.3","000000"
"71149099999","2022-04-21","50.7166666","-99.5333333","351.0","MC CREARY, CA","  32.9"," 8","  25.6"," 8","1016.6"," 8","973.3"," 8","999.9"," 0","  8.6"," 8"," 14.0","999.9","  42.4"," ","  29.5"," "," 0.07","G","  4.7","000000"
"71149099999","2022-04-22","50.7166666","-99.5333333","351.0","MC CREARY, CA","  33.3"," 8","  27.6"," 8","1024.0"," 8","980.4"," 8","999.9"," 0","  4.0"," 8","  6.0","999.9","  39.7"," ","  29.5"," "," 0.12","G","  3.5","000000"
"71149099999","2022-04-23","50.7166666","-99.5333333","351.0","MC CREARY, CA","  33.4"," 8","  32.8"," 8","1013.6"," 8","970.4"," 8","999.9"," 0","  8.9"," 8"," 14.0","999.9","  35.1"," ","  30.4"," "," 0.69","G","  3.5","000000"
"71149099999","2022-04-24","50.7166666","-99.5333333","351.0","MC CREARY, CA","  29.8"," 8","  29.0"," 8","1009.7"," 8","966.5"," 8","999.9"," 0"," 16.3"," 8"," 19.0","999.9","  32.2","*","  25.7","*"," 0.71","G"," 10.2","000000"
"71149099999","2022-05-18","50.7166666","-99.5333333","351.0","MC CREARY, CA","  47.4"," 8","  45.5"," 8","1010.1"," 6","967.8"," 8","999.9"," 0","  4.6"," 8","  8.0","999.9","  50.4","*","  46.0","*"," 0.45","C","999.9","000000"
"71149099999","2022-05-19","50.7166666","-99.5333333","351.0","MC CREARY, CA","  44.9"," 7","  38.0"," 7","1003.7"," 7","961.5"," 7","999.9"," 0","  3.4"," 7","  7.0","999.9","  53.4"," ","  39.0"," "," 0.01","G","999.9","000000"
"71149099999","2022-05-20","50.7166666","-99.5333333","351.0","MC CREARY, CA","  37.8"," 8","  32.5"," 8","1002.4"," 8","960.0"," 8","999.9"," 0"," 10.7"," 8"," 14.0","999.9","  47.7"," ","  33.3"," "," 1.08","G","999.9","000000"
"71149099999","2022-05-21","50.7166666","-99.5333333","351.0","MC CREARY, CA","  40.1"," 8","  29.8"," 8","1018.8"," 8","975.7"," 8","999.9"," 0","  7.7"," 8","  9.9","999.9","  49.6","*","  34.3","*"," 0.00","G","999.9","000000"
"71149099999","2022-05-22","50.7166666","-99.5333333","351.0","MC CREARY, CA","  48.0"," 8","  29.4"," 8","1023.5"," 8","980.4"," 8","999.9"," 0","  5.3"," 8","  7.0","999.9","  61.0","*","  35.2","*"," 0.00","G","999.9","000000"
"71149099999","2022-05-23","50.7166666","-99.5333333","351.0","MC CREARY, CA","  55.0"," 7","  31.2"," 7","1020.7"," 7","978.2"," 7","999.9"," 0","  9.5"," 7"," 13.0","999.9","  64.9"," ","  35.1"," "," 0.00","G","999.9","000000"
"71149099999","2022-05-24","50.7166666","-99.5333333","351.0","MC CREARY, CA","  63.4"," 8","  36.8"," 8","1015.6"," 8","973.7"," 8","999.9"," 0"," 11.7"," 8"," 18.1","999.9","  74.3","*","  54.7","*"," 0.00","G","999.9","000000"
"71149099999","2022-05-25","50.7166666","-99.5333333","351.0","MC CREARY, CA","  64.4"," 8","  39.3"," 8","1016.3"," 8","974.4"," 8","999.9"," 0","  8.6"," 8"," 15.0","999.9","  75.4"," ","  53.6"," "," 0.00","G","999.9","000000"
"71149099999","2022-05-26","50.7166666","-99.5333333","351.0","MC CREARY, CA","  63.8"," 7","  44.6"," 7","1009.1"," 7","967.4"," 7","999.9"," 0","  8.1"," 7"," 11.1","999.9","  78.4","*","  53.6","*"," 0.02","G","999.9","000000"
"71149099999","2022-05-27","50.7166666","-99.5333333","351.0","MC CREARY, CA","  57.9"," 8","  47.6"," 8","1010.9"," 8","968.9"," 8","999.9"," 0","  5.1"," 8","  8.9","999.9","  79.9"," ","  42.6"," "," 0.00","G","999.9","000000"
"71149099999","2022-05-28","50.7166666","-99.5333333","351.0","MC CREARY, CA","  56.7"," 8","  52.2"," 8","1004.6"," 8","962.9"," 8","999.9"," 0","  4.4"," 8","  6.0","999.9","  71.8"," ","  42.6"," "," 1.13","G","999.9","000000"
"71149099999","2022-05-29","50.7166666","-99.5333333","351.0","MC CREARY, CA","  54.8"," 8","  52.8"," 8","1000.1"," 8","958.5"," 8","999.9"," 0","  4.2"," 8","  5.1","999.9","  62.2"," ","  52.2"," "," 0.15","G","999.9","000000"
"71149099999","2022-05-30","50.7166666","-99.5333333","351.0","MC CREARY, CA","  55.2"," 8","  53.8"," 8","1001.4"," 8","959.7"," 8","999.9"," 0","  7.1"," 8","  9.9","999.9","  58.1","*","  53.6","*"," 0.12","G","999.9","000000"
"71149099999","2022-05-31","50.7166666","-99.5333333","351.0","MC CREARY, CA","  49.8"," 8","  45.2"," 8","1002.4"," 8","960.5"," 8","999.9"," 0"," 16.8"," 8"," 21.0","999.9","  58.8"," ","  42.8"," "," 1.29","G","999.9","000000"
"71149099999","2022-06-01","50.7166666","-99.5333333","351.0","MC CREARY, CA","  53.7"," 8","  35.5"," 8","1012.8"," 8","970.5"," 8","999.9"," 0"," 11.5"," 8"," 19.0","999.9","  61.7","*","  47.7","*"," 0.00","G","999.9","000000"
"71149099999","2022-06-02","50.7166666","-99.5333333","351.0","MC CREARY, CA","  47.4"," 8","  37.5"," 8","1010.2"," 8","967.9"," 8","999.9"," 0","  9.3"," 8"," 15.9","999.9","  64.8"," ","  42.6"," "," 0.00","G","999.9","000000"
"71149099999","2022-06-03","50.7166666","-99.5333333","351.0","MC CREARY, CA","  50.0"," 8","  33.1"," 8","1014.5"," 8","972.0"," 8","999.9"," 0","  6.3"," 8","  9.9","999.9","  63.3","*","  41.4","*"," 0.01","G","999.9","000000"
"71149099999","2022-06-04","50.7166666","-99.5333333","351.0","MC CREARY, CA","  51.4"," 8","  34.3"," 8","1013.8"," 8","971.5"," 8","999.9"," 0","  5.2"," 8","  8.9","999.9","  66.9"," ","  32.5"," "," 0.00","G","999.9","000000"
"71149099999","2022-06-05","50.7166666","-99.5333333","351.0","MC CREARY, CA","  52.7"," 8","  39.7"," 8","1015.9"," 8","973.6"," 8","999.9"," 0","  5.4"," 8","  8.9","999.9","  64.2"," ","  32.5"," "," 0.00","G","999.9","000000"
"71149099999","2022-06-06","50.7166666","-99.5333333","351.0","MC CREARY, CA","  52.8"," 8","  39.9"," 8","1017.6"," 8","975.1"," 8","999.9"," 0","  5.7"," 8","  8.9","999.9","  64.2","*","  42.6","*"," 0.00","G","999.9","000000"
"71149099999","2022-06-07","50.7166666","-99.5333333","351.0","MC CREARY, CA","  58.1"," 8","  41.5"," 8","1016.5"," 8","974.3"," 8","999.9"," 0","  4.9"," 8","  7.0","999.9","  67.8"," ","  41.2"," "," 0.00","G","999.9","000000"
"71149099999","2022-06-08","50.7166666","-99.5333333","351.0","MC CREARY, CA","  59.2"," 8","  37.6"," 8","1016.4"," 8","974.2"," 8","999.9"," 0","  5.7"," 8","  8.0","999.9","  71.4"," ","  43.9"," "," 0.00","G","999.9","000000"
"71149099999","2022-06-09","50.7166666","-99.5333333","351.0","MC CREARY, CA","  58.7"," 8","  42.4"," 8","1015.7"," 8","973.6"," 8","999.9"," 0","  4.7"," 8","  7.0","999.9","  72.1"," ","  40.8"," "," 0.00","G","999.9","000000"
"71149099999","2022-06-10","50.7166666","-99.5333333","351.0","MC CREARY, CA","  62.7"," 8","  47.2"," 8","1013.3"," 8","971.5"," 8","999.9"," 0","  4.0"," 8","  7.0","999.9","  72.9"," ","  40.8"," "," 0.00","G","999.9","000000"
"71149099999","2022-06-11","50.7166666","-99.5333333","351.0","MC CREARY, CA","  64.2"," 8","  52.3"," 8","1007.0"," 8","965.5"," 8","999.9"," 0","  3.0"," 8","  4.1","999.9","  75.4"," ","  52.0"," "," 0.00","G","999.9","000000"
"71149099999","2022-06-12","50.7166666","-99.5333333","351.0","MC CREARY, CA","  63.6"," 8","  56.8"," 8","1005.5"," 8","964.0"," 8","999.9"," 0","  3.4"," 8","  6.0","999.9","  76.1"," ","  53.2"," "," 1.33","G","999.9","000000"
"71149099999","2022-06-13","50.7166666","-99.5333333","351.0","MC CREARY, CA","  60.1"," 8","  56.9"," 8","1006.2"," 8","964.6"," 8","999.9"," 0","  3.0"," 8","  5.1","999.9","  71.8"," ","  53.1"," "," 0.00","G","999.9","000000"
"71149099999","2022-06-14","50.7166666","-99.5333333","351.0","MC CREARY, CA","  62.3"," 8","  61.3"," 8","1001.6"," 8","960.2"," 8","999.9"," 0","  3.5"," 8","  6.0","999.9","  66.6","*","  59.4","*"," 1.40","G","999.9","000000"
"71149099999","2022-06-15","50.7166666","-99.5333333","351.0","MC CREARY, CA","  57.6"," 8","  48.2"," 8"," 998.9"," 8","957.5"," 8","999.9"," 0","  6.8"," 8"," 12.0","999.9","  69.3"," ","  50.2"," "," 0.18","G","999.9","000000"
"71149099999","2022-06-16","50.7166666","-99.5333333","351.0","MC CREARY, CA","  60.4"," 8","  50.1"," 8","1001.7"," 8","960.2"," 8","999.9"," 0","  6.8"," 8"," 13.0","999.9","  71.6","*","  54.3","*"," 0.01","G","999.9","000000"
"71149099999","2022-06-17","50.7166666","-99.5333333","351.0","MC CREARY, CA","  60.8"," 8","  51.5"," 8","1020.0"," 8","977.8"," 8","999.9"," 0","  4.4"," 8","  6.0","999.9","  72.0"," ","  50.9"," "," 0.00","G","999.9","000000"
"71149099999","2022-06-18","50.7166666","-99.5333333","351.0","MC CREARY, CA","  65.0"," 8","  54.5"," 8","1015.5"," 8","973.6"," 8","999.9"," 0","  7.7"," 8"," 15.0","999.9","  77.9","*","  58.6","*"," 0.00","G","999.9","000000"
"71149099999","2022-06-19","50.7166666","-99.5333333","351.0","MC CREARY, CA","  76.8"," 8","  65.7"," 8","1003.7"," 8","962.7"," 8","999.9"," 0","  3.0"," 8","  8.9","999.9","  89.6","*","  68.2","*"," 0.00","G","999.9","000000"
"71149099999","2022-06-20","50.7166666","-99.5333333","351.0","MC CREARY, CA","  70.9"," 7","  66.6"," 7","1004.1"," 7","963.1"," 7","999.9"," 0","  5.0"," 7","  8.9","999.9","  90.5"," ","  64.0"," "," 0.02","G","999.9","000000"
"71149099999","2022-06-21","50.7166666","-99.5333333","351.0","MC CREARY, CA","  62.0"," 8","  58.8"," 8","1009.3"," 8","967.7"," 8","999.9"," 0","  7.4"," 8"," 15.0","999.9","  72.1"," ","  57.0"," "," 0.89","G","999.9","000000"
"71149099999","2022-06-22","50.7166666","-99.5333333","351.0","MC CREARY, CA","  62.7"," 8","  51.8"," 8","1016.9"," 8","974.8"," 8","999.9"," 0","  4.9"," 8","  8.0","999.9","  77.7","*","  50.0","*"," 0.01","G","999.9","000000"
"71149099999","2022-06-23","50.7166666","-99.5333333","351.0","MC CREARY, CA","  73.0"," 8","  58.2"," 8","1007.6"," 8","966.3"," 8","999.9"," 0","  7.0"," 8"," 11.1","999.9","  77.4","*","  69.1","*"," 0.00","G","999.9","000000"
"71149099999","2022-06-24","50.7166666","-99.5333333","351.0","MC CREARY, CA","  65.0"," 8","  60.9"," 8","1010.0"," 8","968.5"," 8","999.9"," 0","  4.1"," 8","  7.0","999.9","  78.3"," ","  57.4"," "," 1.91","G","999.9","000000"
"71149099999","2022-06-25","50.7166666","-99.5333333","351.0","MC CREARY, CA","  61.1"," 8","  54.9"," 8","1010.0"," 8","968.3"," 8","999.9"," 0","  8.1"," 8"," 14.0","999.9","  69.6"," ","  56.5"," "," 0.38","G","999.9","000000"
"71149099999","2022-06-26","50.7166666","-99.5333333","351.0","MC CREARY, CA","  57.4"," 8","  48.5"," 8","1019.7"," 8","977.3"," 8","999.9"," 0","  8.1"," 8"," 15.0","999.9","  71.4","*","  50.0","*"," 0.65","G","999.9","000000"
"71149099999","2022-06-27","50.7166666","-99.5333333","351.0","MC CREARY, CA","  67.4"," 8","  54.1"," 8","1018.3"," 8","976.4"," 8","999.9"," 0","  7.6"," 8"," 12.0","999.9","  77.4"," ","  50.0"," "," 0.06","G","999.9","000000"
"71149099999","2022-06-28","50.7166666","-99.5333333","351.0","MC CREARY, CA","  60.8"," 8","  49.3"," 8","1021.2"," 8","979.0"," 8","999.9"," 0","  3.9"," 8","  7.0","999.9","  77.4"," ","  51.4"," "," 0.00","G","999.9","000000"
"71149099999","2022-06-29","50.7166666","-99.5333333","351.0","MC CREARY, CA","  60.8"," 7","  51.0"," 7","1015.4"," 7","973.4"," 7","999.9"," 0","  5.0"," 7"," 11.1","999.9","  72.0","*","  53.6","*"," 0.00","G","999.9","000000"
"71149099999","2022-06-30","50.7166666","-99.5333333","351.0","MC CREARY, CA","  63.0"," 8","  52.1"," 8","1007.4"," 8","965.9"," 8","999.9"," 0","  7.4"," 8"," 13.0","999.9","  75.0"," ","  52.5"," "," 0.00","G","999.9","000000"
"71149099999","2022-07-01","50.7166666","-99.5333333","351.0","MC CREARY, CA","  61.0"," 8","  43.5"," 8","1014.8"," 8","972.9"," 8","999.9"," 0","  6.5"," 8","  8.9","999.9","  70.9"," ","  51.4"," "," 0.00","G","999.9","000000"
"71149099999","2022-07-02","50.7166666","-99.5333333","351.0","MC CREARY, CA","  59.7"," 8","  45.0"," 8","1019.2"," 8","977.1"," 8","999.9"," 0","  3.7"," 8","  6.0","999.9","  67.6","*","  52.3","*"," 0.02","G","999.9","000000"
"71149099999","2022-07-03","50.7166666","-99.5333333","351.0","MC CREARY, CA","  64.2"," 8","  51.7"," 8","1016.9"," 8","974.9"," 8","999.9"," 0","  4.5"," 8","  8.0","999.9","  74.8","*","  56.3","*"," 0.00","G","999.9","000000"
"71149099999","2022-07-04","50.7166666","-99.5333333","351.0","MC CREARY, CA","  61.9"," 8","  57.9"," 8","1014.7"," 8","972.9"," 8","999.9"," 0","  3.8"," 8","  6.0","999.9","  77.5"," ","  53.8"," "," 0.08","G","999.9","000000"
"71149099999","2022-07-05","50.7166666","-99.5333333","351.0","MC CREARY, CA","  61.4"," 8","  57.4"," 8","1018.1"," 8","976.0"," 8","999.9"," 0","  5.1"," 8","  8.0","999.9","  68.0","*","  58.1","*"," 0.09","G","999.9","000000"
"71149099999","2022-07-06","50.7166666","-99.5333333","351.0","MC CREARY, CA","  65.7"," 7","  61.3"," 7","1016.9"," 7","975.0"," 7","999.9"," 0","  1.8"," 7","  2.9","999.9","  78.3"," ","  55.8"," "," 0.11","G","999.9","000000"
"71149099999","2022-07-07","50.7166666","-99.5333333","351.0","MC CREARY, CA","  64.3"," 8","  56.4"," 8","1019.9"," 8","977.9"," 8","999.9"," 0","  2.7"," 8","  5.1","999.9","  82.0"," ","  55.8"," "," 0.20","G","999.9","000000"
"71149099999","2022-07-08","50.7166666","-99.5333333","351.0","MC CREARY, CA","  65.8"," 8","  54.8"," 8","1023.1"," 8","980.9"," 8","999.9"," 0","  2.6"," 8","  8.9","999.9","  77.9","*","  54.3","*"," 0.00","G","999.9","000000"
"71149099999","2022-07-09","50.7166666","-99.5333333","351.0","MC CREARY, CA","  71.8"," 8","  60.1"," 8","1017.4"," 8","975.8"," 8","999.9"," 0","  4.6"," 8","  7.0","999.9","  85.1","*","  64.4","*"," 0.00","G","999.9","000000"
"71149099999","2022-07-10","50.7166666","-99.5333333","351.0","MC CREARY, CA","  77.0"," 7","  63.9"," 7","1010.5"," 7","969.3"," 7","999.9"," 0","  6.6"," 7"," 14.0","999.9","  86.0"," ","  64.0"," "," 0.00","G","999.9","000000"
"71149099999","2022-07-11","50.7166666","-99.5333333","351.0","MC CREARY, CA","  70.2"," 8","  55.9"," 8","1010.3"," 8","968.9"," 8","999.9"," 0","  7.5"," 8"," 13.0","999.9","  80.4"," ","  62.8"," "," 0.07","G","999.9","000000"
"71149099999","2022-07-12","50.7166666","-99.5333333","351.0","MC CREARY, CA","  70.3"," 8","  54.1"," 8","1013.1"," 8","971.6"," 8","999.9"," 0","  7.6"," 8"," 11.1","999.9","  78.3"," ","  60.4"," "," 0.00","G","999.9","000000"
"71149099999","2022-07-13","50.7166666","-99.5333333","351.0","MC CREARY, CA","  66.4"," 6","  56.7"," 6","1017.2"," 6","975.4"," 6","999.9"," 0","  4.0"," 6","  6.0","999.9","  80.6"," ","  57.7"," "," 0.00","G","999.9","000000"
"71149099999","2022-07-14","50.7166666","-99.5333333","351.0","MC CREARY, CA","  73.0"," 6","  62.0"," 6","1014.2"," 6","972.7"," 6","999.9"," 0","  4.7"," 6","  7.0","999.9","  82.2"," ","  57.7"," "," 0.04","G","999.9","000000"
"71149099999","2022-07-15","50.7166666","-99.5333333","351.0","MC CREARY, CA","  72.4"," 8","  64.6"," 8","1016.6"," 8","975.0"," 8","999.9"," 0","  2.6"," 8","  5.1","999.9","  84.2","*","  61.0","*"," 0.00","G","999.9","000000"
"71149099999","2022-07-16","50.7166666","-99.5333333","351.0","MC CREARY, CA","  75.7"," 8","  65.4"," 8","1013.4"," 8","972.0"," 8","999.9"," 0","  4.7"," 8"," 14.0","999.9","  84.9"," ","  57.4"," "," 0.00","G","999.9","000000"
"71149099999","2022-07-17","50.7166666","-99.5333333","351.0","MC CREARY, CA","  79.9"," 8","  69.6"," 8","1009.0"," 8","968.0"," 8","999.9"," 0","  2.8"," 8","  7.0","999.9","  89.2"," ","  65.7"," "," 0.00","G","999.9","000000"
"71149099999","2022-07-18","50.7166666","-99.5333333","351.0","MC CREARY, CA","  74.5"," 8","  64.9"," 8","1008.3"," 8","967.2"," 8","999.9"," 0","  3.7"," 8","  8.0","999.9","  89.4"," ","  64.4"," "," 0.21","G","999.9","000000"
"71149099999","2022-07-19","50.7166666","-99.5333333","351.0","MC CREARY, CA","  70.3"," 8","  64.7"," 8","1001.7"," 8","960.7"," 8","999.9"," 0","  4.0"," 8","  9.3","999.9","  82.0"," ","  63.9"," "," 0.29","G","999.9","000000"
"71149099999","2022-07-20","50.7166666","-99.5333333","351.0","MC CREARY, CA","  72.4"," 5","  58.5"," 5","1004.6"," 5","963.4"," 5","999.9"," 0","  7.4"," 5"," 11.1","999.9","  78.8"," ","  62.8"," "," 0.03","G","999.9","000000"
"71149099999","2022-07-21","50.7166666","-99.5333333","351.0","MC CREARY, CA","  71.6"," 5","  51.1"," 5","1006.9"," 5","965.7"," 5","999.9"," 0"," 11.6"," 5"," 14.0","999.9","  80.1"," ","  61.5"," "," 0.00","G","999.9","000000"
"71149099999","2022-07-22","50.7166666","-99.5333333","351.0","MC CREARY, CA","  69.6"," 8","  53.4"," 8","1007.5"," 8","966.2"," 8","999.9"," 0","  5.2"," 8","  8.9","999.9","  80.2"," ","  57.7"," "," 0.00","G","999.9","000000"
"71149099999","2022-07-23","50.7166666","-99.5333333","351.0","MC CREARY, CA","  65.8"," 8","  56.9"," 8","1011.2"," 8","969.6"," 8","999.9"," 0","  4.9"," 8","  8.9","999.9","  76.8"," ","  57.7"," "," 0.10","G","999.9","000000"
"71149099999","2022-07-24","50.7166666","-99.5333333","351.0","MC CREARY, CA","  61.3"," 8","  52.7"," 8","1017.9"," 8","975.8"," 8","999.9"," 0","  5.0"," 8","  8.0","999.9","  68.5","*","  55.8","*"," 0.12","G","999.9","000000"
"71149099999","2022-07-25","50.7166666","-99.5333333","351.0","MC CREARY, CA","  64.6"," 8","  53.7"," 8","1015.5"," 8","973.5"," 8","999.9"," 0","  6.0"," 8"," 11.1","999.9","  72.9","*","  55.4","*"," 0.00","G","999.9","000000"
"71149099999","2022-07-26","50.7166666","-99.5333333","351.0","MC CREARY, CA","  64.7"," 8","  54.4"," 8","1010.7"," 8","969.0"," 8","999.9"," 0","  6.1"," 8","  8.0","999.9","  74.8","*","  56.3","*"," 0.48","G","999.9","000000"
"71149099999","2022-07-27","50.7166666","-99.5333333","351.0","MC CREARY, CA","  62.3"," 8","  51.9"," 8","1011.2"," 8","969.5"," 8","999.9"," 0","  9.0"," 8"," 14.0","999.9","  75.6"," ","  55.6"," "," 0.12","G","999.9","000000"
"71149099999","2022-07-28","50.7166666","-99.5333333","351.0","MC CREARY, CA","  63.2"," 8","  52.1"," 8","1017.4"," 8","975.4"," 8","999.9"," 0","  8.7"," 8","  9.9","999.9","  72.3","*","  57.9","*"," 0.12","G","999.9","000000"
"71149099999","2022-07-29","50.7166666","-99.5333333","351.0","MC CREARY, CA","  67.1"," 8","  53.2"," 8","1017.1"," 8","975.3"," 8","999.9"," 0","  5.3"," 8","  8.0","999.9","  79.5","*","  56.3","*"," 0.00","G","999.9","000000"
"71149099999","2022-07-30","50.7166666","-99.5333333","351.0","MC CREARY, CA","  74.5"," 8","  58.5"," 8","1012.1"," 8","970.8"," 8","999.9"," 0","  4.1"," 8","  8.9","999.9","  84.2","*","  61.9","*"," 0.00","G","999.9","000000"
"71149099999","2022-07-31","50.7166666","-99.5333333","351.0","MC CREARY, CA","  66.0"," 8","  59.4"," 8","1011.2"," 8","969.7"," 8","999.9"," 0","  6.1"," 8","  8.9","999.9","  79.7","*","  56.5","*"," 0.89","G","999.9","000000"
"71149099999","2022-08-01","50.7166666","-99.5333333","351.0","MC CREARY, CA","  64.7"," 7","  56.5"," 7","1013.0"," 7","971.2"," 7","999.9"," 0","  5.1"," 7","  7.0","999.9","  71.1"," ","  57.4"," "," 0.00","G","999.9","000000"
"71149099999","2022-08-02","50.7166666","-99.5333333","351.0","MC CREARY, CA","  64.3"," 8","  55.3"," 8","1006.2"," 8","964.7"," 8","999.9"," 0","  6.1"," 8","  9.9","999.9","  82.4","*","  54.0","*"," 0.00","G","999.9","000000"
"71149099999","2022-08-03","50.7166666","-99.5333333","351.0","MC CREARY, CA","  64.0"," 8","  53.1"," 8","1005.8"," 8","964.3"," 8","999.9"," 0","  9.1"," 8"," 13.0","999.9","  82.8"," ","  53.2"," "," 0.15","G","999.9","000000"
"71149099999","2022-08-04","50.7166666","-99.5333333","351.0","MC CREARY, CA","  65.2"," 8","  56.6"," 8","1012.1"," 8","970.3"," 8","999.9"," 0","  5.2"," 8","  9.9","999.9","  81.5","*","  55.9","*"," 0.02","G","999.9","000000"
"71149099999","2022-08-05","50.7166666","-99.5333333","351.0","MC CREARY, CA","  75.4"," 8","  60.4"," 8","1004.2"," 8","963.2"," 8","999.9"," 0","  6.8"," 8"," 15.9","999.9","  82.0","*","  69.6","*"," 0.00","G","999.9","000000"
"71149099999","2022-08-06","50.7166666","-99.5333333","351.0","MC CREARY, CA","  61.7"," 8","  48.1"," 8","1016.4"," 8","974.6"," 8","999.9"," 0","  7.2"," 8"," 11.1","999.9","  79.7"," ","  52.3"," "," 0.00","G","999.9","000000"
"71149099999","2022-08-07","50.7166666","-99.5333333","351.0","MC CREARY, CA","  61.9"," 8","  48.1"," 8","1020.7"," 8","978.5"," 8","999.9"," 0","  5.6"," 8","  8.0","999.9","  73.0","*","  54.1","*"," 0.00","G","999.9","000000"
"71149099999","2022-08-08","50.7166666","-99.5333333","351.0","MC CREARY, CA","  72.5"," 8","  57.0"," 8","1013.2"," 8","971.7"," 8","999.9"," 0","  9.5"," 8"," 17.1","999.9","  85.3","*","  62.6","*"," 0.00","G","999.9","000000"
"71149099999","2022-08-09","50.7166666","-99.5333333","351.0","MC CREARY, CA","  72.8"," 8","  56.5"," 8","1013.0"," 8","971.6"," 8","999.9"," 0","  7.4"," 8"," 15.0","999.9","  86.4"," ","  60.3"," "," 0.00","G","999.9","000000"
"71149099999","2022-08-10","50.7166666","-99.5333333","351.0","MC CREARY, CA","  64.5"," 7","  50.4"," 7","1023.6"," 7","981.4"," 7","999.9"," 0","  6.0"," 7","  8.0","999.9","  78.3"," ","  54.9"," "," 0.00","G","999.9","000000"
"71149099999","2022-08-11","50.7166666","-99.5333333","351.0","MC CREARY, CA","  60.6"," 8","  52.1"," 8","1025.5"," 8","983.1"," 8","999.9"," 0","  3.8"," 8","  6.0","999.9","  71.6"," ","  49.3"," "," 0.00","G","999.9","000000"
"71149099999","2022-08-12","50.7166666","-99.5333333","351.0","MC CREARY, CA","  67.7"," 8","  57.0"," 8","1019.0"," 8","977.0"," 8","999.9"," 0","  3.3"," 8","  4.1","999.9","  78.8","*","  60.8","*"," 0.00","G","999.9","000000"
"71149099999","2022-08-13","50.7166666","-99.5333333","351.0","MC CREARY, CA","  73.2"," 8","  63.2"," 8","1017.7"," 8","976.0"," 8","999.9"," 0","  3.2"," 8","  7.0","999.9","  82.2","*","  66.0","*"," 0.00","G","999.9","000000"
"71149099999","2022-08-14","50.7166666","-99.5333333","351.0","MC CREARY, CA","  72.7"," 8","  62.4"," 8","1015.1"," 8","973.7"," 8","999.9"," 0","  2.9"," 8","  5.1","999.9","  83.3"," ","  63.5"," "," 0.00","G","999.9","000000"
"71149099999","2022-08-15","50.7166666","-99.5333333","351.0","MC CREARY, CA","  67.3"," 8","  63.3"," 8","1015.9"," 8","974.2"," 8","999.9"," 0","  3.2"," 8","  7.0","999.9","  81.0"," ","  62.2"," "," 0.48","G","999.9","000000"
"71149099999","2022-08-16","50.7166666","-99.5333333","351.0","MC CREARY, CA","  66.5"," 8","  59.5"," 8","1017.7"," 8","975.7"," 8","999.9"," 0","  2.4"," 8","  4.1","999.9","  79.3","*","  54.5","*"," 0.06","G","999.9","000000"
"71149099999","2022-08-17","50.7166666","-99.5333333","351.0","MC CREARY, CA","  74.2"," 8","  65.1"," 8","1017.2"," 8","975.6"," 8","999.9"," 0","  3.6"," 8","  8.0","999.9","  85.5","*","  65.7","*"," 0.00","G","999.9","000000"
"71149099999","2022-08-18","50.7166666","-99.5333333","351.0","MC CREARY, CA","  69.7"," 8","  61.9"," 8","1015.3"," 8","973.8"," 8","999.9"," 0","  5.1"," 8","  8.9","999.9","  85.8"," ","  64.4"," "," 0.01","G","999.9","000000"
"71149099999","2022-08-19","50.7166666","-99.5333333","351.0","MC CREARY, CA","  68.0"," 8","  62.2"," 8","1017.5"," 8","975.7"," 8","999.9"," 0","  6.4"," 8","  8.0","999.9","  77.9"," ","  64.0"," "," 0.00","G","999.9","000000"
"71149099999","2022-08-20","50.7166666","-99.5333333","351.0","MC CREARY, CA","  65.7"," 8","  58.7"," 8","1019.6"," 8","977.6"," 8","999.9"," 0","  3.4"," 8","  5.1","999.9","  78.6","*","  55.2","*"," 0.00","G","999.9","000000"
"71149099999","2022-08-21","50.7166666","-99.5333333","351.0","MC CREARY, CA","  74.1"," 8","  59.0"," 8","1016.7"," 8","975.1"," 8","999.9"," 0","  5.6"," 8"," 13.0","999.9","  84.9","*","  65.3","*"," 0.00","G","999.9","000000"
"71149099999","2022-08-22","50.7166666","-99.5333333","351.0","MC CREARY, CA","  68.8"," 8","  63.6"," 8","1018.0"," 8","976.3"," 8","999.9"," 0","  3.9"," 8","  6.0","999.9","  86.2"," ","  61.9"," "," 0.00","G","999.9","000000"
"71149099999","2022-08-23","50.7166666","-99.5333333","351.0","MC CREARY, CA","  64.6"," 8","  62.2"," 8","1017.9"," 8","976.0"," 8","999.9"," 0","  1.7"," 8","  2.9","999.9","  68.9","*","  58.3","*"," 0.02","G","999.9","000000"
"71149099999","2022-08-24","50.7166666","-99.5333333","351.0","MC CREARY, CA","  60.2"," 8","  56.4"," 8","1022.2"," 8","979.9"," 8","999.9"," 0","  4.9"," 8","  6.0","999.9","  65.8"," ","  56.5"," "," 0.11","G","999.9","000000"
"71149099999","2022-08-25","50.7166666","-99.5333333","351.0","MC CREARY, CA","  59.9"," 8","  51.3"," 8","1023.0"," 8","980.6"," 8","999.9"," 0","  4.0"," 8","  6.0","999.9","  77.4","*","  45.9","*"," 0.00","G","999.9","000000"
"71149099999","2022-08-26","50.7166666","-99.5333333","351.0","MC CREARY, CA","  72.3"," 8","  57.5"," 8","1015.9"," 8","974.3"," 8","999.9"," 0","  8.0"," 8"," 12.0","999.9","  80.4","*","  66.9","*"," 0.00","G","999.9","000000"
"71149099999","2022-08-27","50.7166666","-99.5333333","351.0","MC CREARY, CA","  65.7"," 8","  55.6"," 8","1004.5"," 8","963.3"," 8","999.9"," 0","  6.9"," 8"," 11.1","999.9","  81.1"," ","  54.1"," "," 0.00","G","999.9","000000"
"71149099999","2022-08-28","50.7166666","-99.5333333","351.0","MC CREARY, CA","  66.4"," 8","  59.1"," 8"," 995.7"," 8","954.7"," 8","999.9"," 0","  5.1"," 8"," 15.0","999.9","  78.6"," ","  54.1"," "," 0.00","G","999.9","000000"
"71149099999","2022-08-29","50.7166666","-99.5333333","351.0","MC CREARY, CA","  65.2"," 7","  56.4"," 7","1000.7"," 7","959.5"," 7","999.9"," 0","  9.1"," 7"," 13.0","999.9","  75.0"," ","  56.5"," "," 0.38","G","999.9","000000"
"71149099999","2022-08-30","50.7166666","-99.5333333","351.0","MC CREARY, CA","  68.9"," 8","  51.1"," 8","1014.5"," 8","972.8"," 8","999.9"," 0","  7.7"," 8","  9.9","999.9","  81.1","*","  61.7","*"," 0.00","G","999.9","000000"
"71149099999","2022-08-31","50.7166666","-99.5333333","351.0","MC CREARY, CA","  70.7"," 8","  56.6"," 8","1015.0"," 8","973.4"," 8","999.9"," 0","  4.4"," 8","  6.0","999.9","  88.3","*","  54.7","*"," 0.00","G","999.9","000000"
"71149099999","2022-09-01","50.7166666","-99.5333333","351.0","MC CREARY, CA","  77.3"," 6","  57.0"," 6","1007.8"," 6","966.8"," 6","999.9"," 0","  7.8"," 6"," 18.1","999.9","  84.4","*","  70.0","*"," 0.00","G","999.9","000000"
"71149099999","2022-09-02","50.7166666","-99.5333333","351.0","MC CREARY, CA","  69.8"," 8","  50.0"," 8","1009.2"," 8","968.0"," 8","999.9"," 0"," 10.9"," 8"," 14.0","999.9","  88.5"," ","  56.5"," "," 0.00","G","999.9","000000"
"71149099999","2022-09-03","50.7166666","-99.5333333","351.0","MC CREARY, CA","  59.2"," 8","  49.6"," 8","1024.2"," 8","981.7"," 8","999.9"," 0","  4.6"," 8","  7.0","999.9","  76.3","*","  46.0","*"," 0.00","G","999.9","000000"
"71149099999","2022-09-04","50.7166666","-99.5333333","351.0","MC CREARY, CA","  66.7"," 8","  51.5"," 8","1018.9"," 8","977.0"," 8","999.9"," 0","  6.9"," 8"," 12.0","999.9","  78.1","*","  54.3","*"," 0.00","G","999.9","000000"
"71149099999","2022-09-05","50.7166666","-99.5333333","351.0","MC CREARY, CA","  65.1"," 8","  53.8"," 8","1011.6"," 8","970.0"," 8","999.9"," 0","  8.2"," 8","  8.9","999.9","  78.4"," ","  53.2"," "," 0.00","G","999.9","000000"
"71149099999","2022-09-06","50.7166666","-99.5333333","351.0","MC CREARY, CA","  70.3"," 8","  51.5"," 8","1013.8"," 8","972.2"," 8","999.9"," 0","  8.6"," 8"," 14.0","999.9","  78.1"," ","  53.2"," "," 0.00","G","999.9","000000"
"71149099999","2022-09-07","50.7166666","-99.5333333","351.0","MC CREARY, CA","  63.4"," 8","  44.6"," 8","1020.4"," 8","978.3"," 8","999.9"," 0","  5.6"," 8","  8.0","999.9","  81.1","*","  48.0","*"," 0.00","G","999.9","000000"
"71149099999","2022-09-08","50.7166666","-99.5333333","351.0","MC CREARY, CA","  70.7"," 8","  51.7"," 8","1003.9"," 8","962.8"," 8","999.9"," 0","  9.2"," 8"," 19.0","999.9","  80.6","*","  65.3","*"," 0.00","G","999.9","000000"
"71149099999","2022-09-09","50.7166666","-99.5333333","351.0","MC CREARY, CA","  56.1"," 8","  42.8"," 8","1013.1"," 8","971.1"," 8","999.9"," 0","  7.5"," 8","  9.9","999.9","  65.5","*","  47.3","*"," 0.00","G","999.9","000000"
"71149099999","2022-09-10","50.7166666","-99.5333333","351.0","MC CREARY, CA","  53.3"," 8","  39.6"," 8","1018.3"," 8","975.9"," 8","999.9"," 0","  5.5"," 8","  8.9","999.9","  65.8"," ","  42.8"," "," 0.00","G","999.9","000000"
"71149099999","2022-09-11","50.7166666","-99.5333333","351.0","MC CREARY, CA","  62.2"," 8","  39.0"," 8","1018.1"," 8","975.9"," 8","999.9"," 0","  7.9"," 8"," 13.0","999.9","  78.4","*","  49.3","*"," 0.00","G","999.9","000000"
"71149099999","2022-09-12","50.7166666","-99.5333333","351.0","MC CREARY, CA","  69.6"," 8","  44.7"," 8","1011.5"," 8","970.0"," 8","999.9"," 0","  6.5"," 8"," 12.0","999.9","  79.2"," ","  50.2"," "," 0.00","G","999.9","000000"
"71149099999","2022-09-13","50.7166666","-99.5333333","351.0","MC CREARY, CA","  54.8"," 8","  43.4"," 8","1019.1"," 8","976.8"," 8","999.9"," 0","  5.8"," 8","  8.0","999.9","  78.6"," ","  46.9"," "," 0.00","G","999.9","000000"
"71149099999","2022-09-14","50.7166666","-99.5333333","351.0","MC CREARY, CA","  52.5"," 8","  44.8"," 8","1020.7"," 8","978.1"," 8","999.9"," 0","  3.4"," 8","  7.0","999.9","  61.7"," ","  45.7"," "," 0.00","G","999.9","000000"
"71149099999","2022-09-15","50.7166666","-99.5333333","351.0","MC CREARY, CA","  53.6"," 8","  49.3"," 8","1018.7"," 8","976.2"," 8","999.9"," 0","  4.7"," 8","  8.9","999.9","  62.1","*","  49.5","*"," 0.70","G","999.9","000000"
"71149099999","2022-09-16","50.7166666","-99.5333333","351.0","MC CREARY, CA","  52.0"," 8","  49.0"," 8","1019.2"," 8","976.7"," 8","999.9"," 0","  4.2"," 8","  5.1","999.9","  63.1"," ","  48.4"," "," 0.00","G","999.9","000000"
"71149099999","2022-09-17","50.7166666","-99.5333333","351.0","MC CREARY, CA","  53.0"," 8","  51.4"," 8","1011.7"," 8","969.4"," 8","999.9"," 0","  3.8"," 8","  5.1","999.9","  58.8","*","  50.2","*"," 1.34","G","999.9","000000"
"71149099999","2022-09-18","50.7166666","-99.5333333","351.0","MC CREARY, CA","  56.0"," 8","  52.4"," 8","1009.6"," 8","967.6"," 8","999.9"," 0","  1.9"," 8","  2.9","999.9","  69.1","*","  48.6","*"," 0.00","G","999.9","000000"
"71149099999","2022-09-19","50.7166666","-99.5333333","351.0","MC CREARY, CA","  57.3"," 8","  53.2"," 8","1010.5"," 8","968.5"," 8","999.9"," 0","  3.4"," 8","  7.0","999.9","  70.0"," ","  47.7"," "," 0.01","G","999.9","000000"
"71149099999","2022-09-20","50.7166666","-99.5333333","351.0","MC CREARY, CA","  55.1"," 8","  49.4"," 8","1008.4"," 8","966.5"," 8","999.9"," 0","  6.4"," 8"," 15.9","999.9","  66.9"," ","  45.9"," "," 0.13","G","999.9","000000"
"71149099999","2022-09-21","50.7166666","-99.5333333","351.0","MC CREARY, CA","  50.8"," 8","  45.6"," 8","1017.9"," 8","975.5"," 8","999.9"," 0","  7.9"," 8"," 14.0","999.9","  62.1"," ","  45.5"," "," 0.27","G","999.9","000000"
"71149099999","2022-09-22","50.7166666","-99.5333333","351.0","MC CREARY, CA","  46.4"," 8","  40.7"," 8","1026.5"," 8","983.3"," 8","999.9"," 0","  4.5"," 8","  7.0","999.9","  58.5","*","  36.3","*"," 0.02","G","999.9","000000"
"71149099999","2022-09-23","50.7166666","-99.5333333","351.0","MC CREARY, CA","  48.2"," 8","  43.4"," 8","1011.5"," 8","969.1"," 8","999.9"," 0","  4.3"," 8","  6.0","999.9","  59.9"," ","  34.5"," "," 0.00","G","999.9","000000"
"71149099999","2022-09-24","50.7166666","-99.5333333","351.0","MC CREARY, CA","  55.0"," 8","  49.1"," 7","1007.9"," 8","965.9"," 8","999.9"," 0","  4.0"," 8","  6.2","999.9","  66.9","*","  48.9","*"," 0.04","G","999.9","000000"
"71149099999","2022-09-25","50.7166666","-99.5333333","351.0","MC CREARY, CA","  57.5"," 8","  40.3"," 8","1015.8"," 8","973.7"," 8","999.9"," 0","  9.8"," 8"," 12.2","999.9","  68.2"," ","  48.7"," "," 0.00","G","999.9","000000"
"71149099999","2022-09-26","50.7166666","-99.5333333","351.0","MC CREARY, CA","  50.2"," 8","  42.1"," 8","1019.6"," 8","977.0"," 8","999.9"," 0","  3.4"," 8","  5.1","999.9","  63.1"," ","  39.0"," "," 0.00","G","999.9","000000"
"71149099999","2022-09-27","50.7166666","-99.5333333","351.0","MC CREARY, CA","  45.3"," 8","  38.1"," 8","1026.8"," 8","983.7"," 8","999.9"," 0","  3.9"," 8","  6.0","999.9","  63.3"," ","  31.3"," "," 0.00","G","999.9","000000"
"71149099999","2022-09-28","50.7166666","-99.5333333","351.0","MC CREARY, CA","  52.0"," 8","  34.4"," 8","1025.1"," 8","982.2"," 8","999.9"," 0","  6.0"," 8","  9.9","999.9","  70.7","*","  39.6","*"," 0.00","G","999.9","000000"
"71149099999","2022-09-29","50.7166666","-99.5333333","351.0","MC CREARY, CA","  62.3"," 8","  43.8"," 8","1015.9"," 8","973.9"," 8","999.9"," 0","  4.8"," 8"," 12.0","999.9","  72.7","*","  52.2","*"," 0.00","G","999.9","000000"
"71149099999","2022-09-30","50.7166666","-99.5333333","351.0","MC CREARY, CA","  53.6"," 8","  49.1"," 8","1020.9"," 8","978.5"," 8","999.9"," 0","  5.1"," 8","  7.4","999.9","  73.4"," ","  46.8"," "," 0.00","G","999.9","000000"
"71149099999","2022-10-01","50.7166666","-99.5333333","351.0","MC CREARY, CA","  49.1"," 8","  43.7"," 8","1028.1"," 8","985.1"," 8","999.9"," 0","  4.2"," 8","  6.8","999.9","  58.5"," ","  43.2"," "," 0.00","I","999.9","000000"
"71149099999","2022-10-02","50.7166666","-99.5333333","351.0","MC CREARY, CA","  50.4"," 8","  46.2"," 8","1025.9"," 8","983.0"," 8","999.9"," 0","  3.7"," 8","  5.8","999.9","  60.3","*","  44.8","*"," 0.00","I","999.9","000000"
"71149099999","2022-10-03","50.7166666","-99.5333333","351.0","MC CREARY, CA","  55.0"," 8","  49.8"," 8","1018.8"," 8","976.4"," 8","999.9"," 0","  2.7"," 8","  5.1","999.9","  66.7","*","  47.5","*"," 0.00","G","999.9","000000"
"71149099999","2022-10-04","50.7166666","-99.5333333","351.0","MC CREARY, CA","  55.9"," 8","  46.3"," 8","1019.5"," 8","977.2"," 8","999.9"," 0","  3.6"," 8","  5.1","999.9","  68.4"," ","  42.4"," "," 0.00","G","999.9","000000"
"71149099999","2022-10-05","50.7166666","-99.5333333","351.0","MC CREARY, CA","  54.5"," 8","  46.6"," 8","1018.2"," 8","975.8"," 8","999.9"," 0","  8.0"," 8"," 13.0","999.9","  64.9"," ","  41.2"," "," 0.00","G","999.9","000000"
"71149099999","2022-10-06","50.7166666","-99.5333333","351.0","MC CREARY, CA","  36.8"," 8","  29.3"," 8","1036.3"," 8","992.5"," 8","999.9"," 0","  7.0"," 8"," 11.1","999.9","  40.8","*","  34.0","*"," 0.00","G","999.9","000000"
"71149099999","2022-10-07","50.7166666","-99.5333333","351.0","MC CREARY, CA","  37.4"," 8","  23.9"," 8","1034.2"," 8","990.2"," 8","999.9"," 0","  6.8"," 8"," 13.0","999.9","  55.6","*","  25.5","*"," 0.00","G","999.9","000000"
"71149099999","2022-10-08","50.7166666","-99.5333333","351.0","MC CREARY, CA","  52.9"," 8","  34.8"," 8","1020.8"," 8","978.1"," 8","999.9"," 0","  7.1"," 8"," 17.1","999.9","  66.6","*","  41.5","*"," 0.00","G","999.9","000000"
"71149099999","2022-10-09","50.7166666","-99.5333333","351.0","MC CREARY, CA","  49.3"," 8","  38.6"," 8","1021.0"," 8","978.4"," 8","999.9"," 0","  4.2"," 8"," 12.0","999.9","  68.0"," ","  34.9"," "," 0.00","G","999.9","000000"
"71149099999","2022-10-10","50.7166666","-99.5333333","351.0","MC CREARY, CA","  54.5"," 8","  39.0"," 8","1014.2"," 8","971.8"," 8","999.9"," 0","  6.0"," 8"," 13.0","999.9","  70.7","*","  46.0","*"," 0.00","G","999.9","000000"
"71149099999","2022-10-11","50.7166666","-99.5333333","351.0","MC CREARY, CA","  56.0"," 8","  40.3"," 8"," 996.2"," 8","954.9"," 8","999.9"," 0","  7.7"," 8"," 18.1","999.9","  72.1"," ","  38.5"," "," 0.00","G","999.9","000000"
"71149099999","2022-10-12","50.7166666","-99.5333333","351.0","MC CREARY, CA","  42.3"," 8","  33.1"," 8","1001.9"," 8","959.8"," 8","999.9"," 0"," 10.7"," 8"," 19.0","999.9","  59.5"," ","  36.7"," "," 0.03","G","999.9","000000"
"71149099999","2022-10-13","50.7166666","-99.5333333","351.0","MC CREARY, CA","  37.0"," 6","  23.2"," 6","1006.9"," 6","964.2"," 6","999.9"," 0"," 13.7"," 6"," 15.9","999.9","  45.5"," ","  33.1"," "," 0.01","G","999.9","000000"
"71149099999","2022-10-14","50.7166666","-99.5333333","351.0","MC CREARY, CA","  36.3"," 7","  32.3"," 7","1005.4"," 7","962.7"," 7","999.9"," 0"," 11.1"," 7"," 15.9","999.9","  43.0","*","  34.0","*"," 0.00","G","999.9","000000"
"71149099999","2022-10-15","50.7166666","-99.5333333","351.0","MC CREARY, CA","  43.4"," 8","  31.9"," 8","1006.8"," 8","964.3"," 8","999.9"," 0","  9.0"," 8"," 14.0","999.9","  46.0"," ","  33.3"," "," 0.00","G","999.9","000000"
"71149099999","2022-10-16","50.7166666","-99.5333333","351.0","MC CREARY, CA","  34.3"," 8","  22.9"," 8","1025.8"," 8","982.2"," 8","999.9"," 0"," 10.4"," 8"," 12.0","999.9","  45.5"," ","  31.3"," "," 0.01","G","999.9","000000"
"71149099999","2022-10-17","50.7166666","-99.5333333","351.0","MC CREARY, CA","  30.2"," 6","  17.2"," 6","1032.8"," 6","988.6"," 6","999.9"," 0","  3.5"," 6","  5.1","999.9","  36.5"," ","  25.7"," "," 0.00","G","999.9","000000"
"71149099999","2022-10-18","50.7166666","-99.5333333","351.0","MC CREARY, CA","  33.9"," 7","  10.2"," 7","1031.1"," 7","987.1"," 7","999.9"," 0","  5.5"," 7","  7.0","999.9","  48.7","*","  24.6","*"," 0.00","G","999.9","000000"
"71149099999","2022-10-19","50.7166666","-99.5333333","351.0","MC CREARY, CA","  47.6"," 8","  22.8"," 8","1018.9"," 8","976.0"," 8","999.9"," 0","  5.0"," 8","  8.9","999.9","  60.1"," ","  23.0"," "," 0.00","G","999.9","000000"
"71149099999","2022-10-20","50.7166666","-99.5333333","351.0","MC CREARY, CA","  52.0"," 8","  35.6"," 8","1007.4"," 8","965.2"," 8","999.9"," 0","  4.9"," 8"," 14.0","999.9","  68.9","*","  36.7","*"," 0.00","G","999.9","000000"
"71149099999","2022-10-21","50.7166666","-99.5333333","351.0","MC CREARY, CA","  50.5"," 7","  34.8"," 7"," 997.7"," 7","956.1"," 7","999.9"," 0"," 10.1"," 7"," 15.9","999.9","  70.3"," ","  34.2"," "," 0.00","G","999.9","000000"
"71149099999","2022-10-22","50.7166666","-99.5333333","351.0","MC CREARY, CA","  43.2"," 8","  32.2"," 8","1002.8"," 8","960.6"," 8","999.9"," 0","  6.9"," 8"," 13.0","999.9","  57.4"," ","  32.0"," "," 0.00","G","999.9","000000"
"71149099999","2022-10-23","50.7166666","-99.5333333","351.0","MC CREARY, CA","  40.7"," 8","  33.6"," 8","1009.9"," 8","967.2"," 8","999.9"," 0","  7.4"," 8"," 11.1","999.9","  52.5"," ","  32.0"," "," 0.01","G","999.9","000000"
"71149099999","2022-10-24","50.7166666","-99.5333333","351.0","MC CREARY, CA","  36.5"," 8","  34.4"," 8"," 999.5"," 8","957.1"," 8","999.9"," 0"," 13.0"," 8"," 15.9","999.9","  44.1"," ","  33.1"," "," 0.54","G","999.9","000000"
"71149099999","2022-10-25","50.7166666","-99.5333333","351.0","MC CREARY, CA","  32.5"," 8","  25.4"," 8","1003.7"," 8","960.9"," 8","999.9"," 0","  8.4"," 8","  9.9","999.9","  37.6"," ","  30.2"," "," 0.04","G","999.9","000000"
"71149099999","2022-10-26","50.7166666","-99.5333333","351.0","MC CREARY, CA","  32.2"," 8","  24.6"," 8","1015.1"," 8","971.8"," 8","999.9"," 0","  4.5"," 8","  6.0","999.9","  36.1","*","  27.5","*"," 0.00","G","999.9","000000"
"71149099999","2022-10-27","50.7166666","-99.5333333","351.0","MC CREARY, CA","  39.4"," 8","  31.0"," 8","1013.2"," 8","970.2"," 8","999.9"," 0","  6.0"," 8","  8.9","999.9","  54.0"," ","  26.8"," "," 0.00","G","999.9","000000"
"71149099999","2022-10-28","50.7166666","-99.5333333","351.0","MC CREARY, CA","  46.8"," 8","  31.4"," 8","1010.2"," 8","967.8"," 8","999.9"," 0","  9.5"," 8"," 22.0","999.9","  54.7"," ","  29.7"," "," 0.00","G","999.9","000000"
"71149099999","2022-10-29","50.7166666","-99.5333333","351.0","MC CREARY, CA","  48.7"," 8","  30.8"," 8","1015.0"," 8","972.4"," 8","999.9"," 0","  4.4"," 8","  7.0","999.9","  59.5","*","  39.0","*"," 0.00","G","999.9","000000"
"71149099999","2022-10-30","50.7166666","-99.5333333","351.0","MC CREARY, CA","  48.4"," 8","  25.2"," 8","1014.4"," 8","971.9"," 8","999.9"," 0","  9.9"," 8"," 17.1","999.9","  61.3"," ","  30.6"," "," 0.00","G","999.9","000000"
"71149099999","2022-10-31","50.7166666","-99.5333333","351.0","MC CREARY, CA","  49.9"," 8","  31.5"," 8","1002.7"," 8","960.7"," 8","999.9"," 0","  8.9"," 8"," 18.1","999.9","  59.5"," ","  30.6"," "," 0.00","G","999.9","000000"
"71149099999","2022-11-01","50.7166666","-99.5333333","351.0","MC CREARY, CA","  43.5"," 8","  27.8"," 8","1010.9"," 8","968.4"," 8","999.9"," 0","  3.4"," 8","  6.0","999.9","  56.1"," ","  34.5"," "," 0.01","G","999.9","000000"
"71149099999","2022-11-02","50.7166666","-99.5333333","351.0","MC CREARY, CA","  39.0"," 8","  33.0"," 8","1004.4"," 8","961.8"," 8","999.9"," 0","  3.9"," 8","  5.1","999.9","  47.3","*","  32.2","*"," 0.00","G","999.9","000000"
"71149099999","2022-11-03","50.7166666","-99.5333333","351.0","MC CREARY, CA","  35.6"," 8","  28.3"," 8","1009.0"," 8","966.2"," 8","999.9"," 0","  8.3"," 8"," 14.0","999.9","  48.4"," ","  31.8"," "," 0.00","G","999.9","000000"
"71149099999","2022-11-04","50.7166666","-99.5333333","351.0","MC CREARY, CA","  27.3"," 8","  16.6"," 8","1012.4"," 8","969.1"," 8","999.9"," 0","  5.8"," 8","  8.9","999.9","  41.4","*","  14.4","*"," 0.00","G","999.9","000000"
"71149099999","2022-11-05","50.7166666","-99.5333333","351.0","MC CREARY, CA","  34.5"," 8","  20.3"," 8"," 997.4"," 8","954.8"," 8","999.9"," 0","  8.4"," 8"," 13.0","999.9","  43.3"," ","  13.5"," "," 0.00","G","999.9","000000"
"71149099999","2022-11-06","50.7166666","-99.5333333","351.0","MC CREARY, CA","  33.0"," 8","  31.0"," 8"," 989.2"," 8","947.0"," 8","999.9"," 0"," 10.0"," 8"," 19.0","999.9","  44.1"," ","  27.3"," "," 0.14","G","999.9","000000"
"71149099999","2022-11-07","50.7166666","-99.5333333","351.0","MC CREARY, CA","  22.1"," 8","  17.6"," 8","1028.8"," 8","984.4"," 8","999.9"," 0"," 10.5"," 8"," 20.0","999.9","  36.1"," ","  19.2"," "," 0.04","G","  1.6","000000"
"71149099999","2022-11-08","50.7166666","-99.5333333","351.0","MC CREARY, CA","  26.3"," 8","  24.2"," 8","1029.7"," 8","985.4"," 8","999.9"," 0","  3.1"," 8","  6.2","999.9","  30.7"," ","  19.2"," "," 0.14","G","  3.5","000000"
"71149099999","2022-11-09","50.7166666","-99.5333333","351.0","MC CREARY, CA","  23.2"," 8","  19.1"," 8","1022.8"," 8","978.8"," 8","999.9"," 0","  6.0"," 8","  9.9","999.9","  30.0","*","  14.7","*"," 0.07","G","  2.8","000000"
"71149099999","2022-11-10","50.7166666","-99.5333333","351.0","MC CREARY, CA","  14.0"," 8","  10.2"," 8","1028.1"," 8","983.3"," 8","999.9"," 0","  9.2"," 8"," 13.0","999.9","  28.0"," ","  10.2"," "," 0.00","G","  2.8","000000"
"71149099999","2022-11-11","50.7166666","-99.5333333","351.0","MC CREARY, CA","  17.4"," 8","  11.9"," 8","1028.8"," 8","984.2"," 8","999.9"," 0","  8.4"," 8"," 12.0","999.9","  20.3"," ","  10.2"," "," 0.00","G","  2.4","000000"
"71149099999","2022-11-12","50.7166666","-99.5333333","351.0","MC CREARY, CA","  13.8"," 8","   9.2"," 8","1030.8"," 8","985.8"," 8","999.9"," 0","  3.8"," 8","  6.0","999.9","  18.5"," ","  12.7"," "," 0.00","G","  2.4","000000"
"71149099999","2022-11-13","50.7166666","-99.5333333","351.0","MC CREARY, CA","  14.5"," 8","  10.4"," 8","1029.1"," 8","984.2"," 8","999.9"," 0","  1.8"," 8","  4.1","999.9","  17.1","*","  13.1","*"," 0.00","G","  2.4","000000"
"71149099999","2022-11-14","50.7166666","-99.5333333","351.0","MC CREARY, CA","  11.9"," 8","   8.4"," 8","1027.9"," 8","983.0"," 8","999.9"," 0","  2.2"," 8","  2.9","999.9","  18.7","*","   4.3","*"," 0.01","G","  3.1","000000"
"71149099999","2022-11-15","50.7166666","-99.5333333","351.0","MC CREARY, CA","  18.2"," 8","  15.4"," 8","1033.1"," 8","988.2"," 8","999.9"," 0","  4.4"," 8","  5.1","999.9","  20.8"," ","   4.8"," "," 0.01","G","  4.3","000000"
"71149099999","2022-11-16","50.7166666","-99.5333333","351.0","MC CREARY, CA","  18.5"," 8","  13.8"," 8","1026.5"," 8","981.9"," 8","999.9"," 0","  5.6"," 8","  9.9","999.9","  28.4","*","   8.4","*"," 0.01","G","  3.9","000000"
"71149099999","2022-11-17","50.7166666","-99.5333333","351.0","MC CREARY, CA","  18.9"," 8","  14.9"," 8","1024.5"," 8","980.2"," 8","999.9"," 0"," 11.1"," 8"," 15.0","999.9","  28.8"," ","  10.2"," "," 0.05","G","  3.5","000000"
"71149099999","2022-11-18","50.7166666","-99.5333333","351.0","MC CREARY, CA","  13.6"," 8","   3.5"," 8","1018.5"," 8","974.0"," 8","999.9"," 0"," 14.7"," 8"," 27.0","999.9","  21.7","*","   8.2","*"," 0.00","G","  3.9","000000"
"71149099999","2022-11-19","50.7166666","-99.5333333","351.0","MC CREARY, CA","  11.5"," 8","   4.3"," 8","1020.0"," 8","975.5"," 8","999.9"," 0","  9.7"," 8"," 15.0","999.9","  21.7"," ","   6.6"," "," 0.00","G","  6.7","000000"
"71149099999","2022-11-20","50.7166666","-99.5333333","351.0","MC CREARY, CA","  19.7"," 8","  11.5"," 8","1011.6"," 8","967.6"," 8","999.9"," 0","  3.6"," 8","  8.0","999.9","  26.4","*","  15.6","*"," 0.00","G","  6.3","000000"
"71149099999","2022-11-21","50.7166666","-99.5333333","351.0","MC CREARY, CA","  24.8"," 8","  13.8"," 8","1017.9"," 8","974.0"," 8","999.9"," 0","  7.4"," 8"," 12.0","999.9","  29.3"," ","   9.5"," "," 0.00","G","  5.9","000000"
"71149099999","2022-11-22","50.7166666","-99.5333333","351.0","MC CREARY, CA","  30.5"," 8","  22.2"," 8","1013.5"," 8","970.0"," 8","999.9"," 0","  4.3"," 8","  7.0","999.9","  39.7"," ","  21.7"," "," 0.00","G","  5.9","000000"
"71149099999","2022-11-23","50.7166666","-99.5333333","351.0","MC CREARY, CA","  35.4"," 8","  25.9"," 8","1007.3"," 8","964.5"," 8","999.9"," 0","  4.2"," 8","  7.0","999.9","  42.1"," ","  24.3"," "," 0.00","G","  5.9","000000"
"71149099999","2022-11-24","50.7166666","-99.5333333","351.0","MC CREARY, CA","  39.4"," 8","  24.3"," 8","1017.2"," 8","974.1"," 8","999.9"," 0","  7.5"," 8","  9.9","999.9","  43.0","*","  35.1","*"," 0.00","G","  5.9","000000"
"71149099999","2022-11-25","50.7166666","-99.5333333","351.0","MC CREARY, CA","  42.6"," 8","  26.5"," 8","1010.8"," 8","968.1"," 8","999.9"," 0"," 12.5"," 8"," 22.9","999.9","  48.7","*","  36.5","*"," 0.00","G","  5.5","000000"
"71149099999","2022-11-26","50.7166666","-99.5333333","351.0","MC CREARY, CA","  42.2"," 8","  27.9"," 8","1004.1"," 8","961.8"," 8","999.9"," 0"," 10.9"," 8"," 21.0","999.9","  50.0"," ","  33.1"," "," 0.00","G","  3.1","000000"
"71149099999","2022-11-27","50.7166666","-99.5333333","351.0","MC CREARY, CA","  27.9"," 8","  21.6"," 8","1010.4"," 8","967.2"," 8","999.9"," 0","  7.2"," 8"," 11.1","999.9","  45.3"," ","  19.4"," "," 0.00","G","  2.8","000000"
"71149099999","2022-11-28","50.7166666","-99.5333333","351.0","MC CREARY, CA","  28.8"," 8","  24.6"," 8"," 995.9"," 8","953.2"," 8","999.9"," 0","  8.6"," 8"," 11.1","999.9","  32.7"," ","  19.4"," "," 0.03","G","  2.8","000000"
"71149099999","2022-11-29","50.7166666","-99.5333333","351.0","MC CREARY, CA","  22.0"," 8","  16.7"," 8"," 998.3"," 8","955.3"," 8","999.9"," 0","  9.5"," 8"," 15.0","999.9","  25.2","*","  17.6","*"," 0.01","G","  3.1","000000"
"71149099999","2022-11-30","50.7166666","-99.5333333","351.0","MC CREARY, CA","   5.0"," 8","  -1.7"," 8","1018.7"," 8","974.0"," 8","999.9"," 0"," 12.0"," 8"," 15.0","999.9","  23.9"," ","   0.1"," "," 0.00","G","  2.8","000000"
"71149099999","2022-12-01","50.7166666","-99.5333333","351.0","MC CREARY, CA","   2.2"," 8","  -2.6"," 8","1019.7"," 8","974.4"," 8","999.9"," 0","  3.6"," 8","  7.0","999.9","   9.5","*","  -5.4","*"," 0.00","G","  3.1","000000"
"71149099999","2022-12-02","50.7166666","-99.5333333","351.0","MC CREARY, CA","   2.0"," 8","  -3.7"," 8","1011.8"," 8","967.1"," 8","999.9"," 0","  9.1"," 8"," 15.0","999.9","  10.2"," ","  -5.8"," "," 0.19","G","  3.9","000000"
"71149099999","2022-12-03","50.7166666","-99.5333333","351.0","MC CREARY, CA","  -2.0"," 8"," -11.9"," 8","1022.1"," 8","976.6"," 8","999.9"," 0","  6.0"," 8","  8.9","999.9","   4.8","*","  -8.3","*"," 0.00","G","  4.7","000000"
"71149099999","2022-12-04","50.7166666","-99.5333333","351.0","MC CREARY, CA","  12.5"," 8","   2.1"," 8","1009.2"," 8","964.8"," 8","999.9"," 0"," 10.0"," 8"," 20.0","999.9","  26.2","*","   4.1","*"," 0.00","G","  3.9","000000"
"71149099999","2022-12-05","50.7166666","-99.5333333","351.0","MC CREARY, CA","   4.2"," 8","  -3.2"," 8","1012.5"," 8","968.2"," 8","999.9"," 0","  8.4"," 8"," 15.0","999.9","  28.4"," "," -11.2"," "," 0.02","G","  3.1","000000"
"71149099999","2022-12-06","50.7166666","-99.5333333","351.0","MC CREARY, CA"," -10.6"," 8"," -17.8"," 8","1021.3"," 8","975.3"," 8","999.9"," 0","  3.4"," 8","  5.1","999.9","  -6.7","*"," -18.9","*"," 0.00","G","  2.8","000000"
"71149099999","2022-12-07","50.7166666","-99.5333333","351.0","MC CREARY, CA"," -12.9"," 8"," -23.2"," 8","1029.6"," 8","983.0"," 8","999.9"," 0","  4.5"," 8","  8.9","999.9","  -2.0"," "," -24.3"," "," 0.00","G","  2.8","000000"
"71149099999","2022-12-08","50.7166666","-99.5333333","351.0","MC CREARY, CA","   5.6"," 8","  -2.0"," 8","1023.1"," 8","977.8"," 8","999.9"," 0","  4.5"," 8","  8.9","999.9","  11.8","*","   0.7","*"," 0.00","G","  3.1","000000"
"71149099999","2022-12-09","50.7166666","-99.5333333","351.0","MC CREARY, CA","   8.6"," 8","   3.0"," 8","1022.7"," 8","977.7"," 8","999.9"," 0","  7.9"," 8"," 11.1","999.9","  16.2","*","   5.4","*"," 0.00","G","  3.1","000000"
"71149099999","2022-12-10","50.7166666","-99.5333333","351.0","MC CREARY, CA","  23.8"," 8","  19.2"," 8","1016.8"," 8","972.7"," 8","999.9"," 0","  6.3"," 8"," 11.1","999.9","  29.3"," ","   4.8"," "," 0.00","G","  3.1","000000"
"71149099999","2022-12-11","50.7166666","-99.5333333","351.0","MC CREARY, CA","  21.4"," 8","  18.5"," 8","1021.9"," 8","977.8"," 8","999.9"," 0","  5.2"," 8","  8.9","999.9","  31.1"," ","  11.3"," "," 0.00","G","  3.1","000000"
"71149099999","2022-12-12","50.7166666","-99.5333333","351.0","MC CREARY, CA","  27.5"," 8","  24.2"," 8","1018.9"," 8","975.1"," 8","999.9"," 0","  7.7"," 8"," 12.0","999.9","  28.9"," ","  11.3"," "," 0.00","G","  3.1","000000"
"71149099999","2022-12-13","50.7166666","-99.5333333","351.0","MC CREARY, CA","  27.3"," 8","  26.4"," 8","1020.0"," 8","976.2"," 8","999.9"," 0","  2.6"," 8","  4.1","999.9","  28.6"," ","  26.1"," "," 0.02","G","  3.1","000000"
"71149099999","2022-12-14","50.7166666","-99.5333333","351.0","MC CREARY, CA","  26.6"," 8","  25.7"," 8","1016.3"," 8","972.6"," 8","999.9"," 0","  6.5"," 8","  8.9","999.9","  28.4"," ","  25.9"," "," 0.14","G","  3.9","000000"
"71149099999","2022-12-15","50.7166666","-99.5333333","351.0","MC CREARY, CA","  23.3"," 8","  20.9"," 8","1012.5"," 8","968.9"," 8","999.9"," 0"," 10.2"," 8"," 15.9","999.9","  25.7","*","  20.3","*"," 0.19","G","  4.7","000000"
"71149099999","2022-12-16","50.7166666","-99.5333333","351.0","MC CREARY, CA","  13.9"," 7","  10.3"," 7","1012.1"," 7","968.1"," 7","999.9"," 0"," 14.3"," 7"," 15.9","999.9","  18.7","*","  10.0","*"," 0.00","G","  3.1","000000"
"71149099999","2022-12-17","50.7166666","-99.5333333","351.0","MC CREARY, CA","   4.2"," 8","  -0.9"," 8","1019.0"," 8","974.2"," 8","999.9"," 0"," 13.9"," 8"," 15.0","999.9","  10.0","*","  -3.3","*"," 0.02","G","  3.9","000000"
"71149099999","2022-12-18","50.7166666","-99.5333333","351.0","MC CREARY, CA","  -6.4"," 8"," -12.0"," 8","1029.2"," 8","983.2"," 8","999.9"," 0"," 11.0"," 8"," 13.0","999.9","   9.9"," ","  -8.1"," "," 0.00","G","  4.7","000000"
"71149099999","2022-12-19","50.7166666","-99.5333333","351.0","MC CREARY, CA","  -7.0"," 8"," -12.5"," 8","1034.2"," 8","987.8"," 8","999.9"," 0","  6.0"," 8","  8.9","999.9","  -5.1","*"," -10.5","*"," 0.02","G","  5.1","000000"
"71149099999","2022-12-20","50.7166666","-99.5333333","351.0","MC CREARY, CA","  -8.2"," 8"," -15.6"," 8","1035.3"," 8","988.9"," 8","999.9"," 0","  7.0"," 8","  8.9","999.9","  -4.9"," "," -11.4"," "," 0.02","G","  5.1","000000"
"71149099999","2022-12-21","50.7166666","-99.5333333","351.0","MC CREARY, CA"," -13.0"," 8"," -19.5"," 8","1035.1"," 8","988.3"," 8","999.9"," 0","  5.5"," 8","  7.0","999.9","  -7.4"," "," -16.6"," "," 0.01","G","  5.1","000000"
"71149099999","2022-12-22","50.7166666","-99.5333333","351.0","MC CREARY, CA","  -8.7"," 8"," -15.3"," 8","1031.5"," 8","985.1"," 8","999.9"," 0"," 10.2"," 8"," 12.0","999.9","  -6.9","*"," -10.7","*"," 0.00","G","  5.9","000000"
"71149099999","2022-12-23","50.7166666","-99.5333333","351.0","MC CREARY, CA","  -6.3"," 8"," -14.8"," 8","1034.7"," 8","988.3"," 8","999.9"," 0"," 14.4"," 8"," 17.1","999.9","  -1.7","*","  -8.9","*"," 0.00","G","  3.5","000000"
"71149099999","2022-12-24","50.7166666","-99.5333333","351.0","MC CREARY, CA","  -4.7"," 8"," -14.0"," 8","1037.6"," 8","991.2"," 8","999.9"," 0"," 10.9"," 8"," 12.0","999.9","   0.7","*","  -8.1","*"," 0.00","G","  3.5","000000"
"71149099999","2022-12-25","50.7166666","-99.5333333","351.0","MC CREARY, CA","  -4.1"," 8"," -12.3"," 8","1027.8"," 8","981.9"," 8","999.9"," 0","  4.3"," 8","  6.0","999.9","   1.4","*"," -12.8","*"," 0.03","G","  3.5","000000"
"71149099999","2022-12-26","50.7166666","-99.5333333","351.0","MC CREARY, CA","   4.5"," 8","  -3.6"," 8","1025.5"," 8","980.0"," 8","999.9"," 0","  4.0"," 8","  6.0","999.9","  10.9","*","  -6.0","*"," 0.00","G","  3.9","000000"
"71149099999","2022-12-27","50.7166666","-99.5333333","351.0","MC CREARY, CA","   7.7"," 8","   3.7"," 8","1004.7"," 8","960.5"," 8","999.9"," 0","  5.0"," 8","  8.0","999.9","  11.3"," ","  -6.3"," "," 0.04","G","  4.3","000000"
"71149099999","2022-12-28","50.7166666","-99.5333333","351.0","MC CREARY, CA","   9.1"," 8","   5.8"," 8"," 999.4"," 8","955.4"," 8","999.9"," 0","  2.0"," 8","  5.1","999.9","  12.9","*","   6.8","*"," 0.00","G","  4.3","000000"
"71149099999","2022-12-29","50.7166666","-99.5333333","351.0","MC CREARY, CA","   8.3"," 8","   5.0"," 8","1005.0"," 8","960.9"," 8","999.9"," 0","  5.5"," 8","  8.0","999.9","  14.0"," ","   4.3"," "," 0.20","G","  6.7","000000"
"71149099999","2022-12-30","50.7166666","-99.5333333","351.0","MC CREARY, CA","   2.5"," 8","  -2.9"," 8","1012.2"," 8","967.4"," 8","999.9"," 0","  2.8"," 8","  5.1","999.9","  12.9"," ","  -8.5"," "," 0.00","G","  6.3","000000"
"71149099999","2022-12-31","50.7166666","-99.5333333","351.0","MC CREARY, CA","  11.6"," 8","   9.3"," 8","1007.5"," 8","963.2"," 8","999.9"," 0","  6.1"," 8","  8.9","999.9","  15.8"," ","  -8.5"," "," 0.00","G","  6.3","000000"
