"STATION","DATE","LATITUDE","LONGITUDE","ELEVATION","NAME","TEMP","TEMP_ATTRIBUTES","DEWP","DEWP_ATTRIBUTES","SLP","SLP_ATTRIBUTES","STP","STP_ATTRIBUTES","VISIB","VISIB_ATTRIBUTES","WDSP","WDSP_ATTRIBUTES","MXSPD","GUST","MAX","MAX_ATTRIBUTES","MIN","MIN_ATTRIBUTES","PRCP","PRCP_ATTRIBUTES","SNDP","FRSHTT"
"72646854913","2022-01-01","45.70889","-90.40222","456.3","PHILLIPS PRICE CO AIRPORT, WI US","   4.6","24","  -1.0","24","9999.9"," 0","962.4","18","  9.4","24","  5.1","24","  8.0","999.9","  13.1"," ","  -2.9"," ","99.99"," ","999.9","001000"
"72646854913","2022-01-02","45.70889","-90.40222","456.3","PHILLIPS PRICE CO AIRPORT, WI US","   2.4","24","  -2.8","24","9999.9"," 0","965.6","24"," 10.0","24","  2.0","24","  8.9","999.9","   8.2"," ","  -5.1"," ","99.99"," ","999.9","001000"
"72646854913","2022-01-03","45.70889","-90.40222","456.3","PHILLIPS PRICE CO AIRPORT, WI US","   2.5","24","  -4.6","24","9999.9"," 0","965.1","24"," 10.0","24","  3.5","24","  9.9","999.9","  13.1"," ","  -7.2"," "," 0.00","I","999.9","000000"
"72646854913","2022-01-04","45.70889","-90.40222","456.3","PHILLIPS PRICE CO AIRPORT, WI US","   9.3","24","   5.4","24","9999.9"," 0","957.4","24"," 10.0","24","  2.6","24","  8.9","999.9","  22.1"," ","   0.3"," "," 0.00","I","999.9","000000"
"72646854913","2022-01-05","45.70889","-90.40222","456.3","PHILLIPS PRICE CO AIRPORT, WI US","  19.7","24","  17.2","24","9999.9"," 0","944.5","24","  3.1","24","  5.1","24"," 17.1"," 26.0","  22.5"," ","  12.2"," "," 0.26","G","999.9","001000"
"72646854913","2022-01-06","45.70889","-90.40222","456.3","PHILLIPS PRICE CO AIRPORT, WI US","   6.9","24","   2.0","24","9999.9"," 0","961.5","24","  5.7","24","  5.8","24","  8.9"," 15.0","  11.8","*","   2.7","*"," 0.04","G","999.9","001000"
"72646854913","2022-01-07","45.70889","-90.40222","456.3","PHILLIPS PRICE CO AIRPORT, WI US","  -2.9","24","  -8.9","24","9999.9"," 0","966.5","24","  9.8","24","  2.4","24","  8.0","999.9","   8.2"," "," -20.2"," "," 0.00","G","999.9","000000"
"72646854913","2022-01-08","45.70889","-90.40222","456.3","PHILLIPS PRICE CO AIRPORT, WI US","  12.4","24","   4.0","24","9999.9"," 0","958.5","24","  9.7","24"," 11.1","24"," 15.0"," 24.1","  22.1"," ","   3.7"," ","99.99"," ","999.9","001000"
"72646854913","2022-01-09","45.70889","-90.40222","456.3","PHILLIPS PRICE CO AIRPORT, WI US","   7.9","24","   0.4","24","9999.9"," 0","963.7","24","  9.7","24","  7.3","24"," 12.0"," 21.0","  22.5"," ","  -6.2"," ","99.99"," ","999.9","001000"
"72646854913","2022-01-10","45.70889","-90.40222","456.3","PHILLIPS PRICE CO AIRPORT, WI US","  -9.6","24"," -18.8","24","9999.9"," 0","974.4","24"," 10.0","24","  3.0","24","  9.9"," 15.0","  -0.9"," "," -20.0"," "," 0.00","I","999.9","000000"
"72646854913","2022-01-11","45.70889","-90.40222","456.3","PHILLIPS PRICE CO AIRPORT, WI US","  -1.6","24"," -11.6","24","9999.9"," 0","967.3","24"," 10.0","24","  4.9","24"," 14.0"," 19.0","  18.5"," "," -19.5"," "," 0.00","I","999.9","000000"
"72646854913","2022-01-12","45.70889","-90.40222","456.3","PHILLIPS PRICE CO AIRPORT, WI US","  23.5","24","  19.8","24","9999.9"," 0","957.2","24"," 10.0","24","  2.1","24","  6.0","999.9","  26.8"," ","  16.7"," "," 0.00","I","999.9","000000"
"72646854913","2022-01-13","45.70889","-90.40222","456.3","PHILLIPS PRICE CO AIRPORT, WI US","  25.1","24","  23.4","24","9999.9"," 0","959.1","24","  9.4","24","  2.1","24"," 12.0"," 15.9","  29.7"," ","  21.2"," ","99.99"," ","999.9","001000"
"72646854913","2022-01-14","45.70889","-90.40222","456.3","PHILLIPS PRICE CO AIRPORT, WI US","  12.4","24","   5.0","24","9999.9"," 0","968.6","24"," 10.0","24","  7.1","24"," 13.0"," 18.1","  23.0"," ","   5.7"," ","99.99"," ","999.9","001000"
"72646854913","2022-01-15","45.70889","-90.40222","456.3","PHILLIPS PRICE CO AIRPORT, WI US","   0.8","24","  -6.3","24","9999.9"," 0","975.9","24"," 10.0","24","  3.0","24","  8.9","999.9","  14.4"," "," -18.0"," "," 0.00","I","999.9","000000"
"72646854913","2022-01-16","45.70889","-90.40222","456.3","PHILLIPS PRICE CO AIRPORT, WI US","   8.7","24","   3.6","24","9999.9"," 0","959.7","24","  8.8","24","  6.3","24","  9.9"," 15.9","  16.2"," ","   2.7"," ","99.99"," ","999.9","001000"
"72646854913","2022-01-17","45.70889","-90.40222","456.3","PHILLIPS PRICE CO AIRPORT, WI US","  19.7","24","  14.1","24","9999.9"," 0","954.0","24","  9.4","24","  3.9","24","  8.0"," 15.0","  24.4"," ","  15.6"," ","99.99"," ","999.9","001000"
"72646854913","2022-01-18","45.70889","-90.40222","456.3","PHILLIPS PRICE CO AIRPORT, WI US","  25.9","24","  22.1","24","9999.9"," 0","951.6","24","  9.2","24","  5.3","24"," 15.0"," 22.0","  33.3"," ","  22.6"," ","99.99"," ","999.9","001000"
"72646854913","2022-01-19","45.70889","-90.40222","456.3","PHILLIPS PRICE CO AIRPORT, WI US","  13.5","24","   5.7","24","9999.9"," 0","956.5","24","  9.5","24","  8.6","24"," 15.9"," 26.0","  33.3","*","   2.7","*","99.99"," ","999.9","001000"
"72646854913","2022-01-20","45.70889","-90.40222","456.3","PHILLIPS PRICE CO AIRPORT, WI US","  -4.5","24"," -13.1","24","9999.9"," 0","976.8","24"," 10.0","24","  2.2","24","  6.0","999.9","   7.5"," "," -17.0"," "," 0.00","I","999.9","000000"
"72646854913","2022-01-21","45.70889","-90.40222","456.3","PHILLIPS PRICE CO AIRPORT, WI US","  -6.7","24"," -17.4","24","9999.9"," 0","973.3","24"," 10.0","24","  4.9","24"," 17.1"," 24.1","  14.4"," "," -24.3"," "," 0.00","I","999.9","000000"
"72646854913","2022-01-22","45.70889","-90.40222","456.3","PHILLIPS PRICE CO AIRPORT, WI US","  10.1","24","   1.0","24","9999.9"," 0","961.3","24","  7.5","24","  8.1","24"," 15.0"," 25.1","  15.8"," ","   5.5"," ","99.99"," ","999.9","001000"
"72646854913","2022-01-23","45.70889","-90.40222","456.3","PHILLIPS PRICE CO AIRPORT, WI US","  -0.6","24","  -7.5","24","9999.9"," 0","960.8","24","  9.4","24","  2.6","24","  8.0","999.9","   6.6"," "," -18.2"," ","99.99"," ","999.9","001000"
"72646854913","2022-01-24","45.70889","-90.40222","456.3","PHILLIPS PRICE CO AIRPORT, WI US","   3.9","24","  -3.3","24","9999.9"," 0","952.1","24","  8.6","24","  4.3","24","  9.9"," 15.0","  11.5"," ","   0.5"," ","99.99"," ","999.9","001000"
"72646854913","2022-01-25","45.70889","-90.40222","456.3","PHILLIPS PRICE CO AIRPORT, WI US","  -7.0","24"," -14.3","24","9999.9"," 0","964.4","24","  9.7","24","  2.6","24","  7.0","999.9","   4.1"," "," -17.7"," "," 0.00","I","999.9","000000"
"72646854913","2022-01-26","45.70889","-90.40222","456.3","PHILLIPS PRICE CO AIRPORT, WI US"," -14.1","24"," -21.7","24","9999.9"," 0","968.2","24","  9.7","24","  4.0","24"," 14.0"," 22.9","   9.9"," "," -32.1"," ","99.99"," ","999.9","001000"
"72646854913","2022-01-27","45.70889","-90.40222","456.3","PHILLIPS PRICE CO AIRPORT, WI US","  15.7","24","   8.2","24","9999.9"," 0","958.7","24","  9.6","24","  8.7","24"," 15.0"," 22.0","  22.1"," ","   9.3"," ","99.99"," ","999.9","001000"
"72646854913","2022-01-28","45.70889","-90.40222","456.3","PHILLIPS PRICE CO AIRPORT, WI US","  -7.2","24"," -15.3","24","9999.9"," 0","970.7","24"," 10.0","24","  1.6","24","  8.0","999.9","   9.3"," "," -25.4"," "," 0.00","I","999.9","000000"
"72646854913","2022-01-29","45.70889","-90.40222","456.3","PHILLIPS PRICE CO AIRPORT, WI US","   8.6","24","   0.8","24","9999.9"," 0","963.0","24"," 10.0","24","  3.3","24"," 12.0","999.9","  22.8"," ","  -6.7"," ","99.99"," ","999.9","001000"
"72646854913","2022-01-30","45.70889","-90.40222","456.3","PHILLIPS PRICE CO AIRPORT, WI US","  18.8","24","  13.4","24","9999.9"," 0","958.3","24","  9.3","24","  2.2","24","  7.0","999.9","  21.7"," ","  15.8"," ","99.99"," ","999.9","001000"
"72646854913","2022-01-31","45.70889","-90.40222","456.3","PHILLIPS PRICE CO AIRPORT, WI US","  16.3","24","  11.3","24","9999.9"," 0","959.9","24"," 10.0","24","  4.8","24"," 13.0"," 19.0","  28.0"," ","   0.1"," "," 0.00","I","999.9","000000"
"72646854913","2022-02-01","45.70889","-90.40222","456.3","PHILLIPS PRICE CO AIRPORT, WI US","  26.0","24","  17.8","24","9999.9"," 0","951.2","24"," 10.0","24"," 10.8","24"," 18.1"," 26.0","  30.0"," ","  15.4"," "," 0.00","I","999.9","000000"
"72646854913","2022-02-02","45.70889","-90.40222","456.3","PHILLIPS PRICE CO AIRPORT, WI US","   4.5","24","  -5.3","24","9999.9"," 0","968.6","24"," 10.0","24","  4.7","24","  8.9"," 15.0","  15.3"," ","  -5.3"," "," 0.00","I","999.9","000000"
"72646854913","2022-02-03","45.70889","-90.40222","456.3","PHILLIPS PRICE CO AIRPORT, WI US","  -5.6","24"," -15.8","24","9999.9"," 0","978.6","24","  9.8","24","  1.9","24","  6.0","999.9","   7.5"," "," -22.4"," "," 0.00","I","999.9","000000"
"72646854913","2022-02-04","45.70889","-90.40222","456.3","PHILLIPS PRICE CO AIRPORT, WI US","  -4.8","24"," -11.2","24","9999.9"," 0","972.1","24","  8.2","24","  0.3","24","  7.0","999.9","   8.8"," "," -17.1"," ","99.99"," ","999.9","001000"
"72646854913","2022-02-05","45.70889","-90.40222","456.3","PHILLIPS PRICE CO AIRPORT, WI US","  -3.4","24","  -8.8","24","9999.9"," 0","968.5","24","  8.5","24","  4.2","24"," 15.0"," 22.0","  13.6"," "," -19.3"," ","99.99"," ","999.9","001000"
"72646854913","2022-02-06","45.70889","-90.40222","456.3","PHILLIPS PRICE CO AIRPORT, WI US","  17.8","24","  12.1","24","9999.9"," 0","959.4","24","  8.5","24","  4.6","24","  8.9","999.9","  20.1"," ","  13.8"," "," 0.01","A","999.9","001000"
"72646854913","2022-02-07","45.70889","-90.40222","456.3","PHILLIPS PRICE CO AIRPORT, WI US","  12.0","24","   4.7","24","9999.9"," 0","965.2","24","  9.7","24","  3.1","24","  6.0","999.9","  22.5"," ","  -3.8"," ","99.99"," ","999.9","001000"
"72646854913","2022-02-08","45.70889","-90.40222","456.3","PHILLIPS PRICE CO AIRPORT, WI US","  19.3","24","   9.9","24","9999.9"," 0","956.0","24"," 10.0","24","  5.2","24","  8.9"," 14.0","  30.0","*","   8.4","*"," 0.00","I","999.9","000000"
"72646854913","2022-02-09","45.70889","-90.40222","456.3","PHILLIPS PRICE CO AIRPORT, WI US","  27.7","24","  23.0","24","9999.9"," 0","946.8","24","  8.5","24","  6.2","24"," 12.0"," 20.0","  31.8"," ","  22.8"," ","99.99"," ","999.9","001000"
"72646854913","2022-02-10","45.70889","-90.40222","456.3","PHILLIPS PRICE CO AIRPORT, WI US","  17.2","24","  10.2","24","9999.9"," 0","953.9","24","  9.4","24","  6.3","24"," 12.0"," 17.1","  22.6"," ","  12.0"," ","99.99"," ","999.9","001000"
"72646854913","2022-02-11","45.70889","-90.40222","456.3","PHILLIPS PRICE CO AIRPORT, WI US","  23.6","24","  20.9","24","9999.9"," 0","941.6","24","  6.3","24","  8.3","24"," 14.0"," 22.0","  32.0"," ","   7.2"," "," 0.09","G","999.9","001000"
"72646854913","2022-02-12","45.70889","-90.40222","456.3","PHILLIPS PRICE CO AIRPORT, WI US","  -1.7","24","  -9.0","24","9999.9"," 0","967.7","24","  9.3","24","  4.5","24"," 12.0"," 22.9","   7.0"," "," -20.2"," "," 0.00","G","999.9","000000"
"72646854913","2022-02-13","45.70889","-90.40222","456.3","PHILLIPS PRICE CO AIRPORT, WI US","  -7.2","24"," -15.9","24","9999.9"," 0","969.7","24"," 10.0","24","  0.5","24","  5.1","999.9","  10.4"," "," -25.8"," "," 0.00","I","999.9","000000"
"72646854913","2022-02-14","45.70889","-90.40222","456.3","PHILLIPS PRICE CO AIRPORT, WI US","   3.7","24","  -4.6","24","9999.9"," 0","966.6","24","  9.0","24","  2.3","24","  7.0","999.9","  16.5"," ","  -9.4"," ","99.99"," ","999.9","001000"
"72646854913","2022-02-15","45.70889","-90.40222","456.3","PHILLIPS PRICE CO AIRPORT, WI US","   2.8","24","  -4.3","24","9999.9"," 0","970.0","24"," 10.0","24","  3.6","24"," 13.0"," 19.0","  20.7"," "," -15.5"," "," 0.00","I","999.9","000000"
"72646854913","2022-02-16","45.70889","-90.40222","456.3","PHILLIPS PRICE CO AIRPORT, WI US","  26.2","24","  19.6","24","9999.9"," 0","952.2","24","  9.8","24","  5.8","24"," 12.0"," 17.1","  30.2"," ","  20.7"," "," 0.00","I","999.9","000000"
"72646854913","2022-02-17","45.70889","-90.40222","456.3","PHILLIPS PRICE CO AIRPORT, WI US","  10.2","24","   0.4","24","9999.9"," 0","963.6","24","  9.9","24","  5.9","24","  9.9"," 15.9","  24.4"," ","   2.3"," "," 0.00","I","999.9","000000"
"72646854913","2022-02-18","45.70889","-90.40222","456.3","PHILLIPS PRICE CO AIRPORT, WI US","  -3.1","24","  -9.7","24","9999.9"," 0","957.9","24","  8.4","24","  5.6","24"," 18.1"," 32.1","  24.3"," "," -24.0"," ","99.99"," ","999.9","001000"
"72646854913","2022-02-19","45.70889","-90.40222","456.3","PHILLIPS PRICE CO AIRPORT, WI US","   0.2","24"," -10.3","24","9999.9"," 0","963.2","24","  9.8","24","  8.0","24"," 19.0"," 29.9","  11.5"," "," -10.1"," "," 0.00","I","999.9","000000"
"72646854913","2022-02-20","45.70889","-90.40222","456.3","PHILLIPS PRICE CO AIRPORT, WI US","  21.8","24","  10.3","24","9999.9"," 0","951.4","24"," 10.0","24"," 10.2","24"," 15.9"," 22.0","  41.0"," ","  10.0"," "," 0.00","I","999.9","000000"
"72646854913","2022-02-21","45.70889","-90.40222","456.3","PHILLIPS PRICE CO AIRPORT, WI US","  17.6","24","  11.1","24","9999.9"," 0","963.2","24","  8.8","24"," 10.2","24"," 15.0"," 21.0","  29.7"," ","  13.1"," ","99.99"," ","999.9","001000"
"72646854913","2022-02-22","45.70889","-90.40222","456.3","PHILLIPS PRICE CO AIRPORT, WI US","  11.7","24","   6.9","24","9999.9"," 0","961.2","24","  7.3","24"," 12.2","24"," 24.1"," 28.9","  13.6"," ","  10.0"," "," 0.05","A","999.9","001000"
"72646854913","2022-02-23","45.70889","-90.40222","456.3","PHILLIPS PRICE CO AIRPORT, WI US","   6.3","24","  -0.3","24","9999.9"," 0","972.2","24","  8.1","24","  5.3","24"," 12.0"," 20.0","  14.9"," ","  -4.0"," ","99.99"," ","999.9","001000"
"72646854913","2022-02-24","45.70889","-90.40222","456.3","PHILLIPS PRICE CO AIRPORT, WI US","  -0.6","24","  -7.6","24","9999.9"," 0","976.7","24"," 10.0","24","  0.7","24","  8.0","999.9","  17.1"," "," -18.0"," "," 0.00","I","999.9","000000"
"72646854913","2022-02-25","45.70889","-90.40222","456.3","PHILLIPS PRICE CO AIRPORT, WI US","   9.6","24","   2.3","24","9999.9"," 0","973.1","24","  8.6","24","  3.3","24","  8.9","999.9","  20.3"," "," -11.2"," ","99.99"," ","999.9","001000"
"72646854913","2022-02-26","45.70889","-90.40222","456.3","PHILLIPS PRICE CO AIRPORT, WI US","  12.0","24","   3.2","24","9999.9"," 0","969.0","24"," 10.0","24","  8.3","24"," 14.0"," 22.9","  32.0"," ","   1.2"," "," 0.00","I","999.9","000000"
"72646854913","2022-02-27","45.70889","-90.40222","456.3","PHILLIPS PRICE CO AIRPORT, WI US","  22.7","24","  10.1","24","9999.9"," 0","964.4","23"," 10.0","24","  5.1","24"," 11.1"," 18.1","  29.1"," ","  12.6"," "," 0.00","I","999.9","000000"
"72646854913","2022-02-28","45.70889","-90.40222","456.3","PHILLIPS PRICE CO AIRPORT, WI US","  23.9","24","  12.3","24","9999.9"," 0","963.0","24"," 10.0","24","  4.6","24","  8.9","999.9","  35.1"," ","  18.5"," "," 0.00","I","999.9","000000"
"72646854913","2022-03-01","45.70889","-90.40222","456.3","PHILLIPS PRICE CO AIRPORT, WI US","  24.1","24","  17.6","24","9999.9"," 0","960.0","18"," 10.0","24","  2.2","24","  7.0","999.9","  32.0"," ","  15.4"," "," 0.00","I","999.9","000000"
"72646854913","2022-03-02","45.70889","-90.40222","456.3","PHILLIPS PRICE CO AIRPORT, WI US","  17.5","24","  11.6","24","9999.9"," 0","963.0","24","  9.9","24","  2.4","24"," 11.1"," 15.9","  27.7"," ","   5.4"," ","99.99"," ","999.9","001000"
"72646854913","2022-03-03","45.70889","-90.40222","456.3","PHILLIPS PRICE CO AIRPORT, WI US","   6.1","24","  -6.6","24","9999.9"," 0","972.0","24"," 10.0","24","  1.3","24","  7.0","999.9","  26.1"," "," -15.9"," "," 0.00","I","999.9","000000"
"72646854913","2022-03-04","45.70889","-90.40222","456.3","PHILLIPS PRICE CO AIRPORT, WI US","  13.9","24","  -5.0","24","9999.9"," 0","972.8","24"," 10.0","24","  1.0","24","  7.0","999.9","  34.7"," ","  -1.5"," "," 0.00","I","999.9","000000"
"72646854913","2022-03-05","45.70889","-90.40222","456.3","PHILLIPS PRICE CO AIRPORT, WI US","  31.1","24","  20.5","24","9999.9"," 0","958.9","24","  7.9","24","  6.3","24"," 11.1"," 17.1","  33.4"," ","  28.9"," "," 0.05","G","999.9","011000"
"72646854913","2022-03-06","45.70889","-90.40222","456.3","PHILLIPS PRICE CO AIRPORT, WI US","  29.0","24","  28.3","24","9999.9"," 0","951.5","24","  7.2","24","  5.6","24"," 12.0"," 15.9","  32.9"," ","  25.2"," "," 0.20","G","999.9","011000"
"72646854913","2022-03-07","45.70889","-90.40222","456.3","PHILLIPS PRICE CO AIRPORT, WI US","  25.0","24","  20.2","24","9999.9"," 0","961.2","24","  9.4","24","  4.8","24","  9.9"," 17.1","  29.3"," ","  21.2"," "," 0.00","G","999.9","001000"
"72646854913","2022-03-08","45.70889","-90.40222","456.3","PHILLIPS PRICE CO AIRPORT, WI US","  22.7","24","  13.7","24","9999.9"," 0","960.8","24"," 10.0","24","  6.4","24"," 15.0"," 22.0","  37.4"," ","  12.0"," "," 0.00","I","999.9","000000"
"72646854913","2022-03-09","45.70889","-90.40222","456.3","PHILLIPS PRICE CO AIRPORT, WI US","  23.0","24","  12.6","24","9999.9"," 0","958.2","24","  9.9","24","  7.0","24"," 13.0"," 19.0","  35.1"," ","  16.2"," ","99.99"," ","999.9","001000"
"72646854913","2022-03-10","45.70889","-90.40222","456.3","PHILLIPS PRICE CO AIRPORT, WI US","   7.8","24","  -4.4","24","9999.9"," 0","965.9","24"," 10.0","24","  4.2","24"," 12.0"," 19.0","  19.0"," ","  -9.2"," "," 0.00","I","999.9","000000"
"72646854913","2022-03-11","45.70889","-90.40222","456.3","PHILLIPS PRICE CO AIRPORT, WI US","  11.8","24","   0.2","24","9999.9"," 0","958.6","24","  9.5","24","  7.3","24"," 15.0"," 22.0","  15.8"," ","   8.6"," ","99.99"," ","999.9","001000"
"72646854913","2022-03-12","45.70889","-90.40222","456.3","PHILLIPS PRICE CO AIRPORT, WI US","   1.3","24"," -10.6","24","9999.9"," 0","963.3","24"," 10.0","24","  4.9","24"," 11.1"," 19.0","  12.9"," "," -10.8"," "," 0.00","I","999.9","000000"
"72646854913","2022-03-13","45.70889","-90.40222","456.3","PHILLIPS PRICE CO AIRPORT, WI US","  21.5","24","  12.0","24","9999.9"," 0","953.7","24","  8.6","24","  7.1","24"," 13.0"," 22.9","  37.9"," ","   8.1"," ","99.99"," ","999.9","001000"
"72646854913","2022-03-14","45.70889","-90.40222","456.3","PHILLIPS PRICE CO AIRPORT, WI US","  29.7","24","  20.9","24","9999.9"," 0","963.4","24"," 10.0","24","  1.0","24","  6.0","999.9","  40.1"," ","  23.2"," "," 0.00","I","999.9","000000"
"72646854913","2022-03-15","45.70889","-90.40222","456.3","PHILLIPS PRICE CO AIRPORT, WI US","  28.9","24","  23.0","24","9999.9"," 0","967.1","24"," 10.0","24","  3.0","24"," 12.0"," 17.1","  43.9"," ","  15.1"," "," 0.00","I","999.9","000000"
"72646854913","2022-03-16","45.70889","-90.40222","456.3","PHILLIPS PRICE CO AIRPORT, WI US","  41.8","24","  31.8","24","9999.9"," 0","957.9","24"," 10.0","24","  5.5","24"," 12.0"," 19.0","  52.7"," ","  33.1"," ","99.99"," ","999.9","010000"
"72646854913","2022-03-17","45.70889","-90.40222","456.3","PHILLIPS PRICE CO AIRPORT, WI US","  35.4","24","  29.6","24","9999.9"," 0","957.1","24","  9.0","24","  1.8","24","  7.0","999.9","  48.2"," ","  22.8"," "," 0.00","I","999.9","000000"
"72646854913","2022-03-18","45.70889","-90.40222","456.3","PHILLIPS PRICE CO AIRPORT, WI US","  35.0","24","  28.0","24","9999.9"," 0","962.9","24"," 10.0","24","  4.9","24","  9.9"," 15.0","  43.7"," ","  25.7"," "," 0.00","I","999.9","000000"
"72646854913","2022-03-19","45.70889","-90.40222","456.3","PHILLIPS PRICE CO AIRPORT, WI US","  32.6","24","  27.4","24","9999.9"," 0","958.2","24"," 10.0","24","  5.5","24","  9.9","999.9","  46.4"," ","  25.7"," "," 0.00","I","999.9","000000"
"72646854913","2022-03-20","45.70889","-90.40222","456.3","PHILLIPS PRICE CO AIRPORT, WI US","  35.3","24","  24.7","24","9999.9"," 0","961.8","24"," 10.0","24","  1.2","24","  7.0","999.9","  53.8"," ","  19.2"," "," 0.00","I","999.9","000000"
"72646854913","2022-03-21","45.70889","-90.40222","456.3","PHILLIPS PRICE CO AIRPORT, WI US","  37.7","24","  30.4","24","9999.9"," 0","963.9","24","  9.9","24","  4.9","24"," 14.0"," 22.0","  47.1"," ","  29.8"," "," 0.04","G","999.9","010000"
"72646854913","2022-03-22","45.70889","-90.40222","456.3","PHILLIPS PRICE CO AIRPORT, WI US","  34.6","24","  34.1","24","9999.9"," 0","961.2","24","  9.6","24","  8.4","24"," 12.0"," 21.0","  36.0"," ","  31.8"," "," 0.09","G","999.9","011000"
"72646854913","2022-03-23","45.70889","-90.40222","456.3","PHILLIPS PRICE CO AIRPORT, WI US","  32.3","21","  32.3","21","9999.9"," 0","952.2","21","  6.5","21","  7.1","21"," 11.1"," 18.1","  33.1"," ","  31.8"," "," 0.56","G","999.9","011000"
"72646854913","2022-03-24","45.70889","-90.40222","456.3","PHILLIPS PRICE CO AIRPORT, WI US","  32.3","24","  31.1","24","9999.9"," 0","952.0","24","  7.5","24","  6.6","24"," 12.0"," 15.9","  40.1"," ","  30.2"," "," 0.07","G","999.9","011000"
"72646854913","2022-03-25","45.70889","-90.40222","456.3","PHILLIPS PRICE CO AIRPORT, WI US","  28.1","24","  25.7","24","9999.9"," 0","949.9","24","  8.7","24","  2.7","24"," 12.0"," 22.0","  37.9"," ","  18.7"," "," 0.00","G","999.9","011000"
"72646854913","2022-03-26","45.70889","-90.40222","456.3","PHILLIPS PRICE CO AIRPORT, WI US","  20.8","24","  10.4","24","9999.9"," 0","956.3","24"," 10.0","24"," 10.7","24"," 17.1"," 27.0","  28.4"," ","  14.5"," "," 0.01","G","999.9","001000"
"72646854913","2022-03-27","45.70889","-90.40222","456.3","PHILLIPS PRICE CO AIRPORT, WI US","  15.5","24","  -2.2","24","9999.9"," 0","966.3","24"," 10.0","24","  7.2","24"," 12.0"," 18.1","  24.1"," ","   6.3"," "," 0.00","G","999.9","000000"
"72646854913","2022-03-28","45.70889","-90.40222","456.3","PHILLIPS PRICE CO AIRPORT, WI US","  16.6","24","  -1.6","24","9999.9"," 0","969.1","24"," 10.0","24","  1.6","24","  7.0","999.9","  32.9"," ","   1.4"," "," 0.00","I","999.9","000000"
"72646854913","2022-03-29","45.70889","-90.40222","456.3","PHILLIPS PRICE CO AIRPORT, WI US","  28.2","24","  10.2","24","9999.9"," 0","964.7","24"," 10.0","24","  5.2","24"," 14.0"," 20.0","  35.6"," ","  19.4"," "," 0.00","I","999.9","000000"
"72646854913","2022-03-30","45.70889","-90.40222","456.3","PHILLIPS PRICE CO AIRPORT, WI US","  31.3","24","  27.0","24","9999.9"," 0","947.4","24","  8.6","24","  5.4","24"," 12.0"," 22.0","  33.3"," ","  29.3"," "," 0.26","G","999.9","011010"
"72646854913","2022-03-31","45.70889","-90.40222","456.3","PHILLIPS PRICE CO AIRPORT, WI US","  28.2","24","  23.7","24","9999.9"," 0","944.0","24","  9.7","24"," 10.8","24"," 17.1"," 28.0","  30.9"," ","  26.4"," "," 0.08","G","999.9","001000"
"72646854913","2022-04-01","45.70889","-90.40222","456.3","PHILLIPS PRICE CO AIRPORT, WI US","  27.7","24","  19.2","24","9999.9"," 0","959.0","19"," 10.0","24","  2.8","24","  8.0"," 15.9","  43.3"," ","  12.0"," "," 0.00","G","999.9","000000"
"72646854913","2022-04-02","45.70889","-90.40222","456.3","PHILLIPS PRICE CO AIRPORT, WI US","  36.0","24","  29.2","24","9999.9"," 0","959.4","24","  9.0","24","  3.7","24","  8.0"," 15.9","  46.2"," ","  32.0"," ","99.99"," ","999.9","011000"
"72646854913","2022-04-03","45.70889","-90.40222","456.3","PHILLIPS PRICE CO AIRPORT, WI US","  34.3","24","  26.8","24","9999.9"," 0","961.1","24","  9.8","24","  2.3","24"," 11.1"," 15.9","  45.9"," ","  25.3"," ","99.99"," ","999.9","001000"
"72646854913","2022-04-04","45.70889","-90.40222","456.3","PHILLIPS PRICE CO AIRPORT, WI US","  36.6","18","  31.5","18","9999.9"," 0","957.0","18","  9.8","18","  4.2","18"," 12.0"," 15.0","  41.4"," ","  32.0"," ","99.99"," ","999.9","010000"
"72646854913","2022-04-05","45.70889","-90.40222","456.3","PHILLIPS PRICE CO AIRPORT, WI US","  33.0","24","  30.7","24","9999.9"," 0","953.2","24"," 10.0","24","  5.3","24"," 14.0"," 20.0","  38.7"," ","  25.9"," ","99.99"," ","999.9","010000"
"72646854913","2022-04-06","45.70889","-90.40222","456.3","PHILLIPS PRICE CO AIRPORT, WI US","  36.1","24","  35.6","24","9999.9"," 0","939.5","24","  8.5","24","  9.4","24"," 15.0"," 22.0","  39.2"," ","  32.4"," "," 0.34","G","999.9","011000"
"72646854913","2022-04-07","45.70889","-90.40222","456.3","PHILLIPS PRICE CO AIRPORT, WI US","  31.8","24","  31.7","24","9999.9"," 0","940.8","24","  4.3","24","  4.1","24"," 15.9"," 25.1","  33.8"," ","  28.8"," "," 0.11","G","999.9","011000"
"72646854913","2022-04-08","45.70889","-90.40222","456.3","PHILLIPS PRICE CO AIRPORT, WI US","  28.4","24","  24.1","24","9999.9"," 0","953.0","24","  8.4","24","  9.2","24"," 14.0"," 22.0","  34.0"," ","  26.6"," "," 0.02","G","999.9","001000"
"72646854913","2022-04-09","45.70889","-90.40222","456.3","PHILLIPS PRICE CO AIRPORT, WI US","  33.0","24","  16.9","24","9999.9"," 0","955.4","24"," 10.0","24","  3.9","24","  9.9"," 14.0","  48.7"," ","  22.6"," "," 0.00","G","999.9","000000"
"72646854913","2022-04-10","45.70889","-90.40222","456.3","PHILLIPS PRICE CO AIRPORT, WI US","  38.6","24","  18.9","24","9999.9"," 0","955.1","24"," 10.0","24","  5.4","24"," 15.9"," 22.0","  55.4"," ","  25.0"," "," 0.00","I","999.9","000000"
"72646854913","2022-04-11","45.70889","-90.40222","456.3","PHILLIPS PRICE CO AIRPORT, WI US","  44.7","24","  29.4","24","9999.9"," 0","948.3","24"," 10.0","24"," 10.8","24"," 17.1"," 25.1","  54.1"," ","  36.9"," "," 0.00","I","999.9","000000"
"72646854913","2022-04-12","45.70889","-90.40222","456.3","PHILLIPS PRICE CO AIRPORT, WI US","  38.5","24","  28.2","24","9999.9"," 0","958.3","24"," 10.0","24","  3.9","24"," 14.0"," 26.0","  54.3"," ","  22.6"," "," 0.01","A","999.9","010010"
"72646854913","2022-04-13","45.70889","-90.40222","456.3","PHILLIPS PRICE CO AIRPORT, WI US","  42.3","24","  40.3","24","9999.9"," 0","946.9","24","  7.1","24","  7.0","24"," 14.0"," 22.9","  46.9"," ","  37.8"," "," 1.12","G","999.9","010010"
"72646854913","2022-04-14","45.70889","-90.40222","456.3","PHILLIPS PRICE CO AIRPORT, WI US","  29.6","24","  24.7","24","9999.9"," 0","944.6","24","  7.2","24"," 10.8","24"," 20.0"," 28.0","  37.6"," ","  25.7"," "," 0.13","G","999.9","011000"
"72646854913","2022-04-15","45.70889","-90.40222","456.3","PHILLIPS PRICE CO AIRPORT, WI US","  24.5","24","  15.1","24","9999.9"," 0","951.0","24","  8.2","24","  9.5","24"," 15.9"," 26.0","  30.0"," ","  17.4"," "," 0.00","G","999.9","001000"
"72646854913","2022-04-16","45.70889","-90.40222","456.3","PHILLIPS PRICE CO AIRPORT, WI US","  24.8","24","  13.9","24","9999.9"," 0","962.1","24","  9.9","24","  6.4","24","  9.9"," 19.0","  32.4"," ","  18.5"," ","99.99"," ","999.9","001000"
"72646854913","2022-04-17","45.70889","-90.40222","456.3","PHILLIPS PRICE CO AIRPORT, WI US","  27.8","24","  17.7","24","9999.9"," 0","969.8","24"," 10.0","24","  3.3","24","  9.9","999.9","  42.1"," ","  14.9"," "," 0.00","I","999.9","000000"
"72646854913","2022-04-18","45.70889","-90.40222","456.3","PHILLIPS PRICE CO AIRPORT, WI US","  32.2","24","  27.4","24","9999.9"," 0","963.2","24","  7.3","24","  5.4","24"," 11.1"," 14.0","  38.3"," ","  28.9"," "," 0.03","B","999.9","001000"
"72646854913","2022-04-19","45.70889","-90.40222","456.3","PHILLIPS PRICE CO AIRPORT, WI US","  32.7","24","  23.4","24","9999.9"," 0","966.3","24","  9.7","24","  6.1","24"," 12.0"," 18.1","  43.0"," ","  26.1"," ","99.99"," ","999.9","001000"
"72646854913","2022-04-20","45.70889","-90.40222","456.3","PHILLIPS PRICE CO AIRPORT, WI US","  37.8","24","  23.3","24","9999.9"," 0","962.1","24","  9.8","24","  7.5","24"," 17.1"," 27.0","  46.4"," ","  32.9"," "," 0.21","A","999.9","010000"
"72646854913","2022-04-21","45.70889","-90.40222","456.3","PHILLIPS PRICE CO AIRPORT, WI US","  39.0","24","  34.0","24","9999.9"," 0","959.9","24","  9.0","24","  5.9","24"," 13.0"," 20.0","  49.8"," ","  33.6"," "," 0.11","A","999.9","010000"
"72646854913","2022-04-22","45.70889","-90.40222","456.3","PHILLIPS PRICE CO AIRPORT, WI US","  39.7","24","  28.9","24","9999.9"," 0","972.3","24"," 10.0","24","  7.4","24"," 20.0"," 28.0","  47.3"," ","  31.6"," "," 0.00","I","999.9","000000"
"72646854913","2022-04-23","45.70889","-90.40222","456.3","PHILLIPS PRICE CO AIRPORT, WI US","  49.8","24","  48.1","24","9999.9"," 0","956.8","24","  7.2","24","  9.0","24"," 17.1"," 22.9","  65.3"," ","  41.4"," "," 0.01","G","999.9","010010"
"72646854913","2022-04-24","45.70889","-90.40222","456.3","PHILLIPS PRICE CO AIRPORT, WI US","  55.4","24","  45.7","24","9999.9"," 0","947.4","24"," 10.0","24"," 12.2","24"," 24.1"," 34.0","  64.6"," ","  43.7"," "," 0.06","G","999.9","010000"
"72646854913","2022-04-25","45.70889","-90.40222","456.3","PHILLIPS PRICE CO AIRPORT, WI US","  37.1","24","  32.3","24","9999.9"," 0","957.0","24","  9.5","24","  7.3","24"," 15.0"," 28.9","  44.8"," ","  32.0"," "," 0.00","G","999.9","010000"
"72646854913","2022-04-26","45.70889","-90.40222","456.3","PHILLIPS PRICE CO AIRPORT, WI US","  28.4","24","  19.4","24","9999.9"," 0","968.5","24","  9.7","24","  5.9","24","  9.9"," 15.9","  34.0"," ","  23.7"," ","99.99"," ","999.9","001000"
"72646854913","2022-04-27","45.70889","-90.40222","456.3","PHILLIPS PRICE CO AIRPORT, WI US","  29.9","24","  16.4","24","9999.9"," 0","972.5","24"," 10.0","24","  5.9","24","  9.9"," 17.1","  47.3"," ","  18.5"," "," 0.00","I","999.9","000000"
"72646854913","2022-04-28","45.70889","-90.40222","456.3","PHILLIPS PRICE CO AIRPORT, WI US","  38.2","24","  18.3","24","9999.9"," 0","969.6","24"," 10.0","24","  6.2","24"," 13.0"," 18.1","  52.0"," ","  25.5"," "," 0.00","I","999.9","000000"
"72646854913","2022-04-29","45.70889","-90.40222","456.3","PHILLIPS PRICE CO AIRPORT, WI US","  47.1","24","  30.0","24","9999.9"," 0","964.0","24"," 10.0","24","  9.4","24"," 12.0"," 22.0","  59.4"," ","  40.6"," ","99.99"," ","999.9","010000"
"72646854913","2022-04-30","45.70889","-90.40222","456.3","PHILLIPS PRICE CO AIRPORT, WI US","  46.8","24","  35.9","24","9999.9"," 0","957.5","24","  9.9","24"," 12.1","24"," 20.0"," 32.1","  57.7"," ","  42.1"," "," 0.03","G","999.9","010000"
"72646854913","2022-05-01","45.70889","-90.40222","456.3","PHILLIPS PRICE CO AIRPORT, WI US","  44.4","24","  44.2","24","9999.9"," 0","948.1","18","  7.4","24","  6.4","24"," 14.0"," 22.0","  50.2"," ","  41.0"," "," 0.47","G","999.9","010000"
"72646854913","2022-05-02","45.70889","-90.40222","456.3","PHILLIPS PRICE CO AIRPORT, WI US","  40.3","24","  38.2","24","9999.9"," 0","958.8","24","  9.2","24","  3.8","24","  7.0","999.9","  44.1"," ","  37.4"," "," 0.10","G","999.9","010000"
"72646854913","2022-05-03","45.70889","-90.40222","456.3","PHILLIPS PRICE CO AIRPORT, WI US","  42.6","24","  34.3","24","9999.9"," 0","963.2","24"," 10.0","24","  6.7","24"," 14.0"," 18.1","  51.4"," ","  37.4"," "," 0.00","G","999.9","000000"
"72646854913","2022-05-04","45.70889","-90.40222","456.3","PHILLIPS PRICE CO AIRPORT, WI US","  42.9","24","  29.2","24","9999.9"," 0","968.1","24"," 10.0","24","  3.2","24","  8.0","999.9","  63.1"," ","  25.3"," "," 0.00","I","999.9","000000"
"72646854913","2022-05-05","45.70889","-90.40222","456.3","PHILLIPS PRICE CO AIRPORT, WI US","  49.6","24","  33.5","24","9999.9"," 0","965.8","24"," 10.0","24","  2.0","24","  7.0","999.9","  66.6"," ","  31.3"," "," 0.00","I","999.9","000000"
"72646854913","2022-05-06","45.70889","-90.40222","456.3","PHILLIPS PRICE CO AIRPORT, WI US","  53.5","24","  32.8","24","9999.9"," 0","960.4","24"," 10.0","24","  4.1","24"," 12.0"," 17.1","  70.3"," ","  31.6"," "," 0.00","I","999.9","000000"
"72646854913","2022-05-07","45.70889","-90.40222","456.3","PHILLIPS PRICE CO AIRPORT, WI US","  53.9","24","  30.0","24","9999.9"," 0","961.3","24"," 10.0","24","  3.8","24"," 12.0"," 19.0","  68.5"," ","  32.4"," "," 0.00","I","999.9","000000"
"72646854913","2022-05-08","45.70889","-90.40222","456.3","PHILLIPS PRICE CO AIRPORT, WI US","  54.8","24","  29.8","24","9999.9"," 0","958.6","24"," 10.0","24","  9.9","24"," 19.0"," 28.0","  66.0"," ","  47.7"," "," 0.00","I","999.9","000000"
"72646854913","2022-05-09","45.70889","-90.40222","456.3","PHILLIPS PRICE CO AIRPORT, WI US","  58.1","24","  43.8","24","9999.9"," 0","954.8","24"," 10.0","24"," 11.6","24"," 22.0"," 28.9","  75.0"," ","  48.2"," "," 0.00","I","999.9","000000"
"72646854913","2022-05-10","45.70889","-90.40222","456.3","PHILLIPS PRICE CO AIRPORT, WI US","  67.7","24","  53.5","24","9999.9"," 0","958.4","24","  9.2","24","  4.0","24"," 14.0"," 19.0","  79.7"," ","  52.5"," "," 0.01","G","999.9","110000"
"72646854913","2022-05-11","45.70889","-90.40222","456.3","PHILLIPS PRICE CO AIRPORT, WI US","  68.2","24","  51.5","24","9999.9"," 0","966.8","24"," 10.0","24","  5.7","24"," 12.0"," 20.0","  78.1"," ","  53.8"," "," 0.00","G","999.9","000000"
"72646854913","2022-05-12","45.70889","-90.40222","456.3","PHILLIPS PRICE CO AIRPORT, WI US","  69.4","24","  65.2","24","9999.9"," 0","962.1","24","  9.6","24","  5.9","24"," 17.1"," 29.9","  86.9"," ","  62.1"," "," 0.69","G","999.9","010010"
"72646854913","2022-05-13","45.70889","-90.40222","456.3","PHILLIPS PRICE CO AIRPORT, WI US","  74.0","24","  57.5","24","9999.9"," 0","957.8","24"," 10.0","24","  9.0","24"," 15.0"," 22.9","  84.2"," ","  66.4"," "," 0.01","G","999.9","000000"
"72646854913","2022-05-14","45.70889","-90.40222","456.3","PHILLIPS PRICE CO AIRPORT, WI US","  65.9","24","  45.9","24","9999.9"," 0","959.3","24"," 10.0","24","  4.8","24"," 15.9"," 24.1","  79.2"," ","  48.4"," "," 0.00","G","999.9","010010"
"72646854913","2022-05-15","45.70889","-90.40222","456.3","PHILLIPS PRICE CO AIRPORT, WI US","  58.4","24","  39.3","24","9999.9"," 0","958.7","24"," 10.0","24","  3.8","24"," 11.1"," 21.0","  71.8"," ","  39.2"," "," 0.00","I","999.9","000000"
"72646854913","2022-05-16","45.70889","-90.40222","456.3","PHILLIPS PRICE CO AIRPORT, WI US","  55.0","24","  38.3","24","9999.9"," 0","956.8","24"," 10.0","24","  3.8","24"," 12.0"," 19.0","  65.7"," ","  37.8"," "," 0.00","I","999.9","000000"
"72646854913","2022-05-17","45.70889","-90.40222","456.3","PHILLIPS PRICE CO AIRPORT, WI US","  50.3","24","  36.4","24","9999.9"," 0","962.2","24"," 10.0","24","  2.3","24","  7.0","999.9","  66.7"," ","  32.0"," "," 0.00","I","999.9","000000"
"72646854913","2022-05-18","45.70889","-90.40222","456.3","PHILLIPS PRICE CO AIRPORT, WI US","  56.1","24","  44.6","24","9999.9"," 0","958.6","24"," 10.0","24","  5.1","24"," 11.1"," 28.0","  66.2"," ","  50.5"," "," 0.08","A","999.9","010010"
"72646854913","2022-05-19","45.70889","-90.40222","456.3","PHILLIPS PRICE CO AIRPORT, WI US","  52.3","24","  47.5","24","9999.9"," 0","949.4","24","  9.4","24","  3.1","24"," 12.0"," 17.1","  65.8"," ","  40.8"," "," 0.34","G","999.9","010010"
"72646854913","2022-05-20","45.70889","-90.40222","456.3","PHILLIPS PRICE CO AIRPORT, WI US","  55.7","24","  52.8","24","9999.9"," 0","941.6","24","  9.8","24","  5.5","24"," 11.1"," 19.0","  60.8"," ","  52.2"," "," 0.37","G","999.9","010010"
"72646854913","2022-05-21","45.70889","-90.40222","456.3","PHILLIPS PRICE CO AIRPORT, WI US","  48.1","24","  36.5","24","9999.9"," 0","957.8","24"," 10.0","24","  4.7","24","  8.9"," 17.1","  59.4"," ","  34.5"," "," 0.06","G","999.9","000000"
"72646854913","2022-05-22","45.70889","-90.40222","456.3","PHILLIPS PRICE CO AIRPORT, WI US","  44.4","24","  34.3","24","9999.9"," 0","968.0","24"," 10.0","24","  3.8","24"," 11.1"," 17.1","  50.7"," ","  36.9"," "," 0.01","G","999.9","010000"
"72646854913","2022-05-23","45.70889","-90.40222","456.3","PHILLIPS PRICE CO AIRPORT, WI US","  45.4","24","  31.7","24","9999.9"," 0","973.2","24"," 10.0","24","  1.5","24","  7.0","999.9","  61.7"," ","  28.8"," "," 0.00","G","999.9","000000"
"72646854913","2022-05-24","45.70889","-90.40222","456.3","PHILLIPS PRICE CO AIRPORT, WI US","  52.1","24","  34.8","24","9999.9"," 0","970.2","24"," 10.0","24","  2.5","24","  9.9"," 14.0","  66.9"," ","  37.2"," "," 0.00","I","999.9","000000"
"72646854913","2022-05-25","45.70889","-90.40222","456.3","PHILLIPS PRICE CO AIRPORT, WI US","  50.7","24","  42.3","24","9999.9"," 0","965.6","24","  9.8","24","  6.0","24"," 12.0"," 17.1","  64.6"," ","  43.7"," "," 0.18","G","999.9","010000"
"72646854913","2022-05-26","45.70889","-90.40222","456.3","PHILLIPS PRICE CO AIRPORT, WI US","  47.8","24","  46.9","24","9999.9"," 0","955.9","24","  8.8","24","  3.7","24"," 11.1"," 15.9","  53.6"," ","  43.0"," "," 0.58","G","999.9","010000"
"72646854913","2022-05-27","45.70889","-90.40222","456.3","PHILLIPS PRICE CO AIRPORT, WI US","  52.5","24","  44.0","24","9999.9"," 0","958.4","24","  8.4","24","  2.9","24","  8.9","999.9","  71.8"," ","  38.5"," "," 0.01","G","999.9","100000"
"72646854913","2022-05-28","45.70889","-90.40222","456.3","PHILLIPS PRICE CO AIRPORT, WI US","  54.7","24","  50.7","24","9999.9"," 0","956.2","24","  9.8","24","  3.6","24"," 12.0"," 17.1","  70.7"," ","  44.8"," "," 0.00","G","999.9","010010"
"72646854913","2022-05-29","45.70889","-90.40222","456.3","PHILLIPS PRICE CO AIRPORT, WI US","  64.1","24","  57.5","24","9999.9"," 0","951.4","24"," 10.0","24","  7.9","24"," 21.0"," 28.0","  74.5"," ","  57.9"," "," 0.19","G","999.9","010000"
"72646854913","2022-05-30","45.70889","-90.40222","456.3","PHILLIPS PRICE CO AIRPORT, WI US","  71.9","24","  62.9","24","9999.9"," 0","950.4","24"," 10.0","24","  8.3","24"," 17.1"," 22.9","  82.4"," ","  66.6"," "," 0.00","G","999.9","000000"
"72646854913","2022-05-31","45.70889","-90.40222","456.3","PHILLIPS PRICE CO AIRPORT, WI US","  72.6","24","  56.9","24","9999.9"," 0","950.4","24"," 10.0","24"," 14.3","24"," 20.0"," 31.1","  81.9"," ","  60.8"," "," 0.06","G","999.9","010000"
"72646854913","2022-06-01","45.70889","-90.40222","456.3","PHILLIPS PRICE CO AIRPORT, WI US","  57.4","24","  42.2","24","9999.9"," 0","961.9","18"," 10.0","24","  6.2","24"," 14.0"," 22.0","  67.1"," ","  47.7"," "," 0.00","G","999.9","000000"
"72646854913","2022-06-02","45.70889","-90.40222","456.3","PHILLIPS PRICE CO AIRPORT, WI US","  57.7","24","  41.6","24","9999.9"," 0","958.7","24"," 10.0","24","  3.5","24"," 14.0"," 33.0","  71.2"," ","  40.1"," "," 0.01","A","999.9","010000"
"72646854913","2022-06-03","45.70889","-90.40222","456.3","PHILLIPS PRICE CO AIRPORT, WI US","  55.4","24","  36.5","24","9999.9"," 0","957.9","24"," 10.0","24","  5.0","24"," 12.0"," 18.1","  67.6"," ","  45.9"," "," 0.00","I","999.9","000000"
"72646854913","2022-06-04","45.70889","-90.40222","456.3","PHILLIPS PRICE CO AIRPORT, WI US","  54.0","24","  37.8","24","9999.9"," 0","960.3","24"," 10.0","24","  4.0","24"," 13.0"," 20.0","  72.0"," ","  35.4"," "," 0.00","I","999.9","000000"
"72646854913","2022-06-05","45.70889","-90.40222","456.3","PHILLIPS PRICE CO AIRPORT, WI US","  59.4","24","  49.9","24","9999.9"," 0","957.9","24","  9.4","24","  4.7","24"," 11.1"," 15.9","  71.6"," ","  42.6"," "," 0.00","I","999.9","000000"
"72646854913","2022-06-06","45.70889","-90.40222","456.3","PHILLIPS PRICE CO AIRPORT, WI US","  59.6","24","  51.7","24","9999.9"," 0","955.3","24"," 10.0","24","  3.5","24","  9.9"," 15.9","  70.3"," ","  52.0"," ","99.99"," ","999.9","010000"
"72646854913","2022-06-07","45.70889","-90.40222","456.3","PHILLIPS PRICE CO AIRPORT, WI US","  56.1","24","  44.2","24","9999.9"," 0","958.3","24","  9.7","24","  3.4","24","  9.9"," 14.0","  69.4"," ","  41.7"," "," 0.00","I","999.9","000000"
"72646854913","2022-06-08","45.70889","-90.40222","456.3","PHILLIPS PRICE CO AIRPORT, WI US","  56.6","24","  48.5","24","9999.9"," 0","959.0","24","  9.6","24","  1.3","24","  8.0","999.9","  70.0"," ","  44.2"," "," 0.10","A","999.9","010000"
"72646854913","2022-06-09","45.70889","-90.40222","456.3","PHILLIPS PRICE CO AIRPORT, WI US","  57.2","24","  45.2","24","9999.9"," 0","959.3","24","  8.8","24","  2.9","24","  8.9"," 17.1","  73.4"," ","  39.7"," "," 0.00","I","999.9","000000"
"72646854913","2022-06-10","45.70889","-90.40222","456.3","PHILLIPS PRICE CO AIRPORT, WI US","  58.5","24","  43.7","24","9999.9"," 0","958.7","20"," 10.0","24","  2.3","24","  8.0"," 14.0","  73.4"," ","  38.8"," "," 0.00","I","999.9","000000"
"72646854913","2022-06-11","45.70889","-90.40222","456.3","PHILLIPS PRICE CO AIRPORT, WI US","  58.3","24","  52.4","24","9999.9"," 0","955.1","24","  9.7","24","  2.6","24","  8.9"," 14.0","  70.9"," ","  48.0"," "," 0.20","A","999.9","010000"
"72646854913","2022-06-12","45.70889","-90.40222","456.3","PHILLIPS PRICE CO AIRPORT, WI US","  56.0","24","  48.8","24","9999.9"," 0","957.2","24","  7.7","24","  3.3","24","  8.0","999.9","  70.5"," ","  43.9"," "," 0.00","I","999.9","100000"
"72646854913","2022-06-13","45.70889","-90.40222","456.3","PHILLIPS PRICE CO AIRPORT, WI US","  60.5","24","  51.9","24","9999.9"," 0","957.6","24"," 10.0","24","  6.0","24"," 12.0"," 15.9","  69.6"," ","  56.3"," "," 0.08","B","999.9","010000"
"72646854913","2022-06-14","45.70889","-90.40222","456.3","PHILLIPS PRICE CO AIRPORT, WI US","  71.3","24","  66.9","24","9999.9"," 0","954.0","24","  9.5","24","  9.1","24"," 17.1"," 22.9","  90.5"," ","  63.5"," "," 0.00","I","999.9","000000"
"72646854913","2022-06-15","45.70889","-90.40222","456.3","PHILLIPS PRICE CO AIRPORT, WI US","  73.6","24","  68.7","24","9999.9"," 0","953.9","24","  9.8","24","  2.8","24","  8.0"," 14.0","  88.3"," ","  61.7"," "," 0.28","A","999.9","010010"
"72646854913","2022-06-16","45.70889","-90.40222","456.3","PHILLIPS PRICE CO AIRPORT, WI US","  58.3","14","  57.8","14","9999.9"," 0","954.2","14","  9.4","14","  4.6","14"," 12.0"," 22.0","  63.7","*","  55.4","*","99.99"," ","999.9","010000"
"72646854913","2022-06-20","45.70889","-90.40222","456.3","PHILLIPS PRICE CO AIRPORT, WI US","  90.6"," 6","  72.1"," 6","9999.9"," 0","960.2"," 6"," 10.0"," 6"," 10.2"," 6"," 14.0"," 21.0","  91.8"," ","  88.2"," "," 0.00","I","999.9","000000"
"72646854913","2022-06-21","45.70889","-90.40222","456.3","PHILLIPS PRICE CO AIRPORT, WI US","  79.1","24","  68.2","24","9999.9"," 0","959.4","24"," 10.0","24","  6.8","24"," 13.0"," 22.0","  88.0"," ","  67.6"," "," 0.01","A","999.9","010000"
"72646854913","2022-06-22","45.70889","-90.40222","456.3","PHILLIPS PRICE CO AIRPORT, WI US","  68.9","24","  50.5","24","9999.9"," 0","963.6","24"," 10.0","24","  5.4","24","  9.9"," 17.1","  80.6"," ","  59.7"," "," 0.00","I","999.9","000000"
"72646854913","2022-06-23","45.70889","-90.40222","456.3","PHILLIPS PRICE CO AIRPORT, WI US","  67.1","24","  55.2","24","9999.9"," 0","963.4","24","  8.9","24","  4.8","24"," 13.0"," 18.1","  84.7"," ","  49.5"," "," 0.00","I","999.9","000000"
"72646854913","2022-06-24","45.70889","-90.40222","456.3","PHILLIPS PRICE CO AIRPORT, WI US","  75.8","24","  61.7","24","9999.9"," 0","959.9","24"," 10.0","24","  5.4","24"," 11.1"," 15.9","  85.5"," ","  65.7"," ","99.99"," ","999.9","010010"
"72646854913","2022-06-25","45.70889","-90.40222","456.3","PHILLIPS PRICE CO AIRPORT, WI US","  70.5","24","  62.4","24","9999.9"," 0","959.9","24","  9.9","24","  4.8","24","  8.9"," 15.0","  79.5"," ","  61.5"," "," 0.01","A","999.9","010000"
"72646854913","2022-06-26","45.70889","-90.40222","456.3","PHILLIPS PRICE CO AIRPORT, WI US","  61.5","24","  52.4","24","9999.9"," 0","961.4","24"," 10.0","24","  6.1","24"," 13.0"," 26.0","  73.0"," ","  52.9"," ","99.99"," ","999.9","010000"
"72646854913","2022-06-27","45.70889","-90.40222","456.3","PHILLIPS PRICE CO AIRPORT, WI US","  57.2","24","  42.8","24","9999.9"," 0","968.0","24"," 10.0","24","  2.5","24","  8.9"," 15.9","  73.6"," ","  41.5"," "," 0.00","I","999.9","000000"
"72646854913","2022-06-28","45.70889","-90.40222","456.3","PHILLIPS PRICE CO AIRPORT, WI US","  64.5","24","  54.1","24","9999.9"," 0","965.5","24"," 10.0","24","  6.2","24"," 13.0"," 22.0","  75.2","*","  56.3","*","99.99"," ","999.9","010010"
"72646854913","2022-06-29","45.70889","-90.40222","456.3","PHILLIPS PRICE CO AIRPORT, WI US","  58.6","24","  51.2","24","9999.9"," 0","966.6","24","  6.4","24","  2.5","24"," 11.1"," 15.9","  76.3"," ","  43.3"," "," 0.00","I","999.9","100000"
"72646854913","2022-06-30","45.70889","-90.40222","456.3","PHILLIPS PRICE CO AIRPORT, WI US","  72.4","24","  61.5","24","9999.9"," 0","958.0","24"," 10.0","24"," 11.6","24"," 17.1"," 25.1","  81.3"," ","  65.3"," "," 0.01","A","999.9","010000"
"72646854913","2022-07-01","45.70889","-90.40222","456.3","PHILLIPS PRICE CO AIRPORT, WI US","  66.9","24","  53.4","24","9999.9"," 0","961.2","18"," 10.0","24","  4.1","24","  9.9"," 25.1","  77.2"," ","  48.4"," "," 0.00","I","999.9","000000"
"72646854913","2022-07-02","45.70889","-90.40222","456.3","PHILLIPS PRICE CO AIRPORT, WI US","  61.5","24","  47.2","24","9999.9"," 0","962.6","24"," 10.0","24","  1.8","24","  8.0"," 14.0","  73.9"," ","  46.0"," "," 0.00","I","999.9","000000"
"72646854913","2022-07-03","45.70889","-90.40222","456.3","PHILLIPS PRICE CO AIRPORT, WI US","  62.5","24","  53.3","24","9999.9"," 0","965.6","24"," 10.0","24","  2.4","24","  8.0","999.9","  76.3"," ","  45.5"," "," 0.00","I","999.9","000000"
"72646854913","2022-07-04","45.70889","-90.40222","456.3","PHILLIPS PRICE CO AIRPORT, WI US","  69.1","24","  62.8","24","9999.9"," 0","962.4","24","  9.7","24","  4.3","24"," 12.0"," 17.1","  76.3"," ","  64.9"," "," 0.11","A","999.9","010000"
"72646854913","2022-07-05","45.70889","-90.40222","456.3","PHILLIPS PRICE CO AIRPORT, WI US","  69.3","24","  66.4","24","9999.9"," 0","959.1","24","  7.7","24","  1.4","24","  9.9"," 14.0","  81.5"," ","  64.4"," "," 0.03","A","999.9","110000"
"72646854913","2022-07-06","45.70889","-90.40222","456.3","PHILLIPS PRICE CO AIRPORT, WI US","  67.3","24","  61.0","24","9999.9"," 0","963.0","24"," 10.0","24","  5.3","24"," 11.1"," 15.9","  75.6"," ","  61.3"," "," 0.00","I","999.9","000000"
"72646854913","2022-07-07","45.70889","-90.40222","456.3","PHILLIPS PRICE CO AIRPORT, WI US","  71.2","24","  64.3","24","9999.9"," 0","963.3","24"," 10.0","24","  3.2","24","  7.0","999.9","  84.6"," ","  62.6"," "," 0.00","I","999.9","000000"
"72646854913","2022-07-08","45.70889","-90.40222","456.3","PHILLIPS PRICE CO AIRPORT, WI US","  72.1","24","  59.4","24","9999.9"," 0","965.4","24"," 10.0","24","  4.8","24","  9.9"," 15.9","  80.8"," ","  63.5"," "," 0.00","I","999.9","000000"
"72646854913","2022-07-09","45.70889","-90.40222","456.3","PHILLIPS PRICE CO AIRPORT, WI US","  66.1","24","  56.0","24","9999.9"," 0","969.8","24"," 10.0","24","  3.1","24","  7.0","999.9","  77.7"," ","  54.3"," "," 0.00","I","999.9","000000"
"72646854913","2022-07-10","45.70889","-90.40222","456.3","PHILLIPS PRICE CO AIRPORT, WI US","  68.3","24","  60.6","24","9999.9"," 0","964.9","24","  9.9","24","  4.2","24"," 17.1"," 19.0","  79.9"," ","  57.7"," "," 0.23","A","999.9","010010"
"72646854913","2022-07-11","45.70889","-90.40222","456.3","PHILLIPS PRICE CO AIRPORT, WI US","  68.0","24","  65.0","24","9999.9"," 0","954.6","24"," 10.0","24","  5.1","24"," 12.0"," 20.0","  76.1"," ","  61.0"," "," 0.10","C","999.9","010010"
"72646854913","2022-07-12","45.70889","-90.40222","456.3","PHILLIPS PRICE CO AIRPORT, WI US","  65.0","24","  58.3","24","9999.9"," 0","956.6","24","  9.9","24","  3.9","24","  9.9"," 18.1","  77.2"," ","  55.6"," "," 0.38","A","999.9","010010"
"72646854913","2022-07-13","45.70889","-90.40222","456.3","PHILLIPS PRICE CO AIRPORT, WI US","  61.8","24","  56.5","24","9999.9"," 0","962.6","24","  9.6","24","  3.3","24","  8.9","999.9","  73.9"," ","  56.3"," "," 0.81","G","999.9","010010"
"72646854913","2022-07-14","45.70889","-90.40222","456.3","PHILLIPS PRICE CO AIRPORT, WI US","  62.9","24","  53.1","24","9999.9"," 0","966.9","24"," 10.0","24","  3.6","24","  8.9","999.9","  77.2"," ","  46.8"," "," 0.00","G","999.9","000000"
"72646854913","2022-07-15","45.70889","-90.40222","456.3","PHILLIPS PRICE CO AIRPORT, WI US","  65.4","24","  59.7","24","9999.9"," 0","965.0","24","  9.7","24","  4.3","24"," 11.1"," 24.1","  74.3"," ","  59.0"," "," 0.05","G","999.9","010000"
"72646854913","2022-07-16","45.70889","-90.40222","456.3","PHILLIPS PRICE CO AIRPORT, WI US","  67.0","24","  62.5","24","9999.9"," 0","964.0","24","  6.0","24","  0.9","24","  6.0","999.9","  81.0"," ","  56.3"," "," 0.62","G","999.9","100000"
"72646854913","2022-07-17","45.70889","-90.40222","456.3","PHILLIPS PRICE CO AIRPORT, WI US","  71.2","24","  65.8","24","9999.9"," 0","961.4","24","  9.6","24","  1.7","24"," 15.0"," 22.0","  83.3"," ","  60.6"," "," 0.03","G","999.9","010010"
"72646854913","2022-07-18","45.70889","-90.40222","456.3","PHILLIPS PRICE CO AIRPORT, WI US","  72.5","24","  66.6","24","9999.9"," 0","958.8","24","  9.6","24","  3.5","24"," 11.1"," 18.1","  88.3"," ","  59.9"," "," 0.00","G","999.9","010010"
"72646854913","2022-07-19","45.70889","-90.40222","456.3","PHILLIPS PRICE CO AIRPORT, WI US","  73.9","24","  68.2","24","9999.9"," 0","953.7","24"," 10.0","24","  6.1","24"," 14.0"," 24.1","  84.4"," ","  68.5"," ","99.99"," ","999.9","010000"
"72646854913","2022-07-20","45.70889","-90.40222","456.3","PHILLIPS PRICE CO AIRPORT, WI US","  69.4","24","  62.9","24","9999.9"," 0","946.6","24","  9.1","24","  6.2","24","  9.9"," 20.0","  78.3"," ","  59.5"," "," 0.06","G","999.9","010000"
"72646854913","2022-07-21","45.70889","-90.40222","456.3","PHILLIPS PRICE CO AIRPORT, WI US","  69.3","24","  59.0","24","9999.9"," 0","953.1","24","  9.9","24","  3.2","24","  9.9"," 15.9","  79.0"," ","  57.9"," "," 0.02","G","999.9","000000"
"72646854913","2022-07-22","45.70889","-90.40222","456.3","PHILLIPS PRICE CO AIRPORT, WI US","  70.3","24","  56.5","24","9999.9"," 0","957.1","24"," 10.0","24","  4.2","24"," 11.1"," 19.0","  83.7"," ","  58.1"," "," 0.00","G","999.9","000000"
"72646854913","2022-07-23","45.70889","-90.40222","456.3","PHILLIPS PRICE CO AIRPORT, WI US","  69.0","24","  61.5","24","9999.9"," 0","958.5","24","  9.9","24","  2.6","24"," 18.1"," 24.1","  82.2"," ","  55.2"," "," 0.03","A","999.9","010000"
"72646854913","2022-07-24","45.70889","-90.40222","456.3","PHILLIPS PRICE CO AIRPORT, WI US","  64.9","24","  58.4","24","9999.9"," 0","957.1","24","  9.5","24","  4.5","24"," 12.0"," 20.0","  72.9"," ","  56.5"," "," 0.00","I","999.9","000000"
"72646854913","2022-07-25","45.70889","-90.40222","456.3","PHILLIPS PRICE CO AIRPORT, WI US","  59.3","24","  49.4","24","9999.9"," 0","963.3","24"," 10.0","24","  2.8","24","  7.0","999.9","  72.9"," ","  45.0"," "," 0.00","I","999.9","000000"
"72646854913","2022-07-26","45.70889","-90.40222","456.3","PHILLIPS PRICE CO AIRPORT, WI US","  61.5","24","  53.8","24","9999.9"," 0","961.8","24"," 10.0","24","  3.6","24"," 12.0"," 15.9","  76.6"," ","  47.8"," "," 0.01","A","999.9","010000"
"72646854913","2022-07-27","45.70889","-90.40222","456.3","PHILLIPS PRICE CO AIRPORT, WI US","  67.5","24","  61.8","24","9999.9"," 0","956.6","24","  9.8","24","  4.3","24"," 12.0"," 18.1","  77.0"," ","  59.9"," "," 0.01","A","999.9","010000"
"72646854913","2022-07-28","45.70889","-90.40222","456.3","PHILLIPS PRICE CO AIRPORT, WI US","  61.3","24","  54.2","24","9999.9"," 0","957.3","24"," 10.0","24","  3.9","24"," 12.0"," 17.1","  72.9"," ","  52.7"," "," 0.12","G","999.9","010000"
"72646854913","2022-07-29","45.70889","-90.40222","456.3","PHILLIPS PRICE CO AIRPORT, WI US","  60.3","24","  54.8","24","9999.9"," 0","962.2","24","  8.9","24","  2.3","24","  7.0"," 14.0","  73.4"," ","  52.2"," "," 0.19","G","999.9","110000"
"72646854913","2022-07-30","45.70889","-90.40222","456.3","PHILLIPS PRICE CO AIRPORT, WI US","  63.9","24","  54.9","24","9999.9"," 0","966.2","24","  9.9","24","  3.2","24","  9.9"," 14.0","  80.1"," ","  48.4"," "," 0.00","G","999.9","000000"
"72646854913","2022-07-31","45.70889","-90.40222","456.3","PHILLIPS PRICE CO AIRPORT, WI US","  70.3","24","  58.6","24","9999.9"," 0","962.3","24"," 10.0","24","  6.3","24"," 15.0"," 22.9","  79.5"," ","  59.9"," "," 0.00","I","999.9","000000"
"72646854913","2022-08-01","45.70889","-90.40222","456.3","PHILLIPS PRICE CO AIRPORT, WI US","  69.1","24","  62.0","24","9999.9"," 0","955.9","24"," 10.0","24","  6.8","24"," 12.0"," 18.1","  75.6"," ","  62.6"," "," 0.01","G","999.9","010000"
"72646854913","2022-08-02","45.70889","-90.40222","456.3","PHILLIPS PRICE CO AIRPORT, WI US","  64.7","24","  57.2","24","9999.9"," 0","959.1","24"," 10.0","24","  4.6","24"," 14.0"," 22.0","  80.1"," ","  51.8"," "," 0.03","G","999.9","010010"
"72646854913","2022-08-03","45.70889","-90.40222","456.3","PHILLIPS PRICE CO AIRPORT, WI US","  73.2","24","  65.3","24","9999.9"," 0","952.0","24","  9.9","24","  6.7","24"," 21.0"," 27.0","  83.5"," ","  65.3"," "," 0.00","G","999.9","010010"
"72646854913","2022-08-04","45.70889","-90.40222","456.3","PHILLIPS PRICE CO AIRPORT, WI US","  66.3","24","  57.2","24","9999.9"," 0","962.3","24","  9.9","24","  1.9","24","  8.9"," 15.0","  79.0"," ","  52.3"," "," 0.00","I","999.9","000000"
"72646854913","2022-08-05","45.70889","-90.40222","456.3","PHILLIPS PRICE CO AIRPORT, WI US","  68.9","24","  60.1","24","9999.9"," 0","965.0","24"," 10.0","24","  5.0","24"," 14.0"," 19.0","  82.2"," ","  55.8"," "," 0.00","I","999.9","000000"
"72646854913","2022-08-06","45.70889","-90.40222","456.3","PHILLIPS PRICE CO AIRPORT, WI US","  72.6","24","  67.9","24","9999.9"," 0","962.3","24","  9.9","24","  4.6","24","  8.0","999.9","  79.3"," ","  67.6"," "," 0.06","A","999.9","010010"
"72646854913","2022-08-07","45.70889","-90.40222","456.3","PHILLIPS PRICE CO AIRPORT, WI US","  67.5","24","  62.5","24","9999.9"," 0","963.4","24","  9.9","24","  4.1","24"," 11.1","999.9","  77.0"," ","  61.2"," ","99.99"," ","999.9","010000"
"72646854913","2022-08-08","45.70889","-90.40222","456.3","PHILLIPS PRICE CO AIRPORT, WI US","  62.4","24","  57.5","24","9999.9"," 0","962.6","24","  9.3","24","  6.2","24"," 11.1"," 17.1","  71.1"," ","  53.8"," "," 0.57","G","999.9","010000"
"72646854913","2022-08-09","45.70889","-90.40222","456.3","PHILLIPS PRICE CO AIRPORT, WI US","  61.9","24","  54.4","24","9999.9"," 0","965.6","24","  9.6","24","  3.0","24","  8.9","999.9","  77.2"," ","  46.6"," "," 0.00","G","999.9","000000"
"72646854913","2022-08-10","45.70889","-90.40222","456.3","PHILLIPS PRICE CO AIRPORT, WI US","  68.4","24","  58.2","24","9999.9"," 0","966.6","24"," 10.0","24","  4.1","24","  8.0"," 15.0","  77.4"," ","  59.5"," "," 0.00","I","999.9","000000"
"72646854913","2022-08-11","45.70889","-90.40222","456.3","PHILLIPS PRICE CO AIRPORT, WI US","  61.4","24","  51.5","24","9999.9"," 0","969.9","24","  9.3","24","  2.0","24","  8.9","999.9","  74.3"," ","  45.9"," "," 0.00","I","999.9","100000"
"72646854913","2022-08-12","45.70889","-90.40222","456.3","PHILLIPS PRICE CO AIRPORT, WI US","  58.7","24","  54.0","24","9999.9"," 0","969.6","24"," 10.0","24","  3.4","24"," 11.1"," 15.9","  72.0"," ","  50.5"," "," 0.01","A","999.9","010000"
"72646854913","2022-08-13","45.70889","-90.40222","456.3","PHILLIPS PRICE CO AIRPORT, WI US","  57.3","24","  55.7","24","9999.9"," 0","963.6","24","  7.6","24","  4.6","24","  8.9","999.9","  62.2"," ","  52.2"," "," 0.28","G","999.9","010010"
"72646854913","2022-08-14","45.70889","-90.40222","456.3","PHILLIPS PRICE CO AIRPORT, WI US","  60.8","24","  59.6","24","9999.9"," 0","963.9","24","  8.5","24","  3.0","24","  7.0","999.9","  67.3"," ","  58.3"," "," 0.01","G","999.9","010000"
"72646854913","2022-08-15","45.70889","-90.40222","456.3","PHILLIPS PRICE CO AIRPORT, WI US","  61.4","24","  57.2","24","9999.9"," 0","966.1","24","  8.2","24","  0.3","24","  7.0","999.9","  76.1"," ","  50.7"," "," 0.00","G","999.9","110000"
"72646854913","2022-08-16","45.70889","-90.40222","456.3","PHILLIPS PRICE CO AIRPORT, WI US","  65.1","24","  57.0","24","9999.9"," 0","968.1","24","  9.6","24","  1.8","24","  8.0","999.9","  77.5"," ","  53.6"," ","99.99"," ","999.9","010000"
"72646854913","2022-08-17","45.70889","-90.40222","456.3","PHILLIPS PRICE CO AIRPORT, WI US","  64.1","24","  58.0","24","9999.9"," 0","967.9","24","  9.8","24","  1.6","24","  6.0","999.9","  74.7"," ","  52.7"," "," 0.01","A","999.9","010000"
"72646854913","2022-08-18","45.70889","-90.40222","456.3","PHILLIPS PRICE CO AIRPORT, WI US","  62.5","24","  61.3","24","9999.9"," 0","962.6","24"," 10.0","24","  3.1","24","  8.0","999.9","  70.9"," ","  56.7"," "," 0.18","B","999.9","010000"
"72646854913","2022-08-19","45.70889","-90.40222","456.3","PHILLIPS PRICE CO AIRPORT, WI US","  66.6","24","  62.6","24","9999.9"," 0","957.8","24"," 10.0","24","  4.7","24","  8.0","999.9","  75.0"," ","  61.0"," ","99.99"," ","999.9","010000"
"72646854913","2022-08-20","45.70889","-90.40222","456.3","PHILLIPS PRICE CO AIRPORT, WI US","  65.7","24","  62.2","24","9999.9"," 0","960.6","24","  9.0","24","  3.5","24","  8.9","999.9","  77.7"," ","  58.1"," "," 0.16","A","999.9","010000"
"72646854913","2022-08-21","45.70889","-90.40222","456.3","PHILLIPS PRICE CO AIRPORT, WI US","  64.1","24","  58.0","24","9999.9"," 0","964.5","24","  9.3","24","  3.7","24","  7.0","999.9","  75.6"," ","  53.6"," "," 0.00","I","999.9","100000"
"72646854913","2022-08-22","45.70889","-90.40222","456.3","PHILLIPS PRICE CO AIRPORT, WI US","  62.9","24","  54.4","24","9999.9"," 0","964.8","24","  9.4","24","  0.7","24","  4.1","999.9","  79.3"," ","  46.8"," "," 0.00","I","999.9","000000"
"72646854913","2022-08-23","45.70889","-90.40222","456.3","PHILLIPS PRICE CO AIRPORT, WI US","  66.6","24","  60.2","24","9999.9"," 0","962.8","24","  9.2","24","  1.1","24","  8.0","999.9","  82.8"," ","  52.9"," ","99.99"," ","999.9","110010"
"72646854913","2022-08-24","45.70889","-90.40222","456.3","PHILLIPS PRICE CO AIRPORT, WI US","  65.4","24","  61.2","24","9999.9"," 0","963.2","24","  8.0","24","  1.6","24","  6.0","999.9","  78.6"," ","  54.5"," "," 0.01","G","999.9","110000"
"72646854913","2022-08-25","45.70889","-90.40222","456.3","PHILLIPS PRICE CO AIRPORT, WI US","  65.4","24","  62.3","24","9999.9"," 0","963.4","24","  8.9","24","  4.0","24","  9.9"," 14.0","  73.0"," ","  61.2"," "," 0.03","G","999.9","010000"
"72646854913","2022-08-26","45.70889","-90.40222","456.3","PHILLIPS PRICE CO AIRPORT, WI US","  59.8","24","  53.3","24","9999.9"," 0","965.6","24","  7.5","24","  2.2","24","  8.9","999.9","  75.7"," ","  47.5"," "," 0.00","G","999.9","100000"
"72646854913","2022-08-27","45.70889","-90.40222","456.3","PHILLIPS PRICE CO AIRPORT, WI US","  62.6","24","  59.2","24","9999.9"," 0","962.1","24","  9.2","24","  6.2","24"," 15.9"," 22.0","  70.5"," ","  55.0"," "," 0.27","A","999.9","010000"
"72646854913","2022-08-28","45.70889","-90.40222","456.3","PHILLIPS PRICE CO AIRPORT, WI US","  65.8","24","  63.9","24","9999.9"," 0","956.6","24","  9.8","24","  7.2","24"," 14.0"," 22.0","  72.0"," ","  62.1"," "," 0.89","G","999.9","010000"
"72646854913","2022-08-29","45.70889","-90.40222","456.3","PHILLIPS PRICE CO AIRPORT, WI US","  69.3","24","  65.1","24","9999.9"," 0","952.7","24"," 10.0","24","  6.2","24"," 12.0"," 20.0","  75.0"," ","  63.7"," "," 0.12","G","999.9","010010"
"72646854913","2022-08-30","45.70889","-90.40222","456.3","PHILLIPS PRICE CO AIRPORT, WI US","  63.9","24","  54.6","24","9999.9"," 0","958.5","23"," 10.0","24","  4.4","24"," 12.0"," 20.0","  73.8"," ","  55.4"," "," 0.00","G","999.9","000000"
"72646854913","2022-08-31","45.70889","-90.40222","456.3","PHILLIPS PRICE CO AIRPORT, WI US","  65.8","24","  55.9","24","9999.9"," 0","961.5","24"," 10.0","24","  3.2","24","  9.9"," 15.9","  80.4"," ","  54.5"," "," 0.00","I","999.9","000000"
"72646854913","2022-09-01","45.70889","-90.40222","456.3","PHILLIPS PRICE CO AIRPORT, WI US","  66.2","24","  58.5","24","9999.9"," 0","961.5","24"," 10.0","24","  2.2","24"," 11.1"," 15.9","  83.7"," ","  49.8"," "," 0.00","I","999.9","000000"
"72646854913","2022-09-02","45.70889","-90.40222","456.3","PHILLIPS PRICE CO AIRPORT, WI US","  72.7","24","  64.8","24","9999.9"," 0","958.6","24"," 10.0","24","  6.9","24"," 15.0"," 22.0","  82.6"," ","  64.9"," "," 0.00","I","999.9","000000"
"72646854913","2022-09-03","45.70889","-90.40222","456.3","PHILLIPS PRICE CO AIRPORT, WI US","  62.9","24","  55.5","24","9999.9"," 0","966.4","24"," 10.0","24","  6.1","24"," 13.0"," 18.1","  75.7"," ","  52.3"," "," 0.05","G","999.9","010010"
"72646854913","2022-09-04","45.70889","-90.40222","456.3","PHILLIPS PRICE CO AIRPORT, WI US","  52.9","24","  48.2","24","9999.9"," 0","970.5","24","  9.8","24","  2.8","24","  8.0","999.9","  70.2"," ","  37.8"," "," 0.00","G","999.9","000000"
"72646854913","2022-09-05","45.70889","-90.40222","456.3","PHILLIPS PRICE CO AIRPORT, WI US","  56.0","24","  48.2","24","9999.9"," 0","967.8","24","  9.3","24","  1.4","24","  6.0","999.9","  72.5"," ","  40.5"," "," 0.00","I","999.9","000000"
"72646854913","2022-09-06","45.70889","-90.40222","456.3","PHILLIPS PRICE CO AIRPORT, WI US","  58.0","24","  51.5","24","9999.9"," 0","967.4","24","  9.9","24","  1.4","24","  7.0","999.9","  75.2"," ","  42.1"," "," 0.00","I","999.9","100000"
"72646854913","2022-09-07","45.70889","-90.40222","456.3","PHILLIPS PRICE CO AIRPORT, WI US","  65.0","24","  57.3","24","9999.9"," 0","967.9","24","  9.7","24","  1.2","24","  6.0","999.9","  81.5"," ","  52.5"," "," 0.00","I","999.9","000000"
"72646854913","2022-09-08","45.70889","-90.40222","456.3","PHILLIPS PRICE CO AIRPORT, WI US","  64.4","24","  57.8","24","9999.9"," 0","961.1","24"," 10.0","24","  4.6","24"," 17.1"," 25.1","  80.4"," ","  51.4"," "," 0.00","I","999.9","000000"
"72646854913","2022-09-09","45.70889","-90.40222","456.3","PHILLIPS PRICE CO AIRPORT, WI US","  66.3","24","  62.0","24","9999.9"," 0","956.2","24","  9.5","24","  5.1","24"," 11.1"," 14.0","  74.5"," ","  56.3"," "," 0.69","A","999.9","010010"
"72646854913","2022-09-10","45.70889","-90.40222","456.3","PHILLIPS PRICE CO AIRPORT, WI US","  55.7","24","  55.1","24","9999.9"," 0","963.8","24","  9.9","24","  2.3","24","  8.0","999.9","  60.1"," ","  53.1"," "," 0.16","C","999.9","010000"
"72646854913","2022-09-11","45.70889","-90.40222","456.3","PHILLIPS PRICE CO AIRPORT, WI US","  53.1","24","  49.7","24","9999.9"," 0","966.9","24","  6.7","24","  1.7","24","  8.9"," 15.0","  65.5"," ","  43.2"," "," 0.00","I","999.9","100000"
"72646854913","2022-09-12","45.70889","-90.40222","456.3","PHILLIPS PRICE CO AIRPORT, WI US","  57.8","24","  47.4","24","9999.9"," 0","961.1","24"," 10.0","24","  4.8","24"," 13.0"," 18.1","  70.0"," ","  46.2"," "," 0.00","I","999.9","000000"
"72646854913","2022-09-13","45.70889","-90.40222","456.3","PHILLIPS PRICE CO AIRPORT, WI US","  55.1","24","  46.9","24","9999.9"," 0","959.1","24"," 10.0","24","  1.6","24","  7.0","999.9","  76.1"," ","  39.6"," "," 0.00","I","999.9","000000"
"72646854913","2022-09-14","45.70889","-90.40222","456.3","PHILLIPS PRICE CO AIRPORT, WI US","  57.4","24","  52.1","24","9999.9"," 0","965.5","24"," 10.0","24","  2.7","24","  7.0","999.9","  68.5"," ","  46.9"," "," 0.00","I","999.9","000000"
"72646854913","2022-09-15","45.70889","-90.40222","456.3","PHILLIPS PRICE CO AIRPORT, WI US","  61.8","24","  55.0","24","9999.9"," 0","966.3","24"," 10.0","24","  7.0","24"," 12.0"," 17.1","  76.8"," ","  53.1"," "," 0.00","I","999.9","000000"
"72646854913","2022-09-16","45.70889","-90.40222","456.3","PHILLIPS PRICE CO AIRPORT, WI US","  66.4","24","  61.4","24","9999.9"," 0","962.8","24"," 10.0","24","  4.7","24"," 12.0"," 17.1","  72.5"," ","  60.3"," "," 0.04","A","999.9","010000"
"72646854913","2022-09-17","45.70889","-90.40222","456.3","PHILLIPS PRICE CO AIRPORT, WI US","  67.0","24","  63.3","24","9999.9"," 0","959.6","24","  8.6","24","  4.3","24","  9.9"," 18.1","  77.2"," ","  61.3"," "," 0.84","G","999.9","010000"
"72646854913","2022-09-18","45.70889","-90.40222","456.3","PHILLIPS PRICE CO AIRPORT, WI US","  65.3","24","  63.4","24","9999.9"," 0","957.5","24"," 10.0","24","  4.5","24","  9.9"," 15.9","  70.2"," ","  62.4"," "," 0.00","G","999.9","010000"
"72646854913","2022-09-19","45.70889","-90.40222","456.3","PHILLIPS PRICE CO AIRPORT, WI US","  60.1","24","  54.6","24","9999.9"," 0","961.4","24","  7.1","24","  2.0","24","  7.0","999.9","  75.7"," ","  45.5"," "," 0.00","I","999.9","100000"
"72646854913","2022-09-20","45.70889","-90.40222","456.3","PHILLIPS PRICE CO AIRPORT, WI US","  63.7","24","  59.8","24","9999.9"," 0","959.0","24"," 10.0","24","  2.6","24","  7.0","999.9","  78.8"," ","  53.8"," ","99.99"," ","999.9","010010"
"72646854913","2022-09-21","45.70889","-90.40222","456.3","PHILLIPS PRICE CO AIRPORT, WI US","  61.0","24","  54.6","24","9999.9"," 0","958.3","24","  9.1","24","  4.3","24"," 11.1"," 20.0","  74.3"," ","  52.5"," "," 0.01","G","999.9","010000"
"72646854913","2022-09-22","45.70889","-90.40222","456.3","PHILLIPS PRICE CO AIRPORT, WI US","  47.2","24","  41.0","24","9999.9"," 0","967.7","24","  9.8","24","  3.8","24"," 11.1"," 15.0","  57.2"," ","  38.1"," "," 0.00","G","999.9","010000"
"72646854913","2022-09-23","45.70889","-90.40222","456.3","PHILLIPS PRICE CO AIRPORT, WI US","  44.8","24","  39.9","24","9999.9"," 0","967.7","24"," 10.0","24","  3.4","24"," 14.0"," 21.0","  59.2"," ","  33.8"," ","99.99"," ","999.9","010000"
"72646854913","2022-09-24","45.70889","-90.40222","456.3","PHILLIPS PRICE CO AIRPORT, WI US","  49.8","24","  48.3","24","9999.9"," 0","958.6","24","  9.5","24","  4.6","24","  7.0","999.9","  52.9"," ","  46.8"," "," 0.04","G","999.9","010000"
"72646854913","2022-09-25","45.70889","-90.40222","456.3","PHILLIPS PRICE CO AIRPORT, WI US","  53.8","24","  50.9","24","9999.9"," 0","954.3","24","  9.1","24","  3.0","24"," 18.1"," 24.1","  64.2"," ","  47.3"," "," 0.03","G","999.9","010010"
"72646854913","2022-09-26","45.70889","-90.40222","456.3","PHILLIPS PRICE CO AIRPORT, WI US","  47.5","24","  44.1","24","9999.9"," 0","957.7","24","  9.8","24","  5.6","24"," 11.1"," 18.1","  51.6"," ","  45.5"," "," 0.21","G","999.9","010000"
"72646854913","2022-09-27","45.70889","-90.40222","456.3","PHILLIPS PRICE CO AIRPORT, WI US","  40.9","24","  37.1","24","9999.9"," 0","965.2","24"," 10.0","24","  3.8","24"," 12.0"," 19.0","  48.4"," ","  35.6"," "," 0.00","G","999.9","010000"
"72646854913","2022-09-28","45.70889","-90.40222","456.3","PHILLIPS PRICE CO AIRPORT, WI US","  37.5","24","  31.1","24","9999.9"," 0","976.5","24","  8.0","24","  0.7","24","  5.1","999.9","  55.8"," ","  24.6"," "," 0.00","I","999.9","100000"
"72646854913","2022-09-29","45.70889","-90.40222","456.3","PHILLIPS PRICE CO AIRPORT, WI US","  43.5","24","  34.9","24","9999.9"," 0","976.0","24"," 10.0","24","  3.0","24"," 11.1"," 15.9","  62.4"," ","  31.6"," "," 0.00","I","999.9","000000"
"72646854913","2022-09-30","45.70889","-90.40222","456.3","PHILLIPS PRICE CO AIRPORT, WI US","  52.4","24","  40.0","24","9999.9"," 0","970.9","20"," 10.0","24","  4.3","24","  9.9"," 14.0","  67.8"," ","  38.5"," "," 0.00","I","999.9","000000"
"72646854913","2022-10-01","45.70889","-90.40222","456.3","PHILLIPS PRICE CO AIRPORT, WI US","  49.1","24","  42.9","24","9999.9"," 0","999.9"," 0"," 10.0","24","  0.0","24","  5.1","999.9","  65.7"," ","  35.4"," "," 0.00","I","999.9","000000"
"72646854913","2022-10-02","45.70889","-90.40222","456.3","PHILLIPS PRICE CO AIRPORT, WI US","  55.7","24","  49.8","24","9999.9"," 0","999.9"," 0"," 10.0","24","  2.7","24","  7.0","999.9","  68.0"," ","  45.0"," "," 0.00","I","999.9","000000"
"72646854913","2022-10-03","45.70889","-90.40222","456.3","PHILLIPS PRICE CO AIRPORT, WI US","  56.4","24","  50.4","24","9999.9"," 0","970.2"," 4"," 10.0","24","  4.1","24","  8.9"," 15.0","  70.3"," ","  49.5"," "," 0.00","I","999.9","000000"
"72646854913","2022-10-04","45.70889","-90.40222","456.3","PHILLIPS PRICE CO AIRPORT, WI US","  59.3","24","  49.1","24","9999.9"," 0","968.3","22"," 10.0","24","  3.4","24","  8.0","999.9","  71.6"," ","  50.4"," ","99.99"," ","999.9","010000"
"72646854913","2022-10-05","45.70889","-90.40222","456.3","PHILLIPS PRICE CO AIRPORT, WI US","  56.2","24","  47.1","24","9999.9"," 0","964.1","19"," 10.0","24","  2.5","24","  9.9"," 15.9","  71.4"," ","  44.4"," "," 0.00","I","999.9","000000"
"72646854913","2022-10-06","45.70889","-90.40222","456.3","PHILLIPS PRICE CO AIRPORT, WI US","  51.6","24","  48.3","24","9999.9"," 0","963.1"," 7","  9.9","24","  6.4","24"," 17.1"," 22.9","  61.7"," ","  39.9"," "," 0.08","G","999.9","010000"
"72646854913","2022-10-07","45.70889","-90.40222","456.3","PHILLIPS PRICE CO AIRPORT, WI US","  37.3","24","  32.5","24","9999.9"," 0","999.9"," 0","  9.8","24","  5.0","24"," 12.0"," 17.1","  42.6"," ","  30.9"," "," 0.01","G","999.9","011000"
"72646854913","2022-10-08","45.70889","-90.40222","456.3","PHILLIPS PRICE CO AIRPORT, WI US","  40.2","24","  28.5","24","9999.9"," 0","969.4","24"," 10.0","24","  6.3","24"," 12.0"," 22.0","  56.7"," ","  30.9"," "," 0.00","G","999.9","000000"
"72646854913","2022-10-09","45.70889","-90.40222","456.3","PHILLIPS PRICE CO AIRPORT, WI US","  43.9","24","  33.5","24","9999.9"," 0","963.8","24"," 10.0","24","  2.4","24","  9.9"," 14.0","  59.9"," ","  27.1"," "," 0.00","I","999.9","000000"
"72646854913","2022-10-10","45.70889","-90.40222","456.3","PHILLIPS PRICE CO AIRPORT, WI US","  44.5","24","  36.7","24","9999.9"," 0","967.0","24","  9.6","24","  3.4","24","  8.9","999.9","  62.8"," ","  27.3"," "," 0.00","I","999.9","000000"
"72646854913","2022-10-11","45.70889","-90.40222","456.3","PHILLIPS PRICE CO AIRPORT, WI US","  57.5","24","  45.3","24","9999.9"," 0","958.6","24"," 10.0","24","  8.2","24"," 18.1"," 26.0","  74.5"," ","  47.5"," "," 0.00","I","999.9","000000"
"72646854913","2022-10-12","45.70889","-90.40222","456.3","PHILLIPS PRICE CO AIRPORT, WI US","  56.2","24","  48.8","24","9999.9"," 0","947.9","24"," 10.0","24","  7.9","24"," 15.0"," 25.1","  65.5"," ","  42.8"," "," 0.10","G","999.9","010010"
"72646854913","2022-10-13","45.70889","-90.40222","456.3","PHILLIPS PRICE CO AIRPORT, WI US","  37.4","24","  36.6","24","9999.9"," 0","947.7","24","  9.6","24","  3.9","24","  7.0","999.9","  42.6"," ","  32.5"," "," 0.09","G","999.9","011000"
"72646854913","2022-10-14","45.70889","-90.40222","456.3","PHILLIPS PRICE CO AIRPORT, WI US","  32.9","24","  30.5","24","9999.9"," 0","947.3","24","  8.3","24","  3.9","24","  7.0","999.9","  36.0"," ","  30.0"," "," 0.02","G","999.9","011000"
"72646854913","2022-10-15","45.70889","-90.40222","456.3","PHILLIPS PRICE CO AIRPORT, WI US","  32.5","24","  31.8","24","9999.9"," 0","952.0","24","  8.4","24","  3.2","24","  8.0","999.9","  40.1"," ","  28.4"," "," 0.04","G","999.9","011000"
"72646854913","2022-10-16","45.70889","-90.40222","456.3","PHILLIPS PRICE CO AIRPORT, WI US","  38.7","24","  36.6","24","9999.9"," 0","957.8","24"," 10.0","24","  4.4","24","  9.9"," 15.9","  40.1","*","  34.2","*"," 0.02","G","999.9","010000"
"72646854913","2022-10-17","45.70889","-90.40222","456.3","PHILLIPS PRICE CO AIRPORT, WI US","  30.7","24","  27.4","24","9999.9"," 0","961.4","24","  9.1","24","  9.4","24"," 14.0"," 22.0","  34.2"," ","  28.2"," "," 0.01","G","999.9","011000"
"72646854913","2022-10-18","45.70889","-90.40222","456.3","PHILLIPS PRICE CO AIRPORT, WI US","  30.0","24","  25.0","24","9999.9"," 0","967.4","24","  9.1","24","  8.0","24"," 14.0"," 20.0","  38.1"," ","  26.2"," "," 0.00","G","999.9","001000"
"72646854913","2022-10-19","45.70889","-90.40222","456.3","PHILLIPS PRICE CO AIRPORT, WI US","  30.8","24","  23.7","24","9999.9"," 0","962.9","24"," 10.0","24","  3.1","24","  8.0","999.9","  41.0"," ","  24.6"," "," 0.00","I","999.9","000000"
"72646854913","2022-10-20","45.70889","-90.40222","456.3","PHILLIPS PRICE CO AIRPORT, WI US","  39.9","24","  23.1","24","9999.9"," 0","952.8","24"," 10.0","24","  1.8","24","  8.0","999.9","  55.4","*","  29.5","*"," 0.00","I","999.9","000000"
"72646854913","2022-10-21","45.70889","-90.40222","456.3","PHILLIPS PRICE CO AIRPORT, WI US","  47.4","24","  33.1","24","9999.9"," 0","947.6","24"," 10.0","24","  3.3","24","  8.9"," 14.0","  64.9"," ","  33.6"," "," 0.00","I","999.9","000000"
"72646854913","2022-10-22","45.70889","-90.40222","456.3","PHILLIPS PRICE CO AIRPORT, WI US","  47.4","24","  37.0","24","9999.9"," 0","950.6","24"," 10.0","24","  2.8","24"," 13.0","999.9","  70.7"," ","  31.8"," "," 0.00","I","999.9","000000"
"72646854913","2022-10-23","45.70889","-90.40222","456.3","PHILLIPS PRICE CO AIRPORT, WI US","  62.1","24","  49.9","24","9999.9"," 0","953.7","24"," 10.0","24","  7.8","24"," 18.1"," 25.1","  72.3"," ","  54.7"," "," 0.00","I","999.9","000000"
"72646854913","2022-10-24","45.70889","-90.40222","456.3","PHILLIPS PRICE CO AIRPORT, WI US","  62.9","24","  58.3","24","9999.9"," 0","951.3","24"," 10.0","24"," 12.0","24"," 19.0"," 24.1","  67.8"," ","  53.6"," "," 0.10","G","999.9","010000"
"72646854913","2022-10-25","45.70889","-90.40222","456.3","PHILLIPS PRICE CO AIRPORT, WI US","  43.0","24","  40.3","24","9999.9"," 0","951.7","24","  9.2","24","  4.1","24","  8.0","999.9","  53.6"," ","  37.6"," "," 0.34","G","999.9","010000"
"72646854913","2022-10-26","45.70889","-90.40222","456.3","PHILLIPS PRICE CO AIRPORT, WI US","  36.8","24","  30.1","24","9999.9"," 0","959.0","24"," 10.0","24","  4.0","24","  8.9"," 15.9","  43.7"," ","  31.8"," "," 0.00","G","999.9","000000"
"72646854913","2022-10-27","45.70889","-90.40222","456.3","PHILLIPS PRICE CO AIRPORT, WI US","  35.6","24","  29.6","24","9999.9"," 0","968.5","24"," 10.0","24","  2.6","24"," 11.1"," 14.0","  52.7"," ","  24.4"," "," 0.00","I","999.9","000000"
"72646854913","2022-10-28","45.70889","-90.40222","456.3","PHILLIPS PRICE CO AIRPORT, WI US","  46.8","24","  34.6","24","9999.9"," 0","972.5","24"," 10.0","24","  5.5","24","  9.9"," 15.9","  57.2"," ","  38.3"," "," 0.00","I","999.9","000000"
"72646854913","2022-10-29","45.70889","-90.40222","456.3","PHILLIPS PRICE CO AIRPORT, WI US","  46.3","24","  33.8","24","9999.9"," 0","970.1","24"," 10.0","24","  3.7","24"," 12.0"," 20.0","  62.4"," ","  35.6"," "," 0.00","I","999.9","000000"
"72646854913","2022-10-30","45.70889","-90.40222","456.3","PHILLIPS PRICE CO AIRPORT, WI US","  46.0","24","  34.8","24","9999.9"," 0","963.4","24"," 10.0","24","  1.8","24","  7.0","999.9","  63.0"," ","  31.6"," "," 0.00","I","999.9","000000"
"72646854913","2022-10-31","45.70889","-90.40222","456.3","PHILLIPS PRICE CO AIRPORT, WI US","  42.1","24","  33.5","24","9999.9"," 0","957.4","24","  9.6","24","  1.0","24","  7.0","999.9","  62.6"," ","  27.5"," "," 0.00","I","999.9","000000"
"72646854913","2022-11-01","45.70889","-90.40222","456.3","PHILLIPS PRICE CO AIRPORT, WI US","  46.0","24","  32.6","24","9999.9"," 0","961.4","18"," 10.0","24","  1.2","24","  6.0","999.9","  69.1"," ","  32.2"," "," 0.00","I","999.9","000000"
"72646854913","2022-11-02","45.70889","-90.40222","456.3","PHILLIPS PRICE CO AIRPORT, WI US","  54.6","24","  36.9","24","9999.9"," 0","964.6","24"," 10.0","24","  5.3","24"," 15.9"," 24.1","  72.9"," ","  41.0"," "," 0.00","I","999.9","000000"
"72646854913","2022-11-03","45.70889","-90.40222","456.3","PHILLIPS PRICE CO AIRPORT, WI US","  59.0","24","  44.5","24","9999.9"," 0","959.6","24"," 10.0","24"," 10.1","24"," 14.0"," 20.0","  66.6"," ","  52.9"," "," 0.00","I","999.9","000000"
"72646854913","2022-11-04","45.70889","-90.40222","456.3","PHILLIPS PRICE CO AIRPORT, WI US","  49.2","24","  47.5","24","9999.9"," 0","954.6","24","  9.9","24","  5.6","24"," 12.0"," 18.1","  61.0"," ","  37.4"," "," 0.15","G","999.9","010010"
"72646854913","2022-11-05","45.70889","-90.40222","456.3","PHILLIPS PRICE CO AIRPORT, WI US","  37.0","24","  36.8","24","9999.9"," 0","948.2","24","  9.4","24","  6.4","24","  9.9"," 15.0","  38.8"," ","  35.2"," "," 0.02","G","999.9","010000"
"72646854913","2022-11-06","45.70889","-90.40222","456.3","PHILLIPS PRICE CO AIRPORT, WI US","  40.1","24","  34.8","24","9999.9"," 0","947.7","24","  8.9","24","  8.3","24"," 22.0"," 32.1","  49.6"," ","  33.8"," "," 0.54","G","999.9","010000"
"72646854913","2022-11-07","45.70889","-90.40222","456.3","PHILLIPS PRICE CO AIRPORT, WI US","  33.6","24","  21.1","24","9999.9"," 0","970.0","24"," 10.0","24","  6.7","24"," 15.9"," 25.1","  41.9"," ","  26.4"," "," 0.01","G","999.9","000000"
"72646854913","2022-11-08","45.70889","-90.40222","456.3","PHILLIPS PRICE CO AIRPORT, WI US","  36.4","24","  28.9","24","9999.9"," 0","980.8","24"," 10.0","24","  6.6","24"," 13.0"," 22.0","  46.0"," ","  31.8"," "," 0.00","G","999.9","000000"
"72646854913","2022-11-09","45.70889","-90.40222","456.3","PHILLIPS PRICE CO AIRPORT, WI US","  44.1","24","  41.9","24","9999.9"," 0","966.0","24","  8.4","24","  6.4","24"," 15.9"," 21.0","  59.5","*","  39.9","*"," 0.43","G","999.9","010010"
"72646854913","2022-11-10","45.70889","-90.40222","456.3","PHILLIPS PRICE CO AIRPORT, WI US","  58.9","24","  58.1","24","9999.9"," 0","954.9","24","  9.2","24","  8.0","24"," 12.0"," 19.0","  62.8"," ","  46.4"," "," 0.29","G","999.9","010000"
"72646854913","2022-11-11","45.70889","-90.40222","456.3","PHILLIPS PRICE CO AIRPORT, WI US","  31.3","24","  28.7","24","9999.9"," 0","956.1","24","  9.3","24","  6.6","24"," 13.0"," 15.9","  47.7"," ","  22.8"," "," 0.39","G","999.9","001000"
"72646854913","2022-11-12","45.70889","-90.40222","456.3","PHILLIPS PRICE CO AIRPORT, WI US","  26.2","24","  22.5","24","9999.9"," 0","961.6","24","  9.0","24","  6.5","24"," 12.0"," 18.1","  28.4"," ","  23.5"," "," 0.00","G","999.9","001000"
"72646854913","2022-11-13","45.70889","-90.40222","456.3","PHILLIPS PRICE CO AIRPORT, WI US","  20.8","24","  17.0","24","9999.9"," 0","969.1","24","  9.0","24","  1.8","24","  5.1","999.9","  27.5"," ","  12.4"," ","99.99"," ","999.9","001000"
"72646854913","2022-11-14","45.70889","-90.40222","456.3","PHILLIPS PRICE CO AIRPORT, WI US","  22.0","24","  19.2","24","9999.9"," 0","970.7","24","  7.8","24","  1.9","24","  8.9","999.9","  25.7"," ","  14.9"," "," 0.02","A","999.9","001000"
"72646854913","2022-11-15","45.70889","-90.40222","456.3","PHILLIPS PRICE CO AIRPORT, WI US","  26.5","24","  25.5","24","9999.9"," 0","970.5","24","  6.8","24","  2.8","24","  6.0","999.9","  31.1"," ","  23.0"," ","99.99"," ","999.9","011000"
"72646854913","2022-11-16","45.70889","-90.40222","456.3","PHILLIPS PRICE CO AIRPORT, WI US","  27.0","24","  25.5","24","9999.9"," 0","966.4","24","  8.3","24","  1.8","24","  6.0","999.9","  31.5"," ","  20.7"," ","99.99"," ","999.9","001000"
"72646854913","2022-11-17","45.70889","-90.40222","456.3","PHILLIPS PRICE CO AIRPORT, WI US","  23.1","24","  20.3","24","9999.9"," 0","960.5","24","  6.9","24","  3.6","24","  9.9","999.9","  28.8"," ","  17.1"," "," 0.01","G","999.9","001000"
"72646854913","2022-11-18","45.70889","-90.40222","456.3","PHILLIPS PRICE CO AIRPORT, WI US","  18.1","24","  13.4","24","9999.9"," 0","960.4","24","  6.6","24","  5.0","24"," 12.0"," 18.1","  20.7"," ","  14.9"," "," 0.00","G","999.9","001000"
"72646854913","2022-11-19","45.70889","-90.40222","456.3","PHILLIPS PRICE CO AIRPORT, WI US","  13.6","24","   7.1","24","9999.9"," 0","955.6","24","  6.8","24","  7.9","24"," 15.0"," 22.0","  15.6"," ","  11.3"," ","99.99"," ","999.9","001000"
"72646854913","2022-11-20","45.70889","-90.40222","456.3","PHILLIPS PRICE CO AIRPORT, WI US","  10.6","24","   3.6","24","9999.9"," 0","963.9","24","  9.3","24","  5.1","24"," 11.1"," 18.1","  25.3"," ","   2.1"," ","99.99"," ","999.9","001000"
"72646854913","2022-11-21","45.70889","-90.40222","456.3","PHILLIPS PRICE CO AIRPORT, WI US","  21.6","24","  16.1","24","9999.9"," 0","959.7","24"," 10.0","24","  5.0","24","  9.9"," 14.0","  28.2"," ","  15.4"," "," 0.00","I","999.9","000000"
"72646854913","2022-11-22","45.70889","-90.40222","456.3","PHILLIPS PRICE CO AIRPORT, WI US","  21.6","24","  17.0","24","9999.9"," 0","966.2","24","  9.6","24","  2.3","24","  7.0","999.9","  32.9"," ","   8.6"," ","99.99"," ","999.9","001000"
"72646854913","2022-11-23","45.70889","-90.40222","456.3","PHILLIPS PRICE CO AIRPORT, WI US","  22.0","24","  16.6","24","9999.9"," 0","962.9","24","  9.8","24","  1.0","24","  5.1","999.9","  44.8"," ","   8.4"," "," 0.00","I","999.9","000000"
"72646854913","2022-11-24","45.70889","-90.40222","456.3","PHILLIPS PRICE CO AIRPORT, WI US","  31.4","24","  29.6","24","9999.9"," 0","962.1","24","  5.9","24","  2.1","24","  7.0","999.9","  37.4"," ","  24.3"," ","99.99"," ","999.9","110000"
"72646854913","2022-11-25","45.70889","-90.40222","456.3","PHILLIPS PRICE CO AIRPORT, WI US","  31.4","24","  28.3","24","9999.9"," 0","964.5","24","  9.6","24","  2.5","24","  8.0","999.9","  42.8"," ","  23.5"," "," 0.00","I","999.9","000000"
"72646854913","2022-11-26","45.70889","-90.40222","456.3","PHILLIPS PRICE CO AIRPORT, WI US","  41.5","24","  27.4","24","9999.9"," 0","955.7","24"," 10.0","24","  8.5","24"," 15.0"," 21.0","  52.9"," ","  35.6"," "," 0.00","I","999.9","000000"
"72646854913","2022-11-27","45.70889","-90.40222","456.3","PHILLIPS PRICE CO AIRPORT, WI US","  32.5","24","  26.3","24","9999.9"," 0","952.7","24"," 10.0","24","  4.4","24"," 12.0"," 18.1","  43.3"," ","  24.8"," "," 0.00","I","999.9","000000"
"72646854913","2022-11-28","45.70889","-90.40222","456.3","PHILLIPS PRICE CO AIRPORT, WI US","  26.6","24","  21.5","24","9999.9"," 0","955.1","24"," 10.0","24","  3.8","24"," 14.0"," 22.0","  36.0"," ","  16.2"," "," 0.00","I","999.9","000000"
"72646854913","2022-11-29","45.70889","-90.40222","456.3","PHILLIPS PRICE CO AIRPORT, WI US","  32.3","24","  30.5","24","9999.9"," 0","949.9","24","  7.2","24","  4.0","24"," 11.1"," 14.0","  35.1"," ","  28.4"," "," 0.27","B","999.9","011000"
"72646854913","2022-11-30","45.70889","-90.40222","456.3","PHILLIPS PRICE CO AIRPORT, WI US","  19.4","24","  15.4","24","9999.9"," 0","950.7","24","  8.4","24","  7.3","24"," 12.0"," 22.9","  28.4"," ","  13.1"," "," 0.01","A","999.9","001000"
"72646854913","2022-12-01","45.70889","-90.40222","456.3","PHILLIPS PRICE CO AIRPORT, WI US","  10.9","24","   5.5","24","9999.9"," 0","967.9","18"," 10.0","24","  3.8","24"," 12.0"," 19.0","  25.7"," ","  -2.6"," ","99.99"," ","999.9","001000"
"72646854913","2022-12-02","45.70889","-90.40222","456.3","PHILLIPS PRICE CO AIRPORT, WI US","  29.4","24","  19.3","24","9999.9"," 0","953.4","24"," 10.0","24","  9.7","24"," 15.0"," 20.0","  36.0"," ","  24.4"," "," 0.00","I","999.9","000000"
"72646854913","2022-12-03","45.70889","-90.40222","456.3","PHILLIPS PRICE CO AIRPORT, WI US","  16.4","24","   9.9","24","9999.9"," 0","960.8","24","  8.8","24","  6.8","24"," 13.0"," 21.0","  35.6"," ","   1.8"," "," 0.10","G","999.9","001000"
"72646854913","2022-12-04","45.70889","-90.40222","456.3","PHILLIPS PRICE CO AIRPORT, WI US","  11.8","24","   4.3","24","9999.9"," 0","962.5","24"," 10.0","24","  5.2","24"," 13.0"," 20.0","  29.1"," ","   0.5"," "," 0.00","G","999.9","000000"
"72646854913","2022-12-05","45.70889","-90.40222","456.3","PHILLIPS PRICE CO AIRPORT, WI US","  25.8","24","  15.2","24","9999.9"," 0","953.2","24"," 10.0","24","  5.2","24"," 14.0"," 20.0","  29.3"," ","  17.2"," "," 0.00","I","999.9","000000"
"72646854913","2022-12-06","45.70889","-90.40222","456.3","PHILLIPS PRICE CO AIRPORT, WI US","  16.9","24","  10.6","24","9999.9"," 0","961.8","24"," 10.0","24","  2.3","24","  8.9","999.9","  29.1"," ","   3.4"," "," 0.00","I","999.9","000000"
"72646854913","2022-12-07","45.70889","-90.40222","456.3","PHILLIPS PRICE CO AIRPORT, WI US","  19.3","24","  15.6","24","9999.9"," 0","967.4","24","  8.8","24","  4.3","24","  9.9","999.9","  26.2"," ","   9.7"," "," 0.01","A","999.9","001000"
"72646854913","2022-12-08","45.70889","-90.40222","456.3","PHILLIPS PRICE CO AIRPORT, WI US","   5.6","24","   1.8","24","9999.9"," 0","974.1","24"," 10.0","24","  0.8","24","  6.0","999.9","  27.7"," ","  -8.9"," "," 0.00","I","999.9","000000"
"72646854913","2022-12-09","45.70889","-90.40222","456.3","PHILLIPS PRICE CO AIRPORT, WI US","  20.0","24","  15.9","24","9999.9"," 0","970.8","24"," 10.0","24","  3.3","24"," 12.0"," 15.9","  32.4"," ","   5.2"," "," 0.00","I","999.9","000000"
"72646854913","2022-12-10","45.70889","-90.40222","456.3","PHILLIPS PRICE CO AIRPORT, WI US","  27.6","24","  24.9","24","9999.9"," 0","968.6","24","  7.5","24","  5.2","24"," 11.1"," 15.9","  30.0"," ","  24.3"," ","99.99"," ","999.9","001000"
"72646854913","2022-12-11","45.70889","-90.40222","456.3","PHILLIPS PRICE CO AIRPORT, WI US","  29.7","24","  29.5","24","9999.9"," 0","967.1","24","  6.0","24","  0.3","24","  4.1","999.9","  32.0"," ","  28.4"," ","99.99"," ","999.9","111000"
"72646854913","2022-12-12","45.70889","-90.40222","456.3","PHILLIPS PRICE CO AIRPORT, WI US","  28.6","24","  24.4","24","9999.9"," 0","970.7","24"," 10.0","24","  4.4","24","  8.9","999.9","  31.5"," ","  27.0"," "," 0.00","I","999.9","000000"
"72646854913","2022-12-13","45.70889","-90.40222","456.3","PHILLIPS PRICE CO AIRPORT, WI US","  29.6","24","  25.9","24","9999.9"," 0","968.0","24"," 10.0","24","  9.6","24"," 15.0"," 22.0","  31.1"," ","  28.4"," "," 0.00","I","999.9","000000"
"72646854913","2022-12-14","45.70889","-90.40222","456.3","PHILLIPS PRICE CO AIRPORT, WI US","  30.6","24","  27.1","24","9999.9"," 0","957.3","24","  7.5","24"," 10.6","24"," 18.1"," 26.0","  32.0"," ","  28.9"," "," 0.01","G","999.9","011000"
"72646854913","2022-12-15","45.70889","-90.40222","456.3","PHILLIPS PRICE CO AIRPORT, WI US","  30.8","24","  30.6","24","9999.9"," 0","944.6","24","  6.0","24","  4.5","24","  8.0","999.9","  32.0"," ","  28.9"," "," 0.54","G","999.9","011000"
"72646854913","2022-12-16","45.70889","-90.40222","456.3","PHILLIPS PRICE CO AIRPORT, WI US","  23.9","24","  21.9","24","9999.9"," 0","942.3","24","  6.2","24","  3.8","24","  7.0","999.9","  29.1"," ","  15.4"," "," 0.02","G","999.9","001000"
"72646854913","2022-12-17","45.70889","-90.40222","456.3","PHILLIPS PRICE CO AIRPORT, WI US","  14.8","24","  13.8","24","9999.9"," 0","946.7","24","  8.1","24","  0.2","24","  2.9","999.9","  24.8"," ","   4.3"," "," 0.00","G","999.9","101000"
"72646854913","2022-12-18","45.70889","-90.40222","456.3","PHILLIPS PRICE CO AIRPORT, WI US","  14.8","24","  12.6","24","9999.9"," 0","958.3","24","  9.1","24","  3.2","24","  6.0","999.9","  24.3"," ","   7.7"," ","99.99"," ","999.9","001000"
"72646854913","2022-12-19","45.70889","-90.40222","456.3","PHILLIPS PRICE CO AIRPORT, WI US","   7.1","24","   4.2","24","9999.9"," 0","970.6","24","  8.8","24","  2.0","24","  6.0","999.9","  13.1"," ","   3.2"," ","99.99"," ","999.9","001000"
"72646854913","2022-12-20","45.70889","-90.40222","456.3","PHILLIPS PRICE CO AIRPORT, WI US","   8.7","24","   4.5","24","9999.9"," 0","971.3","24","  7.1","24","  6.2","24"," 11.1"," 15.9","  14.7"," ","  -1.7"," "," 0.01","G","999.9","001000"
"72646854913","2022-12-21","45.70889","-90.40222","456.3","PHILLIPS PRICE CO AIRPORT, WI US","  -8.1","24"," -12.5","24","9999.9"," 0","973.5","24","  7.9","24","  1.3","24","  5.1","999.9","   1.2"," "," -17.3"," "," 0.00","G","999.9","001000"
"72646854913","2022-12-22","45.70889","-90.40222","456.3","PHILLIPS PRICE CO AIRPORT, WI US","   0.2","24","  -4.4","24","9999.9"," 0","959.8","24","  5.4","24","  3.9","24","  8.9"," 14.0","   6.8"," ","  -8.5"," "," 0.06","G","999.9","001000"
"72646854913","2022-12-23","45.70889","-90.40222","456.3","PHILLIPS PRICE CO AIRPORT, WI US"," -10.1","24"," -16.1","24","9999.9"," 0","952.2","24","  9.5","24","  7.2","24"," 12.0"," 20.0","  -0.9"," "," -15.9"," "," 0.00","G","999.9","000000"
"72646854913","2022-12-24","45.70889","-90.40222","456.3","PHILLIPS PRICE CO AIRPORT, WI US","   0.7","24","  -5.1","24","9999.9"," 0","953.4","24","  6.7","24","  8.9","24"," 14.0"," 22.9","   5.0"," ","  -2.2"," ","99.99"," ","999.9","001000"
"72646854913","2022-12-25","45.70889","-90.40222","456.3","PHILLIPS PRICE CO AIRPORT, WI US","  -2.2","24","  -7.2","24","9999.9"," 0","958.7","24"," 10.0","24","  6.5","24"," 11.1"," 19.0","   1.9"," ","  -7.8"," ","99.99"," ","999.9","001000"
"72646854913","2022-12-26","45.70889","-90.40222","456.3","PHILLIPS PRICE CO AIRPORT, WI US","   4.5","24","  -0.1","24","9999.9"," 0","963.7","24","  9.8","24","  1.4","24","  6.0","999.9","  14.4"," ","  -2.9"," ","99.99"," ","999.9","001000"
"72646854913","2022-12-27","45.70889","-90.40222","456.3","PHILLIPS PRICE CO AIRPORT, WI US","   8.1","24","   2.7","24","9999.9"," 0","959.5","24"," 10.0","24","  5.4","24"," 12.0"," 18.1","  17.6"," ","  -3.3"," "," 0.00","I","999.9","000000"
"72646854913","2022-12-28","45.70889","-90.40222","456.3","PHILLIPS PRICE CO AIRPORT, WI US","  22.5","24","  17.3","24","9999.9"," 0","947.3","24"," 10.0","24","  7.4","24"," 12.0"," 15.9","  31.1"," ","  17.6"," "," 0.00","I","999.9","000000"
"72646854913","2022-12-29","45.70889","-90.40222","456.3","PHILLIPS PRICE CO AIRPORT, WI US","  34.1","24","  30.1","24","9999.9"," 0","947.9","24"," 10.0","24","  4.6","24","  8.9","999.9","  39.0"," ","  30.7"," ","99.99"," ","999.9","010000"
"72646854913","2022-12-30","45.70889","-90.40222","456.3","PHILLIPS PRICE CO AIRPORT, WI US","  27.8","24","  26.8","24","9999.9"," 0","954.6","24","  7.5","24","  3.6","24","  9.9","999.9","  33.4"," ","  19.4"," "," 0.00","I","999.9","100000"
"72646854913","2022-12-31","45.70889","-90.40222","456.3","PHILLIPS PRICE CO AIRPORT, WI US","  19.0","24","  18.5","24","9999.9"," 0","957.9","24","  8.0","24","  2.2","24","  6.0","999.9","  29.1"," ","  14.5"," "," 0.00","I","999.9","000000"
