"STATION","DATE","LATITUDE","LONGITUDE","ELEVATION","NAME","TEMP","TEMP_ATTRIBUTES","DEWP","DEWP_ATTRIBUTES","SLP","SLP_ATTRIBUTES","STP","STP_ATTRIBUTES","VISIB","VISIB_ATTRIBUTES","WDSP","WDSP_ATTRIBUTES","MXSPD","GUST","MAX","MAX_ATTRIBUTES","MIN","MIN_ATTRIBUTES","PRCP","PRCP_ATTRIBUTES","SNDP","FRSHTT"
"76738399999","2022-01-01","18.103419","-94.580681","10.97","MINATITLAN, MX","  80.5","13","  69.7","13","1015.9"," 4","999.9"," 0","  8.0","13","  4.8","13"," 15.9","999.9","  89.6","*","  68.0","*"," 0.00","I","999.9","000000"
"76738399999","2022-01-02","18.103419","-94.580681","10.97","MINATITLAN, MX","  79.3","14","  68.4","14","1019.5"," 4","999.9"," 0","  7.9","14","  8.4","14"," 25.1"," 35.9","  89.6","*","  66.2","*"," 0.00","I","999.9","000000"
"76738399999","2022-01-03","18.103419","-94.580681","10.97","MINATITLAN, MX","  65.1","13","  62.2","13","1032.1"," 4","999.9"," 0","  5.4","13"," 17.5","13"," 25.1"," 35.0","  77.0","*","  62.6","*","99.99"," ","999.9","010000"
"76738399999","2022-01-04","18.103419","-94.580681","10.97","MINATITLAN, MX","  64.7","16","  64.1","16","1026.3"," 5","999.9"," 0","  4.6","16","  6.1","16"," 17.1","999.9","  68.0","*","  60.8","*"," 0.04","E","999.9","010000"
"76738399999","2022-01-05","18.103419","-94.580681","10.97","MINATITLAN, MX","  70.2","13","  66.3","13","1019.8"," 4","999.9"," 0","  5.9","13","  5.3","13"," 13.0","999.9","  73.4","*","  64.4","*"," 0.01","E","999.9","010000"
"76738399999","2022-01-06","18.103419","-94.580681","10.97","MINATITLAN, MX","  72.2","13","  69.2","13","1018.0"," 4","999.9"," 0","  3.1","13","  5.1","13"," 15.9","999.9","  78.8","*","  64.4","*"," 0.00","I","999.9","100000"
"76738399999","2022-01-07","18.103419","-94.580681","10.97","MINATITLAN, MX","  75.3","13","  72.0","13","1022.2"," 4","999.9"," 0","  4.8","13","  4.6","13"," 11.1","999.9","  78.8","*","  69.8","*"," 0.00","I","999.9","000000"
"76738399999","2022-01-08","18.103419","-94.580681","10.97","MINATITLAN, MX","  74.9","13","  71.0","13","1022.4"," 4","999.9"," 0","  5.6","13","  5.1","13","  9.9","999.9","  77.0","*","  69.8","*"," 0.00","I","999.9","000000"
"76738399999","2022-01-09","18.103419","-94.580681","10.97","MINATITLAN, MX","  74.2","13","  71.0","13","1023.1"," 4","999.9"," 0","  6.0","13","  4.1","13"," 13.0","999.9","  78.8","*","  68.0","*"," 0.00","I","999.9","000000"
"76738399999","2022-01-10","18.103419","-94.580681","10.97","MINATITLAN, MX","  74.1","13","  71.7","13","1027.6"," 4","999.9"," 0","  5.2","13"," 10.6","13"," 20.0","999.9","  75.2","*","  71.6","*"," 0.01","E","999.9","010000"
"76738399999","2022-01-11","18.103419","-94.580681","10.97","MINATITLAN, MX","  69.1","13","  65.0","13","1029.4"," 4","999.9"," 0","  6.5","13"," 15.9","13"," 26.0","999.9","  71.6","*","  68.0","*"," 0.01","E","999.9","010000"
"76738399999","2022-01-12","18.103419","-94.580681","10.97","MINATITLAN, MX","  69.5","13","  64.8","13","1027.4"," 4","999.9"," 0","  6.8","13","  8.3","13"," 17.1","999.9","  73.4","*","  60.8","*"," 0.00","I","999.9","000000"
"76738399999","2022-01-13","18.103419","-94.580681","10.97","MINATITLAN, MX","  70.8","12","  67.7","12","1026.3"," 4","999.9"," 0","  4.8","12","  5.7","12","  9.9","999.9","  77.0","*","  62.6","*","99.99"," ","999.9","010000"
"76738399999","2022-01-14","18.103419","-94.580681","10.97","MINATITLAN, MX","  71.3","12","  68.6","12","1022.8"," 4","999.9"," 0","  3.8","12","  4.1","12","  8.9","999.9","  75.2","*","  66.2","*"," 0.04","E","999.9","010000"
"76738399999","2022-01-15","18.103419","-94.580681","10.97","MINATITLAN, MX","  76.3","13","  69.5","13","1017.9"," 4","999.9"," 0","  5.9","13","  8.5","13"," 19.0","999.9","  86.0","*","  64.4","*"," 0.00","I","999.9","000000"
"76738399999","2022-01-16","18.103419","-94.580681","10.97","MINATITLAN, MX","  66.9","13","  58.6","13","1028.8"," 4","999.9"," 0","  6.5","13"," 13.0","13"," 21.0","999.9","  73.4","*","  64.4","*"," 0.00","I","999.9","000000"
"76738399999","2022-01-17","18.103419","-94.580681","10.97","MINATITLAN, MX","  65.9","13","  62.6","13","1026.1"," 4","999.9"," 0","  6.5","13","  7.6","13"," 13.0","999.9","  68.0","*","  60.8","*"," 0.00","I","999.9","000000"
"76738399999","2022-01-18","18.103419","-94.580681","10.97","MINATITLAN, MX","  68.6","13","  63.2","13","1024.0"," 4","999.9"," 0","  5.5","13","  4.9","13","  9.9","999.9","  71.6","*","  60.8","*"," 0.00","I","999.9","100000"
"76738399999","2022-01-19","18.103419","-94.580681","10.97","MINATITLAN, MX","  70.6","12","  63.8","12","1020.6"," 4","999.9"," 0","  5.8","12","  5.1","12","  9.9","999.9","  84.2","*","  62.6","*"," 0.00","I","999.9","000000"
"76738399999","2022-01-20","18.103419","-94.580681","10.97","MINATITLAN, MX","  71.3","13","  67.7","13","1021.0"," 4","999.9"," 0","  5.6","13","  6.6","13","  9.9","999.9","  75.2","*","  62.6","*"," 0.00","I","999.9","000000"
"76738399999","2022-01-21","18.103419","-94.580681","10.97","MINATITLAN, MX","  68.7","13","  64.4","13","1025.0"," 4","999.9"," 0","  6.3","13"," 18.2","13"," 26.0","999.9","  71.6","*","  66.2","*"," 0.00","I","999.9","000000"
"76738399999","2022-01-22","18.103419","-94.580681","10.97","MINATITLAN, MX","  65.1","13","  61.6","13","1027.6"," 4","999.9"," 0","  7.0","13","  6.6","13"," 19.0","999.9","  68.0","*","  60.8","*"," 0.00","I","999.9","000000"
"76738399999","2022-01-23","18.103419","-94.580681","10.97","MINATITLAN, MX","  66.6","13","  65.1","13","1024.8"," 4","999.9"," 0","  5.7","13","  2.4","13","  9.9","999.9","  68.0","*","  64.4","*"," 0.00","I","999.9","000000"
"76738399999","2022-01-24","18.103419","-94.580681","10.97","MINATITLAN, MX","  72.1","12","  68.7","12","1018.3"," 4","999.9"," 0","  6.3","12","  4.5","12","  9.9","999.9","  78.8","*","  64.4","*"," 0.00","I","999.9","000000"
"76738399999","2022-01-25","18.103419","-94.580681","10.97","MINATITLAN, MX","  73.5","13","  70.1","13","1018.4"," 4","999.9"," 0","  5.6","13","  7.7","13"," 15.0","999.9","  78.8","*","  66.2","*"," 0.00","I","999.9","000000"
"76738399999","2022-01-26","18.103419","-94.580681","10.97","MINATITLAN, MX","  72.3","13","  70.2","13","1024.3"," 4","999.9"," 0","  5.9","13","  9.9","13"," 15.0","999.9","  73.4","*","  69.8","*","99.99"," ","999.9","010000"
"76738399999","2022-01-27","18.103419","-94.580681","10.97","MINATITLAN, MX","  70.5","13","  67.9","13","1024.9"," 4","999.9"," 0","  6.4","13","  8.6","13"," 15.0","999.9","  73.4","*","  68.0","*"," 0.00","I","999.9","000000"
"76738399999","2022-01-28","18.103419","-94.580681","10.97","MINATITLAN, MX","  70.9","13","  69.0","13","1025.4"," 4","999.9"," 0","  5.5","13","  7.5","13"," 17.1","999.9","  73.4","*","  68.0","*","99.99"," ","999.9","010000"
"76738399999","2022-01-29","18.103419","-94.580681","10.97","MINATITLAN, MX","  65.9","13","  62.5","13","1031.6"," 4","999.9"," 0","  5.0","13"," 15.6","13"," 22.0","999.9","  69.8","*","  64.4","*"," 0.01","E","999.9","010000"
"76738399999","2022-01-30","18.103419","-94.580681","10.97","MINATITLAN, MX","  65.1","13","  62.5","13","1027.6"," 4","999.9"," 0","  5.6","13","  5.7","13"," 14.0","999.9","  68.0","*","  60.8","*"," 0.31","E","999.9","010000"
"76738399999","2022-01-31","18.103419","-94.580681","10.97","MINATITLAN, MX","  68.6","13","  63.2","13","1019.8"," 4","999.9"," 0","  6.5","13","  6.0","13","  9.9","999.9","  73.4","*","  60.8","*"," 0.00","I","999.9","000000"
"76738399999","2022-02-01","18.103419","-94.580681","10.97","MINATITLAN, MX","  74.8","13","  69.1","13","1015.8"," 4","999.9"," 0","  5.8","13","  5.7","13","  9.9","999.9","  84.2","*","  64.4","*"," 0.00","I","999.9","000000"
"76738399999","2022-02-02","18.103419","-94.580681","10.97","MINATITLAN, MX","  79.6","12","  70.4","12","1014.1"," 4","999.9"," 0","  5.5","12","  5.5","12","  9.9","999.9","  87.8","*","  68.0","*"," 0.00","I","999.9","000000"
"76738399999","2022-02-03","18.103419","-94.580681","10.97","MINATITLAN, MX","  82.4","12","  69.5","12","1015.7"," 4","999.9"," 0","  7.1","12","  8.8","12"," 15.0","999.9","  87.8","*","  73.4","*"," 0.00","I","999.9","000000"
"76738399999","2022-02-04","18.103419","-94.580681","10.97","MINATITLAN, MX","  67.9","13","  63.3","13","1028.6"," 4","999.9"," 0","  6.9","13"," 20.6","13"," 28.9"," 33.0","  69.8","*","  62.6","*"," 0.00","I","999.9","000000"
"76738399999","2022-02-05","18.103419","-94.580681","10.97","MINATITLAN, MX","  61.2","12","  55.0","12","1022.9"," 4","999.9"," 0","  7.0","12"," 20.8","12"," 29.9","999.9","  62.6","*","  59.0","*"," 0.00","I","999.9","000000"
"76738399999","2022-02-06","18.103419","-94.580681","10.97","MINATITLAN, MX","  63.2","13","  57.9","13","1026.3"," 4","999.9"," 0","  6.2","13","  4.1","13","  9.9","999.9","  68.0","*","  55.4","*"," 0.04","E","999.9","000000"
"76738399999","2022-02-07","18.103419","-94.580681","10.97","MINATITLAN, MX","  66.3","13","  64.1","13","1024.8"," 4","999.9"," 0","  5.4","13","  6.2","13","  9.9","999.9","  68.0","*","  62.6","*"," 0.00","I","999.9","000000"
"76738399999","2022-02-08","18.103419","-94.580681","10.97","MINATITLAN, MX","  64.3","13","  60.7","13","1028.1"," 4","999.9"," 0","  6.4","13"," 16.5","13"," 25.1","999.9","  66.2","*","  62.6","*","99.99"," ","999.9","010000"
"76738399999","2022-02-09","18.103419","-94.580681","10.97","MINATITLAN, MX","  63.7","11","  61.0","11","1025.7"," 4","999.9"," 0","  5.8","11","  5.0","11","  9.9","999.9","  68.0","*","  59.0","*"," 0.00","I","999.9","000000"
"76738399999","2022-02-10","18.103419","-94.580681","10.97","MINATITLAN, MX","  68.4","13","  64.0","13","1022.7"," 4","999.9"," 0","  5.7","13","  6.3","13","  9.9","999.9","  71.6","*","  62.6","*"," 0.00","I","999.9","000000"
"76738399999","2022-02-11","18.103419","-94.580681","10.97","MINATITLAN, MX","  71.0","13","  68.0","13","1019.8"," 4","999.9"," 0","  5.7","13","  6.3","13","  9.9","999.9","  75.2","*","  64.4","*"," 0.00","I","999.9","000000"
"76738399999","2022-02-12","18.103419","-94.580681","10.97","MINATITLAN, MX","  72.2","13","  69.1","13","1021.0"," 4","999.9"," 0","  4.6","13","  7.5","13"," 11.1","999.9","  77.0","*","  66.2","*"," 0.00","I","999.9","000000"
"76738399999","2022-02-13","18.103419","-94.580681","10.97","MINATITLAN, MX","  65.1","13","  63.6","13","1031.0"," 4","999.9"," 0","  4.8","13"," 22.3","13"," 29.9"," 35.0","  71.6","*","  62.6","*","99.99"," ","999.9","010000"
"76738399999","2022-02-14","18.103419","-94.580681","10.97","MINATITLAN, MX","  65.4","13","  57.5","13","1032.1"," 4","999.9"," 0","  6.3","13"," 12.1","13"," 25.1"," 35.0","  68.0","*","  60.8","*"," 0.00","E","999.9","000000"
"76738399999","2022-02-15","18.103419","-94.580681","10.97","MINATITLAN, MX","  65.4","13","  59.3","13","1027.7"," 4","999.9"," 0","  6.8","13","  6.6","13","  9.9","999.9","  69.8","*","  59.0","*"," 0.00","I","999.9","000000"
"76738399999","2022-02-16","18.103419","-94.580681","10.97","MINATITLAN, MX","  70.1","13","  64.4","13","1023.6"," 4","999.9"," 0","  6.6","13","  8.3","13"," 12.0","999.9","  73.4","*","  64.4","*"," 0.00","I","999.9","000000"
"76738399999","2022-02-17","18.103419","-94.580681","10.97","MINATITLAN, MX","  75.8","13","  68.7","13","9999.9"," 0","999.9"," 0","  4.9","13","  6.3","13","  9.9","999.9","  87.8","*","  60.8","*"," 0.00","I","999.9","100000"
"76738399999","2022-02-18","18.103419","-94.580681","10.97","MINATITLAN, MX","  73.4","12","  69.5","12","9999.9"," 0","999.9"," 0","  4.6","12"," 20.9","12"," 32.1"," 33.0","  75.2","*","  69.8","*"," 0.00","I","999.9","000000"
"76738399999","2022-02-19","18.103419","-94.580681","10.97","MINATITLAN, MX","  68.9","14","  66.1","14","1026.6"," 4","999.9"," 0","  6.5","14"," 18.8","14"," 28.0","999.9","  69.8","*","  66.2","*"," 0.00","I","999.9","000000"
"76738399999","2022-02-20","18.103419","-94.580681","10.97","MINATITLAN, MX","  68.1","13","  65.0","13","1026.8"," 4","999.9"," 0","  5.8","13","  8.4","13"," 22.9","999.9","  71.6","*","  62.6","*"," 0.00","I","999.9","000000"
"76738399999","2022-02-21","18.103419","-94.580681","10.97","MINATITLAN, MX","  72.3","13","  68.1","13","1022.8"," 4","999.9"," 0","  5.8","13","  7.0","13","  9.9","999.9","  77.0","*","  64.4","*"," 0.00","I","999.9","000000"
"76738399999","2022-02-22","18.103419","-94.580681","10.97","MINATITLAN, MX","  74.6","13","  70.4","13","1019.7"," 4","999.9"," 0","  4.2","13","  6.2","13","  9.9","999.9","  82.4","*","  66.2","*"," 0.00","I","999.9","000000"
"76738399999","2022-02-23","18.103419","-94.580681","10.97","MINATITLAN, MX","  74.5","12","  70.2","12","1019.9"," 4","999.9"," 0","  6.7","12","  7.6","12","  9.9","999.9","  77.0","*","  71.6","*"," 0.00","I","999.9","000000"
"76738399999","2022-02-24","18.103419","-94.580681","10.97","MINATITLAN, MX","  74.0","13","  70.8","13","1020.7"," 4","999.9"," 0","  4.7","13","  8.6","13"," 15.9","999.9","  78.8","*","  66.2","*"," 0.00","I","999.9","000000"
"76738399999","2022-02-25","18.103419","-94.580681","10.97","MINATITLAN, MX","  74.6","13","  71.9","13","1024.1"," 4","999.9"," 0","  5.7","13"," 13.3","13"," 18.1","999.9","  77.0","*","  68.0","*"," 0.00","I","999.9","000000"
"76738399999","2022-02-26","18.103419","-94.580681","10.97","MINATITLAN, MX","  70.4","15","  69.0","15","1026.2"," 5","999.9"," 0","  5.2","15","  7.4","15"," 15.0","999.9","  75.2","*","  64.4","*"," 0.00","I","999.9","100000"
"76738399999","2022-02-27","18.103419","-94.580681","10.97","MINATITLAN, MX","  72.0","13","  69.2","13","1026.2"," 4","999.9"," 0","  6.7","13"," 16.8","13"," 24.1","999.9","  75.2","*","  66.2","*"," 0.00","I","999.9","000000"
"76738399999","2022-02-28","18.103419","-94.580681","10.97","MINATITLAN, MX","  68.9","12","  65.2","12","1028.5"," 4","999.9"," 0","  6.4","12"," 20.1","12"," 25.1","999.9","  71.6","*","  66.2","*","99.99"," ","999.9","010000"
"76738399999","2022-03-01","18.103419","-94.580681","10.97","MINATITLAN, MX","  68.7","13","  62.9","13","1026.5"," 4","999.9"," 0","  6.8","13"," 11.2","13"," 20.0","999.9","  73.4","*","  60.8","*"," 0.00","I","999.9","000000"
"76738399999","2022-03-02","18.103419","-94.580681","10.97","MINATITLAN, MX","  69.2","14","  65.3","14","1025.7"," 4","999.9"," 0","  6.5","14","  8.2","14"," 13.0","999.9","  73.4","*","  60.8","*"," 0.00","I","999.9","000000"
"76738399999","2022-03-03","18.103419","-94.580681","10.97","MINATITLAN, MX","  71.5","12","  68.3","12","9999.9"," 0","999.9"," 0","  6.0","12","  7.8","12"," 11.1","999.9","  73.4","*","  66.2","*"," 0.00","I","999.9","000000"
"76738399999","2022-03-04","18.103419","-94.580681","10.97","MINATITLAN, MX","  71.7","13","  68.4","13","1023.2"," 4","999.9"," 0","  5.0","13","  7.5","13"," 11.1","999.9","  75.2","*","  68.0","*","99.99"," ","999.9","010000"
"76738399999","2022-03-05","18.103419","-94.580681","10.97","MINATITLAN, MX","  74.5","13","  70.5","13","1021.2"," 4","999.9"," 0","  4.8","13","  7.2","13"," 12.0","999.9","  77.0","*","  68.0","*"," 0.00","I","999.9","000000"
"76738399999","2022-03-06","18.103419","-94.580681","10.97","MINATITLAN, MX","  77.3","14","  72.2","14","1018.0"," 4","999.9"," 0","  5.8","14","  6.7","14","  9.9","999.9","  89.6","*","  66.2","*"," 0.00","I","999.9","000000"
"76738399999","2022-03-07","18.103419","-94.580681","10.97","MINATITLAN, MX","  83.6","13","  71.3","13","1017.1"," 4","999.9"," 0","  6.8","13","  8.3","13","  9.9","999.9","  91.4","*","  69.8","*"," 0.00","I","999.9","000000"
"76738399999","2022-03-08","18.103419","-94.580681","10.97","MINATITLAN, MX","  75.8","14","  72.5","14","1017.8"," 4","999.9"," 0","  5.4","14","  7.2","14","  9.9","999.9","  80.6","*","  68.0","*"," 0.00","I","999.9","000000"
"76738399999","2022-03-09","18.103419","-94.580681","10.97","MINATITLAN, MX","  75.2","13","  72.3","13","1016.3"," 4","999.9"," 0","  5.2","13","  8.4","13"," 15.0","999.9","  78.8","*","  71.6","*"," 0.00","I","999.9","000000"
"76738399999","2022-03-10","18.103419","-94.580681","10.97","MINATITLAN, MX","  76.0","13","  71.2","13","1017.2"," 4","999.9"," 0","  6.1","13","  7.6","13","  9.9","999.9","  80.6","*","  71.6","*"," 0.00","I","999.9","000000"
"76738399999","2022-03-11","18.103419","-94.580681","10.97","MINATITLAN, MX","  83.1","13","  71.3","13","1015.0"," 4","999.9"," 0","  5.6","13","  7.6","13"," 17.1","999.9","  91.4","*","  69.8","*"," 0.00","I","999.9","100000"
"76738399999","2022-03-12","18.103419","-94.580681","10.97","MINATITLAN, MX","  68.7","13","  64.3","13","1028.3"," 4","999.9"," 0","  5.2","13"," 24.8","13"," 33.0"," 49.9","  84.2","*","  62.6","*","99.99"," ","999.9","010000"
"76738399999","2022-03-13","18.103419","-94.580681","10.97","MINATITLAN, MX","  65.9","13","  60.2","13","1027.2"," 4","999.9"," 0","  6.1","13","  8.3","13"," 17.1","999.9","  69.8","*","  60.8","*","99.99"," ","999.9","010000"
"76738399999","2022-03-14","18.103419","-94.580681","10.97","MINATITLAN, MX","  70.9","13","  65.6","13","1023.3"," 4","999.9"," 0","  5.6","13","  6.3","13","  9.9","999.9","  75.2","*","  62.6","*"," 0.00","I","999.9","000000"
"76738399999","2022-03-15","18.103419","-94.580681","10.97","MINATITLAN, MX","  72.6","13","  69.3","12","1024.2"," 4","999.9"," 0","  5.1","13"," 13.5","13"," 22.9","999.9","  77.0","*","  66.2","*"," 0.00","I","999.9","000000"
"76738399999","2022-03-16","18.103419","-94.580681","10.97","MINATITLAN, MX","  72.8","13","  70.1","13","1022.8"," 4","999.9"," 0","  5.8","13"," 10.1","13"," 20.0","999.9","  75.2","*","  68.0","*"," 0.00","I","999.9","000000"
"76738399999","2022-03-17","18.103419","-94.580681","10.97","MINATITLAN, MX","  79.8","13","  72.7","13","1015.5"," 4","999.9"," 0","  5.2","13","  6.8","13","  9.9","999.9","  89.6","*","  69.8","*"," 0.00","I","999.9","000000"
"76738399999","2022-03-18","18.103419","-94.580681","10.97","MINATITLAN, MX","  83.5","12","  71.3","12","1015.4"," 4","999.9"," 0","  6.9","12","  8.9","12"," 17.1","999.9","  93.2","*","  71.6","*"," 0.00","I","999.9","000000"
"76738399999","2022-03-19","18.103419","-94.580681","10.97","MINATITLAN, MX","  75.3","13","  70.8","13","1022.6"," 4","999.9"," 0","  4.8","13"," 16.5","13"," 29.9","999.9","  80.6","*","  71.6","*"," 0.00","I","999.9","000000"
"76738399999","2022-03-20","18.103419","-94.580681","10.97","MINATITLAN, MX","  72.8","13","  69.7","13","1024.0"," 4","999.9"," 0","  5.8","13","  8.1","13"," 20.0","999.9","  77.0","*","  68.0","*"," 0.00","I","999.9","000000"
"76738399999","2022-03-21","18.103419","-94.580681","10.97","MINATITLAN, MX","  75.3","13","  71.6","13","1018.1"," 4","999.9"," 0","  5.6","13","  6.1","13","  9.9","999.9","  80.6","*","  68.0","*"," 0.00","I","999.9","000000"
"76738399999","2022-03-22","18.103419","-94.580681","10.97","MINATITLAN, MX","  84.3","13","  72.2","13","1011.6"," 4","999.9"," 0","  6.2","13"," 10.7","13"," 19.0"," 31.1","  93.2","*","  69.8","*"," 0.00","I","999.9","000000"
"76738399999","2022-03-23","18.103419","-94.580681","10.97","MINATITLAN, MX","  73.6","11","  66.9","11","1021.0"," 4","999.9"," 0","  5.5","11"," 17.3","11"," 22.0","999.9","  86.0","*","  69.8","*"," 0.00","I","999.9","000000"
"76738399999","2022-03-24","18.103419","-94.580681","10.97","MINATITLAN, MX","  69.7","13","  63.8","13","1025.6"," 4","999.9"," 0","  6.2","13"," 15.8","13"," 20.0","999.9","  71.6","*","  68.0","*"," 0.00","I","999.9","000000"
"76738399999","2022-03-25","18.103419","-94.580681","10.97","MINATITLAN, MX","  70.9","13","  61.2","13","1027.2"," 4","999.9"," 0","  6.8","13"," 11.3","13"," 15.9","999.9","  73.4","*","  64.4","*"," 0.00","I","999.9","000000"
"76738399999","2022-03-26","18.103419","-94.580681","10.97","MINATITLAN, MX","  69.2","13","  59.3","13","1025.7"," 4","999.9"," 0","  7.0","13","  7.8","13"," 15.0","999.9","  73.4","*","  57.2","*"," 0.00","I","999.9","000000"
"76738399999","2022-03-27","18.103419","-94.580681","10.97","MINATITLAN, MX","  70.2","13","  62.3","13","1023.2"," 4","999.9"," 0","  6.8","13","  6.3","13"," 15.0","999.9","  73.4","*","  57.2","*"," 0.00","I","999.9","000000"
"76738399999","2022-03-28","18.103419","-94.580681","10.97","MINATITLAN, MX","  72.4","13","  67.9","13","1021.6"," 4","999.9"," 0","  5.9","13","  7.6","13"," 15.0","999.9","  77.0","*","  62.6","*"," 0.00","I","999.9","000000"
"76738399999","2022-03-29","18.103419","-94.580681","10.97","MINATITLAN, MX","  77.6","13","  71.0","13","1017.0"," 4","999.9"," 0","  6.1","13","  4.4","13","  9.9","999.9","  86.0","*","  68.0","*"," 0.00","I","999.9","000000"
"76738399999","2022-03-30","18.103419","-94.580681","10.97","MINATITLAN, MX","  84.4","12","  68.4","12","9999.9"," 0","999.9"," 0","  7.0","12"," 14.1","12"," 28.0"," 35.0","  93.2","*","  71.6","*"," 0.00","I","999.9","000000"
"76738399999","2022-03-31","18.103419","-94.580681","10.97","MINATITLAN, MX","  80.3","13","  70.2","13","1012.8"," 4","999.9"," 0","  7.0","13"," 11.7","13"," 20.0","999.9","  89.6","*","  73.4","*"," 0.00","I","999.9","000000"
"76738399999","2022-04-01","18.103419","-94.580681","10.97","MINATITLAN, MX","  77.3","13","  71.0","13","1016.8"," 4","999.9"," 0","  4.3","13","  7.7","13"," 19.0","999.9","  86.0","*","  68.0","*"," 0.00","I","999.9","000000"
"76738399999","2022-04-02","18.103419","-94.580681","10.97","MINATITLAN, MX","  77.8","12","  72.4","12","9999.9"," 0","999.9"," 0","  3.4","12","  6.9","12"," 17.1","999.9","  87.8","*","  68.0","*"," 0.00","I","999.9","000000"
"76738399999","2022-04-03","18.103419","-94.580681","10.97","MINATITLAN, MX","  77.5","14","  72.4","14","1017.1"," 6","999.9"," 0","  4.5","14","  8.5","14"," 17.1","999.9","  80.6","*","  71.6","*"," 0.00","I","999.9","000000"
"76738399999","2022-04-04","18.103419","-94.580681","10.97","MINATITLAN, MX","  82.5","13","  74.4","13","1012.7"," 5","999.9"," 0","  2.8","13","  3.5","13","  9.9","999.9","  93.2","*","  68.0","*"," 0.00","I","999.9","000000"
"76738399999","2022-04-05","18.103419","-94.580681","10.97","MINATITLAN, MX","  86.7","13","  69.5","13","1011.1"," 5","999.9"," 0","  7.0","13"," 12.0","13"," 17.1","999.9","  95.0","*","  71.6","*"," 0.00","I","999.9","000000"
"76738399999","2022-04-06","18.103419","-94.580681","10.97","MINATITLAN, MX","  87.0","13","  66.3","13","1012.4"," 5","999.9"," 0","  7.0","13"," 11.7","13"," 22.0","999.9","  95.0","*","  71.6","*"," 0.00","I","999.9","000000"
"76738399999","2022-04-07","18.103419","-94.580681","10.97","MINATITLAN, MX","  77.9","12","  69.8","12","1018.5"," 4","999.9"," 0","  6.3","12"," 19.1","12"," 29.9"," 38.1","  87.8","*","  73.4","*"," 0.00","I","999.9","000000"
"76738399999","2022-04-08","18.103419","-94.580681","10.97","MINATITLAN, MX","  71.9","13","  63.8","13","1027.7"," 5","999.9"," 0","  5.2","13"," 14.7","13"," 20.0","999.9","  73.4","*","  69.8","*","99.99"," ","999.9","010000"
"76738399999","2022-04-09","18.103419","-94.580681","10.97","MINATITLAN, MX","  67.5","14","  64.7","14","1026.1"," 5","999.9"," 0","  4.8","14","  7.1","14","  9.9","999.9","  71.6","*","  64.4","*"," 0.01","E","999.9","010000"
"76738399999","2022-04-10","18.103419","-94.580681","10.97","MINATITLAN, MX","  72.4","13","  66.3","13","1020.3"," 5","999.9"," 0","  6.4","13","  7.2","13"," 14.0","999.9","  75.2","*","  62.6","*"," 0.00","I","999.9","000000"
"76738399999","2022-04-11","18.103419","-94.580681","10.97","MINATITLAN, MX","  81.0","13","  72.6","13","1015.1"," 5","999.9"," 0","  5.7","13","  5.9","13"," 13.0","999.9","  91.4","*","  66.2","*"," 0.00","I","999.9","000000"
"76738399999","2022-04-12","18.103419","-94.580681","10.97","MINATITLAN, MX","  86.2","12","  71.6","12","1013.5"," 4","999.9"," 0","  7.0","12","  6.1","12","  9.9","999.9","  95.0","*","  75.2","*"," 0.00","I","999.9","000000"
"76738399999","2022-04-13","18.103419","-94.580681","10.97","MINATITLAN, MX","  87.0","13","  71.3","13","1012.4"," 5","999.9"," 0","  6.9","13","  8.7","13"," 18.1","999.9","  96.8","*","  71.6","*"," 0.00","I","999.9","000000"
"76738399999","2022-04-14","18.103419","-94.580681","10.97","MINATITLAN, MX","  82.5","13","  71.6","13","1014.0"," 5","999.9"," 0","  7.0","13","  8.4","13"," 22.9","999.9","  93.2","*","  75.2","*"," 0.00","I","999.9","000000"
"76738399999","2022-04-15","18.103419","-94.580681","10.97","MINATITLAN, MX","  80.6","13","  75.5","13","1016.4"," 4","999.9"," 0","  5.5","13","  8.6","13"," 22.0","999.9","  89.6","*","  71.6","*"," 0.00","I","999.9","000000"
"76738399999","2022-04-16","18.103419","-94.580681","10.97","MINATITLAN, MX","  82.5","13","  76.0","13","1016.2"," 5","999.9"," 0","  4.5","13","  6.5","13"," 13.0","999.9","  89.6","*","  73.4","*"," 0.00","I","999.9","000000"
"76738399999","2022-04-17","18.103419","-94.580681","10.97","MINATITLAN, MX","  81.1","17","  75.8","17","1015.4"," 6","999.9"," 0","  5.6","17","  6.1","17","  9.9","999.9","  87.8","*","  71.6","*"," 0.00","I","999.9","000000"
"76738399999","2022-04-18","18.103419","-94.580681","10.97","MINATITLAN, MX","  79.5","13","  73.1","13","1018.2"," 5","999.9"," 0","  6.5","13","  6.9","13"," 12.0","999.9","  84.2","*","  71.6","*"," 0.00","I","999.9","000000"
"76738399999","2022-04-19","18.103419","-94.580681","10.97","MINATITLAN, MX","  78.5","13","  73.5","13","1021.2"," 5","999.9"," 0","  5.9","13","  7.0","13"," 15.0","999.9","  80.6","*","  71.6","*"," 0.00","I","999.9","000000"
"76738399999","2022-04-20","18.103419","-94.580681","10.97","MINATITLAN, MX","  79.9","13","  73.7","13","1018.4"," 5","999.9"," 0","  5.4","13","  6.2","13"," 15.0","999.9","  86.0","*","  69.8","*"," 0.00","I","999.9","000000"
"76738399999","2022-04-21","18.103419","-94.580681","10.97","MINATITLAN, MX","  81.0","14","  74.7","14","1018.9"," 5","999.9"," 0","  5.6","14","  6.6","14","  9.9","999.9","  87.8","*","  73.4","*"," 0.00","I","999.9","000000"
"76738399999","2022-04-22","18.103419","-94.580681","10.97","MINATITLAN, MX","  78.2","13","  72.8","13","1021.8"," 5","999.9"," 0","  5.9","13"," 10.2","13"," 18.1","999.9","  80.6","*","  69.8","*"," 0.00","I","999.9","000000"
"76738399999","2022-04-23","18.103419","-94.580681","10.97","MINATITLAN, MX","  78.6","16","  72.6","16","1018.4"," 5","999.9"," 0","  6.2","16","  9.9","16"," 17.1","999.9","  82.4","*","  71.6","*"," 0.00","I","999.9","000000"
"76738399999","2022-04-24","18.103419","-94.580681","10.97","MINATITLAN, MX","  81.7","13","  74.5","13","1014.8"," 4","999.9"," 0","  5.6","13","  7.6","13"," 15.9","999.9","  87.8","*","  75.2","*"," 0.00","I","999.9","000000"
"76738399999","2022-04-25","18.103419","-94.580681","10.97","MINATITLAN, MX","  81.3","13","  74.5","13","1016.3"," 5","999.9"," 0","  5.7","13","  7.5","13"," 15.0","999.9","  89.6","*","  73.4","*"," 0.00","I","999.9","000000"
"76738399999","2022-04-26","18.103419","-94.580681","10.97","MINATITLAN, MX","  78.8","13","  74.4","13","1021.3"," 5","999.9"," 0","  6.2","13"," 12.0","13"," 22.0","999.9","  80.6","*","  75.2","*"," 0.00","I","999.9","000000"
"76738399999","2022-04-27","18.103419","-94.580681","10.97","MINATITLAN, MX","  75.8","13","  71.7","13","1020.6"," 5","999.9"," 0","  5.9","13","  8.5","13"," 15.0","999.9","  78.8","*","  69.8","*"," 0.01","E","999.9","000000"
"76738399999","2022-04-28","18.103419","-94.580681","10.97","MINATITLAN, MX","  77.4","13","  71.7","13","1020.2"," 5","999.9"," 0","  6.0","13","  5.9","13","  9.9","999.9","  82.4","*","  69.8","*"," 0.02","E","999.9","010000"
"76738399999","2022-04-29","18.103419","-94.580681","10.97","MINATITLAN, MX","  79.5","13","  74.6","13","1015.8"," 5","999.9"," 0","  5.2","13","  6.9","13"," 15.9","999.9","  82.4","*","  73.4","*"," 0.00","I","999.9","000000"
"76738399999","2022-04-30","18.103419","-94.580681","10.97","MINATITLAN, MX","  84.5","13","  74.9","13","1013.7"," 5","999.9"," 0","  5.5","13","  6.3","13"," 12.0","999.9","  93.2","*","  73.4","*"," 0.00","I","999.9","000000"
"76738399999","2022-05-01","18.103419","-94.580681","10.97","MINATITLAN, MX","  83.6","13","  77.6","13","1016.7"," 5","999.9"," 0","  6.0","13","  5.5","13","  9.9","999.9","  91.4","*","  75.2","*"," 0.00","I","999.9","000000"
"76738399999","2022-05-02","18.103419","-94.580681","10.97","MINATITLAN, MX","  83.1","13","  77.8","13","1016.7"," 5","999.9"," 0","  5.9","13","  4.6","13","  9.9","999.9","  87.8","*","  75.2","*"," 0.00","I","999.9","000000"
"76738399999","2022-05-03","18.103419","-94.580681","10.97","MINATITLAN, MX","  84.6","13","  77.4","13","1015.3"," 5","999.9"," 0","  5.6","13","  5.3","13","  9.9","999.9","  95.0","*","  77.0","*"," 0.00","I","999.9","000000"
"76738399999","2022-05-04","18.103419","-94.580681","10.97","MINATITLAN, MX","  83.8","13","  77.6","13","1015.7"," 5","999.9"," 0","  6.8","13","  5.3","13","  9.9","999.9","  91.4","*","  75.2","*"," 0.00","I","999.9","000000"
"76738399999","2022-05-05","18.103419","-94.580681","10.97","MINATITLAN, MX","  86.4","13","  77.7","13","1015.5"," 5","999.9"," 0","  6.0","13","  7.8","13"," 11.1","999.9","  95.0","*","  75.2","*"," 0.00","I","999.9","000000"
"76738399999","2022-05-06","18.103419","-94.580681","10.97","MINATITLAN, MX","  85.9","13","  73.3","13","1015.5"," 5","999.9"," 0","  7.0","13","  8.3","13"," 15.0","999.9","  95.0","*","  77.0","*"," 0.00","I","999.9","000000"
"76738399999","2022-05-07","18.103419","-94.580681","10.97","MINATITLAN, MX","  86.0","13","  75.8","13","1014.4"," 5","999.9"," 0","  7.0","13","  7.4","13"," 12.0","999.9","  96.8","*","  73.4","*"," 0.00","I","999.9","000000"
"76738399999","2022-05-08","18.103419","-94.580681","10.97","MINATITLAN, MX","  90.3","13","  76.0","13","1012.3"," 5","999.9"," 0","  7.0","13"," 11.8","13"," 17.1","999.9","  96.8","*","  78.8","*"," 0.00","I","999.9","000000"
"76738399999","2022-05-09","18.103419","-94.580681","10.97","MINATITLAN, MX","  89.5","13","  77.8","13","1012.3"," 5","999.9"," 0","  6.9","13"," 10.0","13"," 20.0","999.9","  96.8","*","  78.8","*"," 0.00","I","999.9","000000"
"76738399999","2022-05-10","18.103419","-94.580681","10.97","MINATITLAN, MX","  84.5","13","  77.3","13","1016.5"," 5","999.9"," 0","  6.9","13","  8.4","13"," 15.0","999.9","  91.4","*","  77.0","*"," 0.00","I","999.9","000000"
"76738399999","2022-05-11","18.103419","-94.580681","10.97","MINATITLAN, MX","  81.7","13","  77.0","13","1019.7"," 5","999.9"," 0","  6.9","13"," 10.3","13"," 20.0","999.9","  84.2","*","  78.8","*"," 0.00","I","999.9","000000"
"76738399999","2022-05-12","18.103419","-94.580681","10.97","MINATITLAN, MX","  80.8","11","  74.2","11","1020.5"," 4","999.9"," 0","  6.1","11"," 12.2","11"," 20.0","999.9","  82.4","*","  78.8","*"," 0.00","I","999.9","000000"
"76738399999","2022-05-13","18.103419","-94.580681","10.97","MINATITLAN, MX","  79.5","13","  71.9","13","1018.3"," 5","999.9"," 0","  6.2","13","  5.0","13","  9.9","999.9","  86.0","*","  68.0","*"," 0.00","I","999.9","000000"
"76738399999","2022-05-14","18.103419","-94.580681","10.97","MINATITLAN, MX","  80.7","13","  73.1","13","1018.6"," 5","999.9"," 0","  5.0","13","  6.0","13"," 18.1","999.9","  87.8","*","  71.6","*"," 0.00","I","999.9","000000"
"76738399999","2022-05-15","18.103419","-94.580681","10.97","MINATITLAN, MX","  79.8","13","  72.7","13","1020.0"," 5","999.9"," 0","  5.7","13","  7.7","13"," 20.0","999.9","  82.4","*","  71.6","*"," 0.00","I","999.9","000000"
"76738399999","2022-05-16","18.103419","-94.580681","10.97","MINATITLAN, MX","  80.0","12","  71.3","12","1020.8"," 4","999.9"," 0","  5.8","12","  6.3","12"," 20.0","999.9","  86.0","*","  69.8","*"," 0.00","I","999.9","000000"
"76738399999","2022-05-17","18.103419","-94.580681","10.97","MINATITLAN, MX","  81.6","13","  71.6","13","1019.3"," 5","999.9"," 0","  5.5","13","  5.0","13","  9.9","999.9","  89.6","*","  69.8","*"," 0.00","I","999.9","000000"
"76738399999","2022-05-18","18.103419","-94.580681","10.97","MINATITLAN, MX","  82.1","13","  75.5","13","1008.3"," 5","999.9"," 0","  4.8","13","  5.9","13","  9.9","999.9","  87.8","*","  73.4","*"," 0.00","I","999.9","100000"
"76738399999","2022-05-19","18.103419","-94.580681","10.97","MINATITLAN, MX","  87.2","13","  73.0","13","1014.9"," 5","999.9"," 0","  5.3","13","  7.5","13","  9.9","999.9","  95.0","*","  75.2","*"," 0.00","I","999.9","000000"
"76738399999","2022-05-20","18.103419","-94.580681","10.97","MINATITLAN, MX","  88.8","13","  70.8","13","1012.1"," 5","999.9"," 0","  5.5","13","  8.1","13"," 14.0","999.9","  96.8","*","  77.0","*"," 0.00","I","999.9","000000"
"76738399999","2022-05-21","18.103419","-94.580681","10.97","MINATITLAN, MX","  88.1","13","  71.6","13","1014.4"," 5","999.9"," 0","  6.8","13"," 10.7","13"," 20.0","999.9","  96.8","*","  73.4","*"," 0.00","I","999.9","000000"
"76738399999","2022-05-22","18.103419","-94.580681","10.97","MINATITLAN, MX","  86.6","13","  71.0","13","1016.9"," 5","999.9"," 0","  7.0","13","  9.9","13","  9.9","999.9","  96.8","*","  71.6","*"," 0.00","I","999.9","000000"
"76738399999","2022-05-23","18.103419","-94.580681","10.97","MINATITLAN, MX","  79.8","11","  74.1","11","1017.9"," 4","999.9"," 0","  6.2","11","  8.8","11"," 15.0","999.9","  82.4","*","  73.4","*"," 0.00","I","999.9","000000"
"76738399999","2022-05-24","18.103419","-94.580681","10.97","MINATITLAN, MX","  82.0","14","  73.8","14","1013.7"," 5","999.9"," 0","  5.6","14","  8.4","14","  9.9","999.9","  86.0","*","  75.2","*"," 0.00","I","999.9","000000"
"76738399999","2022-05-25","18.103419","-94.580681","10.97","MINATITLAN, MX","  85.9","13","  75.8","13","1012.6"," 5","999.9"," 0","  6.5","13","  6.5","13","  9.9","999.9","  95.0","*","  73.4","*"," 0.00","I","999.9","000000"
"76738399999","2022-05-26","18.103419","-94.580681","10.97","MINATITLAN, MX","  81.4","13","  76.3","13","1017.8"," 5","999.9"," 0","  5.9","13"," 11.9","13"," 20.0","999.9","  86.0","*","  75.2","*"," 0.00","I","999.9","000000"
"76738399999","2022-05-27","18.103419","-94.580681","10.97","MINATITLAN, MX","  77.3","13","  74.1","13","1020.4"," 5","999.9"," 0","  5.9","13","  8.7","13"," 11.1","999.9","  80.6","*","  71.6","*"," 0.13","E","999.9","000000"
"76738399999","2022-05-28","18.103419","-94.580681","10.97","MINATITLAN, MX","  77.3","13","  72.3","13","1018.2"," 5","999.9"," 0","  6.1","13","  4.0","13","  8.9","999.9","  84.2","*","  71.6","*"," 0.12","E","999.9","000000"
"76738399999","2022-05-29","18.103419","-94.580681","10.97","MINATITLAN, MX","  79.1","13","  74.1","13","1014.0"," 5","999.9"," 0","  7.0","13","  9.1","13","  9.9","999.9","  84.2","*","  73.4","*"," 0.00","I","999.9","000000"
"76738399999","2022-05-30","18.103419","-94.580681","10.97","MINATITLAN, MX","  81.2","13","  73.7","13","1013.2"," 5","999.9"," 0","  5.9","13","  8.5","13"," 20.0","999.9","  86.0","*","  73.4","*"," 0.00","I","999.9","000000"
"76738399999","2022-05-31","18.103419","-94.580681","10.97","MINATITLAN, MX","  73.4","13","  72.6","13","1014.5"," 5","999.9"," 0","  3.9","13","  3.8","13","  9.9","999.9","  75.2","*","  71.6","*"," 0.06","E","999.9","010000"
"76738399999","2022-06-01","18.103419","-94.580681","10.97","MINATITLAN, MX","  77.1","13","  74.0","13","1014.5"," 5","999.9"," 0","  4.5","13","  5.0","13"," 17.1","999.9","  82.4","*","  71.6","*"," 0.00","E","999.9","000000"
"76738399999","2022-06-02","18.103419","-94.580681","10.97","MINATITLAN, MX","  76.3","13","  73.4","13","1015.8"," 5","999.9"," 0","  5.2","13","  5.9","13","  9.9","999.9","  80.6","*","  71.6","*"," 0.09","E","999.9","010000"
"76738399999","2022-06-03","18.103419","-94.580681","10.97","MINATITLAN, MX","  79.6","13","  74.1","13","1016.8"," 5","999.9"," 0","  7.5","13","  6.4","13"," 15.9","999.9","  84.2","*","  71.6","*"," 0.00","I","999.9","000000"
"76738399999","2022-06-04","18.103419","-94.580681","10.97","MINATITLAN, MX","  79.4","14","  72.5","14","1016.9"," 5","999.9"," 0","  6.7","14","  7.0","14"," 13.0","999.9","  86.0","*","  69.8","*"," 0.00","I","999.9","000000"
"76738399999","2022-06-05","18.103419","-94.580681","10.97","MINATITLAN, MX","  80.9","13","  73.5","13","1015.1"," 5","999.9"," 0","  6.8","13","  3.4","13","  9.9","999.9","  87.8","*","  69.8","*"," 0.00","I","999.9","000000"
"76738399999","2022-06-06","18.103419","-94.580681","10.97","MINATITLAN, MX","  83.2","12","  76.1","12","1014.7"," 4","999.9"," 0","  5.0","12","  4.1","12","  9.9","999.9","  93.2","*","  71.6","*"," 0.00","I","999.9","000000"
"76738399999","2022-06-07","18.103419","-94.580681","10.97","MINATITLAN, MX","  84.3","13","  74.4","13","1014.8"," 5","999.9"," 0","  7.5","13","  6.6","13","  9.9","999.9","  91.4","*","  75.2","*"," 0.00","I","999.9","000000"
"76738399999","2022-06-08","18.103419","-94.580681","10.97","MINATITLAN, MX","  79.6","13","  74.9","13","1016.3"," 5","999.9"," 0","  4.5","13","  7.0","13","  9.9","999.9","  84.2","*","  71.6","*"," 0.16","E","999.9","010000"
"76738399999","2022-06-09","18.103419","-94.580681","10.97","MINATITLAN, MX","  76.5","12","  74.6","12","1018.4"," 5","999.9"," 0","  5.0","12","  5.8","12","  9.9","999.9","  78.8","*","  71.6","*"," 0.16","E","999.9","000000"
"76738399999","2022-06-10","18.103419","-94.580681","10.97","MINATITLAN, MX","  81.2","12","  76.7","12","1018.5"," 5","999.9"," 0","  6.2","12","  7.6","12"," 15.9","999.9","  82.4","*","  77.0","*"," 0.00","I","999.9","000000"
"76738399999","2022-06-11","18.103419","-94.580681","10.97","MINATITLAN, MX","  80.3","14","  74.9","14","1017.4"," 5","999.9"," 0","  5.1","14","  6.4","14"," 13.0","999.9","  84.2","*","  71.6","*"," 0.00","I","999.9","000000"
"76738399999","2022-06-12","18.103419","-94.580681","10.97","MINATITLAN, MX","  79.2","13","  74.2","13","1017.8"," 5","999.9"," 0","  5.8","13","  8.6","13","  9.9","999.9","  82.4","*","  75.2","*"," 0.00","I","999.9","000000"
"76738399999","2022-06-13","18.103419","-94.580681","10.97","MINATITLAN, MX","  78.8","13","  74.6","13","1018.5"," 5","999.9"," 0","  4.4","13","  4.8","13","  9.9","999.9","  80.6","*","  73.4","*"," 0.00","I","999.9","000000"
"76738399999","2022-06-14","18.103419","-94.580681","10.97","MINATITLAN, MX","  79.4","13","  75.1","13","1017.6"," 5","999.9"," 0","  6.8","13","  9.2","13"," 18.1"," 22.9","  80.6","*","  73.4","*"," 0.00","I","999.9","000000"
"76738399999","2022-06-15","18.103419","-94.580681","10.97","MINATITLAN, MX","  79.4","13","  74.6","13","1017.6"," 5","999.9"," 0","  4.5","13","  7.5","13"," 11.1","999.9","  84.2","*","  75.2","*"," 0.00","I","999.9","000000"
"76738399999","2022-06-16","18.103419","-94.580681","10.97","MINATITLAN, MX","  81.2","13","  74.8","13","1015.7"," 5","999.9"," 0","  4.8","13","  8.3","13"," 15.0","999.9","  84.2","*","  77.0","*"," 0.00","I","999.9","000000"
"76738399999","2022-06-17","18.103419","-94.580681","10.97","MINATITLAN, MX","  78.4","14","  72.9","14","1020.1"," 5","999.9"," 0","  5.7","14","  8.1","14"," 17.1"," 27.0","  82.4","*","  73.4","*"," 0.00","I","999.9","000000"
"76738399999","2022-06-18","18.103419","-94.580681","10.97","MINATITLAN, MX","  76.9","13","  73.7","13","1018.8"," 5","999.9"," 0","  5.4","13"," 10.7","13"," 22.9","999.9","  80.6","*","  71.6","*"," 0.01","E","999.9","010000"
"76738399999","2022-06-19","18.103419","-94.580681","10.97","MINATITLAN, MX","  74.9","13","  73.8","13","1018.7"," 5","999.9"," 0","  5.2","13","  9.3","13"," 15.0","999.9","  78.8","*","  71.6","*"," 1.38","E","999.9","010000"
"76738399999","2022-06-20","18.103419","-94.580681","10.97","MINATITLAN, MX","  77.0","12","  74.8","12","1019.2"," 4","999.9"," 0","  6.3","12","  6.2","12","  9.9","999.9","  80.6","*","  71.6","*"," 0.05","E","999.9","010000"
"76738399999","2022-06-21","18.103419","-94.580681","10.97","MINATITLAN, MX","  77.6","13","  74.8","13","1019.6"," 5","999.9"," 0","  4.7","13","  3.1","13"," 11.1","999.9","  82.4","*","  71.6","*"," 0.16","E","999.9","000000"
"76738399999","2022-06-22","18.103419","-94.580681","10.97","MINATITLAN, MX","  78.3","12","  74.8","12","1020.3"," 5","999.9"," 0","  5.0","12","  9.3","12"," 18.1","999.9","  80.6","*","  75.2","*"," 1.38","E","999.9","000000"
"76738399999","2022-06-23","18.103419","-94.580681","10.97","MINATITLAN, MX","  79.2","13","  74.9","13","1020.3"," 5","999.9"," 0","  5.2","13"," 10.8","13"," 20.0","999.9","  82.4","*","  73.4","*"," 0.00","I","999.9","000000"
"76738399999","2022-06-24","18.103419","-94.580681","10.97","MINATITLAN, MX","  78.1","13","  74.0","13","1020.0"," 5","999.9"," 0","  6.2","13","  7.1","13"," 13.0","999.9","  82.4","*","  69.8","*"," 0.00","I","999.9","000000"
"76738399999","2022-06-25","18.103419","-94.580681","10.97","MINATITLAN, MX","  79.9","13","  74.4","13","1019.8"," 5","999.9"," 0","  5.8","13","  7.1","13"," 12.0","999.9","  82.4","*","  71.6","*"," 0.00","I","999.9","000000"
"76738399999","2022-06-26","18.103419","-94.580681","10.97","MINATITLAN, MX","  79.2","13","  74.6","13","1021.6"," 5","999.9"," 0","  6.8","13","  5.3","13","  9.9","999.9","  80.6","*","  73.4","*"," 0.00","I","999.9","000000"
"76738399999","2022-06-27","18.103419","-94.580681","10.97","MINATITLAN, MX","  77.6","13","  74.6","13","1022.7"," 5","999.9"," 0","  5.5","13","  7.8","13"," 15.0","999.9","  80.6","*","  73.4","*"," 0.39","E","999.9","000000"
"76738399999","2022-06-28","18.103419","-94.580681","10.97","MINATITLAN, MX","  78.9","13","  74.5","13","1022.5"," 5","999.9"," 0","  7.5","13","  9.5","13"," 20.0","999.9","  82.4","*","  71.6","*"," 0.00","I","999.9","000000"
"76738399999","2022-06-29","18.103419","-94.580681","10.97","MINATITLAN, MX","  78.5","12","  74.2","12","1023.6"," 4","999.9"," 0","  7.6","12","  6.4","12"," 17.1","999.9","  82.4","*","  71.6","*"," 0.00","I","999.9","000000"
"76738399999","2022-06-30","18.103419","-94.580681","10.97","MINATITLAN, MX","  78.5","13","  75.6","13","1021.4"," 5","999.9"," 0","  5.2","13","  8.1","13"," 14.0","999.9","  82.4","*","  71.6","*"," 0.04","E","999.9","010000"
"76738399999","2022-07-01","18.103419","-94.580681","10.97","MINATITLAN, MX","  81.6","13","  77.3","13","1019.7"," 5","999.9"," 0","  6.3","13","  5.9","13"," 13.0","999.9","  84.2","*","  77.0","*"," 0.00","I","999.9","000000"
"76738399999","2022-07-02","18.103419","-94.580681","10.97","MINATITLAN, MX","  80.6","13","  76.7","13","1018.5"," 5","999.9"," 0","  5.8","13","  8.2","13"," 15.0","999.9","  84.2","*","  73.4","*"," 1.14","E","999.9","010000"
"76738399999","2022-07-03","18.103419","-94.580681","10.97","MINATITLAN, MX","  81.3","13","  75.5","13","1020.2"," 5","999.9"," 0","  7.2","13"," 10.1","13"," 15.9","999.9","  82.4","*","  78.8","*"," 0.00","I","999.9","000000"
"76738399999","2022-07-04","18.103419","-94.580681","10.97","MINATITLAN, MX","  78.4","13","  75.9","13","1021.3"," 5","999.9"," 0","  5.2","13","  1.8","13","  9.9","999.9","  82.4","*","  73.4","*"," 0.08","E","999.9","010000"
"76738399999","2022-07-05","18.103419","-94.580681","10.97","MINATITLAN, MX","  80.3","13","  76.6","13","1020.3"," 5","999.9"," 0","  5.4","13","  8.0","13","  9.9","999.9","  82.4","*","  73.4","*"," 0.00","I","999.9","000000"
"76738399999","2022-07-06","18.103419","-94.580681","10.97","MINATITLAN, MX","  79.5","13","  75.5","13","1019.9"," 5","999.9"," 0","  6.3","13","  7.6","13"," 13.0","999.9","  82.4","*","  75.2","*"," 0.00","I","999.9","000000"
"76738399999","2022-07-07","18.103419","-94.580681","10.97","MINATITLAN, MX","  81.0","13","  76.2","13","1020.0"," 5","999.9"," 0","  6.0","13","  7.6","13"," 15.0","999.9","  82.4","*","  77.0","*"," 0.00","I","999.9","000000"
"76738399999","2022-07-08","18.103419","-94.580681","10.97","MINATITLAN, MX","  80.9","12","  76.8","12","1021.4"," 5","999.9"," 0","  5.2","12","  7.2","12","  9.9","999.9","  82.4","*","  75.2","*"," 0.39","E","999.9","000000"
"76738399999","2022-07-09","18.103419","-94.580681","10.97","MINATITLAN, MX","  79.7","16","  75.7","16","1022.7"," 6","999.9"," 0","  4.7","16","  6.8","16","  9.9","999.9","  84.2","*","  73.4","*","99.99"," ","999.9","010000"
"76738399999","2022-07-10","18.103419","-94.580681","10.97","MINATITLAN, MX","  80.7","13","  77.4","13","1021.3"," 5","999.9"," 0","  5.8","13","  6.1","13","  9.9","999.9","  84.2","*","  73.4","*"," 0.35","E","999.9","000000"
"76738399999","2022-07-11","18.103419","-94.580681","10.97","MINATITLAN, MX","  82.5","13","  76.9","13","1017.6"," 5","999.9"," 0","  5.9","13","  5.0","13","  9.9","999.9","  86.0","*","  77.0","*"," 0.00","I","999.9","000000"
"76738399999","2022-07-12","18.103419","-94.580681","10.97","MINATITLAN, MX","  83.9","12","  77.3","12","1016.9"," 5","999.9"," 0","  6.0","12","  7.3","12"," 15.9","999.9","  91.4","*","  73.4","*"," 0.00","I","999.9","000000"
"76738399999","2022-07-13","18.103419","-94.580681","10.97","MINATITLAN, MX","  80.9","13","  75.9","13","1018.6"," 5","999.9"," 0","  6.2","13","  7.5","13","  9.9","999.9","  86.0","*","  73.4","*"," 0.00","I","999.9","000000"
"76738399999","2022-07-14","18.103419","-94.580681","10.97","MINATITLAN, MX","  78.2","13","  76.0","13","1020.4"," 5","999.9"," 0","  6.1","13","  6.3","13","  9.9","999.9","  82.4","*","  71.6","*"," 0.47","E","999.9","000000"
"76738399999","2022-07-15","18.103419","-94.580681","10.97","MINATITLAN, MX","  78.9","13","  75.5","13","1020.8"," 5","999.9"," 0","  4.2","13","  6.5","13"," 11.1","999.9","  82.4","*","  73.4","*"," 1.10","E","999.9","000000"
"76738399999","2022-07-16","18.103419","-94.580681","10.97","MINATITLAN, MX","  80.0","12","  76.7","12","1020.9"," 5","999.9"," 0","  4.4","12","  5.9","12","  9.9","999.9","  84.2","*","  69.8","*"," 0.00","I","999.9","000000"
"76738399999","2022-07-17","18.103419","-94.580681","10.97","MINATITLAN, MX","  79.0","24","  75.9","24","1020.2"," 8","999.9"," 0","  5.0","24","  4.3","24"," 13.0","999.9","  82.4","*","  73.4","*"," 0.00","I","999.9","000000"
"76738399999","2022-07-18","18.103419","-94.580681","10.97","MINATITLAN, MX","  80.7","13","  76.9","13","1020.7"," 5","999.9"," 0","  4.8","13","  7.8","13"," 15.0","999.9","  84.2","*","  71.6","*","99.99"," ","999.9","010000"
"76738399999","2022-07-19","18.103419","-94.580681","10.97","MINATITLAN, MX","  81.8","13","  76.7","13","1021.1"," 5","999.9"," 0","  5.8","13","  9.4","13"," 15.0","999.9","  82.4","*","  78.8","*"," 0.00","I","999.9","000000"
"76738399999","2022-07-20","18.103419","-94.580681","10.97","MINATITLAN, MX","  81.4","13","  77.0","13","1019.6"," 5","999.9"," 0","  5.0","13","  9.6","13"," 15.9","999.9","  82.4","*","  78.8","*"," 0.00","I","999.9","000000"
"76738399999","2022-07-21","18.103419","-94.580681","10.97","MINATITLAN, MX","  81.8","13","  75.8","13","1017.1"," 5","999.9"," 0","  5.0","13","  7.1","13"," 12.0","999.9","  84.2","*","  75.2","*"," 0.00","I","999.9","000000"
"76738399999","2022-07-22","18.103419","-94.580681","10.97","MINATITLAN, MX","  81.3","13","  76.4","13","1019.8"," 5","999.9"," 0","  4.7","13","  8.6","13"," 15.9","999.9","  84.2","*","  78.8","*"," 0.00","I","999.9","000000"
"76738399999","2022-07-23","18.103419","-94.580681","10.97","MINATITLAN, MX","  81.0","13","  75.8","13","1020.5"," 5","999.9"," 0","  5.0","13","  6.7","13","  9.9","999.9","  82.4","*","  77.0","*"," 0.00","I","999.9","000000"
"76738399999","2022-07-24","18.103419","-94.580681","10.97","MINATITLAN, MX","  80.0","13","  75.3","13","1019.4"," 5","999.9"," 0","  6.1","13","  7.9","13","  9.9","999.9","  82.4","*","  77.0","*"," 0.00","I","999.9","000000"
"76738399999","2022-07-25","18.103419","-94.580681","10.97","MINATITLAN, MX","  80.3","13","  75.5","13","1020.7"," 5","999.9"," 0","  5.8","13","  5.0","13","  9.9","999.9","  82.4","*","  75.2","*"," 0.00","I","999.9","000000"
"76738399999","2022-07-26","18.103419","-94.580681","10.97","MINATITLAN, MX","  81.0","13","  75.9","13","1020.6"," 5","999.9"," 0","  5.4","13","  5.4","13"," 11.1","999.9","  84.2","*","  75.2","*"," 0.00","I","999.9","000000"
"76738399999","2022-07-27","18.103419","-94.580681","10.97","MINATITLAN, MX","  78.4","13","  74.6","13","1019.9"," 5","999.9"," 0","  5.6","13","  6.6","13","  9.9","999.9","  80.6","*","  73.4","*"," 0.16","E","999.9","000000"
"76738399999","2022-07-28","18.103419","-94.580681","10.97","MINATITLAN, MX","  78.1","13","  74.2","13","1020.3"," 5","999.9"," 0","  5.8","13","  7.3","13"," 20.0","999.9","  80.6","*","  71.6","*"," 0.43","E","999.9","000000"
"76738399999","2022-07-29","18.103419","-94.580681","10.97","MINATITLAN, MX","  78.9","13","  75.2","13","1020.2"," 5","999.9"," 0","  4.7","13","  8.3","13"," 19.0","999.9","  82.4","*","  73.4","*"," 0.12","E","999.9","000000"
"76738399999","2022-07-30","18.103419","-94.580681","10.97","MINATITLAN, MX","  78.0","13","  74.5","13","1021.6"," 5","999.9"," 0","  4.8","13","  7.3","13","  9.9","999.9","  80.6","*","  73.4","*"," 0.31","E","999.9","000000"
"76738399999","2022-07-31","18.103419","-94.580681","10.97","MINATITLAN, MX","  77.4","13","  74.0","13","1022.6"," 5","999.9"," 0","  5.8","13","  7.8","13"," 15.0","999.9","  80.6","*","  71.6","*"," 0.28","E","999.9","000000"
"76738399999","2022-08-01","18.103419","-94.580681","10.97","MINATITLAN, MX","  79.6","11","  76.2","11","1021.9"," 4","999.9"," 0","  6.3","11","  8.3","11","  9.9","999.9","  82.4","*","  77.0","*"," 0.00","I","999.9","000000"
"76738399999","2022-08-02","18.103419","-94.580681","10.97","MINATITLAN, MX","  79.3","11","  75.7","11","1022.6"," 4","999.9"," 0","  5.9","11","  6.8","11","  9.9","999.9","  82.4","*","  75.2","*"," 0.12","E","999.9","010000"
"76738399999","2022-08-03","18.103419","-94.580681","10.97","MINATITLAN, MX","  79.9","13","  74.8","13","1020.2"," 5","999.9"," 0","  6.4","13","  7.2","13","  9.9","999.9","  82.4","*","  73.4","*"," 0.00","I","999.9","000000"
"76738399999","2022-08-04","18.103419","-94.580681","10.97","MINATITLAN, MX","  81.2","13","  75.3","13","1019.2"," 5","999.9"," 0","  6.1","13","  6.9","13","  9.9","999.9","  84.2","*","  75.2","*"," 0.00","I","999.9","000000"
"76738399999","2022-08-05","18.103419","-94.580681","10.97","MINATITLAN, MX","  80.8","12","  75.2","12","1019.7"," 4","999.9"," 0","  4.9","12"," 11.7","12"," 20.0","999.9","  82.4","*","  77.0","*"," 0.00","I","999.9","000000"
"76738399999","2022-08-06","18.103419","-94.580681","10.97","MINATITLAN, MX","  80.9","14","  75.5","14","1020.0"," 6","999.9"," 0","  5.6","14","  9.5","14"," 15.0","999.9","  82.4","*","  78.8","*"," 0.00","I","999.9","000000"
"76738399999","2022-08-07","18.103419","-94.580681","10.97","MINATITLAN, MX","  80.2","13","  74.6","13","1021.0"," 5","999.9"," 0","  5.7","13","  6.8","13","  9.9","999.9","  82.4","*","  77.0","*"," 0.00","I","999.9","000000"
"76738399999","2022-08-08","18.103419","-94.580681","10.97","MINATITLAN, MX","  78.2","13","  74.0","13","1021.2"," 5","999.9"," 0","  5.7","13","  6.1","13","  9.9","999.9","  82.4","*","  71.6","*","99.99"," ","999.9","010000"
"76738399999","2022-08-09","18.103419","-94.580681","10.97","MINATITLAN, MX","  78.5","12","  75.5","12","1021.6"," 4","999.9"," 0","  4.7","12","  8.0","12"," 20.0","999.9","  82.4","*","  71.6","*"," 1.77","E","999.9","000000"
"76738399999","2022-08-10","18.103419","-94.580681","10.97","MINATITLAN, MX","  78.6"," 9","  74.4"," 9","1021.4"," 4","999.9"," 0","  5.6"," 9","  4.0"," 9","  9.9","999.9","  80.6","*","  73.4","*"," 0.00","I","999.9","000000"
"76738399999","2022-08-11","18.103419","-94.580681","10.97","MINATITLAN, MX","  78.1","13","  75.3","13","1020.8"," 5","999.9"," 0","  5.7","13","  6.5","13","  9.9","999.9","  82.4","*","  73.4","*"," 0.12","E","999.9","010000"
"76738399999","2022-08-12","18.103419","-94.580681","10.97","MINATITLAN, MX","  79.6","13","  74.8","13","1019.7"," 5","999.9"," 0","  3.9","13","  3.2","13","  8.0","999.9","  84.2","*","  71.6","*"," 0.00","I","999.9","000000"
"76738399999","2022-08-13","18.103419","-94.580681","10.97","MINATITLAN, MX","  80.6","13","  76.2","13","1019.5"," 5","999.9"," 0","  4.7","13","  5.0","13","  9.9","999.9","  87.8","*","  71.6","*"," 0.00","I","999.9","000000"
"76738399999","2022-08-14","18.103419","-94.580681","10.97","MINATITLAN, MX","  81.3","13","  75.2","13","1018.5"," 4","999.9"," 0","  5.4","13","  5.4","13","  9.9","999.9","  89.6","*","  71.6","*"," 0.00","I","999.9","000000"
"76738399999","2022-08-15","18.103419","-94.580681","10.97","MINATITLAN, MX","  83.1","13","  77.4","13","1010.0"," 5","999.9"," 0","  5.6","13","  5.3","13","  9.9","999.9","  87.8","*","  73.4","*"," 0.00","I","999.9","000000"
"76738399999","2022-08-16","18.103419","-94.580681","10.97","MINATITLAN, MX","  81.8","13","  75.1","13","1017.9"," 4","999.9"," 0","  6.0","13","  8.1","13","  9.9","999.9","  89.6","*","  71.6","*"," 0.12","E","999.9","000000"
"76738399999","2022-08-17","18.103419","-94.580681","10.97","MINATITLAN, MX","  79.4","13","  75.3","13","1019.2"," 5","999.9"," 0","  5.5","13","  5.9","13","  9.9","999.9","  84.2","*","  73.4","*"," 0.00","I","999.9","000000"
"76738399999","2022-08-18","18.103419","-94.580681","10.97","MINATITLAN, MX","  81.8","13","  75.6","13","1019.3"," 5","999.9"," 0","  5.5","13","  5.8","13","  9.9","999.9","  84.2","*","  77.0","*"," 0.00","I","999.9","000000"
"76738399999","2022-08-19","18.103419","-94.580681","10.97","MINATITLAN, MX","  80.0","13","  75.1","13","1017.6"," 5","999.9"," 0","  4.8","13","  3.4","13","  9.9","999.9","  84.2","*","  71.6","*"," 0.00","I","999.9","000000"
"76738399999","2022-08-20","18.103419","-94.580681","10.97","MINATITLAN, MX","  81.3","13","  76.9","13","1019.7"," 5","999.9"," 0","  4.5","13","  7.0","13"," 15.0","999.9","  84.2","*","  73.4","*"," 0.00","I","999.9","000000"
"76738399999","2022-08-21","18.103419","-94.580681","10.97","MINATITLAN, MX","  81.0","13","  77.4","13","1019.9"," 5","999.9"," 0","  5.9","13","  6.4","13","  9.9","999.9","  84.2","*","  73.4","*"," 0.00","I","999.9","000000"
"76738399999","2022-08-22","18.103419","-94.580681","10.97","MINATITLAN, MX","  78.4","13","  74.2","13","1019.0"," 5","999.9"," 0","  6.1","13","  6.8","13","  9.9","999.9","  82.4","*","  69.8","*"," 2.01","E","999.9","000000"
"76738399999","2022-08-23","18.103419","-94.580681","10.97","MINATITLAN, MX","  81.0","13","  77.3","13","1015.1"," 5","999.9"," 0","  5.6","13","  6.2","13","  9.9","999.9","  84.2","*","  73.4","*"," 0.00","I","999.9","000000"
"76738399999","2022-08-24","18.103419","-94.580681","10.97","MINATITLAN, MX","  82.0","13","  76.6","13","1017.4"," 5","999.9"," 0","  5.6","13","  7.2","13","  9.9","999.9","  87.8","*","  73.4","*","99.99"," ","999.9","010000"
"76738399999","2022-08-25","18.103419","-94.580681","10.97","MINATITLAN, MX","  78.1","19","  75.2","19","1016.0"," 7","999.9"," 0","  5.7","19","  6.3","19"," 12.0","999.9","  82.4","*","  71.6","*"," 0.00","I","999.9","000000"
"76738399999","2022-08-26","18.103419","-94.580681","10.97","MINATITLAN, MX","  78.9","13","  75.6","13","1019.3"," 5","999.9"," 0","  4.7","13","  5.5","13"," 12.0","999.9","  82.4","*","  71.6","*"," 0.00","I","999.9","000000"
"76738399999","2022-08-27","18.103419","-94.580681","10.97","MINATITLAN, MX","  81.3","17","  76.6","17","1017.1"," 6","999.9"," 0","  4.8","17","  5.8","17","  9.9","999.9","  87.8","*","  73.4","*"," 0.00","I","999.9","000000"
"76738399999","2022-08-28","18.103419","-94.580681","10.97","MINATITLAN, MX","  81.6","13","  76.4","13","1014.7"," 5","999.9"," 0","  5.3","13","  3.6","13","  9.9","999.9","  87.8","*","  71.6","*","99.99"," ","999.9","010000"
"76738399999","2022-08-29","18.103419","-94.580681","10.97","MINATITLAN, MX","  83.0","13","  76.3","13","1016.3"," 5","999.9"," 0","  6.1","13","  3.4","13","  9.9","999.9","  91.4","*","  71.6","*"," 0.47","E","999.9","000000"
"76738399999","2022-08-30","18.103419","-94.580681","10.97","MINATITLAN, MX","  82.7","13","  77.0","13","1016.5"," 5","999.9"," 0","  5.8","13","  3.8","13","  9.9","999.9","  89.6","*","  73.4","*"," 0.00","I","999.9","000000"
"76738399999","2022-08-31","18.103419","-94.580681","10.97","MINATITLAN, MX","  80.3","13","  76.4","13","1018.0"," 5","999.9"," 0","  5.7","13","  8.8","13"," 14.0","999.9","  84.2","*","  75.2","*","99.99"," ","999.9","010000"
"76738399999","2022-09-01","18.103419","-94.580681","10.97","MINATITLAN, MX","  79.2","12","  75.2","12","1016.4"," 5","999.9"," 0","  5.8","12","  5.9","12"," 12.0","999.9","  84.2","*","  73.4","*"," 0.87","E","999.9","000000"
"76738399999","2022-09-02","18.103419","-94.580681","10.97","MINATITLAN, MX","  76.6","13","  75.2","13","1017.1"," 5","999.9"," 0","  4.2","13","  4.3","13"," 11.1","999.9","  80.6","*","  71.6","*"," 0.59","E","999.9","010000"
"76738399999","2022-09-03","18.103419","-94.580681","10.97","MINATITLAN, MX","  78.5","13","  75.8","13","1017.9"," 5","999.9"," 0","  3.5","13","  3.8","13"," 11.1","999.9","  84.2","*","  73.4","*"," 0.35","E","999.9","010000"
"76738399999","2022-09-04","18.103419","-94.580681","10.97","MINATITLAN, MX","  79.0","12","  74.5","12","1019.5"," 4","999.9"," 0","  5.0","12","  4.1","12","  9.9","999.9","  86.0","*","  71.6","*"," 1.38","E","999.9","100000"
"76738399999","2022-09-05","18.103419","-94.580681","10.97","MINATITLAN, MX","  80.0","13","  76.7","13","1018.9"," 5","999.9"," 0","  5.0","13","  6.1","13","  9.9","999.9","  84.2","*","  75.2","*"," 0.04","E","999.9","000000"
"76738399999","2022-09-06","18.103419","-94.580681","10.97","MINATITLAN, MX","  78.7","13","  76.9","13","1017.6"," 5","999.9"," 0","  5.5","13","  6.7","13","  9.9","999.9","  80.6","*","  75.2","*"," 0.00","I","999.9","000000"
"76738399999","2022-09-07","18.103419","-94.580681","10.97","MINATITLAN, MX","  78.5","13","  76.2","13","1013.9"," 5","999.9"," 0","  5.5","13","  5.1","13","  9.9","999.9","  82.4","*","  71.6","*"," 1.14","E","999.9","000000"
"76738399999","2022-09-08","18.103419","-94.580681","10.97","MINATITLAN, MX","  78.0","13","  75.9","13","1008.5"," 5","999.9"," 0","  6.2","13","  5.3","13","  9.9","999.9","  82.4","*","  73.4","*"," 0.04","E","999.9","010000"
"76738399999","2022-09-09","18.103419","-94.580681","10.97","MINATITLAN, MX","  78.9","15","  74.1","15","1006.9"," 5","999.9"," 0","  8.4","15","  3.9","15","  9.9","999.9","  86.0","*","  73.4","*"," 0.00","I","999.9","000000"
"76738399999","2022-09-10","18.103419","-94.580681","10.97","MINATITLAN, MX","  82.3","13","  76.9","13","1009.8"," 5","999.9"," 0","  5.9","13","  3.4","13","  9.9","999.9","  87.8","*","  73.4","*"," 0.00","I","999.9","000000"
"76738399999","2022-09-11","18.103419","-94.580681","10.97","MINATITLAN, MX","  78.1","13","  75.8","13","1014.4"," 4","999.9"," 0","  6.8","13","  2.7","13","  9.9","999.9","  82.4","*","  73.4","*"," 0.08","E","999.9","000000"
"76738399999","2022-09-12","18.103419","-94.580681","10.97","MINATITLAN, MX","  73.4","13","  72.6","13","1012.8"," 4","999.9"," 0","  6.1","13","  0.3","13","  4.1","999.9","  75.2","*","  69.8","*"," 2.80","E","999.9","010000"
"76738399999","2022-09-13","18.103419","-94.580681","10.97","MINATITLAN, MX","  78.1","13","  75.2","13","1010.6"," 4","999.9"," 0","  7.5","13","  2.8","13","  9.9","999.9","  82.4","*","  73.4","*","99.99"," ","999.9","010000"
"76738399999","2022-09-14","18.103419","-94.580681","10.97","MINATITLAN, MX","  78.1","12","  75.1","12","1009.8"," 5","999.9"," 0","  5.3","12","  5.8","12","  9.9","999.9","  82.4","*","  71.6","*"," 0.24","E","999.9","000000"
"76738399999","2022-09-15","18.103419","-94.580681","10.97","MINATITLAN, MX","  76.3","13","  74.5","13","1010.8"," 5","999.9"," 0","  5.5","13","  5.5","13"," 15.0","999.9","  80.6","*","  71.6","*"," 1.14","E","999.9","010000"
"76738399999","2022-09-16","18.103419","-94.580681","10.97","MINATITLAN, MX","  76.8","15","  75.0","15","1010.9"," 5","999.9"," 0","  4.1","15","  3.7","15"," 15.0","999.9","  82.4","*","  71.6","*"," 0.87","E","999.9","000000"
"76738399999","2022-09-17","18.103419","-94.580681","10.97","MINATITLAN, MX","  77.4","13","  74.6","13","1010.8"," 5","999.9"," 0","  4.7","13","  5.9","13"," 15.0","999.9","  82.4","*","  71.6","*"," 3.66","E","999.9","000000"
"76738399999","2022-09-18","18.103419","-94.580681","10.97","MINATITLAN, MX","  77.7","13","  75.5","13","1010.5"," 5","999.9"," 0","  4.9","13","  5.9","13","  9.9","999.9","  82.4","*","  71.6","*"," 2.32","E","999.9","000000"
"76738399999","2022-09-19","18.103419","-94.580681","10.97","MINATITLAN, MX","  80.3","13","  76.3","13","1010.3"," 5","999.9"," 0","  4.8","13","  6.9","13"," 15.0","999.9","  84.2","*","  75.2","*"," 1.26","E","999.9","000000"
"76738399999","2022-09-20","18.103419","-94.580681","10.97","MINATITLAN, MX","  78.7","13","  75.3","13","1011.5"," 5","999.9"," 0","  6.4","13","  7.4","13"," 20.0","999.9","  84.2","*","  71.6","*"," 0.31","E","999.9","000000"
"76738399999","2022-09-21","18.103419","-94.580681","10.97","MINATITLAN, MX","  76.7","13","  73.7","13","1011.5"," 5","999.9"," 0","  5.6","13","  7.4","13"," 14.0","999.9","  82.4","*","  71.6","*"," 1.06","E","999.9","010000"
"76738399999","2022-09-22","18.103419","-94.580681","10.97","MINATITLAN, MX","  79.1","13","  74.0","13","1011.0"," 5","999.9"," 0","  7.8","13","  8.4","13"," 17.1","999.9","  82.4","*","  69.8","*"," 0.00","I","999.9","000000"
"76738399999","2022-09-23","18.103419","-94.580681","10.97","MINATITLAN, MX","  77.3","13","  72.8","13","1012.3"," 5","999.9"," 0","  7.0","13","  4.7","13"," 12.0","999.9","  80.6","*","  69.8","*"," 0.00","I","999.9","000000"
"76738399999","2022-09-24","18.103419","-94.580681","10.97","MINATITLAN, MX","  79.1","13","  75.1","13","1012.7"," 5","999.9"," 0","  4.2","13","  5.7","13"," 15.0","999.9","  84.2","*","  73.4","*"," 0.28","E","999.9","010000"
"76738399999","2022-09-25","18.103419","-94.580681","10.97","MINATITLAN, MX","  78.1","13","  74.2","13","1010.4"," 5","999.9"," 0","  6.3","13","  5.4","13"," 15.0","999.9","  82.4","*","  71.6","*"," 0.28","E","999.9","000000"
"76738399999","2022-09-26","18.103419","-94.580681","10.97","MINATITLAN, MX","  77.1","13","  74.2","13","1010.2"," 5","999.9"," 0","  6.0","13","  7.5","13"," 17.1","999.9","  80.6","*","  71.6","*","99.99"," ","999.9","010000"
"76738399999","2022-09-27","18.103419","-94.580681","10.97","MINATITLAN, MX","  75.1","13","  73.0","13","1012.2"," 5","999.9"," 0","  5.1","13","  5.4","13"," 20.0"," 25.1","  82.4","*","  69.8","*","99.99"," ","999.9","010000"
"76738399999","2022-09-28","18.103419","-94.580681","10.97","MINATITLAN, MX","  74.0","13","  72.3","13","1014.5"," 5","999.9"," 0","  4.5","13","  9.3","13"," 18.1","999.9","  80.6","*","  69.8","*"," 0.09","E","999.9","110000"
"76738399999","2022-09-29","18.103419","-94.580681","10.97","MINATITLAN, MX","  72.0","14","  71.5","14","1015.2"," 4","999.9"," 0","  2.9","14","  7.7","14"," 21.0"," 28.0","  75.2","*","  69.8","*"," 0.35","E","999.9","010000"
"76738399999","2022-09-30","18.103419","-94.580681","10.97","MINATITLAN, MX","  77.0","13","  71.3","13","1012.9"," 5","999.9"," 0","  6.2","13"," 11.1","13"," 27.0"," 28.0","  80.6","*","  69.8","*"," 0.08","E","999.9","000000"
"76738399999","2022-10-01","18.103419","-94.580681","10.97","MINATITLAN, MX","  76.0","13","  69.0","13","1012.2"," 5","999.9"," 0","  7.6","13","  6.4","13"," 17.1","999.9","  80.6","*","  66.2","*"," 0.00","I","999.9","000000"
"76738399999","2022-10-02","18.103419","-94.580681","10.97","MINATITLAN, MX","  76.4","13","  68.7","13","1014.9"," 5","999.9"," 0","  9.8","13","  6.1","13"," 15.0","999.9","  80.6","*","  64.4","*"," 0.00","I","999.9","000000"
"76738399999","2022-10-03","18.103419","-94.580681","10.97","MINATITLAN, MX","  75.5","12","  69.3","12","1015.0"," 4","999.9"," 0","  9.8","12","  5.6","12"," 13.0","999.9","  80.6","*","  64.4","*"," 0.00","I","999.9","000000"
"76738399999","2022-10-04","18.103419","-94.580681","10.97","MINATITLAN, MX","  76.7","13","  71.7","13","1013.7"," 5","999.9"," 0","  8.8","13","  5.0","13"," 12.0","999.9","  82.4","*","  66.2","*"," 0.00","I","999.9","000000"
"76738399999","2022-10-05","18.103419","-94.580681","10.97","MINATITLAN, MX","  77.7","13","  73.1","13","1013.3"," 5","999.9"," 0","  8.0","13","  6.6","13"," 17.1","999.9","  80.6","*","  71.6","*"," 0.00","I","999.9","000000"
"76738399999","2022-10-06","18.103419","-94.580681","10.97","MINATITLAN, MX","  73.8","13","  70.1","13","1015.7"," 5","999.9"," 0","  7.5","13","  4.5","13"," 14.0","999.9","  78.8","*","  68.0","*","99.99"," ","999.9","010000"
"76738399999","2022-10-07","18.103419","-94.580681","10.97","MINATITLAN, MX","  74.0","13","  70.4","13","1016.4"," 5","999.9"," 0","  6.4","13","  5.3","13"," 11.1","999.9","  78.8","*","  68.0","*"," 0.00","I","999.9","000000"
"76738399999","2022-10-08","18.103419","-94.580681","10.97","MINATITLAN, MX","  74.2","12","  71.9","12","1015.8"," 5","999.9"," 0","  5.1","12","  8.9","12"," 25.1","999.9","  80.6","*","  66.2","*","99.99"," ","999.9","010000"
"76738399999","2022-10-09","18.103419","-94.580681","10.97","MINATITLAN, MX","  74.1","13","  73.1","13","1014.4"," 5","999.9"," 0","  4.4","13","  7.7","13"," 20.0","999.9","  78.8","*","  69.8","*"," 0.16","E","999.9","010000"
"76738399999","2022-10-10","18.103419","-94.580681","10.97","MINATITLAN, MX","  73.3","13","  72.6","13","1012.1"," 4","999.9"," 0","  3.2","13"," 12.6","13"," 28.0","999.9","  75.2","*","  71.6","*"," 0.43","E","999.9","010000"
"76738399999","2022-10-11","18.103419","-94.580681","10.97","MINATITLAN, MX","  71.7","13","  71.7","13","1010.5"," 5","999.9"," 0","  2.6","13"," 13.2","13"," 19.0","999.9","  73.4","*","  71.6","*"," 1.02","E","999.9","010000"
"76738399999","2022-10-12","18.103419","-94.580681","10.97","MINATITLAN, MX","  79.8","13","  76.3","13","1011.2"," 5","999.9"," 0","  8.4","13","  2.5","13","  8.9","999.9","  86.0","*","  71.6","*"," 0.00","I","999.9","000000"
"76738399999","2022-10-13","18.103419","-94.580681","10.97","MINATITLAN, MX","  80.8","10","  75.6","10","1010.0"," 4","999.9"," 0","  6.8","10","  3.3","10","  8.9","999.9","  87.8","*","  73.4","*"," 0.00","I","999.9","000000"
"76738399999","2022-10-14","18.103419","-94.580681","10.97","MINATITLAN, MX","  78.8","13","  75.5","13","1009.5"," 5","999.9"," 0","  5.5","13","  6.1","13"," 20.0","999.9","  82.4","*","  73.4","*","99.99"," ","999.9","010000"
"76738399999","2022-10-15","18.103419","-94.580681","10.97","MINATITLAN, MX","  77.3","12","  76.0","12","1011.3"," 5","999.9"," 0","  5.5","12","  8.4","12"," 15.0","999.9","  80.6","*","  73.4","*"," 0.04","E","999.9","000000"
"76738399999","2022-10-16","18.103419","-94.580681","10.97","MINATITLAN, MX","  78.8","10","  77.0","10","1011.2"," 4","999.9"," 0","  3.0","10","  2.1","10","  7.0","999.9","  82.4","*","  73.4","*"," 0.07","E","999.9","100000"
"76738399999","2022-10-17","18.103419","-94.580681","10.97","MINATITLAN, MX","  76.8","10","  75.4","10","1010.1"," 4","999.9"," 0","  5.6","10","  4.1","10"," 20.0","999.9","  82.4","*","  71.6","*","99.99"," ","999.9","010000"
"76738399999","2022-10-18","18.103419","-94.580681","10.97","MINATITLAN, MX","  75.6","14","  73.9","14","1011.2"," 5","999.9"," 0","  5.4","14","  6.5","14","  9.9","999.9","  78.8","*","  71.6","*","99.99"," ","999.9","010000"
"76738399999","2022-10-19","18.103419","-94.580681","10.97","MINATITLAN, MX","  72.6","13","  71.5","13","1015.6"," 5","999.9"," 0","  4.0","13"," 19.5","13"," 25.1"," 35.0","  75.2","*","  69.8","*","99.99"," ","999.9","110000"
"76738399999","2022-10-20","18.103419","-94.580681","10.97","MINATITLAN, MX","  71.4","12","  69.8","12","1017.4"," 4","999.9"," 0","  6.3","12"," 11.5","12"," 25.1"," 35.0","  73.4","*","  69.8","*","99.99"," ","999.9","010000"
"76738399999","2022-10-21","18.103419","-94.580681","10.97","MINATITLAN, MX","  74.9","11","  69.5","11","9999.9"," 0","999.9"," 0","  7.6","11","  5.1","11","  9.9","999.9","  77.0","*","  68.0","*"," 0.00","I","999.9","000000"
"76738399999","2022-10-22","18.103419","-94.580681","10.97","MINATITLAN, MX","  75.8","13","  69.7","13","1013.4"," 5","999.9"," 0","  7.7","13","  5.1","13","  9.9","999.9","  78.8","*","  68.0","*"," 0.00","I","999.9","000000"
"76738399999","2022-10-23","18.103419","-94.580681","10.97","MINATITLAN, MX","  78.4","13","  73.8","13","1011.1"," 4","999.9"," 0","  6.4","13","  4.2","13","  9.9","999.9","  82.4","*","  71.6","*"," 0.00","I","999.9","000000"
"76738399999","2022-10-24","18.103419","-94.580681","10.97","MINATITLAN, MX","  83.3","10","  76.6","10","1009.5"," 4","999.9"," 0","  6.9","10","  3.2","10","  8.9","999.9","  87.8","*","  75.2","*"," 0.00","I","999.9","000000"
"76738399999","2022-10-25","18.103419","-94.580681","10.97","MINATITLAN, MX","  80.0","12","  75.0","12","1009.3"," 5","999.9"," 0","  7.0","12","  7.2","12"," 21.0","999.9","  87.8","*","  71.6","*"," 0.00","I","999.9","000000"
"76738399999","2022-10-26","18.103419","-94.580681","10.97","MINATITLAN, MX","  76.7","13","  74.0","13","1011.8"," 4","999.9"," 0","  4.8","13"," 10.5","13"," 20.0","999.9","  80.6","*","  71.6","*"," 0.00","I","999.9","100000"
"76738399999","2022-10-27","18.103419","-94.580681","10.97","MINATITLAN, MX","  77.8","13","  73.5","13","1011.2"," 5","999.9"," 0","  5.6","13","  4.4","13"," 12.0","999.9","  82.4","*","  69.8","*"," 0.00","I","999.9","000000"
"76738399999","2022-10-28","18.103419","-94.580681","10.97","MINATITLAN, MX","  81.0","14","  77.4","14","1010.8"," 5","999.9"," 0","  3.6","14","  2.3","14","  9.9","999.9","  87.8","*","  73.4","*"," 0.00","I","999.9","000000"
"76738399999","2022-10-29","18.103419","-94.580681","10.97","MINATITLAN, MX","  79.2","13","  76.6","13","1014.2"," 5","999.9"," 0","  4.7","13"," 15.4","13"," 29.9","999.9","  84.2","*","  75.2","*"," 0.00","I","999.9","000000"
"76738399999","2022-10-30","18.103419","-94.580681","10.97","MINATITLAN, MX","  74.4","12","  72.5","12","1013.4"," 4","999.9"," 0","  4.2","12","  3.9","12","  8.9","999.9","  78.8","*","  66.2","*"," 0.00","I","999.9","100000"
"76738399999","2022-10-31","18.103419","-94.580681","10.97","MINATITLAN, MX","  76.2","13","  72.8","13","1011.1"," 4","999.9"," 0","  5.6","13","  8.1","13"," 13.0","999.9","  80.6","*","  66.2","*"," 0.00","I","999.9","000000"
"76738399999","2022-11-01","18.103419","-94.580681","10.97","MINATITLAN, MX","  78.5","13","  74.5","13","1013.0"," 4","999.9"," 0","  6.7","13","  8.4","13"," 17.1","999.9","  82.4","*","  69.8","*"," 0.00","I","999.9","000000"
"76738399999","2022-11-02","18.103419","-94.580681","10.97","MINATITLAN, MX","  77.7","13","  72.8","13","1016.2"," 4","999.9"," 0","  7.4","13"," 11.4","13"," 18.1","999.9","  80.6","*","  69.8","*"," 0.00","I","999.9","000000"
"76738399999","2022-11-03","18.103419","-94.580681","10.97","MINATITLAN, MX","  75.1","12","  73.3","12","1013.6"," 4","999.9"," 0","  5.6","12","  7.7","12"," 18.1","999.9","  78.8","*","  69.8","*"," 1.14","E","999.9","010000"
"76738399999","2022-11-04","18.103419","-94.580681","10.97","MINATITLAN, MX","  77.4","14","  74.7","14","1008.7"," 4","999.9"," 0","  6.1","14"," 11.2","14"," 19.0","999.9","  82.4","*","  73.4","*"," 2.09","E","999.9","010000"
"76738399999","2022-11-05","18.103419","-94.580681","10.97","MINATITLAN, MX","  79.9","13","  76.0","13","1008.2"," 4","999.9"," 0","  5.9","13","  6.4","13"," 17.1","999.9","  86.0","*","  73.4","*"," 0.00","I","999.9","000000"
"76738399999","2022-11-06","18.103419","-94.580681","10.97","MINATITLAN, MX","  79.2","13","  75.5","13","1010.0"," 4","999.9"," 0","  5.7","13","  5.2","13","  9.9","999.9","  82.4","*","  73.4","*"," 0.00","I","999.9","000000"
"76738399999","2022-11-07","18.103419","-94.580681","10.97","MINATITLAN, MX","  76.2","13","  74.6","13","1013.5"," 4","999.9"," 0","  5.2","13","  7.1","13","  9.9","999.9","  78.8","*","  71.6","*","99.99"," ","999.9","010000"
"76738399999","2022-11-08","18.103419","-94.580681","10.97","MINATITLAN, MX","  76.2","13","  73.0","13","1015.8"," 4","999.9"," 0","  7.8","13","  9.0","13"," 18.1","999.9","  80.6","*","  69.8","*","99.99"," ","999.9","010000"
"76738399999","2022-11-09","18.103419","-94.580681","10.97","MINATITLAN, MX","  75.5","13","  72.3","13","1015.2"," 4","999.9"," 0","  7.0","13","  9.9","13","  9.9","999.9","  78.8","*","  69.8","*","99.99"," ","999.9","010000"
"76738399999","2022-11-10","18.103419","-94.580681","10.97","MINATITLAN, MX","  77.3","13","  70.6","13","1010.9"," 4","999.9"," 0","  7.2","13","  8.4","13","  9.9","999.9","  82.4","*","  66.2","*"," 0.00","I","999.9","000000"
"76738399999","2022-11-11","18.103419","-94.580681","10.97","MINATITLAN, MX","  79.9","13","  72.8","13","1008.0"," 4","999.9"," 0","  5.8","13","  2.1","13","  9.9","999.9","  86.0","*","  66.2","*"," 0.00","I","999.9","000000"
"76738399999","2022-11-12","18.103419","-94.580681","10.97","MINATITLAN, MX","  79.7","12","  73.6","12","1012.9"," 4","999.9"," 0","  5.9","12","  1.7","12","  9.9","999.9","  87.8","*","  71.6","*"," 0.00","I","999.9","000000"
"76738399999","2022-11-13","18.103419","-94.580681","10.97","MINATITLAN, MX","  72.2","13","  70.5","13","1015.3"," 4","999.9"," 0","  4.2","13"," 11.0","13"," 15.0","999.9","  77.0","*","  69.8","*","99.99"," ","999.9","010000"
"76738399999","2022-11-14","18.103419","-94.580681","10.97","MINATITLAN, MX","  75.1","13","  71.3","13","1012.0"," 4","999.9"," 0","  3.6","13","  2.6","13","  9.9","999.9","  82.4","*","  66.2","*"," 0.00","I","999.9","100000"
"76738399999","2022-11-15","18.103419","-94.580681","10.97","MINATITLAN, MX","  77.6","13","  73.8","13","1015.2"," 4","999.9"," 0","  4.4","13"," 13.9","13"," 25.1","999.9","  80.6","*","  68.0","*"," 0.00","I","999.9","000000"
"76738399999","2022-11-16","18.103419","-94.580681","10.97","MINATITLAN, MX","  74.8","13","  71.9","13","1018.0"," 4","999.9"," 0","  4.6","13"," 19.1","13"," 25.1","999.9","  77.0","*","  71.6","*"," 0.00","I","999.9","000000"
"76738399999","2022-11-17","18.103419","-94.580681","10.97","MINATITLAN, MX","  71.3","13","  68.6","13","1017.3"," 4","999.9"," 0","  4.6","13"," 22.2","13"," 29.9","999.9","  73.4","*","  69.8","*"," 0.00","I","999.9","000000"
"76738399999","2022-11-18","18.103419","-94.580681","10.97","MINATITLAN, MX","  70.4","13","  68.8","13","1015.2"," 4","999.9"," 0","  4.9","13"," 11.4","13"," 25.1"," 29.9","  71.6","*","  66.2","*"," 0.00","I","999.9","000000"
"76738399999","2022-11-19","18.103419","-94.580681","10.97","MINATITLAN, MX","  73.3","13","  70.4","13","1014.0"," 4","999.9"," 0","  5.2","13","  9.3","13"," 15.0","999.9","  77.0","*","  68.0","*"," 0.00","I","999.9","000000"
"76738399999","2022-11-20","18.103419","-94.580681","10.97","MINATITLAN, MX","  70.9","13","  66.9","13","1017.0"," 4","999.9"," 0","  6.6","13"," 18.6","13"," 29.9"," 40.0","  73.4","*","  69.8","*"," 0.00","I","999.9","000000"
"76738399999","2022-11-21","18.103419","-94.580681","10.97","MINATITLAN, MX","  70.2","15","  68.2","15","1017.1"," 5","999.9"," 0","  5.6","15","  9.0","15"," 20.0","999.9","  73.4","*","  66.2","*"," 0.00","I","999.9","000000"
"76738399999","2022-11-22","18.103419","-94.580681","10.97","MINATITLAN, MX","  70.8","13","  69.0","13","1016.6"," 4","999.9"," 0","  5.3","13"," 13.3","13"," 22.9","999.9","  73.4","*","  66.2","*"," 0.00","I","999.9","000000"
"76738399999","2022-11-23","18.103419","-94.580681","10.97","MINATITLAN, MX","  71.7","13","  69.7","13","9999.9"," 0","999.9"," 0","  4.4","13","  8.1","13"," 20.0","999.9","  77.0","*","  66.2","*"," 0.00","I","999.9","000000"
"76738399999","2022-11-24","18.103419","-94.580681","10.97","MINATITLAN, MX","  74.6","13","  71.9","13","1011.4"," 4","999.9"," 0","  3.4","13","  4.6","13","  9.9","999.9","  78.8","*","  68.0","*"," 0.00","I","999.9","000000"
"76738399999","2022-11-25","18.103419","-94.580681","10.97","MINATITLAN, MX","  76.7","13","  74.4","13","1010.3"," 4","999.9"," 0","  3.1","13","  6.0","13"," 11.1","999.9","  84.2","*","  69.8","*"," 0.00","I","999.9","100000"
"76738399999","2022-11-26","18.103419","-94.580681","10.97","MINATITLAN, MX","  76.5","12","  74.5","12","9999.9"," 0","999.9"," 0","  3.1","12","  7.9","12"," 15.0","999.9","  80.6","*","  71.6","*"," 0.00","I","999.9","100000"
"76738399999","2022-11-27","18.103419","-94.580681","10.97","MINATITLAN, MX","  76.7","13","  74.1","13","1012.1"," 4","999.9"," 0","  3.0","13","  3.2","13","  9.9","999.9","  82.4","*","  71.6","*"," 0.00","I","999.9","100000"
"76738399999","2022-11-28","18.103419","-94.580681","10.97","MINATITLAN, MX","  76.7","13","  75.1","13","1011.1"," 4","999.9"," 0","  3.5","13","  5.1","13","  9.9","999.9","  80.6","*","  71.6","*"," 0.00","I","999.9","000000"
"76738399999","2022-11-29","18.103419","-94.580681","10.97","MINATITLAN, MX","  78.2","12","  75.9","12","1009.1"," 4","999.9"," 0","  4.8","12","  2.7","12","  9.9","999.9","  84.2","*","  69.8","*"," 1.22","E","999.9","000000"
"76738399999","2022-11-30","18.103419","-94.580681","10.97","MINATITLAN, MX","  78.1","11","  76.2","11","1012.0"," 4","999.9"," 0","  4.5","11","  7.0","11","  9.9","999.9","  82.4","*","  73.4","*"," 0.43","E","999.9","000000"
"76738399999","2022-12-01","18.103419","-94.580681","10.97","MINATITLAN, MX","  76.5","12","  74.5","12","1017.0"," 4","999.9"," 0","  7.3","12"," 12.4","11"," 20.0","999.9","  78.8","*","  73.4","*"," 0.00","I","999.9","000000"
"76738399999","2022-12-02","18.103419","-94.580681","10.97","MINATITLAN, MX","  76.3","13","  74.0","13","9999.9"," 0","999.9"," 0","  6.3","13","  7.2","13"," 18.1","999.9","  84.2","*","  71.6","*"," 0.04","E","999.9","010000"
"76738399999","2022-12-03","18.103419","-94.580681","10.97","MINATITLAN, MX","  76.7","12","  73.4","12","1019.2"," 4","999.9"," 0","  4.5","12"," 11.0","12"," 20.0","999.9","  78.8","*","  69.8","*"," 1.42","E","999.9","000000"
"76738399999","2022-12-04","18.103419","-94.580681","10.97","MINATITLAN, MX","  72.6","13","  71.3","13","9999.9"," 0","999.9"," 0","  5.5","13","  6.9","13","  9.9","999.9","  77.0","*","  68.0","*","99.99"," ","999.9","010000"
"76738399999","2022-12-05","18.103419","-94.580681","10.97","MINATITLAN, MX","  72.5","12","  71.8","12","1014.2"," 4","999.9"," 0","  4.5","12","  6.6","12","  9.9","999.9","  75.2","*","  68.0","*","99.99"," ","999.9","010000"
"76738399999","2022-12-06","18.103419","-94.580681","10.97","MINATITLAN, MX","  74.4","13","  71.7","13","1014.6"," 4","999.9"," 0","  6.6","13","  7.6","13"," 12.0","999.9","  78.8","*","  66.2","*"," 0.00","I","999.9","000000"
"76738399999","2022-12-07","18.103419","-94.580681","10.97","MINATITLAN, MX","  75.6","13","  72.0","13","1017.8"," 4","999.9"," 0","  6.5","13"," 10.3","13"," 14.0","999.9","  77.0","*","  73.4","*"," 0.00","I","999.9","000000"
"76738399999","2022-12-08","18.103419","-94.580681","10.97","MINATITLAN, MX","  73.9","11","  71.4","11","1017.6"," 4","999.9"," 0","  4.2","11","  7.4","11"," 12.0","999.9","  77.0","*","  68.0","*","99.99"," ","999.9","010000"
"76738399999","2022-12-09","18.103419","-94.580681","10.97","MINATITLAN, MX","  71.8","12","  69.3","12","1015.9"," 4","999.9"," 0","  5.9","12","  6.8","12","  9.9","999.9","  75.2","*","  62.6","*"," 0.12","E","999.9","010000"
"76738399999","2022-12-10","18.103419","-94.580681","10.97","MINATITLAN, MX","  73.1","13","  69.4","13","1015.4"," 4","999.9"," 0","  6.0","13","  0.9","13","  6.0","999.9","  77.0","*","  62.6","*"," 0.00","I","999.9","000000"
"76738399999","2022-12-11","18.103419","-94.580681","10.97","MINATITLAN, MX","  75.5","13","  72.3","13","1013.6"," 4","999.9"," 0","  7.8","13","  5.3","13","  9.9","999.9","  77.0","*","  69.8","*"," 0.00","I","999.9","000000"
"76738399999","2022-12-12","18.103419","-94.580681","10.97","MINATITLAN, MX","  75.0","11","  71.4","11","9999.9"," 0","999.9"," 0","  6.9","11","  1.5","11","  9.9","999.9","  82.4","*","  66.2","*"," 0.00","I","999.9","000000"
"76738399999","2022-12-13","18.103419","-94.580681","10.97","MINATITLAN, MX","  76.9","14","  72.9","14","1008.7"," 5","999.9"," 0","  4.8","14","  2.5","14","  9.9","999.9","  84.2","*","  69.8","*"," 0.00","I","999.9","000000"
"76738399999","2022-12-14","18.103419","-94.580681","10.97","MINATITLAN, MX","  79.1","12","  71.8","12","1006.8"," 4","999.9"," 0","  7.0","12","  9.1","12"," 25.1","999.9","  86.0","*","  69.8","*"," 0.00","I","999.9","000000"
"76738399999","2022-12-15","18.103419","-94.580681","10.97","MINATITLAN, MX","  75.5","11","  71.8","11","9999.9"," 0","999.9"," 0","  4.7","11","  9.2","11"," 20.0"," 26.0","  80.6","*","  71.6","*","99.99"," ","999.9","010000"
"76738399999","2022-12-16","18.103419","-94.580681","10.97","MINATITLAN, MX","  74.9","12","  71.5","12","1011.5"," 4","999.9"," 0","  4.0","12","  3.5","12","  9.9","999.9","  80.6","*","  66.2","*"," 0.00","I","999.9","100000"
"76738399999","2022-12-17","18.103419","-94.580681","10.97","MINATITLAN, MX","  74.3","14","  72.0","14","1012.0"," 4","999.9"," 0","  3.7","14","  5.5","14"," 12.0","999.9","  78.8","*","  66.2","*"," 0.00","I","999.9","000000"
"76738399999","2022-12-18","18.103419","-94.580681","10.97","MINATITLAN, MX","  72.0","13","  70.2","13","1015.1"," 4","999.9"," 0","  4.6","13"," 11.7","13"," 20.0","999.9","  75.2","*","  69.8","*","99.99"," ","999.9","010000"
"76738399999","2022-12-19","18.103419","-94.580681","10.97","MINATITLAN, MX","  71.7","13","  70.1","13","1015.0"," 4","999.9"," 0","  5.3","13","  4.7","13"," 12.0","999.9","  75.2","*","  68.0","*"," 0.00","I","999.9","000000"
"76738399999","2022-12-20","18.103419","-94.580681","10.97","MINATITLAN, MX","  73.0","13","  71.6","13","1017.1"," 4","999.9"," 0","  5.3","13"," 12.4","13"," 29.9","999.9","  75.2","*","  69.8","*"," 0.00","I","999.9","000000"
"76738399999","2022-12-21","18.103419","-94.580681","10.97","MINATITLAN, MX","  68.8","13","  66.1","13","1017.6"," 4","999.9"," 0","  5.4","13"," 15.7","13"," 25.1","999.9","  69.8","*","  66.2","*"," 0.31","E","999.9","010000"
"76738399999","2022-12-22","18.103419","-94.580681","10.97","MINATITLAN, MX","  71.6","13","  68.1","13","1013.6"," 4","999.9"," 0","  7.2","13","  1.9","13","  9.9","999.9","  77.0","*","  64.4","*"," 0.00","I","999.9","000000"
"76738399999","2022-12-23","18.103419","-94.580681","10.97","MINATITLAN, MX","  71.7","13","  69.4","13","1018.0"," 4","999.9"," 0","  5.6","13"," 18.5","13"," 29.9"," 35.0","  75.2","*","  66.2","*","99.99"," ","999.9","010000"
"76738399999","2022-12-24","18.103419","-94.580681","10.97","MINATITLAN, MX","  63.7","13","  60.5","13","1022.6"," 4","999.9"," 0","  7.1","13"," 23.4","13"," 25.1"," 35.0","  66.2","*","  62.6","*"," 0.00","I","999.9","000000"
"76738399999","2022-12-25","18.103419","-94.580681","10.97","MINATITLAN, MX","  62.0","13","  60.9","13","1020.9"," 4","999.9"," 0","  5.8","13","  6.5","13"," 20.0","999.9","  64.4","*","  59.0","*"," 0.00","I","999.9","000000"
"76738399999","2022-12-26","18.103419","-94.580681","10.97","MINATITLAN, MX","  63.6","13","  62.7","13","9999.9"," 0","999.9"," 0","  3.3","13","  0.8","13","  9.9","999.9","  68.0","*","  59.0","*"," 1.50","E","999.9","010000"
"76738399999","2022-12-27","18.103419","-94.580681","10.97","MINATITLAN, MX","  67.0","13","  64.7","13","1021.2"," 4","999.9"," 0","  5.8","13","  3.0","13","  9.9","999.9","  71.6","*","  60.8","*"," 0.00","I","999.9","000000"
"76738399999","2022-12-28","18.103419","-94.580681","10.97","MINATITLAN, MX","  68.7","13","  65.1","13","1016.6"," 4","999.9"," 0","  5.7","13","  0.4","13","  5.1","999.9","  73.4","*","  57.2","*"," 0.00","I","999.9","000000"
"76738399999","2022-12-29","18.103419","-94.580681","10.97","MINATITLAN, MX","  73.0","13","  69.1","13","1012.5"," 4","999.9"," 0","  3.0","13","  0.0","13","999.9","999.9","  82.4","*","  62.6","*"," 0.00","I","999.9","100000"
"76738399999","2022-12-30","18.103419","-94.580681","10.97","MINATITLAN, MX","  74.9","13","  71.0","13","1011.5"," 4","999.9"," 0","  3.6","13","  0.5","13","  6.0","999.9","  84.2","*","  66.2","*"," 0.00","I","999.9","100000"
"76738399999","2022-12-31","18.103419","-94.580681","10.97","MINATITLAN, MX","  73.3","13","  71.6","13","1012.7"," 4","999.9"," 0","  1.8","13","  3.5","13"," 15.0","999.9","  84.2","*","  68.0","*"," 0.00","I","999.9","100000"
