"STATION","DATE","LATITUDE","LONGITUDE","ELEVATION","NAME","TEMP","TEMP_ATTRIBUTES","DEWP","DEWP_ATTRIBUTES","SLP","SLP_ATTRIBUTES","STP","STP_ATTRIBUTES","VISIB","VISIB_ATTRIBUTES","WDSP","WDSP_ATTRIBUTES","MXSPD","GUST","MAX","MAX_ATTRIBUTES","MIN","MIN_ATTRIBUTES","PRCP","PRCP_ATTRIBUTES","SNDP","FRSHTT"
"80002099999","2022-01-01","13.356944","-81.35833","3.04","EL EMBRUJO, CO","  82.2","14","  73.2","14","1013.2"," 5","013.1"," 5","  8.4","14","  9.4","14"," 15.9","999.9","  85.3"," ","  79.5"," "," 0.01","G","999.9","010000"
"80002099999","2022-01-02","13.356944","-81.35833","3.04","EL EMBRUJO, CO","  82.3","14","  73.7","14","1013.4"," 4","013.3"," 4","  8.4","14","  8.7","14"," 20.0","999.9","  84.9","*","  80.6","*"," 0.00","G","999.9","000000"
"80002099999","2022-01-03","13.356944","-81.35833","3.04","EL EMBRUJO, CO","  82.1","14","  73.5","14","1014.7"," 5","014.6"," 5","  8.4","14"," 17.7","13"," 25.1","999.9","  86.0","*","  78.8","*"," 0.00","G","999.9","010000"
"80002099999","2022-01-04","13.356944","-81.35833","3.04","EL EMBRUJO, CO","  82.0","14","  70.6","14","1015.1"," 5","015.0"," 5","  8.4","14"," 13.8","14"," 20.0","999.9","  85.8"," ","  79.7"," "," 0.00","G","999.9","000000"
"80002099999","2022-01-05","13.356944","-81.35833","3.04","EL EMBRUJO, CO","  80.3","13","  71.6","12","9999.9"," 0","999.9"," 0","  8.1","13"," 14.7","13"," 22.0","999.9","  82.4","*","  76.8"," "," 0.11","G","999.9","010000"
"80002099999","2022-01-06","13.356944","-81.35833","3.04","EL EMBRUJO, CO","  81.4","14","  70.7","14","1013.0"," 5","012.9"," 5","  8.4","14"," 13.7","13"," 18.1","999.9","  84.0"," ","  76.8"," "," 0.00","G","999.9","000000"
"80002099999","2022-01-07","13.356944","-81.35833","3.04","EL EMBRUJO, CO","  81.9","14","  71.5","14","1014.3"," 5","013.7"," 5","  8.4","14"," 12.8","14"," 15.9","999.9","  85.1"," ","  76.1"," "," 0.00","G","999.9","000000"
"80002099999","2022-01-08","13.356944","-81.35833","3.04","EL EMBRUJO, CO","  81.4","14","  72.0","14","1016.5"," 4","016.4"," 4","  8.0","14"," 13.4","14"," 18.1","999.9","  85.6"," ","  78.8","*"," 0.00","G","999.9","010000"
"80002099999","2022-01-09","13.356944","-81.35833","3.04","EL EMBRUJO, CO","  81.2","13","  73.6","13","1016.8"," 4","016.7"," 4","  8.1","13"," 15.1","13"," 20.0","999.9","  82.8","*","  78.8","*"," 0.00","G","999.9","000000"
"80002099999","2022-01-10","13.356944","-81.35833","3.04","EL EMBRUJO, CO","  80.5","14","  73.3","14","1016.4"," 4","016.3"," 4","  8.0","14"," 14.5","14"," 20.0","999.9","  85.6"," ","  77.0","*"," 0.08","A","999.9","000000"
"80002099999","2022-01-11","13.356944","-81.35833","3.04","EL EMBRUJO, CO","  81.1","14","  73.1","14","1016.2"," 5","016.1"," 5","  8.4","14"," 15.4","14"," 18.1","999.9","  83.8"," ","  75.4"," "," 0.08","G","999.9","000000"
"80002099999","2022-01-12","13.356944","-81.35833","3.04","EL EMBRUJO, CO","  81.2","14","  72.2","14","1015.8"," 5","015.7"," 5","  8.4","14"," 13.6","14"," 15.9","999.9","  82.4","*","  78.8","*"," 0.07","G","999.9","000000"
"80002099999","2022-01-13","13.356944","-81.35833","3.04","EL EMBRUJO, CO","  81.0","14","  72.0","14","1015.9"," 5","015.8"," 5","  8.4","14","  8.6","14"," 14.0","999.9","  84.6"," ","  78.4"," "," 0.00","G","999.9","000000"
"80002099999","2022-01-14","13.356944","-81.35833","3.04","EL EMBRUJO, CO","  80.1","13","  70.7","13","1015.7"," 5","015.6"," 5","  8.6","13"," 10.7","13"," 18.1","999.9","  85.1"," ","  74.8"," "," 0.00","G","999.9","000000"
"80002099999","2022-01-15","13.356944","-81.35833","3.04","EL EMBRUJO, CO","  80.1","14","  69.8","14","1015.8"," 5","015.7"," 5","  8.4","14"," 10.8","14"," 15.5","999.9","  84.9"," ","  77.0","*"," 0.00","G","999.9","000000"
"80002099999","2022-01-16","13.356944","-81.35833","3.04","EL EMBRUJO, CO","  80.7","14","  69.9","14","1015.1"," 4","015.0"," 4","  8.0","14","  6.4","14"," 12.0","999.9","  82.4","*","  77.0","*"," 0.00","G","999.9","000000"
"80002099999","2022-01-17","13.356944","-81.35833","3.04","EL EMBRUJO, CO","  79.8","12","  70.8","12","1015.6"," 4","015.6"," 4","  8.3","12","  7.1","12"," 12.0","999.9","  82.4","*","  74.1"," "," 0.00","G","999.9","000000"
"80002099999","2022-01-18","13.356944","-81.35833","3.04","EL EMBRUJO, CO","  80.9","14","  71.5","14","1015.4"," 4","015.3"," 4","  8.0","14"," 14.1","14"," 18.1","999.9","  84.2"," ","  77.0","*"," 0.00","G","999.9","000000"
"80002099999","2022-01-19","13.356944","-81.35833","3.04","EL EMBRUJO, CO","  81.2","13","  72.3","13","1015.3"," 4","015.2"," 4","  8.1","13"," 13.7","13"," 20.0","999.9","  82.8","*","  73.6"," "," 0.15","G","999.9","000000"
"80002099999","2022-01-20","13.356944","-81.35833","3.04","EL EMBRUJO, CO","  81.9","14","  73.3","14","1013.7"," 5","013.6"," 5","  8.4","14"," 14.5","14"," 22.0","999.9","  84.2"," ","  78.8","*"," 0.00","G","999.9","000000"
"80002099999","2022-01-21","13.356944","-81.35833","3.04","EL EMBRUJO, CO","  81.8","13","  73.9","13","1013.7"," 4","013.5"," 4","  8.1","13"," 14.0","13"," 22.0","999.9","  84.2","*","  78.6"," "," 0.00","G","999.9","000000"
"80002099999","2022-01-22","13.356944","-81.35833","3.04","EL EMBRUJO, CO","  81.6","13","  72.1","13","9999.9"," 0","999.9"," 0","  7.6","13"," 13.7","13"," 18.1","999.9","  82.8","*","  78.8","*"," 0.00","A","999.9","000000"
"80002099999","2022-01-23","13.356944","-81.35833","3.04","EL EMBRUJO, CO","  80.9","14","  72.7","14","9999.9"," 0","999.9"," 0","  8.0","14"," 13.5","14"," 17.5","999.9","  85.5"," ","  78.8","*"," 0.00","G","999.9","010000"
"80002099999","2022-01-24","13.356944","-81.35833","3.04","EL EMBRUJO, CO","  80.7","14","  71.7","14","1013.2"," 4","013.1"," 4","  7.8","14","  9.0","14"," 17.5","999.9","  84.9"," ","  77.0","*"," 0.00","H","999.9","010000"
"80002099999","2022-01-25","13.356944","-81.35833","3.04","EL EMBRUJO, CO","  81.5","14","  71.9","14","1013.6"," 5","013.5"," 5","  8.4","14","  9.4","14"," 17.1","999.9","  85.3"," ","  78.4"," "," 0.04","G","999.9","000000"
"80002099999","2022-01-26","13.356944","-81.35833","3.04","EL EMBRUJO, CO","  81.0","14","  70.8","14","1014.5"," 5","014.4"," 5","  8.4","14","  9.2","14"," 14.0","999.9","  85.3"," ","  78.8","*"," 0.00","G","999.9","000000"
"80002099999","2022-01-27","13.356944","-81.35833","3.04","EL EMBRUJO, CO","  80.8","12","  72.4","12","9999.9"," 0","999.9"," 0","  7.8","12","  9.2","12"," 14.0","999.9","  83.1","*","  77.0","*"," 0.00","G","999.9","000000"
"80002099999","2022-01-28","13.356944","-81.35833","3.04","EL EMBRUJO, CO","  81.0","13","  70.7","13","1015.2"," 4","015.2"," 4","  8.1","13","  7.5","13","  9.9","999.9","  82.4","*","  78.1"," "," 0.00","G","999.9","000000"
"80002099999","2022-01-29","13.356944","-81.35833","3.04","EL EMBRUJO, CO","  81.2","14","  70.8","14","1015.4"," 5","015.3"," 5","  8.6","13","  8.6","14"," 12.0","999.9","  84.9"," ","  78.1"," "," 0.00","G","999.9","000000"
"80002099999","2022-01-30","13.356944","-81.35833","3.04","EL EMBRUJO, CO","  79.2","13","  71.1","13","9999.9"," 0","999.9"," 0","  7.6","13"," 10.7","13"," 22.0","999.9","  83.1","*","  75.2","*","99.99"," ","999.9","010000"
"80002099999","2022-01-31","13.356944","-81.35833","3.04","EL EMBRUJO, CO","  78.3","13","  70.9","13","9999.9"," 0","999.9"," 0","  7.6","13"," 11.6","13"," 15.9","999.9","  80.6","*","  73.8"," "," 1.42","G","999.9","010000"
"80002099999","2022-02-01","13.356944","-81.35833","3.04","EL EMBRUJO, CO","  80.5","14","  71.8","14","1014.1"," 5","014.0"," 5","  8.4","14","  5.3","14"," 12.0","999.9","  82.4"," ","  56.1"," "," 0.10","G","999.9","000000"
"80002099999","2022-02-02","13.356944","-81.35833","3.04","EL EMBRUJO, CO","  81.2","13","  71.3","13","1013.3"," 5","013.2"," 5","  8.6","13"," 11.1","13"," 17.5","999.9","  84.2"," ","  77.4"," "," 0.00","G","999.9","000000"
"80002099999","2022-02-03","13.356944","-81.35833","3.04","EL EMBRUJO, CO","  81.4","13","  73.2","13","1014.3"," 4","014.2"," 4","  8.1","13","  7.8","13"," 14.0","999.9","  82.4","*","  76.3"," "," 0.02","G","999.9","000000"
"80002099999","2022-02-04","13.356944","-81.35833","3.04","EL EMBRUJO, CO","  81.4","14","  72.0","14","1016.1"," 4","016.1"," 4","  8.0","14"," 10.5","14"," 17.1","999.9","  84.6"," ","  78.1"," "," 0.00","G","999.9","000000"
"80002099999","2022-02-05","13.356944","-81.35833","3.04","EL EMBRUJO, CO","  80.9","13","  72.3","13","1015.8"," 4","015.7"," 4","  8.1","13"," 10.4","13"," 14.0","999.9","  85.6"," ","  77.0","*"," 0.00","A","999.9","000000"
"80002099999","2022-02-06","13.356944","-81.35833","3.04","EL EMBRUJO, CO","  81.0","13","  70.6","13","9999.9"," 0","999.9"," 0","  7.6","13"," 11.4","13"," 17.1","999.9","  82.4","*","  78.8","*"," 0.02","G","999.9","000000"
"80002099999","2022-02-07","13.356944","-81.35833","3.04","EL EMBRUJO, CO","  80.9","14","  70.2","14","1014.8"," 5","014.7"," 5","  8.4","14","  8.0","14","  9.9","999.9","  84.4"," ","  78.4"," "," 0.00","G","999.9","010000"
"80002099999","2022-02-08","13.356944","-81.35833","3.04","EL EMBRUJO, CO","  80.8","12","  70.4","12","1014.4"," 5","014.3"," 5","  8.8","12","  5.6","11","  8.0","999.9","  85.3"," ","  78.6"," "," 0.01","G","999.9","000000"
"80002099999","2022-02-09","13.356944","-81.35833","3.04","EL EMBRUJO, CO","  80.4","12","  70.7","12","1013.7"," 4","013.6"," 4","  8.3","12","  7.0","12","  9.9","999.9","  84.9"," ","  78.1"," "," 0.00","G","999.9","000000"
"80002099999","2022-02-10","13.356944","-81.35833","3.04","EL EMBRUJO, CO","  81.1","14","  73.1","14","1012.9"," 4","012.8"," 4","  8.0","14","  9.3","14"," 14.0","999.9","  85.3"," ","  76.3"," "," 0.00","G","999.9","000000"
"80002099999","2022-02-11","13.356944","-81.35833","3.04","EL EMBRUJO, CO","  81.3","14","  73.6","14","1013.1"," 4","013.0"," 4","  8.0","14"," 10.4","14"," 12.0","999.9","  82.4","*","  78.1"," "," 0.00","G","999.9","010000"
"80002099999","2022-02-12","13.356944","-81.35833","3.04","EL EMBRUJO, CO","  81.6","13","  72.5","13","1013.7"," 4","013.6"," 4","  8.1","13","  9.3","13"," 12.0","999.9","  82.8","*","  76.6"," "," 0.05","G","999.9","010000"
"80002099999","2022-02-13","13.356944","-81.35833","3.04","EL EMBRUJO, CO","  81.5","14","  72.7","14","1013.8"," 5","013.7"," 5","  8.4","14"," 10.9","14"," 15.9","999.9","  86.0"," ","  77.0"," "," 0.02","G","999.9","010000"
"80002099999","2022-02-14","13.356944","-81.35833","3.04","EL EMBRUJO, CO","  81.5","14","  73.3","14","9999.9"," 0","999.9"," 0","  7.5","14"," 13.8","14"," 19.0","999.9","  82.8","*","  80.6","*"," 0.00","G","999.9","000000"
"80002099999","2022-02-15","13.356944","-81.35833","3.04","EL EMBRUJO, CO","  81.7","14","  71.6","14","1015.9"," 5","015.8"," 5","  8.4","14"," 10.9","14"," 18.1","999.9","  85.3"," ","  78.8"," "," 0.00","G","999.9","010000"
"80002099999","2022-02-16","13.356944","-81.35833","3.04","EL EMBRUJO, CO","  82.0","12","  71.6","12","1016.5"," 4","016.5"," 4","  8.3","12"," 13.5","12"," 15.9","999.9","  84.2","*","  78.8"," "," 0.01","G","999.9","010000"
"80002099999","2022-02-17","13.356944","-81.35833","3.04","EL EMBRUJO, CO","  81.7","14","  72.5","14","1014.8"," 4","014.8"," 4","  8.0","14"," 12.2","14"," 15.9","999.9","  86.0"," ","  78.8","*"," 0.01","G","999.9","000000"
"80002099999","2022-02-18","13.356944","-81.35833","3.04","EL EMBRUJO, CO","  82.2","14","  71.8","14","1014.6"," 4","014.5"," 4","  8.0","14"," 11.4","14"," 15.9","999.9","  87.1","*","  79.2"," "," 0.00","G","999.9","000000"
"80002099999","2022-02-19","13.356944","-81.35833","3.04","EL EMBRUJO, CO","  82.1","13","  71.0","13","1017.8"," 4","015.2"," 4","  8.1","13"," 12.7","13"," 15.9"," 22.9","  86.4"," ","  78.8","*"," 0.03","G","999.9","000000"
"80002099999","2022-02-20","13.356944","-81.35833","3.04","EL EMBRUJO, CO","  81.3","13","  71.3","13","1016.0"," 5","015.9"," 5","  8.6","13","  9.5","13"," 15.9","999.9","  85.6"," ","  78.8"," "," 0.00","G","999.9","000000"
"80002099999","2022-02-21","13.356944","-81.35833","3.04","EL EMBRUJO, CO","  81.7","13","  71.8","13","1016.0"," 5","015.9"," 5","  8.6","13"," 11.0","13"," 15.9","999.9","  86.4"," ","  78.4"," "," 0.00","G","999.9","000000"
"80002099999","2022-02-22","13.356944","-81.35833","3.04","EL EMBRUJO, CO","  81.7","13","  71.7","13","9999.9"," 0","999.9"," 0","  7.6","13"," 11.7","13"," 15.9","999.9","  84.2","*","  78.1"," "," 0.01","G","999.9","000000"
"80002099999","2022-02-23","13.356944","-81.35833","3.04","EL EMBRUJO, CO","  81.2","14","  71.9","14","9999.9"," 0","999.9"," 0","  7.6","14"," 11.5","13"," 15.9","999.9","  82.4","*","  78.8","*"," 0.00","G","999.9","000000"
"80002099999","2022-02-24","13.356944","-81.35833","3.04","EL EMBRUJO, CO","  81.1","12","  72.4","12","1015.1"," 5","015.0"," 5","  8.8","12"," 11.3","12"," 15.5","999.9","  86.2"," ","  77.4"," "," 0.00","G","999.9","000000"
"80002099999","2022-02-25","13.356944","-81.35833","3.04","EL EMBRUJO, CO","  81.0","14","  71.4","14","1016.1"," 5","016.0"," 5","  8.4","14","  9.0","14"," 14.0","999.9","  85.6"," ","  75.9"," "," 0.05","G","999.9","010000"
"80002099999","2022-02-26","13.356944","-81.35833","3.04","EL EMBRUJO, CO","  81.4","14","  70.7","14","1016.5"," 5","016.4"," 5","  8.4","14","  9.8","14"," 12.0","999.9","  86.2"," ","  78.4"," "," 0.00","G","999.9","000000"
"80002099999","2022-02-27","13.356944","-81.35833","3.04","EL EMBRUJO, CO","  80.5","12","  70.2","12","1016.2"," 4","016.1"," 4","  8.3","12","  8.1","12"," 12.0","999.9","  82.4","*","  78.1"," "," 0.00","G","999.9","010000"
"80002099999","2022-02-28","13.356944","-81.35833","3.04","EL EMBRUJO, CO","  81.2","13","  71.2","13","1015.2"," 4","015.1"," 4","  8.1","13"," 12.4","13"," 17.1","999.9","  82.8","*","  78.1"," "," 0.01","G","999.9","000000"
"80002099999","2022-03-01","13.356944","-81.35833","3.04","EL EMBRUJO, CO","  81.2","14","  70.7","14","1014.9"," 5","014.8"," 5","  8.4","14"," 10.2","14"," 15.0","999.9","  86.0"," ","  78.1"," "," 0.00","G","999.9","000000"
"80002099999","2022-03-02","13.356944","-81.35833","3.04","EL EMBRUJO, CO","  81.2","13","  72.2","13","1015.3"," 4","015.5"," 4","  8.1","13"," 17.0","13"," 22.0","999.9","  82.8","*","  77.4"," "," 0.00","G","999.9","000000"
"80002099999","2022-03-03","13.356944","-81.35833","3.04","EL EMBRUJO, CO","  81.2","13","  73.6","13","9999.9"," 0","999.9"," 0","  7.2","13"," 13.0","13"," 22.0","999.9","  83.1","*","  77.0","*"," 0.00","I","999.9","000000"
"80002099999","2022-03-04","13.356944","-81.35833","3.04","EL EMBRUJO, CO","  81.5","14","  73.0","14","9999.9"," 0","999.9"," 0","  7.5","14"," 14.2","14"," 18.1","999.9","  82.8","*","  76.1"," "," 0.02","G","999.9","000000"
"80002099999","2022-03-05","13.356944","-81.35833","3.04","EL EMBRUJO, CO","  82.0","13","  72.9","13","1015.3"," 4","015.2"," 4","  8.1","13"," 11.7","13"," 17.5","999.9","  85.8"," ","  80.6","*"," 0.00","G","999.9","000000"
"80002099999","2022-03-06","13.356944","-81.35833","3.04","EL EMBRUJO, CO","  81.0","12","  73.0","12","1014.8"," 4","014.7"," 4","  8.3","12"," 13.2","12"," 17.1","999.9","  86.0"," ","  77.2"," "," 0.02","G","999.9","000000"
"80002099999","2022-03-07","13.356944","-81.35833","3.04","EL EMBRUJO, CO","  81.6","13","  73.3","13","1014.9"," 4","014.8"," 4","  7.6","13","  8.5","13"," 14.0","999.9","  82.8","*","  75.6"," "," 0.04","G","999.9","010000"
"80002099999","2022-03-08","13.356944","-81.35833","3.04","EL EMBRUJO, CO","  81.4","14","  72.5","14","1013.5"," 5","013.3"," 4","  8.0","14"," 13.5","14"," 20.0","999.9","  86.2"," ","  77.4"," "," 0.12","G","999.9","000000"
"80002099999","2022-03-09","13.356944","-81.35833","3.04","EL EMBRUJO, CO","  82.0","14","  72.9","14","1013.6"," 5","013.5"," 5","  8.4","14","  8.8","14"," 17.5","999.9","  86.4"," ","  78.1"," "," 0.01","G","999.9","010000"
"80002099999","2022-03-10","13.356944","-81.35833","3.04","EL EMBRUJO, CO","  81.5","12","  72.0","12","1014.6"," 4","014.5"," 4","  8.3","12"," 14.0","12"," 17.1","999.9","  82.8","*","  77.2"," "," 0.01","G","999.9","000000"
"80002099999","2022-03-11","13.356944","-81.35833","3.04","EL EMBRUJO, CO","  81.5","14","  72.5","14","1014.2"," 5","014.1"," 5","  8.4","14","  8.3","14"," 15.9","999.9","  86.5"," ","  78.8"," "," 0.00","G","999.9","000000"
"80002099999","2022-03-12","13.356944","-81.35833","3.04","EL EMBRUJO, CO","  82.0","12","  74.3","12","1014.2"," 4","014.1"," 4","  8.3","12"," 10.4","12"," 14.0","999.9","  84.2","*","  78.6"," "," 0.00","G","999.9","000000"
"80002099999","2022-03-13","13.356944","-81.35833","3.04","EL EMBRUJO, CO","  81.7","13","  73.6","13","1015.8"," 4","015.7"," 4","  8.1","13"," 11.0","13"," 15.9","999.9","  84.2","*","  75.6"," "," 0.29","G","999.9","010000"
"80002099999","2022-03-14","13.356944","-81.35833","3.04","EL EMBRUJO, CO","  82.2","14","  74.4","14","9999.9"," 0","999.9"," 0","  7.5","14"," 14.2","14"," 17.1","999.9","  89.4","*","  78.8","*"," 0.00","G","999.9","000000"
"80002099999","2022-03-15","13.356944","-81.35833","3.04","EL EMBRUJO, CO","  81.6","15","  73.0","15","1015.9"," 4","015.8"," 4","  7.9","15"," 11.6","15"," 18.1","999.9","  86.4"," ","  77.0"," "," 0.20","G","999.9","010000"
"80002099999","2022-03-16","13.356944","-81.35833","3.04","EL EMBRUJO, CO","  81.1","14","  73.6","14","1014.6"," 4","014.5"," 4","  8.0","14"," 15.3","14"," 20.0","999.9","  82.8","*","  78.6"," "," 0.09","G","999.9","000000"
"80002099999","2022-03-17","13.356944","-81.35833","3.04","EL EMBRUJO, CO","  80.8","14","  73.6","14","9999.9"," 0","013.6"," 4","  8.0","14","  8.6","14"," 12.0","999.9","  84.2","*","  75.9"," "," 0.31","G","999.9","010000"
"80002099999","2022-03-18","13.356944","-81.35833","3.04","EL EMBRUJO, CO","  80.7"," 9","  73.4"," 9","9999.9"," 0","013.8"," 4","  9.0"," 9"," 14.4"," 9"," 17.5","999.9","  84.7"," ","  78.8","*"," 0.17","G","999.9","000000"
"80002099999","2022-03-19","13.356944","-81.35833","3.04","EL EMBRUJO, CO","  81.8","12","  73.1","12","9999.9"," 0","999.9"," 0","  7.2","12"," 11.9","12"," 18.1","999.9","  82.4","*","  76.6"," "," 0.11","G","999.9","000000"
"80002099999","2022-03-20","13.356944","-81.35833","3.04","EL EMBRUJO, CO","  81.6","11","  72.5","11","9999.9"," 0","999.9"," 0","  7.3","11"," 14.7","11"," 17.1","999.9","  86.2"," ","  80.6","*"," 0.00","G","999.9","000000"
"80002099999","2022-03-21","13.356944","-81.35833","3.04","EL EMBRUJO, CO","  81.4","14","  73.0","14","1014.0"," 4","013.9"," 4","  8.0","14"," 10.9","14"," 15.9","999.9","  82.8","*","  78.8","*"," 0.00","G","999.9","000000"
"80002099999","2022-03-22","13.356944","-81.35833","3.04","EL EMBRUJO, CO","  81.4","12","  72.0","12","1013.0"," 4","012.9"," 4","  8.3","12"," 15.1","12"," 17.5","999.9","  86.0"," ","  78.8","*"," 0.08","G","999.9","010000"
"80002099999","2022-03-23","13.356944","-81.35833","3.04","EL EMBRUJO, CO","  81.9","14","  71.7","14","1012.8"," 5","012.7"," 5","  8.4","14","  9.8","14"," 17.5","999.9","  86.0"," ","  77.7"," "," 0.03","G","999.9","000000"
"80002099999","2022-03-24","13.356944","-81.35833","3.04","EL EMBRUJO, CO","  81.8","13","  72.2","13","1013.7"," 4","013.6"," 4","  8.1","13"," 16.6","13"," 24.1","999.9","  84.2","*","  78.8","*"," 0.00","G","999.9","000000"
"80002099999","2022-03-25","13.356944","-81.35833","3.04","EL EMBRUJO, CO","  81.5","14","  70.5","14","1014.1"," 4","014.0"," 4","  8.0","14","  8.4","13"," 12.0","999.9","  82.4","*","  78.8"," "," 0.00","G","999.9","000000"
"80002099999","2022-03-26","13.356944","-81.35833","3.04","EL EMBRUJO, CO","  81.2","13","  71.4","13","1013.5"," 5","013.4"," 5","  8.6","13"," 11.4","13"," 17.1","999.9","  86.2"," ","  78.8","*"," 0.00","G","999.9","000000"
"80002099999","2022-03-27","13.356944","-81.35833","3.04","EL EMBRUJO, CO","  81.7","14","  71.7","14","1013.9"," 4","013.8"," 4","  8.0","14","  9.9","14"," 12.0","999.9","  84.2","*","  78.1"," "," 0.03","G","999.9","000000"
"80002099999","2022-03-28","13.356944","-81.35833","3.04","EL EMBRUJO, CO","  81.6","13","  72.8","13","9999.9"," 0","999.9"," 0","  7.2","13"," 13.6","13"," 17.1","999.9","  82.8","*","  78.8","*"," 0.00","G","999.9","000000"
"80002099999","2022-03-29","13.356944","-81.35833","3.04","EL EMBRUJO, CO","  82.1","13","  73.4","13","9999.9"," 0","999.9"," 0","  7.6","13"," 11.6","13"," 15.9","999.9","  84.2","*","  78.1"," "," 0.00","G","999.9","000000"
"80002099999","2022-03-30","13.356944","-81.35833","3.04","EL EMBRUJO, CO","  81.8","14","  72.8","14","1013.4"," 5","013.3"," 5","  8.4","14"," 14.5","14"," 17.5","999.9","  85.6"," ","  78.8","*"," 0.00","G","999.9","000000"
"80002099999","2022-03-31","13.356944","-81.35833","3.04","EL EMBRUJO, CO","  82.0","12","  73.3","12","9999.9"," 0","999.9"," 0","  8.3","12","  9.2","12"," 14.0","999.9","  85.8"," ","  78.8"," "," 0.00","G","999.9","000000"
"80002099999","2022-04-01","13.356944","-81.35833","3.04","EL EMBRUJO, CO","  81.6","14","  72.4","14","1012.8"," 4","012.7"," 4","  8.4","14"," 15.6","14"," 20.0","999.9","  85.3"," ","  78.8","*"," 0.00","G","999.9","000000"
"80002099999","2022-04-02","13.356944","-81.35833","3.04","EL EMBRUJO, CO","  81.7","14","  73.9","14","1013.8"," 5","013.7"," 5","  8.4","14"," 10.0","14"," 12.0","999.9","  85.8"," ","  79.2"," "," 0.00","G","999.9","000000"
"80002099999","2022-04-03","13.356944","-81.35833","3.04","EL EMBRUJO, CO","  81.5","13","  74.3","13","1012.7"," 4","012.6"," 4","  8.1","13"," 14.5","13"," 17.5","999.9","  84.2","*","  79.2"," "," 0.02","G","999.9","000000"
"80002099999","2022-04-04","13.356944","-81.35833","3.04","EL EMBRUJO, CO","  81.6","13","  73.7","13","1012.1"," 5","012.0"," 5","  8.6","13","  9.5","13"," 13.6","999.9","  85.8"," ","  78.8"," "," 0.00","G","999.9","000000"
"80002099999","2022-04-05","13.356944","-81.35833","3.04","EL EMBRUJO, CO","  81.7","14","  74.4","14","1012.1"," 4","012.1"," 4","  7.9","14"," 14.5","14"," 17.5","999.9","  83.5","*","  79.2"," "," 0.00","G","999.9","000000"
"80002099999","2022-04-06","13.356944","-81.35833","3.04","EL EMBRUJO, CO","  82.1","14","  74.8","14","1011.6"," 5","011.5"," 5","  8.4","14","  8.3","14"," 14.0","999.9","  86.9"," ","  79.5"," "," 0.00","G","999.9","000000"
"80002099999","2022-04-07","13.356944","-81.35833","3.04","EL EMBRUJO, CO","  81.8","14","  74.1","14","9999.9"," 0","999.9"," 0","  7.5","14"," 15.0","14"," 20.0","999.9","  86.4"," ","  79.2"," "," 0.00","G","999.9","000000"
"80002099999","2022-04-08","13.356944","-81.35833","3.04","EL EMBRUJO, CO","  81.7","14","  74.0","14","1012.8"," 5","012.7"," 5","  8.4","14"," 10.0","14"," 14.0","999.9","  86.7"," ","  78.4"," "," 0.01","G","999.9","010000"
"80002099999","2022-04-09","13.356944","-81.35833","3.04","EL EMBRUJO, CO","  82.0","13","  73.4","13","9999.9"," 0","999.9"," 0","  7.6","13"," 15.5","13"," 20.0","999.9","  86.2"," ","  80.6","*"," 0.00","G","999.9","000000"
"80002099999","2022-04-10","13.356944","-81.35833","3.04","EL EMBRUJO, CO","  81.8","14","  73.3","14","9999.9"," 0","999.9"," 0","  7.2","14"," 12.1","14"," 23.3","999.9","  84.2","*","  78.8"," "," 0.00","G","999.9","000000"
"80002099999","2022-04-11","13.356944","-81.35833","3.04","EL EMBRUJO, CO","  82.1","14","  73.3","14","1013.5"," 5","013.1"," 4","  8.4","14"," 14.7","14"," 17.5","999.9","  85.6"," ","  77.4"," "," 0.03","G","999.9","000000"
"80002099999","2022-04-12","13.356944","-81.35833","3.04","EL EMBRUJO, CO","  82.5","13","  74.0","13","1013.0"," 4","012.9"," 4","  8.1","13","  9.1","13"," 14.0","999.9","  85.8"," ","  78.8"," "," 0.00","G","999.9","000000"
"80002099999","2022-04-13","13.356944","-81.35833","3.04","EL EMBRUJO, CO","  82.2","13","  74.6","13","1012.7"," 4","012.5"," 4","  8.2","13"," 14.1","12"," 17.5","999.9","  84.2","*","  79.5"," "," 0.00","G","999.9","000000"
"80002099999","2022-04-14","13.356944","-81.35833","3.04","EL EMBRUJO, CO","  82.4","13","  74.3","13","9999.9"," 0","999.9"," 0","  7.6","13"," 10.7","13"," 14.0","999.9","  86.4"," ","  79.2"," "," 0.00","G","999.9","000000"
"80002099999","2022-04-15","13.356944","-81.35833","3.04","EL EMBRUJO, CO","  82.2","13","  73.2","13","1012.3"," 4","012.2"," 4","  8.1","13"," 14.2","13"," 17.1","999.9","  86.0","*","  79.5"," "," 0.00","G","999.9","000000"
"80002099999","2022-04-16","13.356944","-81.35833","3.04","EL EMBRUJO, CO","  82.0","13","  72.9","13","1012.7"," 4","012.6"," 4","  8.1","13","  9.1","13","  9.9","999.9","  84.2","*","  78.8","*"," 0.00","G","999.9","000000"
"80002099999","2022-04-17","13.356944","-81.35833","3.04","EL EMBRUJO, CO","  81.8","14","  74.3","14","1011.5"," 4","011.3"," 5","  8.4","14"," 12.4","14"," 17.1","999.9","  86.4"," ","  79.5"," "," 0.00","G","999.9","000000"
"80002099999","2022-04-18","13.356944","-81.35833","3.04","EL EMBRUJO, CO","  82.1","15","  74.4","15","1011.8"," 4","011.4"," 5","  8.3","15","  8.8","15"," 12.0","999.9","  86.0"," ","  78.8"," "," 0.00","G","999.9","000000"
"80002099999","2022-04-19","13.356944","-81.35833","3.04","EL EMBRUJO, CO","  82.1","14","  73.7","14","9999.9"," 0","999.9"," 0","  7.5","14"," 14.1","14"," 17.5","999.9","  86.7"," ","  80.6","*"," 0.00","B","999.9","000000"
"80002099999","2022-04-20","13.356944","-81.35833","3.04","EL EMBRUJO, CO","  81.9","14","  73.7","14","1013.4"," 5","013.3"," 5","  8.4","14","  8.4","14"," 14.0","999.9","  84.2","*","  79.2"," "," 0.01","G","999.9","010000"
"80002099999","2022-04-21","13.356944","-81.35833","3.04","EL EMBRUJO, CO","  81.3","13","  74.6","13","1013.4"," 5","013.3"," 5","  8.6","13"," 12.7","13"," 17.5","999.9","  86.7"," ","  77.4"," "," 0.07","G","999.9","000000"
"80002099999","2022-04-22","13.356944","-81.35833","3.04","EL EMBRUJO, CO","  81.6","14","  75.1","14","1013.2"," 4","013.1"," 4","  8.0","14","  8.7","14"," 12.0","999.9","  85.1"," ","  78.8"," "," 0.01","G","999.9","010000"
"80002099999","2022-04-23","13.356944","-81.35833","3.04","EL EMBRUJO, CO","  81.5","14","  75.0","14","1012.6"," 4","012.5"," 4","  8.0","14"," 11.0","14"," 14.0","999.9","  86.2"," ","  78.8","*"," 0.07","G","999.9","000000"
"80002099999","2022-04-24","13.356944","-81.35833","3.04","EL EMBRUJO, CO","  78.9","14","  74.7","14","9999.9"," 0","999.9"," 0","  6.4","14"," 11.3","13"," 17.1","999.9","  85.6"," ","  75.2","*"," 0.14","G","999.9","010000"
"80002099999","2022-04-25","13.356944","-81.35833","3.04","EL EMBRUJO, CO","  81.7","14","  75.1","14","1011.7"," 5","011.6"," 5","  7.9","14"," 11.4","14"," 20.0","999.9","  83.1","*","  75.2"," "," 1.63","G","999.9","010000"
"80002099999","2022-04-26","13.356944","-81.35833","3.04","EL EMBRUJO, CO","  81.5","14","  75.3","14","1012.2"," 5","012.1"," 5","  8.4","14"," 10.8","14"," 15.9","999.9","  85.5"," ","  75.2"," "," 0.09","G","999.9","000000"
"80002099999","2022-04-27","13.356944","-81.35833","3.04","EL EMBRUJO, CO","  81.2","14","  75.0","14","1012.3"," 5","012.2"," 5","  8.4","14"," 15.3","14"," 20.0","999.9","  85.6"," ","  80.1"," "," 0.02","G","999.9","000000"
"80002099999","2022-04-28","13.356944","-81.35833","3.04","EL EMBRUJO, CO","  81.7","14","  73.7","14","1012.4"," 4","012.3"," 4","  8.0","14","  9.8","14"," 14.0","999.9","  82.4","*","  79.2"," "," 0.00","G","999.9","000000"
"80002099999","2022-04-29","13.356944","-81.35833","3.04","EL EMBRUJO, CO","  81.8","13","  72.3","13","1012.1"," 5","012.0"," 5","  8.6","13"," 15.2","13"," 17.5","999.9","  85.5"," ","  79.5"," "," 0.00","G","999.9","000000"
"80002099999","2022-04-30","13.356944","-81.35833","3.04","EL EMBRUJO, CO","  82.2","14","  75.2","14","9999.9"," 0","999.9"," 0","  7.5","14","  8.9","14"," 13.6","999.9","  86.4"," ","  79.9"," "," 0.00","G","999.9","000000"
"80002099999","2022-05-01","13.356944","-81.35833","3.04","EL EMBRUJO, CO","  79.9","14","  76.6","14","1011.2"," 4","010.9"," 5","  7.8","14"," 11.4","14"," 20.0","999.9","  86.5"," ","  75.2","*"," 0.02","G","999.9","010010"
"80002099999","2022-05-02","13.356944","-81.35833","3.04","EL EMBRUJO, CO","  81.9","14","  77.5","14","1011.5"," 5","011.4"," 5","  8.4","14","  8.5","14"," 14.0","999.9","  85.8"," ","  74.5"," "," 1.76","G","999.9","010000"
"80002099999","2022-05-03","13.356944","-81.35833","3.04","EL EMBRUJO, CO","  82.3","14","  76.9","14","1011.8"," 5","011.7"," 5","  8.4","14"," 14.3","14"," 18.1","999.9","  86.4"," ","  77.7"," "," 0.04","G","999.9","000000"
"80002099999","2022-05-04","13.356944","-81.35833","3.04","EL EMBRUJO, CO","  82.7","14","  76.9","14","1011.9"," 5","011.8"," 5","  8.4","14","  9.5","14"," 14.0","999.9","  87.1"," ","  79.9"," "," 0.00","G","999.9","000000"
"80002099999","2022-05-05","13.356944","-81.35833","3.04","EL EMBRUJO, CO","  81.8","14","  76.4","14","1012.9"," 5","012.8"," 5","  8.4","14"," 14.1","14"," 20.0","999.9","  87.1"," ","  79.5"," "," 0.02","G","999.9","010000"
"80002099999","2022-05-06","13.356944","-81.35833","3.04","EL EMBRUJO, CO","  82.5","13","  76.9","13","1014.2"," 4","014.1"," 4","  8.1","13"," 11.6","13"," 15.9","999.9","  84.6","*","  79.2"," "," 0.02","G","999.9","010000"
"80002099999","2022-05-07","13.356944","-81.35833","3.04","EL EMBRUJO, CO","  83.3","13","  77.1","13","1013.0"," 4","012.9"," 4","  8.1","13"," 13.9","13"," 17.5","999.9","  86.0","*","  79.2"," "," 0.00","G","999.9","000000"
"80002099999","2022-05-08","13.356944","-81.35833","3.04","EL EMBRUJO, CO","  83.2","14","  77.0","14","1012.0"," 5","011.9"," 5","  8.4","14"," 10.3","14"," 14.0","999.9","  84.6","*","  79.0"," "," 0.00","G","999.9","000000"
"80002099999","2022-05-09","13.356944","-81.35833","3.04","EL EMBRUJO, CO","  82.6","12","  75.6","12","9999.9"," 0","999.9"," 0","  7.8","12","  9.4","12"," 14.0","999.9","  84.6","*","  78.8","*"," 0.00","A","999.9","000000"
"80002099999","2022-05-10","13.356944","-81.35833","3.04","EL EMBRUJO, CO","  81.7","14","  76.1","14","1012.3"," 4","012.3"," 4","  8.0","14"," 10.7","14"," 15.0","999.9","  88.3"," ","  77.2"," "," 0.04","G","999.9","000000"
"80002099999","2022-05-11","13.356944","-81.35833","3.04","EL EMBRUJO, CO","  81.0","14","  75.8","14","1011.6"," 4","011.4"," 5","  8.4","14"," 12.0","14"," 14.0","999.9","  86.4"," ","  77.0","*"," 0.98","G","999.9","010000"
"80002099999","2022-05-12","13.356944","-81.35833","3.04","EL EMBRUJO, CO","  81.7","13","  75.8","13","1010.3"," 5","010.2"," 5","  8.6","13"," 14.2","13"," 17.5","999.9","  86.5"," ","  78.6"," "," 0.48","G","999.9","000000"
"80002099999","2022-05-13","13.356944","-81.35833","3.04","EL EMBRUJO, CO","  82.5","13","  76.8","13","1010.7"," 4","010.6"," 4","  8.1","13"," 11.0","13"," 17.1","999.9","  86.0"," ","  79.2"," "," 0.02","G","999.9","000000"
"80002099999","2022-05-14","13.356944","-81.35833","3.04","EL EMBRUJO, CO","  81.7","12","  76.7","12","1011.2"," 4","011.1"," 4","  8.3","12","  9.6","12"," 17.5","999.9","  86.7"," ","  78.8","*"," 0.00","G","999.9","010000"
"80002099999","2022-05-15","13.356944","-81.35833","3.04","EL EMBRUJO, CO","  82.2","14","  77.3","14","1011.4"," 5","011.3"," 5","  8.4","14"," 10.6","14"," 14.0","999.9","  87.3"," ","  77.9"," "," 0.35","G","999.9","000000"
"80002099999","2022-05-16","13.356944","-81.35833","3.04","EL EMBRUJO, CO","  80.8","14","  77.0","14","1012.4"," 5","012.3"," 5","  8.4","14","  9.0","14"," 17.5","999.9","  87.1"," ","  77.0","*"," 0.26","G","999.9","010000"
"80002099999","2022-05-17","13.356944","-81.35833","3.04","EL EMBRUJO, CO","  82.8","13","  77.4","13","9999.9"," 0","999.9"," 0","  8.1","13"," 12.3","13"," 17.5","999.9","  84.2","*","  77.4"," "," 0.99","G","999.9","000000"
"80002099999","2022-05-18","13.356944","-81.35833","3.04","EL EMBRUJO, CO","  79.5","13","  76.2","13","1014.8"," 5","014.7"," 5","  7.9","13","  6.7","13"," 18.1","999.9","  86.4"," ","  75.2","*"," 0.00","G","999.9","010000"
"80002099999","2022-05-19","13.356944","-81.35833","3.04","EL EMBRUJO, CO","  82.4","13","  77.2","13","9999.9"," 0","013.0"," 4","  8.1","13","  8.2","13"," 14.0","999.9","  84.2","*","  75.6"," "," 1.68","G","999.9","010000"
"80002099999","2022-05-20","13.356944","-81.35833","3.04","EL EMBRUJO, CO","  82.3","14","  76.9","14","1013.3"," 5","013.2"," 5","  8.4","14","  6.8","14"," 12.0","999.9","  86.7"," ","  77.4"," "," 0.10","G","999.9","010000"
"80002099999","2022-05-21","13.356944","-81.35833","3.04","EL EMBRUJO, CO","  81.2","13","  76.2","13","9999.9"," 0","999.9"," 0","  7.5","13","  7.0","13"," 15.9","999.9","  84.2","*","  75.2","*"," 0.00","G","999.9","010010"
"80002099999","2022-05-22","13.356944","-81.35833","3.04","EL EMBRUJO, CO","  82.7","14","  75.8","14","1015.3"," 5","015.2"," 5","  8.4","14"," 11.0","14"," 18.1","999.9","  86.0"," ","  73.8"," "," 0.55","G","999.9","010000"
"80002099999","2022-05-23","13.356944","-81.35833","3.04","EL EMBRUJO, CO","  82.6","13","  75.3","13","1013.6"," 5","013.5"," 5","  8.5","13"," 10.5","13"," 14.0","999.9","  86.4"," ","  78.8","*"," 0.00","G","999.9","010000"
"80002099999","2022-05-24","13.356944","-81.35833","3.04","EL EMBRUJO, CO","  83.3","13","  76.4","13","1011.3"," 4","011.2"," 4","  8.1","13","  9.9","13"," 15.9","999.9","  84.6","*","  79.9"," "," 0.20","G","999.9","000000"
"80002099999","2022-05-25","13.356944","-81.35833","3.04","EL EMBRUJO, CO","  83.9","14","  77.2","14","9999.9"," 0","011.7"," 5","  8.4","14","  7.9","14"," 14.0","999.9","  87.3"," ","  80.2"," "," 0.03","G","999.9","000000"
"80002099999","2022-05-26","13.356944","-81.35833","3.04","EL EMBRUJO, CO","  83.6","13","  76.9","13","1013.1"," 5","013.0"," 5","  8.6","13","  9.4","13"," 14.0","999.9","  86.7"," ","  80.6","*"," 0.00","G","999.9","000000"
"80002099999","2022-05-27","13.356944","-81.35833","3.04","EL EMBRUJO, CO","  82.8","14","  76.6","14","1013.1"," 4","013.0"," 4","  8.0","14","  8.8","14"," 14.0","999.9","  84.6","*","  80.6","*"," 0.00","G","999.9","010000"
"80002099999","2022-05-28","13.356944","-81.35833","3.04","EL EMBRUJO, CO","  83.7","14","  76.4","14","1012.0"," 5","012.0"," 5","  8.4","14"," 14.9","14"," 17.5","999.9","  87.6"," ","  81.3"," "," 0.11","G","999.9","000000"
"80002099999","2022-05-29","13.356944","-81.35833","3.04","EL EMBRUJO, CO","  83.6","13","  76.2","13","1011.3"," 4","011.5"," 4","  8.1","13"," 19.1","13"," 22.0","999.9","  84.9","*","  81.0"," "," 0.06","G","999.9","000000"
"80002099999","2022-05-30","13.356944","-81.35833","3.04","EL EMBRUJO, CO","  83.3","14","  76.3","14","1011.3"," 5","011.2"," 5","  8.4","14"," 10.3","14"," 17.5","999.9","  86.9"," ","  80.6"," "," 0.00","G","999.9","010000"
"80002099999","2022-05-31","13.356944","-81.35833","3.04","EL EMBRUJO, CO","  83.6","14","  76.7","14","1011.1"," 5","010.8"," 5","  8.4","14"," 15.0","14"," 20.0","999.9","  87.8"," ","  81.3"," "," 0.02","G","999.9","000000"
"80002099999","2022-06-01","13.356944","-81.35833","3.04","EL EMBRUJO, CO","  80.8","14","  76.2","14","1010.6"," 5","010.5"," 5","  7.7","14","  4.6","14"," 14.0","999.9","  87.3"," ","  77.0","*"," 0.62","G","999.9","010010"
"80002099999","2022-06-02","13.356944","-81.35833","3.04","EL EMBRUJO, CO","  82.3","13","  76.6","13","9999.9"," 0","999.9"," 0","  7.6","13","  8.8","13"," 14.0","999.9","  84.2","*","  78.8"," "," 0.02","G","999.9","000000"
"80002099999","2022-06-03","13.356944","-81.35833","3.04","EL EMBRUJO, CO","  82.5","14","  76.4","14","1011.1"," 4","011.0"," 4","  7.5","14","  6.6","14","  9.9","999.9","  86.4"," ","  78.1"," "," 0.19","G","999.9","010000"
"80002099999","2022-06-04","13.356944","-81.35833","3.04","EL EMBRUJO, CO","  83.2","14","  76.5","14","1010.9"," 4","010.8"," 4","  8.0","14"," 12.1","14"," 17.5","999.9","  86.5"," ","  78.8","*"," 0.00","G","999.9","000000"
"80002099999","2022-06-05","13.356944","-81.35833","3.04","EL EMBRUJO, CO","  82.9","12","  76.7","12","9999.9"," 0","999.9"," 0","  7.8","12","  6.7","11","  8.0","999.9","  86.2"," ","  78.8","*"," 0.00","G","999.9","000000"
"80002099999","2022-06-06","13.356944","-81.35833","3.04","EL EMBRUJO, CO","  83.4","14","  77.5","14","1011.4"," 5","011.2"," 5","  8.4","14"," 10.4","14"," 14.0","999.9","  87.8"," ","  79.9"," "," 0.00","G","999.9","000000"
"80002099999","2022-06-07","13.356944","-81.35833","3.04","EL EMBRUJO, CO","  83.2","14","  76.9","14","1011.7"," 5","011.6"," 5","  8.4","14","  6.9","14","  9.9","999.9","  88.0"," ","  79.2"," "," 0.07","G","999.9","010000"
"80002099999","2022-06-08","13.356944","-81.35833","3.04","EL EMBRUJO, CO","  84.0","13","  77.2","13","1011.8"," 5","011.7"," 5","  8.6","13"," 11.1","13"," 17.5","999.9","  87.4"," ","  78.6"," "," 0.14","G","999.9","000000"
"80002099999","2022-06-09","13.356944","-81.35833","3.04","EL EMBRUJO, CO","  84.0","12","  76.9","12","9999.9"," 0","999.9"," 0","  7.1","12"," 10.1","12"," 15.9","999.9","  86.0","*","  78.8","*"," 0.00","G","999.9","010000"
"80002099999","2022-06-10","13.356944","-81.35833","3.04","EL EMBRUJO, CO","  77.8","14","  74.6","14","1012.4"," 4","012.2"," 4","  6.8","14"," 14.5","14"," 22.0","999.9","  88.3"," ","  71.6","*"," 0.00","H","999.9","010010"
"80002099999","2022-06-11","13.356944","-81.35833","3.04","EL EMBRUJO, CO","  82.6","13","  75.3","13","1011.7"," 5","011.4"," 5","  8.4","13"," 12.9","13"," 18.1","999.9","  91.9","*","  72.7"," "," 4.54","G","999.9","010010"
"80002099999","2022-06-12","13.356944","-81.35833","3.04","EL EMBRUJO, CO","  81.4","11","  75.8","11","1012.9"," 4","012.8"," 4","  7.8","11"," 14.2","11"," 19.0","999.9","  82.4","*","  77.4"," "," 0.09","G","999.9","010000"
"80002099999","2022-06-13","13.356944","-81.35833","3.04","EL EMBRUJO, CO","  76.9","14","  73.5","14","1012.7"," 5","012.6"," 5","  4.8","13","  7.6","14"," 14.0","999.9","  84.2"," ","  73.4","*"," 0.98","G","999.9","010010"
"80002099999","2022-06-14","13.356944","-81.35833","3.04","EL EMBRUJO, CO","  81.3","14","  75.3","14","1012.3"," 5","012.2"," 5","  7.1","14"," 17.3","14"," 24.1","999.9","  84.2","*","  72.9"," "," 2.96","G","999.9","010010"
"80002099999","2022-06-15","13.356944","-81.35833","3.04","EL EMBRUJO, CO","  78.6","13","  73.4","13","1012.0"," 4","011.9"," 4","  6.5","12","  6.8","13"," 17.1","999.9","  83.5"," ","  73.4","*"," 0.00","G","999.9","010000"
"80002099999","2022-06-16","13.356944","-81.35833","3.04","EL EMBRUJO, CO","  80.1","14","  75.1","14","1012.8"," 4","012.7"," 4","  7.9","14","  4.3","14"," 14.0","999.9","  83.1"," ","  72.5"," "," 2.76","G","999.9","010000"
"80002099999","2022-06-17","13.356944","-81.35833","3.04","EL EMBRUJO, CO","  82.1","13","  76.5","13","1012.3"," 5","012.2"," 5","  8.6","13","  5.8","13","  9.9","999.9","  84.2","*","  74.8"," "," 0.41","G","999.9","010000"
"80002099999","2022-06-18","13.356944","-81.35833","3.04","EL EMBRUJO, CO","  82.6","13","  76.6","13","1011.2"," 4","011.1"," 4","  8.1","13","  6.4","13","  9.9","999.9","  87.3"," ","  78.6"," "," 0.01","G","999.9","000000"
"80002099999","2022-06-19","13.356944","-81.35833","3.04","EL EMBRUJO, CO","  81.8","14","  76.9","14","1011.4"," 4","011.2"," 4","  7.5","14","  9.5","13"," 15.9","999.9","  86.9"," ","  77.0","*"," 0.13","G","999.9","010010"
"80002099999","2022-06-20","13.356944","-81.35833","3.04","EL EMBRUJO, CO","  81.5","11","  75.8","11","9999.9"," 0","999.9"," 0","  7.8","11"," 15.9","11"," 20.0","999.9","  87.1"," ","  77.0"," "," 0.17","G","999.9","010010"
"80002099999","2022-06-21","13.356944","-81.35833","3.04","EL EMBRUJO, CO","  82.3","14","  75.9","14","1014.6"," 5","014.5"," 5","  8.4","14","  9.0","14"," 14.0","999.9"," 103.8"," ","  75.6"," "," 0.37","G","999.9","010000"
"80002099999","2022-06-22","13.356944","-81.35833","3.04","EL EMBRUJO, CO","  83.4","13","  75.3","13","1013.1"," 5","013.0"," 5","  8.6","13"," 13.0","13"," 20.0","999.9","  86.7"," ","  79.3"," "," 0.00","G","999.9","000000"
"80002099999","2022-06-23","13.356944","-81.35833","3.04","EL EMBRUJO, CO","  78.9","14","  75.3","14","1011.0"," 4","010.9"," 4","  5.9","14","  7.8","14"," 14.0","999.9","  87.3"," ","  77.0","*"," 0.12","A","999.9","010010"
"80002099999","2022-06-24","13.356944","-81.35833","3.04","EL EMBRUJO, CO","  80.2","14","  75.5","14","9999.9"," 0","999.9"," 0","  6.8","14"," 14.7","14"," 17.5","999.9","  84.2","*","  75.2","*"," 1.57","A","999.9","010010"
"80002099999","2022-06-25","13.356944","-81.35833","3.04","EL EMBRUJO, CO","  82.0","13","  76.6","13","9999.9"," 0","999.9"," 0","  7.6","13","  8.7","13"," 14.0","999.9","  84.6","*","  77.0","*","99.99"," ","999.9","010000"
"80002099999","2022-06-26","13.356944","-81.35833","3.04","EL EMBRUJO, CO","  82.9","14","  75.1","14","1013.9"," 5","014.0"," 5","  8.4","14"," 12.8","14"," 17.5","999.9","  87.3"," ","  78.3"," "," 0.01","G","999.9","000000"
"80002099999","2022-06-27","13.356944","-81.35833","3.04","EL EMBRUJO, CO","  83.3","14","  74.2","14","1012.8"," 4","012.7"," 4","  8.0","14"," 12.3","14"," 17.5","999.9","  84.2","*","  78.6"," "," 0.00","G","999.9","000000"
"80002099999","2022-06-28","13.356944","-81.35833","3.04","EL EMBRUJO, CO","  83.3","10","  74.4","10","1014.7"," 5","014.6"," 5","  9.3","10"," 11.8","10"," 14.0","999.9","  84.2","*","  78.3"," "," 0.03","G","999.9","000000"
"80002099999","2022-06-29","13.356944","-81.35833","3.04","EL EMBRUJO, CO","  83.4","14","  76.6","14","1015.3"," 5","015.1"," 5","  8.4","14"," 13.5","14"," 19.0","999.9","  87.3"," ","  79.9"," "," 0.20","G","999.9","010000"
"80002099999","2022-06-30","13.356944","-81.35833","3.04","EL EMBRUJO, CO","  82.9","13","  76.0","13","1014.6"," 4","014.4"," 4","  8.1","13"," 16.3","13"," 19.4","999.9","  84.9","*","  80.6"," "," 0.02","G","999.9","000000"
"80002099999","2022-07-01","13.356944","-81.35833","3.04","EL EMBRUJO, CO","  80.9","22","  76.6","22","1011.3"," 5","011.2"," 5","  7.5","22"," 15.6","22"," 26.0","999.9","  87.1"," ","  77.0","*"," 0.00","G","999.9","010010"
"80002099999","2022-07-02","13.356944","-81.35833","3.04","EL EMBRUJO, CO","  82.7","23","  76.6","23","1011.1"," 8","011.0"," 8","  7.2","23","  9.3","23"," 15.9","999.9","  84.2","*","  77.0"," "," 0.61","G","999.9","010010"
"80002099999","2022-07-03","13.356944","-81.35833","3.04","EL EMBRUJO, CO","  82.8","19","  77.0","19","1012.6"," 6","012.5"," 6","  8.2","19"," 10.4","19"," 20.0","999.9","  86.0"," ","  79.2"," "," 0.02","G","999.9","010000"
"80002099999","2022-07-04","13.356944","-81.35833","3.04","EL EMBRUJO, CO","  82.6","24","  77.5","24","1013.2"," 8","013.1"," 8","  7.9","24"," 12.9","24"," 20.0","999.9","  84.2","*","  78.8","*"," 0.29","G","999.9","010010"
"80002099999","2022-07-05","13.356944","-81.35833","3.04","EL EMBRUJO, CO","  82.2","23","  76.8","23","1013.5"," 8","013.3"," 8","  7.2","23"," 10.2","22"," 18.1","999.9","  83.1","*","  80.6","*"," 0.00","G","999.9","010000"
"80002099999","2022-07-06","13.356944","-81.35833","3.04","EL EMBRUJO, CO","  82.9","14","  76.6","14","1013.0"," 5","012.9"," 5","  8.0","14"," 15.0","14"," 17.5","999.9","  84.2","*","  79.0"," "," 0.28","A","999.9","000000"
"80002099999","2022-07-07","13.356944","-81.35833","3.04","EL EMBRUJO, CO","  83.4","14","  77.1","14","1012.6"," 5","012.5"," 5","  8.4","14","  9.6","14"," 14.0","999.9","  86.0","*","  80.6","*"," 0.05","G","999.9","010000"
"80002099999","2022-07-08","13.356944","-81.35833","3.04","EL EMBRUJO, CO","  83.1","14","  76.0","14","9999.9"," 0","999.9"," 0","  7.5","14"," 15.1","14"," 20.0","999.9","  84.2","*","  80.6","*"," 0.01","G","999.9","000000"
"80002099999","2022-07-09","13.356944","-81.35833","3.04","EL EMBRUJO, CO","  83.0","13","  75.6","13","1014.3"," 5","014.2"," 5","  8.5","13"," 12.6","13"," 18.1","999.9","  84.2","*","  80.6"," "," 0.00","G","999.9","010000"
"80002099999","2022-07-10","13.356944","-81.35833","3.04","EL EMBRUJO, CO","  82.6","14","  76.8","14","1013.6"," 5","013.5"," 5","  8.4","14"," 14.9","14"," 17.5","999.9","  86.5"," ","  78.4"," "," 0.15","G","999.9","000000"
"80002099999","2022-07-11","13.356944","-81.35833","3.04","EL EMBRUJO, CO","  83.1","14","  77.5","14","1012.6"," 5","012.5"," 5","  8.4","14"," 11.1","14"," 17.5","999.9","  85.6"," ","  76.6"," "," 0.41","G","999.9","000000"
"80002099999","2022-07-12","13.356944","-81.35833","3.04","EL EMBRUJO, CO","  83.3","13","  76.7","13","1012.8"," 4","012.7"," 4","  8.1","13"," 15.0","13"," 20.0","999.9","  86.0"," ","  82.0"," "," 0.00","G","999.9","000000"
"80002099999","2022-07-13","13.356944","-81.35833","3.04","EL EMBRUJO, CO","  83.4","13","  76.8","13","1013.9"," 4","013.8"," 4","  8.1","13"," 11.6","13"," 18.1","999.9","  84.9","*","  80.6","*"," 0.01","G","999.9","010000"
"80002099999","2022-07-14","13.356944","-81.35833","3.04","EL EMBRUJO, CO","  83.9","13","  77.4","13","1014.6"," 5","014.5"," 5","  8.6","13"," 14.2","13"," 20.0","999.9","  86.7"," ","  80.1"," "," 0.02","G","999.9","000000"
"80002099999","2022-07-15","13.356944","-81.35833","3.04","EL EMBRUJO, CO","  83.6","11","  76.7","11","1014.9"," 4","014.8"," 4","  8.5","11","  8.6","11"," 12.0","999.9","  84.9","*","  80.2"," "," 0.00","G","999.9","000000"
"80002099999","2022-07-16","13.356944","-81.35833","3.04","EL EMBRUJO, CO","  83.0","13","  75.3","13","1013.8"," 4","013.7"," 4","  8.1","13"," 12.1","13"," 17.1","999.9","  84.6","*","  80.6"," "," 0.00","G","999.9","000000"
"80002099999","2022-07-17","13.356944","-81.35833","3.04","EL EMBRUJO, CO","  83.7","14","  76.1","14","1012.7"," 4","012.5"," 4","  8.0","14"," 14.0","14"," 17.1","999.9","  86.0","*","  77.7"," "," 0.09","G","999.9","000010"
"80002099999","2022-07-18","13.356944","-81.35833","3.04","EL EMBRUJO, CO","  83.8","13","  77.1","13","1013.0"," 4","012.9"," 4","  8.1","13"," 12.7","13"," 17.5","999.9","  86.0","*","  81.7"," "," 0.03","G","999.9","000000"
"80002099999","2022-07-19","13.356944","-81.35833","3.04","EL EMBRUJO, CO","  83.5","14","  76.7","14","1013.0"," 4","012.9"," 4","  8.4","14"," 11.3","14"," 15.9","999.9","  86.0","*","  81.0"," "," 0.02","G","999.9","000000"
"80002099999","2022-07-20","13.356944","-81.35833","3.04","EL EMBRUJO, CO","  83.7","11","  75.3","11","1013.1"," 5","013.0"," 5","  9.0","11"," 15.0","11"," 17.5","999.9","  87.8"," ","  79.9"," "," 0.03","G","999.9","000000"
"80002099999","2022-07-21","13.356944","-81.35833","3.04","EL EMBRUJO, CO","  82.7","12","  76.7","12","1012.0"," 4","011.9"," 4","  8.3","12"," 10.4","12"," 15.0","999.9","  84.2","*","  79.2"," "," 0.00","G","999.9","000000"
"80002099999","2022-07-22","13.356944","-81.35833","3.04","EL EMBRUJO, CO","  82.8","13","  76.9","13","1012.5"," 5","012.4"," 5","  8.6","13"," 10.4","13"," 17.5","999.9","  85.8"," ","  79.2"," "," 0.17","G","999.9","000000"
"80002099999","2022-07-23","13.356944","-81.35833","3.04","EL EMBRUJO, CO","  83.6","13","  76.6","13","1014.2"," 4","013.9"," 4","  8.1","13","  9.3","13"," 12.0","999.9","  84.6","*","  78.8"," "," 0.00","G","999.9","000000"
"80002099999","2022-07-24","13.356944","-81.35833","3.04","EL EMBRUJO, CO","  83.6","14","  75.4","14","1013.4"," 5","013.3"," 5","  8.4","14"," 11.0","14"," 17.1","999.9","  87.1"," ","  80.6","*"," 0.01","G","999.9","000000"
"80002099999","2022-07-25","13.356944","-81.35833","3.04","EL EMBRUJO, CO","  82.8","14","  75.7","14","1013.3"," 4","013.2"," 4","  8.0","14","  7.9","14"," 14.0","999.9","  88.0"," ","  78.8","*"," 0.09","G","999.9","010000"
"80002099999","2022-07-26","13.356944","-81.35833","3.04","EL EMBRUJO, CO","  83.3","14","  75.2","14","1013.8"," 4","013.7"," 4","  8.0","14","  9.1","14"," 14.0","999.9","  86.0","*","  78.4"," "," 0.05","G","999.9","000000"
"80002099999","2022-07-27","13.356944","-81.35833","3.04","EL EMBRUJO, CO","  83.3","13","  75.2","13","1014.1"," 4","014.0"," 4","  8.1","13"," 13.4","13"," 20.0","999.9","  84.9","*","  75.9"," "," 0.00","G","999.9","000000"
"80002099999","2022-07-28","13.356944","-81.35833","3.04","EL EMBRUJO, CO","  83.3","12","  75.1","12","1013.9"," 5","013.8"," 5","  8.8","12","  9.2","12"," 14.0","999.9","  88.7"," ","  75.6"," "," 0.20","G","999.9","010000"
"80002099999","2022-07-29","13.356944","-81.35833","3.04","EL EMBRUJO, CO","  83.2","10","  75.4","10","1013.2"," 4","013.1"," 4","  8.9","10","  8.9"," 8"," 12.0","999.9","  84.2","*","  79.9","*"," 0.40","G","999.9","010000"
"80002099999","2022-07-30","13.356944","-81.35833","3.04","EL EMBRUJO, CO","  83.4","13","  76.6","13","9999.9"," 0","999.9"," 0","  7.6","13"," 14.5","13"," 17.5","999.9","  86.0","*","  80.6","*"," 0.00","G","999.9","010010"
"80002099999","2022-07-31","13.356944","-81.35833","3.04","EL EMBRUJO, CO","  84.3","14","  77.8","14","1013.4"," 4","013.3"," 4","  8.0","14"," 10.3","14"," 15.9","999.9","  86.7"," ","  78.1"," "," 0.11","G","999.9","010000"
"80002099999","2022-08-01","13.356944","-81.35833","3.04","EL EMBRUJO, CO","  82.7","13","  76.7","13","1013.3"," 5","013.2"," 5","  8.6","13"," 16.1","13"," 20.0","999.9","  88.2"," ","  77.0","*"," 0.05","G","999.9","000000"
"80002099999","2022-08-02","13.356944","-81.35833","3.04","EL EMBRUJO, CO","  83.4","13","  76.9","13","1012.5"," 5","012.4"," 5","  8.6","13"," 13.8","13"," 20.0","999.9","  84.2","*","  76.6"," "," 0.15","G","999.9","010000"
"80002099999","2022-08-03","13.356944","-81.35833","3.04","EL EMBRUJO, CO","  83.0","13","  75.5","13","1012.9"," 5","012.8"," 5","  8.6","13"," 13.5","13"," 17.5","999.9","  85.3"," ","  78.8","*"," 0.06","G","999.9","000000"
"80002099999","2022-08-04","13.356944","-81.35833","3.04","EL EMBRUJO, CO","  78.6","13","  75.0","13","1012.8"," 4","012.7"," 4","  4.9","12","  6.6","13"," 12.0","999.9","  82.4","*","  73.4","*"," 0.19","G","999.9","010000"
"80002099999","2022-08-05","13.356944","-81.35833","3.04","EL EMBRUJO, CO","  80.3","14","  76.3","14","1012.6"," 5","012.3"," 5","  7.7","14","  9.3","14"," 14.0","999.9","  84.2"," ","  72.9"," "," 2.64","G","999.9","010010"
"80002099999","2022-08-06","13.356944","-81.35833","3.04","EL EMBRUJO, CO","  82.8","14","  76.1","14","1012.7"," 5","012.4"," 4","  8.3","14"," 10.3","14"," 15.9","999.9","  84.9","*","  72.7"," "," 2.77","G","999.9","010010"
"80002099999","2022-08-07","13.356944","-81.35833","3.04","EL EMBRUJO, CO","  81.1","14","  76.3","14","1012.0"," 5","011.8"," 4","  8.4","14"," 11.8","14"," 17.1","999.9","  86.5"," ","  77.0","*"," 0.06","G","999.9","010010"
"80002099999","2022-08-08","13.356944","-81.35833","3.04","EL EMBRUJO, CO","  82.1","13","  76.9","13","1012.0"," 5","011.9"," 5","  8.6","13","  9.9","13"," 17.5","999.9","  84.4"," ","  75.2"," "," 1.40","G","999.9","010000"
"80002099999","2022-08-09","13.356944","-81.35833","3.04","EL EMBRUJO, CO","  83.5","12","  77.0","12","1011.5"," 5","011.4"," 5","  8.8","12"," 10.5","12"," 14.0","999.9","  86.0","*","  79.2"," "," 0.10","G","999.9","000000"
"80002099999","2022-08-10","13.356944","-81.35833","3.04","EL EMBRUJO, CO","  82.4","10","  76.9","10","1012.7"," 4","012.6"," 4","  8.7","10","  9.3","10"," 15.9","999.9","  87.4"," ","  78.8"," "," 0.07","G","999.9","010010"
"80002099999","2022-08-11","13.356944","-81.35833","3.04","EL EMBRUJO, CO","  83.5","12","  78.1","12","1012.9"," 5","012.8"," 5","  8.8","12"," 13.8","12"," 17.5","999.9","  85.1","*","  79.0"," "," 0.11","G","999.9","010000"
"80002099999","2022-08-12","13.356944","-81.35833","3.04","EL EMBRUJO, CO","  80.2","12","  75.6","12","1013.3"," 4","013.5"," 5","  8.8","12","  6.1","11"," 14.0","999.9","  86.4"," ","  77.0","*"," 0.33","G","999.9","010010"
"80002099999","2022-08-13","13.356944","-81.35833","3.04","EL EMBRUJO, CO","  83.4","14","  76.8","14","1013.9"," 5","013.8"," 5","  8.4","14","  3.6","14","  8.0","999.9","  86.0","*","  77.5"," "," 0.19","G","999.9","000010"
"80002099999","2022-08-14","13.356944","-81.35833","3.04","EL EMBRUJO, CO","  83.2","14","  77.1","14","1013.2"," 4","013.3"," 5","  8.4","14","  6.5","14"," 12.0","999.9","  86.7"," ","  78.8"," "," 0.05","G","999.9","010000"
"80002099999","2022-08-15","13.356944","-81.35833","3.04","EL EMBRUJO, CO","  83.1","12","  75.8","12","1012.7"," 4","012.6"," 5","  8.8","12"," 11.1","12"," 14.0","999.9","  87.4"," ","  78.6"," "," 0.07","G","999.9","000000"
"80002099999","2022-08-16","13.356944","-81.35833","3.04","EL EMBRUJO, CO","  81.3","13","  76.7","13","1012.6"," 5","012.5"," 5","  8.5","13","  7.3","13"," 14.0","999.9","  87.6"," ","  74.8"," "," 2.54","G","999.9","010000"
"80002099999","2022-08-17","13.356944","-81.35833","3.04","EL EMBRUJO, CO","  83.4","14","  77.2","14","1012.5"," 4","012.4"," 4","  8.0","14","  5.0","14","  8.0","999.9","  86.0","*","  78.1"," "," 0.22","G","999.9","000010"
"80002099999","2022-08-18","13.356944","-81.35833","3.04","EL EMBRUJO, CO","  83.9","13","  76.5","13","1013.0"," 5","012.9"," 5","  8.6","13","  8.1","13"," 12.0","999.9","  86.0","*","  76.8"," "," 0.04","G","999.9","000010"
"80002099999","2022-08-19","13.356944","-81.35833","3.04","EL EMBRUJO, CO","  83.7","14","  77.7","14","1012.4"," 4","012.3"," 4","  8.0","14","  9.6","14"," 14.0","999.9","  85.1","*","  80.6","*"," 0.00","G","999.9","000000"
"80002099999","2022-08-20","13.356944","-81.35833","3.04","EL EMBRUJO, CO","  84.1","13","  77.5","13","1013.0"," 5","012.9"," 5","  8.6","13","  7.0","13","  8.0","999.9","  87.3"," ","  81.5"," "," 0.00","A","999.9","000000"
"80002099999","2022-08-21","13.356944","-81.35833","3.04","EL EMBRUJO, CO","  84.0","14","  77.0","14","1012.8"," 5","012.7"," 5","  8.4","14","  8.2","14","  9.9","999.9","  88.3"," ","  78.4"," "," 0.00","G","999.9","000000"
"80002099999","2022-08-22","13.356944","-81.35833","3.04","EL EMBRUJO, CO","  81.9","14","  76.0","14","1012.0"," 5","011.9"," 5","  8.1","14","  7.1","14"," 14.0","999.9","  88.5"," ","  77.0","*"," 0.07","G","999.9","010010"
"80002099999","2022-08-23","13.356944","-81.35833","3.04","EL EMBRUJO, CO","  82.0","11","  75.3","11","1011.4"," 4","011.3"," 4","  8.5","11","  5.2","11","  9.9","999.9","  88.5"," ","  77.4"," "," 0.36","G","999.9","000010"
"80002099999","2022-08-24","13.356944","-81.35833","3.04","EL EMBRUJO, CO","  83.4","14","  75.8","14","1012.0"," 5","011.9"," 5","  8.4","14","  6.2","14","  9.9","999.9","  86.9"," ","  76.5"," "," 0.02","G","999.9","000000"
"80002099999","2022-08-25","13.356944","-81.35833","3.04","EL EMBRUJO, CO","  83.7","14","  74.1","14","1013.2"," 5","013.1"," 5","  8.4","14","  5.5","14","  8.0","999.9","  87.4"," ","  78.8","*"," 0.00","G","999.9","010000"
"80002099999","2022-08-26","13.356944","-81.35833","3.04","EL EMBRUJO, CO","  83.3","14","  77.2","14","1013.2"," 4","013.1"," 4","  7.9","14","  7.5","14"," 12.0","999.9","  87.4"," ","  78.1"," "," 0.11","G","999.9","010010"
"80002099999","2022-08-27","13.356944","-81.35833","3.04","EL EMBRUJO, CO","  83.9","14","  76.6","14","1012.3"," 5","012.2"," 5","  8.4","14","  8.2","14","  9.9","999.9","  87.1"," ","  79.9"," "," 0.25","G","999.9","000000"
"80002099999","2022-08-28","13.356944","-81.35833","3.04","EL EMBRUJO, CO","  84.2","14","  75.8","13","1011.5"," 5","011.4"," 5","  8.4","14","  6.1","14"," 12.0","999.9","  88.2"," ","  79.5"," "," 0.00","G","999.9","000000"
"80002099999","2022-08-29","13.356944","-81.35833","3.04","EL EMBRUJO, CO","  82.9","13","  76.2","13","9999.9"," 0","999.9"," 0","  7.2","13","  5.2","13","  9.9","999.9","  86.0","*","  80.2"," "," 0.00","I","999.9","000000"
"80002099999","2022-08-30","13.356944","-81.35833","3.04","EL EMBRUJO, CO","  81.2","14","  76.1","14","1012.7"," 5","012.6"," 5","  7.8","14","  3.2","14","  8.0","999.9","  84.2","*","  77.7"," "," 0.03","G","999.9","010010"
"80002099999","2022-08-31","13.356944","-81.35833","3.04","EL EMBRUJO, CO","  82.8","14","  77.3","14","1012.2"," 5","012.1"," 5","  8.4","14","  8.6","14"," 14.0","999.9","  86.0","*","  78.1"," "," 0.20","G","999.9","000000"
"80002099999","2022-09-01","13.356944","-81.35833","3.04","EL EMBRUJO, CO","  81.6","13","  76.5","13","1011.8"," 4","011.7"," 4","  7.5","13","  6.7","13"," 14.0","999.9","  84.4","*","  74.5"," "," 3.38","G","999.9","010010"
"80002099999","2022-09-02","13.356944","-81.35833","3.04","EL EMBRUJO, CO","  83.5","14","  75.6","14","1011.2"," 5","011.1"," 5","  8.4","14"," 11.4","14"," 14.0","999.9","  86.0","*","  75.9"," "," 0.01","G","999.9","000000"
"80002099999","2022-09-03","13.356944","-81.35833","3.04","EL EMBRUJO, CO","  84.0","14","  76.4","14","1011.6"," 5","011.5"," 5","  8.3","14","  8.6","14"," 12.0","999.9","  86.7"," ","  79.9"," "," 0.01","G","999.9","010000"
"80002099999","2022-09-04","13.356944","-81.35833","3.04","EL EMBRUJO, CO","  83.9","14","  76.5","14","1011.4"," 5","011.3"," 5","  8.4","14","  8.2","14"," 14.0","999.9","  87.8"," ","  81.3"," "," 0.00","G","999.9","000000"
"80002099999","2022-09-05","13.356944","-81.35833","3.04","EL EMBRUJO, CO","  83.8","14","  76.8","14","1012.8"," 5","012.7"," 5","  8.5","14","  7.9","13","  9.9","999.9","  88.0"," ","  78.8"," "," 0.02","G","999.9","000000"
"80002099999","2022-09-06","13.356944","-81.35833","3.04","EL EMBRUJO, CO","  83.0","12","  77.3","12","1013.1"," 4","013.2"," 5","  8.8","12","  6.6","12","  9.9","999.9","  87.4"," ","  80.1"," "," 0.01","G","999.9","010000"
"80002099999","2022-09-07","13.356944","-81.35833","3.04","EL EMBRUJO, CO","  84.0","14","  77.9","14","1013.1"," 5","013.0"," 5","  8.4","14","  6.1","14","  8.0","999.9","  88.0"," ","  78.4"," "," 0.23","G","999.9","010000"
"80002099999","2022-09-08","13.356944","-81.35833","3.04","EL EMBRUJO, CO","  84.0","13","  77.4","13","1010.9"," 5","010.8"," 5","  8.6","13","  4.5","13","  8.0","999.9","  88.0"," ","  80.2","*"," 0.00","G","999.9","010000"
"80002099999","2022-09-09","13.356944","-81.35833","3.04","EL EMBRUJO, CO","  84.3","14","  78.1","14","1010.1"," 5","010.0"," 5","  8.4","14","  7.3","14"," 12.0","999.9","  89.1"," ","  77.4"," "," 0.11","G","999.9","000000"
"80002099999","2022-09-10","13.356944","-81.35833","3.04","EL EMBRUJO, CO","  84.2","14","  77.4","14","1012.1"," 4","012.2"," 5","  8.4","14","  5.4","14","  8.0","999.9","  88.3"," ","  81.5"," "," 0.00","G","999.9","000010"
"80002099999","2022-09-11","13.356944","-81.35833","3.04","EL EMBRUJO, CO","  85.0","14","  77.8","13","1013.8"," 4","014.0"," 5","  8.4","14","  9.5","14"," 14.0","999.9","  86.9"," ","  78.4"," "," 0.00","G","999.9","000000"
"80002099999","2022-09-12","13.356944","-81.35833","3.04","EL EMBRUJO, CO","  83.5","14","  77.7","13","1013.2"," 4","012.9"," 5","  8.4","14","  6.4","14"," 14.0","999.9","  88.2"," ","  77.0","*"," 0.00","G","999.9","000010"
"80002099999","2022-09-13","13.356944","-81.35833","3.04","EL EMBRUJO, CO","  84.4","14","  76.7","14","1011.6"," 5","011.5"," 5","  8.4","14","  5.5","14","  9.9","999.9","  88.0"," ","  78.1"," "," 0.22","G","999.9","000000"
"80002099999","2022-09-14","13.356944","-81.35833","3.04","EL EMBRUJO, CO","  84.6","11","  76.2","11","1011.7"," 4","011.4"," 4","  8.5","11"," 11.1","11"," 18.1","999.9","  89.2"," ","  79.9"," "," 0.22","G","999.9","000000"
"80002099999","2022-09-15","13.356944","-81.35833","3.04","EL EMBRUJO, CO","  81.3","13","  74.2","13","1012.8"," 4","012.7"," 4","  8.0","13","  6.1","13","  9.9","999.9","  83.1","*","  77.0","*"," 0.05","G","999.9","010010"
"80002099999","2022-09-16","13.356944","-81.35833","3.04","EL EMBRUJO, CO","  82.9","13","  76.1","13","9999.9"," 0","999.9"," 0","  7.6","13","  3.4","13","  8.0","999.9","  86.0","*","  77.0","*"," 0.16","G","999.9","000010"
"80002099999","2022-09-17","13.356944","-81.35833","3.04","EL EMBRUJO, CO","  83.1","14","  77.1","14","1012.3"," 4","011.8"," 5","  8.4","14","  6.1","14"," 12.0","999.9","  86.0","*","  76.6"," "," 0.56","G","999.9","000000"
"80002099999","2022-09-18","13.356944","-81.35833","3.04","EL EMBRUJO, CO","  82.8","14","  76.4","14","9999.9"," 0","011.0"," 4","  8.4","14","  3.7","14"," 12.0","999.9","  87.1"," ","  77.9"," "," 0.04","G","999.9","010000"
"80002099999","2022-09-19","13.356944","-81.35833","3.04","EL EMBRUJO, CO","  84.0","14","  77.1","14","1011.2"," 5","011.1"," 5","  8.4","14","  4.5","14","  9.9","999.9","  87.3"," ","  77.7"," "," 0.00","G","999.9","000000"
"80002099999","2022-09-20","13.356944","-81.35833","3.04","EL EMBRUJO, CO","  83.6","13","  75.6","13","1011.0"," 4","010.9"," 4","  8.1","13","  7.2","13"," 15.0","999.9","  89.4"," ","  80.6","*"," 0.00","G","999.9","000010"
"80002099999","2022-09-21","13.356944","-81.35833","3.04","EL EMBRUJO, CO","  84.0","14","  76.1","14","1011.3"," 5","011.2"," 5","  8.4","14","  3.2","14","  6.0","999.9","  87.6"," ","  80.2"," "," 0.00","B","999.9","000000"
"80002099999","2022-09-22","13.356944","-81.35833","3.04","EL EMBRUJO, CO","  83.6","14","  75.7","14","9999.9"," 0","999.9"," 0","  7.5","14","  6.3","14"," 14.0","999.9","  89.2"," ","  78.8","*"," 0.00","A","999.9","000000"
"80002099999","2022-09-23","13.356944","-81.35833","3.04","EL EMBRUJO, CO","  83.7","13","  75.4","13","1012.2"," 5","012.1"," 5","  8.6","13","  5.1","13","  9.9","999.9","  89.2"," ","  76.3"," "," 0.00","A","999.9","000000"
"80002099999","2022-09-24","13.356944","-81.35833","3.04","EL EMBRUJO, CO","  84.3","14","  76.3","14","1011.1"," 5","011.0"," 5","  8.4","14","  8.3","14"," 14.0","999.9","  88.9"," ","  78.8"," "," 0.00","G","999.9","000000"
"80002099999","2022-09-25","13.356944","-81.35833","3.04","EL EMBRUJO, CO","  82.3","14","  76.5","14","1008.0"," 4","008.0"," 4","  8.0","14","  2.7","14","  9.7","999.9","  89.6"," ","  75.4"," "," 0.34","G","999.9","000010"
"80002099999","2022-09-26","13.356944","-81.35833","3.04","EL EMBRUJO, CO","  83.1","14","  77.3","14","1009.3"," 5","009.2"," 5","  7.9","14","  4.7","14","  8.0","999.9","  87.3"," ","  76.6"," "," 0.26","G","999.9","010000"
"80002099999","2022-09-27","13.356944","-81.35833","3.04","EL EMBRUJO, CO","  82.3","14","  76.7","14","1010.7"," 5","010.9"," 5","  8.4","14","  6.5","14"," 14.0","999.9","  88.9"," ","  80.4"," "," 0.34","G","999.9","010000"
"80002099999","2022-09-28","13.356944","-81.35833","3.04","EL EMBRUJO, CO","  84.1","14","  76.6","14","1012.0"," 5","011.9"," 5","  8.4","14","  4.5","14","  8.0","999.9","  87.4"," ","  77.0"," "," 0.02","G","999.9","000000"
"80002099999","2022-09-29","13.356944","-81.35833","3.04","EL EMBRUJO, CO","  83.9","14","  76.0","14","1011.2"," 5","011.1"," 5","  8.4","14","  4.1","14","  8.0","999.9","  89.2"," ","  78.8"," "," 0.00","G","999.9","000000"
"80002099999","2022-09-30","13.356944","-81.35833","3.04","EL EMBRUJO, CO","  82.8","14","  76.4","14","1009.5"," 5","009.4"," 5","  8.4","14","  4.0","14","  9.9","999.9","  89.2"," ","  76.6"," "," 0.05","G","999.9","000000"
"80002099999","2022-10-01","13.356944","-81.35833","3.04","EL EMBRUJO, CO","  82.6","14","  75.8","14","1010.7"," 4","010.6"," 4","  8.0","14","  5.8","14","  8.0","999.9","  84.4","*","  79.5"," "," 0.00","G","999.9","010010"
"80002099999","2022-10-02","13.356944","-81.35833","3.04","EL EMBRUJO, CO","  79.7","14","  75.7","13","1012.4"," 5","012.3"," 5","  7.0","14","  4.5","14","  9.9","999.9","  86.9"," ","  75.2","*"," 0.25","G","999.9","010010"
"80002099999","2022-10-03","13.356944","-81.35833","3.04","EL EMBRUJO, CO","  81.6","14","  76.2","14","1012.9"," 4","012.8"," 4","  8.4","14","  4.7","14","  9.9","999.9","  91.0"," ","  74.8"," "," 2.60","G","999.9","010000"
"80002099999","2022-10-04","13.356944","-81.35833","3.04","EL EMBRUJO, CO","  84.0","14","  77.5","14","1011.4"," 5","011.3"," 5","  8.4","14","  4.3","14","  9.9","999.9","  87.3"," ","  77.0"," "," 0.03","G","999.9","010000"
"80002099999","2022-10-05","13.356944","-81.35833","3.04","EL EMBRUJO, CO","  82.9","12","  77.2","12","1011.7"," 5","011.6"," 5","  8.8","12","  4.6","12","  9.9","999.9","  86.0","*","  77.2"," "," 0.19","G","999.9","010000"
"80002099999","2022-10-06","13.356944","-81.35833","3.04","EL EMBRUJO, CO","  84.6","14","  78.1","14","1012.2"," 4","012.1"," 4","  8.0","14","  9.3","14"," 14.0","999.9","  86.4","*","  78.1"," "," 0.21","G","999.9","010000"
"80002099999","2022-10-07","13.356944","-81.35833","3.04","EL EMBRUJO, CO","  82.2","13","  77.2","13","1011.2"," 4","011.2"," 4","  7.6","13","  9.1","13"," 14.0","999.9","  84.6","*","  76.8"," "," 0.22","G","999.9","010000"
"80002099999","2022-10-08","13.356944","-81.35833","3.04","EL EMBRUJO, CO","  80.5","16","  76.6","16","9999.9"," 0","999.9"," 0","  7.8","16"," 14.0","16"," 25.1","999.9","  87.3"," ","  77.0","*"," 0.90","G","999.9","010000"
"80002099999","2022-10-09","13.356944","-81.35833","3.04","EL EMBRUJO, CO","  83.7"," 7","  77.6"," 7","9999.9"," 0","999.9"," 0","  8.0"," 7","  9.9"," 7"," 15.9","999.9","  84.2","*","  82.4","*"," 0.00","G","999.9","000000"
"80002099999","2022-10-10","13.356944","-81.35833","3.04","EL EMBRUJO, CO","  81.3","11","  76.4","11","9999.9"," 0","999.9"," 0","  7.8","11","  7.7","11"," 15.0","999.9","  86.0"," ","  74.7","*"," 0.49","G","999.9","010010"
"80002099999","2022-10-11","13.356944","-81.35833","3.04","EL EMBRUJO, CO","  84.3","14","  77.4","14","1013.0"," 4","012.9"," 4","  8.0","14","  7.4","14"," 12.0","999.9","  86.0","*","  75.6"," "," 0.00","G","999.9","000000"
"80002099999","2022-10-12","13.356944","-81.35833","3.04","EL EMBRUJO, CO","  84.7","14","  77.6","14","1012.8"," 5","012.7"," 5","  8.4","14"," 12.0","14"," 17.5","999.9","  87.4"," ","  76.8"," "," 1.07","G","999.9","000000"
"80002099999","2022-10-13","13.356944","-81.35833","3.04","EL EMBRUJO, CO","  82.6","11","  76.5","11","1011.8"," 4","011.7"," 4","  8.5","11","  3.2","11","  8.0","999.9","  86.0","*","  75.2","*"," 0.04","G","999.9","010000"
"80002099999","2022-10-14","13.356944","-81.35833","3.04","EL EMBRUJO, CO","  83.4","13","  75.6","13","9999.9"," 0","999.9"," 0","  8.1","13","  3.5","13","  9.9","999.9","  86.0","*","  78.8","*"," 0.00","G","999.9","000000"
"80002099999","2022-10-15","13.356944","-81.35833","3.04","EL EMBRUJO, CO","  82.7","13","  76.3","13","1011.3"," 5","011.8"," 5","  8.6","13","  2.0","13","  4.1","999.9","  87.8"," ","  77.4"," "," 0.01","G","999.9","000000"
"80002099999","2022-10-16","13.356944","-81.35833","3.04","EL EMBRUJO, CO","  84.3","11","  76.2","11","1012.1"," 5","012.0"," 5","  9.0","11"," 11.0","11"," 17.1","999.9","  87.4"," ","  76.5"," "," 0.30","G","999.9","000000"
"80002099999","2022-10-17","13.356944","-81.35833","3.04","EL EMBRUJO, CO","  84.2","12","  76.5","12","1011.8"," 5","011.7"," 5","  8.8","12","  4.2","12","  7.8","999.9","  87.1"," ","  77.4"," "," 0.30","G","999.9","000000"
"80002099999","2022-10-18","13.356944","-81.35833","3.04","EL EMBRUJO, CO","  83.6","13","  76.0","13","1011.7"," 4","011.6"," 4","  8.3","13","  4.2","11","999.9","999.9","  87.8","*","  75.6"," "," 0.00","G","999.9","010000"
"80002099999","2022-10-19","13.356944","-81.35833","3.04","EL EMBRUJO, CO","  84.3","14","  75.7","14","1011.8"," 4","011.7"," 4","  8.0","14","  7.1","14","  9.9","999.9","  87.4"," ","  77.0"," "," 0.41","G","999.9","000000"
"80002099999","2022-10-20","13.356944","-81.35833","3.04","EL EMBRUJO, CO","  84.1","12","  76.2","12","1012.5"," 5","012.4"," 5","  8.8","12","  5.1","12","  9.9","999.9","  86.0","*","  79.5"," "," 0.00","G","999.9","000000"
"80002099999","2022-10-21","13.356944","-81.35833","3.04","EL EMBRUJO, CO","  84.7","13","  76.7","13","1011.7"," 4","011.6"," 4","  8.1","13","  6.7","13","  9.9","999.9","  86.0","*","  78.4"," "," 0.00","G","999.9","000000"
"80002099999","2022-10-22","13.356944","-81.35833","3.04","EL EMBRUJO, CO","  84.2","14","  76.7","14","1011.9"," 5","011.8"," 5","  8.4","14","  6.8","14","  9.9","999.9","  86.0","*","  79.2"," "," 0.00","G","999.9","000000"
"80002099999","2022-10-23","13.356944","-81.35833","3.04","EL EMBRUJO, CO","  84.6","14","  76.1","14","1011.2"," 4","011.1"," 4","  8.0","14","  8.0","14"," 14.0","999.9","  88.2"," ","  80.6","*"," 0.00","G","999.9","000000"
"80002099999","2022-10-24","13.356944","-81.35833","3.04","EL EMBRUJO, CO","  82.7","14","  76.0","14","1012.5"," 5","012.4"," 5","  8.4","14","  7.5","14"," 17.1","999.9","  84.6","*","  78.8","*"," 0.03","G","999.9","010000"
"80002099999","2022-10-25","13.356944","-81.35833","3.04","EL EMBRUJO, CO","  83.8","14","  76.4","14","1011.9"," 5","011.8"," 5","  8.4","14","  5.0","14","  9.7","999.9","  86.7"," ","  77.0"," "," 0.00","G","999.9","000000"
"80002099999","2022-10-26","13.356944","-81.35833","3.04","EL EMBRUJO, CO","  84.2","14","  76.2","14","1012.0"," 4","011.9"," 4","  8.0","14","  6.5","14","  8.0","999.9","  86.0","*","  78.3"," "," 0.00","G","999.9","000000"
"80002099999","2022-10-27","13.356944","-81.35833","3.04","EL EMBRUJO, CO","  83.4","14","  74.0","14","1011.1"," 5","011.0"," 5","  8.4","14","  3.6","14","  7.8","999.9","  88.2"," ","  74.1"," "," 0.00","G","999.9","000000"
"80002099999","2022-10-28","13.356944","-81.35833","3.04","EL EMBRUJO, CO","  84.0","14","  74.1","14","1012.2"," 5","012.1"," 5","  8.4","14","  4.5","13","  8.0","999.9","  86.0","*","  74.8"," "," 0.00","G","999.9","000000"
"80002099999","2022-10-29","13.356944","-81.35833","3.04","EL EMBRUJO, CO","  82.9","14","  74.9","14","1012.9"," 5","012.8"," 5","  8.4","14","  3.8","14","  8.0","999.9","  86.0","*","9999.9"," "," 0.11","G","999.9","000000"
"80002099999","2022-10-30","13.356944","-81.35833","3.04","EL EMBRUJO, CO","  83.5","14","  74.3","14","1011.5"," 4","011.4"," 4","  8.0","14","  5.4","14"," 14.0","999.9","  87.8"," ","  77.0","*"," 0.00","G","999.9","000000"
"80002099999","2022-10-31","13.356944","-81.35833","3.04","EL EMBRUJO, CO","  83.2","14","  74.6","14","1010.1"," 5","010.0"," 5","  8.4","14","  4.1","14","  9.9","999.9","  88.7"," ","  80.1"," "," 0.00","G","999.9","000000"
"80002099999","2022-11-01","13.356944","-81.35833","3.04","EL EMBRUJO, CO","  83.5","14","  76.5","14","1011.2"," 5","010.8"," 5","  8.4","14","  4.4","14"," 14.0","999.9","  86.0","*","  80.1"," "," 0.28","G","999.9","000000"
"80002099999","2022-11-02","13.356944","-81.35833","3.04","EL EMBRUJO, CO","  82.0","14","  76.5","14","1012.8"," 5","012.7"," 5","  8.4","14","  5.4","14","  9.9","999.9","  88.2"," ","  77.4"," "," 0.00","G","999.9","000000"
"80002099999","2022-11-03","13.356944","-81.35833","3.04","EL EMBRUJO, CO","  82.1","14","  76.7","14","1012.5"," 4","012.4"," 4","  8.0","14","  5.1","14"," 15.0","999.9","  86.0","*","  73.8"," "," 0.67","G","999.9","010000"
"80002099999","2022-11-04","13.356944","-81.35833","3.04","EL EMBRUJO, CO","  83.4","14","  76.8","14","1011.4"," 5","011.3"," 5","  8.4","14","  7.0","14"," 14.0","999.9","  86.0"," ","  76.6"," "," 0.20","G","999.9","010000"
"80002099999","2022-11-05","13.356944","-81.35833","3.04","EL EMBRUJO, CO","  83.1","14","  76.0","14","1010.3"," 5","010.2"," 5","  8.4","14","  2.9","14","  6.0","999.9","  86.0","*","  75.4"," "," 0.21","G","999.9","000000"
"80002099999","2022-11-06","13.356944","-81.35833","3.04","EL EMBRUJO, CO","  83.5","13","  74.2","13","1010.6"," 5","010.5"," 5","  8.6","13","  4.0","13","  6.0","999.9","  88.2"," ","  80.6","*"," 0.00","G","999.9","000000"
"80002099999","2022-11-07","13.356944","-81.35833","3.04","EL EMBRUJO, CO","  83.3","13","  72.7","13","1011.4"," 5","011.3"," 5","  8.8","12","  6.2","13","  9.9","999.9","  87.3"," ","  77.7"," "," 0.00","B","999.9","000000"
"80002099999","2022-11-08","13.356944","-81.35833","3.04","EL EMBRUJO, CO","  83.3","14","  72.8","14","1011.8"," 4","011.7"," 4","  8.0","14","  5.3","14"," 14.0","999.9","  86.0"," ","  70.9"," "," 0.00","A","999.9","000000"
"80002099999","2022-11-09","13.356944","-81.35833","3.04","EL EMBRUJO, CO","  81.3","14","  75.7","14","1011.5"," 5","011.4"," 5","  8.3","14","  3.0","14","  9.7","999.9","  89.1"," ","  72.5"," "," 0.00","H","999.9","010000"
"80002099999","2022-11-10","13.356944","-81.35833","3.04","EL EMBRUJO, CO","  82.4","14","  75.4","14","1011.4"," 5","011.3"," 5","  8.4","14","  4.6","14","  6.0","999.9","  87.4"," ","  78.4"," "," 0.15","G","999.9","010000"
"80002099999","2022-11-11","13.356944","-81.35833","3.04","EL EMBRUJO, CO","  83.1","14","  76.1","14","1011.9"," 5","011.8"," 5","  8.4","14","  4.8","14","  9.9","999.9","  86.0","*","  77.2"," "," 0.01","G","999.9","000000"
"80002099999","2022-11-12","13.356944","-81.35833","3.04","EL EMBRUJO, CO","  82.6","14","  75.4","14","1012.8"," 5","012.7"," 5","  8.4","14","  4.1","13","  8.0","999.9","  88.0"," ","  75.2","*"," 0.00","G","999.9","010010"
"80002099999","2022-11-13","13.356944","-81.35833","3.04","EL EMBRUJO, CO","  81.1","14","  75.5","14","1013.0"," 4","013.0"," 4","  7.7","14"," 10.0","14"," 17.1","999.9","  88.9"," ","  72.9"," "," 1.07","G","999.9","010000"
"80002099999","2022-11-14","13.356944","-81.35833","3.04","EL EMBRUJO, CO","  83.4","14","  76.2","14","1011.5"," 4","011.5"," 4","  8.4","14","  9.3","14"," 14.0","999.9","  87.1"," ","  74.8"," "," 0.82","G","999.9","000000"
"80002099999","2022-11-15","13.356944","-81.35833","3.04","EL EMBRUJO, CO","  83.9","14","  76.8","14","1012.9"," 5","012.8"," 5","  8.4","14","  8.8","14"," 14.0","999.9","  86.9"," ","  79.2"," "," 0.05","G","999.9","010000"
"80002099999","2022-11-16","13.356944","-81.35833","3.04","EL EMBRUJO, CO","  84.3","14","  76.8","14","1013.8"," 5","013.7"," 5","  8.4","14","  9.7","14"," 14.0","999.9","  87.4"," ","  79.9"," "," 0.03","G","999.9","000000"
"80002099999","2022-11-17","13.356944","-81.35833","3.04","EL EMBRUJO, CO","  82.7","14","  76.9","14","9999.9"," 0","012.2"," 4","  8.0","14","  8.2","14"," 12.0","999.9","  87.8","*","  77.0","*"," 0.06","G","999.9","010000"
"80002099999","2022-11-18","13.356944","-81.35833","3.04","EL EMBRUJO, CO","  83.4","14","  75.6","14","9999.9"," 0","999.9"," 0","  7.5","14"," 10.8","14"," 15.9","999.9","  84.6","*","  80.6","*"," 0.00","G","999.9","010000"
"80002099999","2022-11-19","13.356944","-81.35833","3.04","EL EMBRUJO, CO","  79.0","13","  75.8","13","1012.3"," 4","012.2"," 4","  6.2","13","  8.4","13"," 14.0","999.9","  86.7"," ","  75.2","*"," 0.41","G","999.9","010010"
"80002099999","2022-11-20","13.356944","-81.35833","3.04","EL EMBRUJO, CO","  82.6","12","  75.4","12","1010.6"," 5","010.6"," 5","  8.2","12"," 10.9","11"," 17.1","999.9","  84.9","*","  74.1"," "," 2.09","G","999.9","010000"
"80002099999","2022-11-21","13.356944","-81.35833","3.04","EL EMBRUJO, CO","  83.5","14","  75.4","14","1011.4"," 5","011.3"," 5","  8.4","14","  9.6","14"," 15.9","999.9","  86.0"," ","  78.1"," "," 0.19","G","999.9","000000"
"80002099999","2022-11-22","13.356944","-81.35833","3.04","EL EMBRUJO, CO","  83.5","14","  76.2","14","1013.2"," 4","013.1"," 4","  8.0","14","  9.4","14"," 14.0","999.9","  86.7"," ","  78.8"," "," 0.02","G","999.9","000000"
"80002099999","2022-11-23","13.356944","-81.35833","3.04","EL EMBRUJO, CO","  82.1","14","  76.5","14","1012.1"," 5","012.0"," 5","  8.3","14","  6.1","14"," 12.0","999.9","  87.4"," ","  77.7"," "," 0.21","G","999.9","010000"
"80002099999","2022-11-24","13.356944","-81.35833","3.04","EL EMBRUJO, CO","  82.9","14","  76.2","14","1012.0"," 5","011.9"," 5","  8.4","14","  9.9","14"," 14.0","999.9","  87.3"," ","  78.6"," "," 0.12","G","999.9","010000"
"80002099999","2022-11-25","13.356944","-81.35833","3.04","EL EMBRUJO, CO","  82.6","15","  75.6","15","1011.7"," 5","011.6"," 5","  8.3","15"," 10.9","15"," 14.0","999.9","  86.4"," ","  80.6","*"," 0.04","G","999.9","010000"
"80002099999","2022-11-26","13.356944","-81.35833","3.04","EL EMBRUJO, CO","  81.1","14","  77.0","14","1012.3"," 5","012.2"," 5","  8.4","14","  9.7","14"," 14.0","999.9","  86.5"," ","  77.0","*"," 0.28","G","999.9","010000"
"80002099999","2022-11-27","13.356944","-81.35833","3.04","EL EMBRUJO, CO","  82.3","14","  76.7","14","1012.6"," 5","012.5"," 5","  8.4","14"," 10.0","13"," 17.1","999.9","  84.6"," ","  77.9"," "," 0.57","G","999.9","010010"
"80002099999","2022-11-28","13.356944","-81.35833","3.04","EL EMBRUJO, CO","  83.1","14","  76.0","14","1013.0"," 5","012.9"," 5","  8.4","14"," 13.9","14"," 17.5","999.9","  84.4","*","  77.4"," "," 0.20","G","999.9","000000"
"80002099999","2022-11-29","13.356944","-81.35833","3.04","EL EMBRUJO, CO","  80.7","14","  74.7","14","1012.6"," 5","012.5"," 5","  8.5","14"," 12.4","13"," 17.5","999.9","  86.7"," ","  77.0","*"," 0.04","G","999.9","000000"
"80002099999","2022-11-30","13.356944","-81.35833","3.04","EL EMBRUJO, CO","  82.8","13","  74.1","13","1012.2"," 4","011.7"," 4","  8.1","13"," 17.0","13"," 20.0","999.9","  84.6","*","  76.1"," "," 0.46","G","999.9","000000"
"80002099999","2022-12-01","13.356944","-81.35833","3.04","EL EMBRUJO, CO","  82.2","13","  75.6","13","1012.7"," 5","012.6"," 5","  8.0","13"," 14.4","13"," 18.1","999.9","  86.0"," ","  79.7","*"," 0.00","G","999.9","000000"
"80002099999","2022-12-02","13.356944","-81.35833","3.04","EL EMBRUJO, CO","  82.6","11","  74.5","11","9999.9"," 0","999.9"," 0","  7.9","11"," 13.9","11"," 20.0","999.9","  86.7"," ","  75.9"," "," 0.04","G","999.9","000000"
"80002099999","2022-12-03","13.356944","-81.35833","3.04","EL EMBRUJO, CO","  82.6","13","  73.6","13","1014.6"," 4","014.5"," 4","  8.1","13"," 15.6","13"," 22.0","999.9","  86.7"," ","  79.2"," "," 0.01","G","999.9","000000"
"80002099999","2022-12-04","13.356944","-81.35833","3.04","EL EMBRUJO, CO","  82.5","14","  73.6","14","9999.9"," 0","999.9"," 0","  7.5","14"," 13.5","14"," 17.1","999.9","  84.6","*","  79.2"," "," 0.00","G","999.9","000000"
"80002099999","2022-12-05","13.356944","-81.35833","3.04","EL EMBRUJO, CO","  81.8","13","  72.9","13","1012.4"," 5","012.3"," 5","  8.0","13","  9.1","13"," 14.0","999.9","  86.9"," ","  75.2","*"," 0.25","G","999.9","010000"
"80002099999","2022-12-06","13.356944","-81.35833","3.04","EL EMBRUJO, CO","  82.0","13","  72.4","13","1013.7"," 5","013.6"," 5","  8.6","13"," 11.4","13"," 14.0","999.9","  86.9"," ","  74.7"," "," 0.17","G","999.9","000000"
"80002099999","2022-12-07","13.356944","-81.35833","3.04","EL EMBRUJO, CO","  82.7","13","  73.1","13","1015.7"," 4","015.6"," 4","  8.1","13"," 10.8","13"," 14.0","999.9","  85.6"," ","  78.1"," "," 0.02","G","999.9","010000"
"80002099999","2022-12-08","13.356944","-81.35833","3.04","EL EMBRUJO, CO","  81.5","13","  72.2","13","1014.2"," 4","014.2"," 4","  8.1","13"," 11.3","13"," 14.0","999.9","  86.2"," ","  77.7"," "," 0.20","G","999.9","000000"
"80002099999","2022-12-09","13.356944","-81.35833","3.04","EL EMBRUJO, CO","  81.3","13","  71.9","13","1012.7"," 4","012.6"," 4","  8.6","13"," 10.0","13"," 14.0","999.9","  85.1"," ","  77.0","*"," 0.02","G","999.9","010000"
"80002099999","2022-12-10","13.356944","-81.35833","3.04","EL EMBRUJO, CO","  81.7","13","  71.8","13","1013.2"," 4","013.1"," 4","  8.5","13","  9.8","13"," 14.0","999.9","  85.6"," ","  76.1"," "," 0.48","G","999.9","010000"
"80002099999","2022-12-11","13.356944","-81.35833","3.04","EL EMBRUJO, CO","  81.7","14","  70.3","14","1014.3"," 5","014.2"," 5","  8.4","14","  8.2","14"," 14.0","999.9","  85.5"," ","  75.9"," "," 0.06","G","999.9","010000"
"80002099999","2022-12-12","13.356944","-81.35833","3.04","EL EMBRUJO, CO","  82.1","13","  71.5","12","1013.9"," 4","013.8"," 4","  8.1","13"," 10.3","13"," 17.1","999.9","  85.5"," ","  79.2"," "," 0.00","G","999.9","000000"
"80002099999","2022-12-13","13.356944","-81.35833","3.04","EL EMBRUJO, CO","  81.5","13","  71.7","13","1012.9"," 5","012.8"," 5","  8.6","13","  7.1","13","  9.9","999.9","  85.1"," ","  72.3"," "," 0.04","G","999.9","010000"
"80002099999","2022-12-14","13.356944","-81.35833","3.04","EL EMBRUJO, CO","  81.9","12","  72.0","12","1012.7"," 5","012.6"," 5","  8.8","12"," 10.9","12"," 14.0","999.9","  84.4"," ","  77.0"," "," 0.10","G","999.9","000000"
"80002099999","2022-12-15","13.356944","-81.35833","3.04","EL EMBRUJO, CO","  82.8","12","  74.9","12","1012.8"," 4","012.7"," 4","  8.8","12","  8.9","12"," 14.0","999.9","  84.2","*","  80.6","*"," 0.01","G","999.9","000000"
"80002099999","2022-12-16","13.356944","-81.35833","3.04","EL EMBRUJO, CO","  82.4","14","  75.3","14","1012.5"," 4","012.2"," 4","  8.4","14"," 13.7","14"," 17.5","999.9","  85.8"," ","  78.8","*"," 0.00","G","999.9","010000"
"80002099999","2022-12-17","13.356944","-81.35833","3.04","EL EMBRUJO, CO","  82.3","14","  73.9","14","1012.0"," 4","011.9"," 4","  8.0","14"," 12.9","13"," 18.1","999.9","  85.6"," ","  79.7"," "," 0.03","G","999.9","000000"
"80002099999","2022-12-18","13.356944","-81.35833","3.04","EL EMBRUJO, CO","  82.3","14","  72.6","14","1013.2"," 5","013.1"," 5","  8.4","14"," 12.7","14"," 17.5","999.9","  84.7"," ","  80.6","*"," 0.00","G","999.9","000000"
"80002099999","2022-12-19","13.356944","-81.35833","3.04","EL EMBRUJO, CO","  81.5","14","  73.4","14","1014.7"," 5","014.6"," 5","  7.9","14","  9.6","14"," 15.9","999.9","  86.0"," ","  75.2","*"," 0.00","H","999.9","010000"
"80002099999","2022-12-20","13.356944","-81.35833","3.04","EL EMBRUJO, CO","  82.2","13","  72.7","13","1014.7"," 5","014.6"," 5","  8.6","13"," 12.0","13"," 17.5","999.9","  85.6"," ","  71.6","*"," 0.07","G","999.9","000000"
"80002099999","2022-12-21","13.356944","-81.35833","3.04","EL EMBRUJO, CO","  82.4","13","  72.5","13","1014.7"," 4","014.6"," 4","  8.1","13"," 12.2","13"," 14.0","999.9","  84.2","*","  80.4"," "," 0.00","G","999.9","000000"
"80002099999","2022-12-22","13.356944","-81.35833","3.04","EL EMBRUJO, CO","  82.1","14","  72.4","14","1014.1"," 5","014.0"," 5","  8.4","14"," 11.5","14"," 17.5","999.9","  85.1"," ","  79.7"," "," 0.00","A","999.9","000000"
"80002099999","2022-12-23","13.356944","-81.35833","3.04","EL EMBRUJO, CO","  82.2","13","  75.6","13","1014.3"," 5","014.2"," 5","  8.6","13","  9.9","13"," 14.0","999.9","  85.3"," ","  77.0"," "," 0.04","G","999.9","000000"
"80002099999","2022-12-24","13.356944","-81.35833","3.04","EL EMBRUJO, CO","  82.2","14","  74.4","14","1014.0"," 5","013.9"," 5","  8.4","14"," 13.2","14"," 17.1","999.9","  85.3"," ","  78.8"," "," 0.13","G","999.9","000000"
"80002099999","2022-12-25","13.356944","-81.35833","3.04","EL EMBRUJO, CO","  82.2","14","  72.8","14","1014.0"," 5","013.9"," 5","  8.4","14","  9.7","14"," 14.0","999.9","  85.6"," ","  78.8"," "," 0.00","G","999.9","000000"
"80002099999","2022-12-26","13.356944","-81.35833","3.04","EL EMBRUJO, CO","  81.3","12","  74.1","12","9999.9"," 0","999.9"," 0","  7.8","12"," 12.0","12"," 17.1","999.9","  85.5"," ","  77.7"," "," 0.10","G","999.9","000000"
"80002099999","2022-12-27","13.356944","-81.35833","3.04","EL EMBRUJO, CO","  81.8","14","  73.6","14","1014.7"," 5","014.6"," 5","  8.4","14","  8.9","14"," 12.0","999.9","  85.6"," ","  78.8"," "," 0.02","G","999.9","000000"
"80002099999","2022-12-28","13.356944","-81.35833","3.04","EL EMBRUJO, CO","  80.3","13","  73.7","13","1014.9"," 5","014.8"," 5","  8.6","13","  9.3","13"," 14.0","999.9","  85.1"," ","  75.2"," "," 0.02","G","999.9","010000"
"80002099999","2022-12-29","13.356944","-81.35833","3.04","EL EMBRUJO, CO","  81.3","14","  73.2","14","1015.2"," 5","015.1"," 5","  8.2","14"," 11.0","14"," 15.9","999.9","  84.2"," ","  73.0"," "," 0.59","G","999.9","010000"
"80002099999","2022-12-30","13.356944","-81.35833","3.04","EL EMBRUJO, CO","  80.9","14","  73.9","14","1014.4"," 5","014.3"," 5","  8.4","14"," 12.0","14"," 17.5","999.9","  84.4"," ","  75.9"," "," 0.08","G","999.9","010000"
"80002099999","2022-12-31","13.356944","-81.35833","3.04","EL EMBRUJO, CO","  80.7","14","  74.6","14","1015.0"," 5","014.9"," 5","  8.4","14"," 11.7","14"," 17.1","999.9","  84.9"," ","  76.6"," "," 0.03","G","999.9","000000"
