"STATION","DATE","LATITUDE","LONGITUDE","ELEVATION","NAME","TEMP","TEMP_ATTRIBUTES","DEWP","DEWP_ATTRIBUTES","SLP","SLP_ATTRIBUTES","STP","STP_ATTRIBUTES","VISIB","VISIB_ATTRIBUTES","WDSP","WDSP_ATTRIBUTES","MXSPD","GUST","MAX","MAX_ATTRIBUTES","MIN","MIN_ATTRIBUTES","PRCP","PRCP_ATTRIBUTES","SNDP","FRSHTT"
"91503099999","2022-01-01","-8.327969","157.263092","3.04","MUNDA, BP","  81.5"," 6","  76.0"," 6","1008.2"," 6","999.9"," 0","  9.3"," 6","  4.7"," 6","  5.1","999.9","  89.2","*","  75.4","*"," 0.00","G","999.9","010000"
"91503099999","2022-01-02","-8.327969","157.263092","3.04","MUNDA, BP","  80.9"," 9","  77.3"," 9","1006.2"," 7","999.9"," 0","  7.2"," 9","  6.0"," 9","  8.9","999.9","  84.2","*","  75.9","*"," 1.30","C","999.9","010010"
"91503099999","2022-01-03","-8.327969","157.263092","3.04","MUNDA, BP","  82.4","11","  75.8","11","1005.3"," 7","999.9"," 0","  6.9","11","  6.6","10"," 15.0","999.9","  88.2","*","  76.6"," "," 0.55","B","999.9","010000"
"91503099999","2022-01-04","-8.327969","157.263092","3.04","MUNDA, BP","  81.0","10","  76.6","10","1006.5"," 8","999.9"," 0","  8.0","10","  3.9","10","  7.0","999.9","  87.8","*","  74.5"," "," 0.20","B","999.9","010000"
"91503099999","2022-01-05","-8.327969","157.263092","3.04","MUNDA, BP","  83.7"," 7","  77.4"," 7","1006.8"," 6","999.9"," 0"," 10.7"," 7","  3.0"," 7","  6.0","999.9","  89.6","*","  75.9"," "," 0.42","G","999.9","010010"
"91503099999","2022-01-06","-8.327969","157.263092","3.04","MUNDA, BP","  80.7","11","  76.2","11","1008.5"," 8","999.9"," 0","  8.1","11","  4.5","11"," 12.0","999.9","  87.8","*","  75.2"," "," 2.76","G","999.9","010000"
"91503099999","2022-01-07","-8.327969","157.263092","3.04","MUNDA, BP","  84.1","10","  76.8","10","1008.8"," 6","999.9"," 0","  8.7","10","  5.2","10","  8.0","999.9","  89.6","*","  76.1"," "," 0.31","G","999.9","000000"
"91503099999","2022-01-08","-8.327969","157.263092","3.04","MUNDA, BP","  82.4"," 7","  75.6"," 7","1008.8"," 7","999.9"," 0"," 10.7"," 7","  2.4"," 7","  7.0","999.9","  88.9","*","  75.4"," "," 0.00","G","999.9","000000"
"91503099999","2022-01-09","-8.327969","157.263092","3.04","MUNDA, BP","  84.6","11","  75.8","11","1008.6"," 8","999.9"," 0"," 10.2","11","  2.0","11","  7.0","999.9","  91.4","*","  77.0"," "," 0.00","I","999.9","000000"
"91503099999","2022-01-10","-8.327969","157.263092","3.04","MUNDA, BP","  85.1"," 6","  77.3"," 6","1009.8"," 6","999.9"," 0","  9.3"," 6","  4.8"," 6","  8.0","999.9","  89.8","*","  77.0"," "," 0.00","G","999.9","000000"
"91503099999","2022-01-11","-8.327969","157.263092","3.04","MUNDA, BP","  83.9"," 9","  76.7"," 9","1008.4"," 7","999.9"," 0","  9.7"," 9","  3.0"," 9","  7.0","999.9","  88.7","*","  77.4","*"," 0.00","G","999.9","010010"
"91503099999","2022-01-12","-8.327969","157.263092","3.04","MUNDA, BP","  84.1","10","  76.7","10","1007.3"," 7","999.9"," 0","  7.5","10","  3.3","10","  6.0","999.9","  90.0","*","  77.0","*"," 0.28","A","999.9","000010"
"91503099999","2022-01-13","-8.327969","157.263092","3.04","MUNDA, BP","  78.2"," 9","  76.1"," 9","1006.5"," 7","999.9"," 0","  5.6"," 9","  2.3"," 8","  8.0","999.9","  81.0","*","  76.1","*"," 0.75","G","999.9","010010"
"91503099999","2022-01-14","-8.327969","157.263092","3.04","MUNDA, BP","  78.2","10","  76.1","10","1007.1"," 7","999.9"," 0","  7.7","10","  1.3","10","  5.1","999.9","  80.1","*","  75.2"," "," 2.78","G","999.9","010000"
"91503099999","2022-01-15","-8.327969","157.263092","3.04","MUNDA, BP","  81.3"," 8","  76.1"," 8","1007.7"," 7","999.9"," 0","  6.2"," 8","  2.9"," 8","  8.0","999.9","  88.3","*","  75.0"," "," 1.22","G","999.9","010000"
"91503099999","2022-01-16","-8.327969","157.263092","3.04","MUNDA, BP","  81.4"," 9","  76.5"," 9","1007.7"," 8","999.9"," 0"," 10.4"," 9","  3.2"," 9","  8.0","999.9","  89.6","*","  77.0"," "," 0.97","G","999.9","010000"
"91503099999","2022-01-17","-8.327969","157.263092","3.04","MUNDA, BP","  84.3","10","  76.9","10","1006.7"," 8","999.9"," 0","  9.9","10","  2.9","10","  6.0","999.9","  88.3","*","  77.4"," "," 0.21","G","999.9","010000"
"91503099999","2022-01-18","-8.327969","157.263092","3.04","MUNDA, BP","  82.6"," 9","  77.1"," 9","1005.0"," 8","999.9"," 0"," 11.0"," 9","  2.4"," 9","  8.0","999.9","  89.6","*","  77.0","*"," 0.09","G","999.9","010000"
"91503099999","2022-01-19","-8.327969","157.263092","3.04","MUNDA, BP","  83.4"," 8","  77.0"," 8","1004.5"," 7","999.9"," 0"," 10.1"," 8","  2.6"," 8","  8.0","999.9","  89.6","*","  77.0","*"," 0.00","G","999.9","000000"
"91503099999","2022-01-20","-8.327969","157.263092","3.04","MUNDA, BP","  81.9"," 7","  77.1"," 7","1006.2"," 6","999.9"," 0","  5.7"," 7","  2.7"," 7","  6.0","999.9","  86.2","*","  76.3","*"," 0.77","G","999.9","010010"
"91503099999","2022-01-21","-8.327969","157.263092","3.04","MUNDA, BP","  81.2"," 9","  75.9"," 9","1006.9"," 8","999.9"," 0","  6.9"," 9","  1.1"," 9","  5.1","999.9","  87.3","*","  76.3"," "," 1.41","G","999.9","000000"
"91503099999","2022-01-22","-8.327969","157.263092","3.04","MUNDA, BP","  82.7"," 8","  76.6"," 8","1007.3"," 8","999.9"," 0"," 11.7"," 8","  3.4"," 8","  6.0","999.9","  89.1","*","  76.1","*"," 0.02","G","999.9","000000"
"91503099999","2022-01-23","-8.327969","157.263092","3.04","MUNDA, BP","  80.2"," 8","  76.8"," 8","1008.3"," 8","999.9"," 0","  7.6"," 8","  0.6"," 8","  5.1","999.9","  89.6","*","  75.0","*"," 0.00","G","999.9","010010"
"91503099999","2022-01-24","-8.327969","157.263092","3.04","MUNDA, BP","  83.8"," 8","  76.7"," 8","1007.8"," 8","999.9"," 0"," 12.4"," 8","  2.7"," 8","  7.0","999.9","  90.0","*","  75.2"," "," 2.03","G","999.9","000010"
"91503099999","2022-01-25","-8.327969","157.263092","3.04","MUNDA, BP","  81.2"," 7","  77.4"," 7","1008.4"," 7","999.9"," 0","  8.0"," 7","  0.7"," 7","  5.1","999.9","  86.0","*","  77.0"," "," 0.02","G","999.9","010000"
"91503099999","2022-01-26","-8.327969","157.263092","3.04","MUNDA, BP","  80.1"," 8","  77.5"," 8","1008.1"," 8","999.9"," 0","  6.2"," 8","  1.5"," 8","  7.0","999.9","  84.9","*","  76.3","*"," 0.42","G","999.9","010010"
"91503099999","2022-01-27","-8.327969","157.263092","3.04","MUNDA, BP","  80.6"," 8","  76.4"," 8","1007.5"," 8","999.9"," 0","  6.5"," 8","  4.5"," 8","  7.0","999.9","  87.1","*","  74.3"," "," 1.39","G","999.9","010000"
"91503099999","2022-01-28","-8.327969","157.263092","3.04","MUNDA, BP","  79.2"," 6","  76.5"," 6","1007.9"," 6","999.9"," 0","  5.0"," 6","  6.2"," 6"," 14.0","999.9","  84.7","*","  76.3","*"," 0.35","G","999.9","010000"
"91503099999","2022-01-29","-8.327969","157.263092","3.04","MUNDA, BP","  83.4"," 7","  76.5"," 7","1007.4"," 6","999.9"," 0"," 10.7"," 7","  2.9"," 7"," 15.0","999.9","  86.9","*","  75.0"," "," 1.14","G","999.9","010000"
"91503099999","2022-01-30","-8.327969","157.263092","3.04","MUNDA, BP","  81.4"," 8","  76.1"," 8","1007.3"," 8","999.9"," 0"," 10.1"," 8","  2.7"," 8","  8.0","999.9","  89.6","*","  74.1"," "," 0.13","G","999.9","000010"
"91503099999","2022-01-31","-8.327969","157.263092","3.04","MUNDA, BP","  82.7"," 7","  76.6"," 7","1007.5"," 7","999.9"," 0"," 10.7"," 7","  2.2"," 7","  5.1","999.9","  90.7","*","  75.2"," "," 0.00","G","999.9","000000"
"91503099999","2022-02-01","-8.327969","157.263092","3.04","MUNDA, BP","  79.8"," 7","  75.3"," 7","1007.4"," 7","999.9"," 0"," 12.4"," 7","  1.0"," 7","  7.0","999.9","  89.6","*","  75.6"," "," 0.02","G","999.9","000000"
"91503099999","2022-02-02","-8.327969","157.263092","3.04","MUNDA, BP","  82.2"," 7","  76.4"," 7","1006.2"," 7","999.9"," 0"," 10.7"," 7","  1.9"," 7","  5.1","999.9","  90.0","*","  75.4"," "," 0.00","G","999.9","010000"
"91503099999","2022-02-03","-8.327969","157.263092","3.04","MUNDA, BP","  82.8"," 5","  75.8"," 5","1006.3"," 5","999.9"," 0","  9.9"," 5","  5.4"," 5","  8.9","999.9","  87.6","*","  75.2","*"," 0.83","G","999.9","000000"
"91503099999","2022-02-04","-8.327969","157.263092","3.04","MUNDA, BP","  80.6"," 8","  75.8"," 8","1006.5"," 8","999.9"," 0","  6.2"," 8","  2.1"," 8","  7.0","999.9","  85.1","*","  75.0"," "," 2.35","G","999.9","010000"
"91503099999","2022-02-05","-8.327969","157.263092","3.04","MUNDA, BP","  83.7"," 8","  76.8"," 8","1006.5"," 8","999.9"," 0"," 12.4"," 8","  2.3"," 8","  5.1","999.9","  90.0","*","  75.9"," "," 0.00","G","999.9","000000"
"91503099999","2022-02-06","-8.327969","157.263092","3.04","MUNDA, BP","  86.0"," 5","  77.4"," 5","1007.3"," 5","999.9"," 0"," 12.4"," 5","  5.4"," 5","  7.0","999.9","  92.8","*","  76.6"," "," 0.00","G","999.9","000000"
"91503099999","2022-02-07","-8.327969","157.263092","3.04","MUNDA, BP","  83.2"," 9","  76.9"," 9","1008.2"," 8","999.9"," 0","  9.7"," 9","  2.1"," 9","  7.0","999.9","  91.4","*","  76.8","*"," 0.00","G","999.9","000000"
"91503099999","2022-02-08","-8.327969","157.263092","3.04","MUNDA, BP","  81.5"," 6","  76.7"," 6","1008.1"," 6","999.9"," 0","  9.3"," 6","  2.7"," 6","  6.0","999.9","  88.2","*","  77.7"," "," 0.04","G","999.9","010010"
"91503099999","2022-02-09","-8.327969","157.263092","3.04","MUNDA, BP","  81.6"," 7","  76.4"," 7","1007.8"," 7","999.9"," 0"," 10.6"," 7","  2.3"," 7","  7.0","999.9","  86.2","*","  77.0"," "," 1.93","G","999.9","010010"
"91503099999","2022-02-10","-8.327969","157.263092","3.04","MUNDA, BP","  81.5"," 6","  77.3"," 6","1006.3"," 6","999.9"," 0"," 11.4"," 6","  1.3"," 6","  5.1","999.9","  88.5","*","  76.6"," "," 0.20","G","999.9","010000"
"91503099999","2022-02-11","-8.327969","157.263092","3.04","MUNDA, BP","  79.2"," 8","  74.8"," 8","1006.1"," 7","999.9"," 0","  7.8"," 8","  5.0"," 8","  9.9","999.9","  86.0","*","  75.2","*"," 0.57","G","999.9","010000"
"91503099999","2022-02-12","-8.327969","157.263092","3.04","MUNDA, BP","  80.2"," 8","  75.7"," 8","1006.7"," 8","999.9"," 0","  7.8"," 8","  0.4"," 8","  2.9","999.9","  83.7","*","  75.6"," "," 0.36","G","999.9","000000"
"91503099999","2022-02-13","-8.327969","157.263092","3.04","MUNDA, BP","  81.3"," 8","  74.8"," 8","1007.9"," 8","999.9"," 0"," 10.1"," 8","  0.5"," 8","  4.1","999.9","  87.3","*","  75.9"," "," 0.00","G","999.9","000000"
"91503099999","2022-02-14","-8.327969","157.263092","3.04","MUNDA, BP","  79.9"," 7","  76.7"," 7","1007.5"," 7","999.9"," 0"," 10.7"," 7","  1.3"," 7","  6.0","999.9","  83.8","*","  77.9","*"," 0.10","B","999.9","010000"
"91503099999","2022-02-15","-8.327969","157.263092","3.04","MUNDA, BP","  81.0"," 8","  77.2"," 8","1006.4"," 6","999.9"," 0","  7.8"," 8","  1.6"," 8","  5.1","999.9","  86.0","*","  76.1"," "," 0.24","G","999.9","010000"
"91503099999","2022-02-16","-8.327969","157.263092","3.04","MUNDA, BP","  79.3"," 5","  76.9"," 5","1006.5"," 5","999.9"," 0","  9.9"," 5","  1.0"," 5","  5.1","999.9","  84.6","*","  75.0"," "," 0.56","G","999.9","010000"
"91503099999","2022-02-17","-8.327969","157.263092","3.04","MUNDA, BP","  81.3"," 7","  77.2"," 7","1006.8"," 6","999.9"," 0","  8.0"," 7","  1.0"," 7","  4.1","999.9","  86.0","*","  75.2","*"," 0.19","G","999.9","010000"
"91503099999","2022-02-18","-8.327969","157.263092","3.04","MUNDA, BP","  82.1"," 7","  76.3"," 7","1007.6"," 6","999.9"," 0","  9.8"," 7","  2.4"," 7","  5.1","999.9","  89.8","*","  74.5"," "," 1.07","G","999.9","010000"
"91503099999","2022-02-19","-8.327969","157.263092","3.04","MUNDA, BP","  81.9"," 6","  76.8"," 6","1007.4"," 6","999.9"," 0"," 11.4"," 6","  1.7"," 6","  5.1","999.9","  88.5","*","  74.5"," "," 0.03","G","999.9","000000"
"91503099999","2022-02-20","-8.327969","157.263092","3.04","MUNDA, BP","  83.1","10","  76.2","10","1006.0"," 8","999.9"," 0"," 11.2","10","  1.2","10","  5.1","999.9","  90.0","*","  75.4"," "," 0.67","G","999.9","000000"
"91503099999","2022-02-21","-8.327969","157.263092","3.04","MUNDA, BP","  83.1"," 9","  76.7"," 9","1006.0"," 8","999.9"," 0"," 10.4"," 9","  1.6"," 9","  7.0","999.9","  89.6","*","  75.6"," "," 0.00","G","999.9","000000"
"91503099999","2022-02-22","-8.327969","157.263092","3.04","MUNDA, BP","  82.3"," 8","  76.6"," 8","1006.5"," 8","999.9"," 0"," 10.1"," 8","  3.0"," 8","  9.9","999.9","  87.8","*","  77.0","*"," 0.02","G","999.9","010000"
"91503099999","2022-02-23","-8.327969","157.263092","3.04","MUNDA, BP","  79.6"," 7","  75.7"," 7","1007.5"," 6","999.9"," 0","  7.0"," 7","  0.6"," 7","  4.1","999.9","  84.2","*","  75.2","*"," 0.08","G","999.9","010000"
"91503099999","2022-02-24","-8.327969","157.263092","3.04","MUNDA, BP","  78.9"," 9","  75.8"," 9","1007.1"," 7","999.9"," 0","  7.6"," 9","  4.1"," 9","  8.0","999.9","  82.4","*","  75.2"," "," 3.06","G","999.9","010000"
"91503099999","2022-02-25","-8.327969","157.263092","3.04","MUNDA, BP","  83.1"," 7","  77.5"," 7","1006.6"," 6","999.9"," 0"," 11.5"," 7","  2.6"," 7","  6.0","999.9","  86.9","*","  75.9"," "," 0.19","G","999.9","000000"
"91503099999","2022-02-26","-8.327969","157.263092","3.04","MUNDA, BP","  84.3"," 6","  76.3"," 6","1006.6"," 6","999.9"," 0"," 11.4"," 6","  4.7"," 6","  9.9","999.9","  92.5","*","  75.9"," "," 0.00","G","999.9","000000"
"91503099999","2022-02-27","-8.327969","157.263092","3.04","MUNDA, BP","  80.5"," 6","  76.6"," 6","1007.5"," 5","999.9"," 0","  6.6"," 6","  4.9"," 6","  8.0","999.9","  86.0","*","  76.8","*"," 0.19","G","999.9","010010"
"91503099999","2022-02-28","-8.327969","157.263092","3.04","MUNDA, BP","  78.2"," 6","  75.5"," 6","1008.8"," 5","999.9"," 0","  8.1"," 6","  2.1"," 6","  9.9","999.9","  80.6","*","  76.3","*"," 0.00","G","999.9","010000"
"91503099999","2022-03-01","-8.327969","157.263092","3.04","MUNDA, BP","  82.3","10","  75.9","10","1008.5"," 8","999.9"," 0"," 11.2","10","  0.3","10","  2.9","999.9","  88.3","*","  74.3"," "," 0.28","G","999.9","000000"
"91503099999","2022-03-02","-8.327969","157.263092","3.04","MUNDA, BP","  79.9"," 8","  75.9"," 8","1009.4"," 7","999.9"," 0","  6.5"," 8","  1.7"," 8","  7.0","999.9","  87.8","*","  75.2","*"," 0.00","G","999.9","010000"
"91503099999","2022-03-03","-8.327969","157.263092","3.04","MUNDA, BP","  80.2"," 8","  76.3"," 8","1009.0"," 7","999.9"," 0"," 10.9"," 8","  1.2"," 8","  4.1","999.9","  83.8","*","  75.2"," "," 1.68","G","999.9","000000"
"91503099999","2022-03-04","-8.327969","157.263092","3.04","MUNDA, BP","  82.7"," 5","  74.4"," 5","1008.3"," 4","999.9"," 0","  9.9"," 5","  2.2"," 5","  7.0","999.9","  89.6","*","  76.1","*"," 0.00","G","999.9","000000"
"91503099999","2022-03-05","-8.327969","157.263092","3.04","MUNDA, BP","  81.1"," 8","  76.1"," 8","1008.6"," 8","999.9"," 0","  9.3"," 8","  1.9"," 8","  5.1","999.9","  87.8","*","  75.2"," "," 0.00","G","999.9","010000"
"91503099999","2022-03-06","-8.327969","157.263092","3.04","MUNDA, BP","  83.8"," 6","  77.4"," 6","1008.4"," 6","999.9"," 0"," 12.4"," 6","  0.8"," 6","  5.1","999.9","  88.5","*","  75.6"," "," 0.61","G","999.9","000000"
"91503099999","2022-03-07","-8.327969","157.263092","3.04","MUNDA, BP","  80.7"," 8","  76.3"," 8","1008.1"," 8","999.9"," 0"," 12.4"," 8","  0.9"," 8","  7.0","999.9","  87.8","*","  75.2","*"," 0.00","G","999.9","010000"
"91503099999","2022-03-08","-8.327969","157.263092","3.04","MUNDA, BP","  82.6","10","  76.4","10","1008.5"," 7","999.9"," 0","  8.7","10","  1.8","10","  5.1","999.9","  89.2","*","  75.2"," "," 0.00","G","999.9","010000"
"91503099999","2022-03-09","-8.327969","157.263092","3.04","MUNDA, BP","  79.8"," 9","  75.8"," 9","1009.1"," 8","999.9"," 0","  9.7"," 9","  1.0"," 9","  2.9","999.9","  86.0","*","  75.2","*"," 0.16","G","999.9","010000"
"91503099999","2022-03-10","-8.327969","157.263092","3.04","MUNDA, BP","  80.7"," 7","  76.5"," 7","1008.5"," 7","999.9"," 0"," 11.5"," 7","  1.4"," 7","  5.1","999.9","  88.0","*","  75.4"," "," 0.01","G","999.9","010000"
"91503099999","2022-03-11","-8.327969","157.263092","3.04","MUNDA, BP","  81.2"," 9","  76.4"," 9","1008.4"," 7","999.9"," 0","  9.0"," 9","  1.4"," 9","  6.0","999.9","  89.6","*","  75.2"," "," 0.30","G","999.9","010010"
"91503099999","2022-03-12","-8.327969","157.263092","3.04","MUNDA, BP","  82.7"," 6","  76.5"," 6","1009.1"," 6","999.9"," 0"," 11.4"," 6","  1.2"," 6","  4.1","999.9","  88.2","*","  75.2"," "," 0.84","G","999.9","000000"
"91503099999","2022-03-13","-8.327969","157.263092","3.04","MUNDA, BP","  81.4"," 9","  76.4"," 9","1009.5"," 7","999.9"," 0"," 11.0"," 9","  0.9"," 9","  8.0","999.9","  88.2","*","  75.6","*"," 0.38","G","999.9","000000"
"91503099999","2022-03-14","-8.327969","157.263092","3.04","MUNDA, BP","  81.6","10","  75.3","10","1007.4"," 8","999.9"," 0"," 10.6","10","  0.0","10","999.9","999.9","  88.7","*","  75.0"," "," 0.00","G","999.9","000000"
"91503099999","2022-03-15","-8.327969","157.263092","3.04","MUNDA, BP","  79.1"," 9","  75.9"," 9","1008.4"," 8","999.9"," 0","  9.1"," 9","  2.8"," 9"," 15.0","999.9","  86.9","*","  74.8","*"," 0.20","G","999.9","010010"
"91503099999","2022-03-16","-8.327969","157.263092","3.04","MUNDA, BP","  78.7"," 7","  75.1"," 7","1009.1"," 7","999.9"," 0","  8.9"," 7","  2.0"," 7","  8.0","999.9","  83.7","*","  74.3","*"," 1.24","G","999.9","010000"
"91503099999","2022-03-17","-8.327969","157.263092","3.04","MUNDA, BP","  84.1"," 6","  77.0"," 6","1007.6"," 6","999.9"," 0"," 11.4"," 6","  2.0"," 6","  5.1","999.9","  89.8","*","  73.6"," "," 0.40","G","999.9","000000"
"91503099999","2022-03-18","-8.327969","157.263092","3.04","MUNDA, BP","  81.9"," 9","  76.1"," 9","1007.0"," 5","999.9"," 0","  9.0"," 9","  2.0"," 9","  7.0","999.9","  88.2","*","  75.2","*"," 0.00","G","999.9","000000"
"91503099999","2022-03-19","-8.327969","157.263092","3.04","MUNDA, BP","  81.5"," 8","  75.8"," 8","1007.4"," 7","999.9"," 0"," 12.4"," 8","  1.6"," 8","  6.0","999.9","  88.7","*","  74.5","*"," 0.02","G","999.9","010000"
"91503099999","2022-03-20","-8.327969","157.263092","3.04","MUNDA, BP","  83.0"," 9","  76.6"," 9","1007.4"," 8","999.9"," 0","  9.7"," 9","  2.0"," 9","  6.0","999.9","  91.4","*","  74.3"," "," 0.06","G","999.9","010000"
"91503099999","2022-03-21","-8.327969","157.263092","3.04","MUNDA, BP","  86.6"," 5","  74.2"," 5","1008.0"," 5","999.9"," 0"," 12.4"," 5","  2.4"," 5","  6.0","999.9","  93.2","*","  76.1"," "," 0.06","G","999.9","000000"
"91503099999","2022-03-22","-8.327969","157.263092","3.04","MUNDA, BP","  82.4"," 7","  76.4"," 7","1008.1"," 7","999.9"," 0"," 12.4"," 7","  0.6"," 7","  4.1","999.9","  92.7","*","  74.3"," "," 0.00","G","999.9","010000"
"91503099999","2022-03-23","-8.327969","157.263092","3.04","MUNDA, BP","  83.1"," 7","  77.1"," 7","1008.6"," 6","999.9"," 0"," 10.7"," 7","  1.9"," 7","  6.0","999.9","  89.8","*","  74.1"," "," 3.66","G","999.9","010000"
"91503099999","2022-03-24","-8.327969","157.263092","3.04","MUNDA, BP","  80.4"," 7","  76.5"," 7","1009.7"," 6","999.9"," 0","  9.8"," 7","  1.1"," 7","  5.1","999.9","  86.0","*","  76.5"," "," 0.03","G","999.9","010000"
"91503099999","2022-03-25","-8.327969","157.263092","3.04","MUNDA, BP","  81.9"," 7","  75.3"," 7","1009.0"," 7","999.9"," 0"," 12.4"," 7","  2.4"," 7","  7.0","999.9","  87.8","*","  75.2"," "," 0.50","G","999.9","000000"
"91503099999","2022-03-26","-8.327969","157.263092","3.04","MUNDA, BP","  78.4"," 6","  76.0"," 6","1009.4"," 6","999.9"," 0","  8.3"," 6","  0.0"," 6","999.9","999.9","  84.4","*","  75.2"," "," 0.00","G","999.9","010000"
"91503099999","2022-03-27","-8.327969","157.263092","3.04","MUNDA, BP","  81.0"," 5","  76.3"," 5","9999.9"," 0","999.9"," 0","  9.9"," 5","  1.0"," 5","  5.1","999.9","  84.2","*","  75.0"," "," 4.40","G","999.9","010000"
"91503099999","2022-03-28","-8.327969","157.263092","3.04","MUNDA, BP","  83.2","11","  76.5","11","1008.4"," 7","999.9"," 0","  9.6","11","  1.9","11","  6.0","999.9","  91.8","*","  75.9","*"," 0.01","G","999.9","010000"
"91503099999","2022-03-29","-8.327969","157.263092","3.04","MUNDA, BP","  84.5"," 5","  77.0"," 5","1008.0"," 5","999.9"," 0"," 12.4"," 5","  4.4"," 5","  7.0","999.9","  88.7","*","  74.8"," "," 0.97","G","999.9","000000"
"91503099999","2022-03-30","-8.327969","157.263092","3.04","MUNDA, BP","  83.7"," 8","  76.8"," 8","1007.2"," 7","999.9"," 0"," 10.9"," 8","  2.3"," 8","  5.1","999.9","  88.2","*","  77.2","*"," 0.29","G","999.9","000000"
"91503099999","2022-03-31","-8.327969","157.263092","3.04","MUNDA, BP","  82.1"," 6","  78.2"," 6","1006.9"," 6","999.9"," 0"," 12.4"," 6","  0.8"," 6","  5.1","999.9","  87.8","*","  76.3"," "," 0.00","G","999.9","010000"
"91503099999","2022-04-01","-8.327969","157.263092","3.04","MUNDA, BP","  83.5"," 8","  75.4"," 8","1007.3"," 6","999.9"," 0","  8.5"," 8","  3.6"," 8","  8.0","999.9","  88.5","*","  74.8"," "," 0.08","G","999.9","000000"
"91503099999","2022-04-02","-8.327969","157.263092","3.04","MUNDA, BP","  82.5","10","  76.2","10","1008.1"," 7","999.9"," 0"," 10.6","10","  2.8","10","  9.9","999.9","  87.4","*","  76.6"," "," 0.00","G","999.9","000000"
"91503099999","2022-04-03","-8.327969","157.263092","3.04","MUNDA, BP","  82.1"," 9","  77.2"," 9","1008.5"," 7","999.9"," 0"," 10.4"," 9","  2.4"," 9","  8.0","999.9","  87.6","*","  75.9"," "," 0.13","G","999.9","010000"
"91503099999","2022-04-04","-8.327969","157.263092","3.04","MUNDA, BP","  80.3"," 7","  76.2"," 7","1007.9"," 6","999.9"," 0","  9.8"," 7","  0.0"," 7","999.9","999.9","  87.8","*","  75.2","*"," 0.00","G","999.9","010010"
"91503099999","2022-04-05","-8.327969","157.263092","3.04","MUNDA, BP","  81.7"," 7","  76.7"," 7","1006.6"," 6","999.9"," 0","  7.1"," 7","  1.3"," 7","  5.1","999.9","  86.4","*","  75.2"," "," 0.46","G","999.9","010000"
"91503099999","2022-04-06","-8.327969","157.263092","3.04","MUNDA, BP","  77.7"," 9","  75.4"," 9","1006.4"," 7","999.9"," 0","  6.5"," 9","  2.5"," 9","  8.0","999.9","  86.0","*","  74.3","*"," 0.07","G","999.9","010000"
"91503099999","2022-04-07","-8.327969","157.263092","3.04","MUNDA, BP","  79.8"," 7","  75.5"," 7","1006.8"," 7","999.9"," 0","  8.0"," 7","  2.6"," 7","  8.0","999.9","  86.0","*","  74.3"," "," 2.15","G","999.9","010000"
"91503099999","2022-04-08","-8.327969","157.263092","3.04","MUNDA, BP","  83.2"," 7","  77.3"," 7","1008.1"," 6","999.9"," 0"," 10.7"," 7","  1.4"," 7","  6.0","999.9","  87.8","*","  73.4"," "," 0.36","G","999.9","000000"
"91503099999","2022-04-09","-8.327969","157.263092","3.04","MUNDA, BP","  82.3","10","  76.1","10","1009.3"," 7","999.9"," 0","  9.9","10","  0.8","10","  5.1","999.9","  86.7","*","  75.2"," "," 0.09","G","999.9","010000"
"91503099999","2022-04-10","-8.327969","157.263092","3.04","MUNDA, BP","  81.7"," 8","  75.9"," 8","1010.2"," 7","999.9"," 0"," 10.1"," 8","  0.0"," 8","999.9","999.9","  89.6","*","  74.5"," "," 0.00","G","999.9","000000"
"91503099999","2022-04-11","-8.327969","157.263092","3.04","MUNDA, BP","  84.8"," 7","  76.6"," 7","1009.4"," 6","999.9"," 0"," 10.7"," 7","  1.7"," 7","  5.1","999.9","  89.6","*","  75.2"," "," 0.00","I","999.9","000000"
"91503099999","2022-04-12","-8.327969","157.263092","3.04","MUNDA, BP","  81.6"," 9","  76.0"," 9","1009.1"," 7","999.9"," 0"," 10.4"," 9","  0.6"," 9","  2.9","999.9","  86.2","*","  75.2","*"," 0.00","G","999.9","000000"
"91503099999","2022-04-13","-8.327969","157.263092","3.04","MUNDA, BP","  81.8"," 7","  76.2"," 7","1009.1"," 6","999.9"," 0"," 11.5"," 7","  1.6"," 7","  4.1","999.9","  87.8","*","  73.4","*"," 0.46","G","999.9","000000"
"91503099999","2022-04-14","-8.327969","157.263092","3.04","MUNDA, BP","  81.9"," 8","  75.1"," 8","1009.6"," 8","999.9"," 0"," 12.4"," 8","  1.8"," 8","  5.1","999.9","  89.6","*","  72.5"," "," 0.24","G","999.9","000000"
"91503099999","2022-04-15","-8.327969","157.263092","3.04","MUNDA, BP","  80.1","10","  76.4","10","1009.9"," 8","999.9"," 0","  9.9","10","  3.2","10","  6.0","999.9","  86.4","*","  73.6"," "," 0.00","G","999.9","010000"
"91503099999","2022-04-16","-8.327969","157.263092","3.04","MUNDA, BP","  79.8"," 7","  75.5"," 7","1009.7"," 7","999.9"," 0","  8.0"," 7","  1.7"," 7","  8.0","999.9","  85.6","*","  73.4"," "," 0.20","G","999.9","010000"
"91503099999","2022-04-17","-8.327969","157.263092","3.04","MUNDA, BP","  80.1","10","  76.4","10","1010.6"," 8","999.9"," 0","  7.5","10","  1.6","10","  8.0","999.9","  85.1","*","  75.9"," "," 0.41","G","999.9","010000"
"91503099999","2022-04-18","-8.327969","157.263092","3.04","MUNDA, BP","  80.3","10","  76.4","10","1010.6"," 7","999.9"," 0","  9.3","10","  0.9","10","  5.1","999.9","  84.4","*","  75.2","*"," 0.33","G","999.9","010000"
"91503099999","2022-04-19","-8.327969","157.263092","3.04","MUNDA, BP","  81.5"," 9","  76.4"," 9","1010.6"," 7","999.9"," 0","  6.9"," 9","  1.5"," 9","  5.1","999.9","  87.8","*","  75.2"," "," 0.66","G","999.9","000000"
"91503099999","2022-04-20","-8.327969","157.263092","3.04","MUNDA, BP","  84.0"," 9","  76.3"," 9","1009.9"," 7","999.9"," 0","  9.7"," 9","  1.9"," 9","  5.1","999.9","  89.4","*","  75.6"," "," 0.00","G","999.9","000000"
"91503099999","2022-04-21","-8.327969","157.263092","3.04","MUNDA, BP","  86.8"," 4","  77.8"," 4","9999.9"," 0","999.9"," 0","  7.8"," 4","  3.5"," 4","  5.1","999.9","  90.0","*","  79.9","*"," 0.00","I","999.9","000000"
"91503099999","2022-04-22","-8.327969","157.263092","3.04","MUNDA, BP","  80.8"," 9","  76.2"," 9","1009.3"," 6","999.9"," 0","  6.2"," 9","  1.9"," 9","  6.0","999.9","  86.0","*","  75.4","*"," 0.37","C","999.9","010010"
"91503099999","2022-04-23","-8.327969","157.263092","3.04","MUNDA, BP","  79.4"," 7","  75.7"," 7","1009.4"," 7","999.9"," 0","  8.9"," 7","  2.2"," 7","  6.0","999.9","  87.8","*","  75.2","*"," 0.03","A","999.9","010000"
"91503099999","2022-04-24","-8.327969","157.263092","3.04","MUNDA, BP","  83.3"," 9","  75.9"," 9","1009.0"," 7","999.9"," 0"," 10.4"," 9","  3.1"," 9","  8.0","999.9","  89.1","*","  74.8","*"," 0.12","A","999.9","000000"
"91503099999","2022-04-25","-8.327969","157.263092","3.04","MUNDA, BP","  81.7","10","  76.9","10","1008.6"," 7","999.9"," 0","  8.7","10","  2.4","10","  8.0","999.9","  89.6","*","  74.5"," "," 0.28","B","999.9","010010"
"91503099999","2022-04-26","-8.327969","157.263092","3.04","MUNDA, BP","  81.7"," 8","  76.1"," 8","1008.5"," 6","999.9"," 0"," 10.1"," 8","  1.1"," 8","  5.1","999.9","  88.0","*","  74.8"," "," 0.28","A","999.9","010000"
"91503099999","2022-04-27","-8.327969","157.263092","3.04","MUNDA, BP","  80.7"," 8","  75.9"," 8","1008.7"," 7","999.9"," 0"," 13.6"," 8","  2.6"," 8","  6.0","999.9","  88.2","*","  74.3","*"," 0.98","A","999.9","010000"
"91503099999","2022-04-28","-8.327969","157.263092","3.04","MUNDA, BP","  81.1","11","  76.4","11","1008.4"," 8","999.9"," 0"," 10.7","11","  2.2","11","  6.0","999.9","  87.8","*","  73.2"," "," 0.87","A","999.9","010000"
"91503099999","2022-04-29","-8.327969","157.263092","3.04","MUNDA, BP","  82.0"," 9","  76.4"," 9","1007.9"," 7","999.9"," 0"," 11.0"," 9","  1.0"," 9","  5.1","999.9","  87.8","*","  74.1"," "," 0.00","I","999.9","000000"
"91503099999","2022-04-30","-8.327969","157.263092","3.04","MUNDA, BP","  82.5"," 7","  75.9"," 7","1007.8"," 6","999.9"," 0"," 12.4"," 7","  2.1"," 7","  9.9","999.9","  88.0","*","  73.9","*"," 0.00","G","999.9","000010"
"91503099999","2022-05-01","-8.327969","157.263092","3.04","MUNDA, BP","  82.7"," 9","  75.9"," 9","1008.3"," 8","999.9"," 0","  9.7"," 9","  3.4"," 9","  6.0","999.9","  88.3","*","  73.6"," "," 0.00","G","999.9","000000"
"91503099999","2022-05-02","-8.327969","157.263092","3.04","MUNDA, BP","  81.5"," 9","  76.8"," 9","1009.1"," 7","999.9"," 0"," 11.0"," 9","  0.9"," 9","  4.1","999.9","  86.9","*","  75.9"," "," 0.00","G","999.9","010000"
"91503099999","2022-05-03","-8.327969","157.263092","3.04","MUNDA, BP","  81.1","12","  76.4","12","1009.5"," 8","999.9"," 0","  9.3","12","  1.1","12","  5.1","999.9","  87.8","*","  74.8"," "," 0.06","G","999.9","010000"
"91503099999","2022-05-04","-8.327969","157.263092","3.04","MUNDA, BP","  81.7"," 7","  75.8"," 7","1009.3"," 7","999.9"," 0"," 11.5"," 7","  0.4"," 7","  2.9","999.9","  88.3","*","  74.3","*"," 0.25","G","999.9","000000"
"91503099999","2022-05-05","-8.327969","157.263092","3.04","MUNDA, BP","  82.8"," 7","  75.5"," 7","1009.7"," 7","999.9"," 0","  9.8"," 7","  0.7"," 7","  5.1","999.9","  90.0","*","  74.1"," "," 0.00","G","999.9","000000"
"91503099999","2022-05-06","-8.327969","157.263092","3.04","MUNDA, BP","  81.6"," 8","  75.9"," 8","1009.2"," 8","999.9"," 0"," 12.4"," 8","  3.8"," 8","  9.9","999.9","  88.7","*","  72.1"," "," 0.32","G","999.9","000000"
"91503099999","2022-05-07","-8.327969","157.263092","3.04","MUNDA, BP","  80.5"," 8","  76.5"," 8","1009.4"," 8","999.9"," 0"," 12.4"," 8","  1.2"," 8","  7.0","999.9","  87.8","*","  75.2"," "," 0.00","G","999.9","010000"
"91503099999","2022-05-08","-8.327969","157.263092","3.04","MUNDA, BP","  81.7"," 7","  76.5"," 7","1008.7"," 7","999.9"," 0"," 11.5"," 7","  2.6"," 7","  8.0","999.9","  87.8","*","  75.2"," "," 0.18","G","999.9","010000"
"91503099999","2022-05-09","-8.327969","157.263092","3.04","MUNDA, BP","  81.3"," 6","  77.6"," 6","1008.5"," 6","999.9"," 0"," 10.4"," 6","  4.0"," 6","  8.9","999.9","  88.0","*","  75.2"," "," 0.26","G","999.9","010000"
"91503099999","2022-05-10","-8.327969","157.263092","3.04","MUNDA, BP","  83.6"," 6","  77.7"," 6","1007.6"," 6","999.9"," 0"," 10.4"," 6","  4.5"," 6","  8.0","999.9","  87.8","*","  77.0"," "," 0.50","G","999.9","010000"
"91503099999","2022-05-11","-8.327969","157.263092","3.04","MUNDA, BP","  79.1"," 6","  76.9"," 6","1008.1"," 6","999.9"," 0","  9.3"," 6","  1.7"," 6","  6.0","999.9","  82.4","*","  77.0","*"," 0.24","G","999.9","010000"
"91503099999","2022-05-12","-8.327969","157.263092","3.04","MUNDA, BP","  81.3"," 8","  75.7"," 8","1009.7"," 8","999.9"," 0"," 10.9"," 8","  1.8"," 8","  5.1","999.9","  88.9","*","  75.7"," "," 0.04","G","999.9","000000"
"91503099999","2022-05-13","-8.327969","157.263092","3.04","MUNDA, BP","  82.2"," 8","  76.2"," 8","1011.0"," 8","999.9"," 0"," 10.9"," 8","  0.9"," 8","  4.1","999.9","  89.2","*","  74.3"," "," 0.00","G","999.9","000000"
"91503099999","2022-05-14","-8.327969","157.263092","3.04","MUNDA, BP","  83.8"," 6","  75.4"," 6","1011.0"," 6","999.9"," 0"," 12.4"," 6","  1.7"," 6","  7.0","999.9","  89.6","*","  74.5"," "," 0.00","G","999.9","000000"
"91503099999","2022-05-15","-8.327969","157.263092","3.04","MUNDA, BP","  81.9"," 7","  77.4"," 7","1010.2"," 7","999.9"," 0","  8.9"," 7","  1.4"," 7","  5.1","999.9","  87.1","*","  75.2"," "," 0.00","G","999.9","010000"
"91503099999","2022-05-16","-8.327969","157.263092","3.04","MUNDA, BP","  81.0"," 7","  76.6"," 7","1011.8"," 7","999.9"," 0"," 12.4"," 7","  0.6"," 7","  4.1","999.9","  87.6","*","  74.3"," "," 0.84","G","999.9","000000"
"91503099999","2022-05-17","-8.327969","157.263092","3.04","MUNDA, BP","  82.8"," 7","  75.7"," 7","1011.8"," 7","999.9"," 0"," 12.4"," 7","  1.7"," 7","  4.1","999.9","  88.2","*","  73.8"," "," 0.00","G","999.9","000000"
"91503099999","2022-05-18","-8.327969","157.263092","3.04","MUNDA, BP","  83.1"," 6","  75.1"," 6","1011.3"," 6","999.9"," 0"," 12.4"," 6","  1.7"," 6","  4.1","999.9","  88.5","*","  73.6"," "," 0.00","G","999.9","000000"
"91503099999","2022-05-19","-8.327969","157.263092","3.04","MUNDA, BP","  83.3"," 6","  77.0"," 6","1010.5"," 6","999.9"," 0"," 12.4"," 6","  2.5"," 6","  6.0","999.9","  89.8","*","  75.4"," "," 0.00","G","999.9","000000"
"91503099999","2022-05-20","-8.327969","157.263092","3.04","MUNDA, BP","  82.8"," 6","  75.8"," 6","1010.5"," 6","999.9"," 0"," 12.4"," 6","  1.3"," 6","  5.1","999.9","  89.6","*","  76.6"," "," 0.00","G","999.9","000000"
"91503099999","2022-05-21","-8.327969","157.263092","3.04","MUNDA, BP","  80.5"," 7","  74.3"," 6","1010.4"," 7","999.9"," 0"," 12.4"," 7","  3.7"," 7","  8.9","999.9","  88.2","*","  73.4"," "," 0.00","G","999.9","000000"
"91503099999","2022-05-22","-8.327969","157.263092","3.04","MUNDA, BP","  81.4"," 7","  75.0"," 7","1009.9"," 7","999.9"," 0"," 12.4"," 7","  0.7"," 7","  5.1","999.9","  89.1","*","  74.1"," "," 0.52","G","999.9","000000"
"91503099999","2022-05-23","-8.327969","157.263092","3.04","MUNDA, BP","  82.7"," 7","  76.1"," 7","1011.2"," 7","999.9"," 0"," 11.5"," 7","  2.7"," 7","  8.0","999.9","  88.9","*","  73.8"," "," 0.01","G","999.9","000000"
"91503099999","2022-05-24","-8.327969","157.263092","3.04","MUNDA, BP","  83.1"," 5","  76.4"," 5","1010.6"," 5","999.9"," 0"," 12.4"," 5","  0.6"," 5","  2.9","999.9","  88.9","*","  76.1"," "," 0.01","G","999.9","000000"
"91503099999","2022-05-25","-8.327969","157.263092","3.04","MUNDA, BP","  83.2"," 7","  76.4"," 6","1009.1"," 6","999.9"," 0"," 11.5"," 7","  2.9"," 7","  6.0","999.9","  88.0","*","  74.3"," "," 0.00","G","999.9","000000"
"91503099999","2022-05-26","-8.327969","157.263092","3.04","MUNDA, BP","  82.1"," 7","  75.7"," 7","1008.1"," 7","999.9"," 0"," 11.5"," 7","  0.4"," 7","  2.9","999.9","  89.4","*","  76.1","*"," 0.00","G","999.9","000000"
"91503099999","2022-05-27","-8.327969","157.263092","3.04","MUNDA, BP","  78.5","10","  75.6","10","1009.3"," 7","999.9"," 0","  6.8","10","  1.6","10","  6.0","999.9","  83.5","*","  75.2","*"," 0.01","G","999.9","010000"
"91503099999","2022-05-28","-8.327969","157.263092","3.04","MUNDA, BP","  82.2"," 5","  76.6"," 5","1008.5"," 5","999.9"," 0","  9.9"," 5","  1.0"," 5","  5.1","999.9","  87.8","*","  75.9"," "," 4.27","G","999.9","010000"
"91503099999","2022-05-29","-8.327969","157.263092","3.04","MUNDA, BP","  79.2"," 6","  76.5"," 6","1009.1"," 6","999.9"," 0","  8.3"," 6","  0.8"," 6","  5.1","999.9","  83.5","*","  75.0","*"," 0.00","G","999.9","010000"
"91503099999","2022-05-30","-8.327969","157.263092","3.04","MUNDA, BP","  84.2"," 7","  75.6"," 7","1009.1"," 6","999.9"," 0"," 10.7"," 7","  2.1"," 7","  2.9","999.9","  89.6","*","  75.2"," "," 0.01","G","999.9","010000"
"91503099999","2022-05-31","-8.327969","157.263092","3.04","MUNDA, BP","  81.3"," 7","  74.1"," 7","1011.1"," 7","999.9"," 0"," 10.7"," 7","  0.7"," 7","  5.1","999.9","  89.4","*","  73.4","*"," 0.00","G","999.9","000000"
"91503099999","2022-06-01","-8.327969","157.263092","3.04","MUNDA, BP","  76.7"," 6","  73.8"," 6","1011.9"," 5","999.9"," 0","  9.3"," 6","  2.7"," 6","  8.0","999.9","  86.0","*","  74.5","*"," 0.56","C","999.9","010000"
"91503099999","2022-06-02","-8.327969","157.263092","3.04","MUNDA, BP","  80.5"," 7","  75.1"," 7","1011.2"," 7","999.9"," 0","  8.9"," 7","  0.0"," 7","999.9","999.9","  84.4","*","  75.2"," "," 1.01","C","999.9","010000"
"91503099999","2022-06-03","-8.327969","157.263092","3.04","MUNDA, BP","  81.9"," 8","  76.1"," 8","1010.2"," 4","999.9"," 0"," 10.1"," 8","  2.3"," 8","  6.0","999.9","  87.8","*","  75.6","*"," 0.39","C","999.9","010000"
"91503099999","2022-06-04","-8.327969","157.263092","3.04","MUNDA, BP","  81.8"," 7","  75.8"," 7","9999.9"," 0","999.9"," 0","  9.8"," 7","  1.7"," 7","  7.0","999.9","  86.9","*","  76.1","*"," 0.00","I","999.9","000000"
"91503099999","2022-06-05","-8.327969","157.263092","3.04","MUNDA, BP","  80.7"," 7","  76.4"," 7","9999.9"," 0","999.9"," 0"," 10.7"," 7","  2.3"," 7","  5.1","999.9","  89.2","*","  76.1"," "," 0.00","G","999.9","010000"
"91503099999","2022-06-06","-8.327969","157.263092","3.04","MUNDA, BP","  79.0"," 5","  75.2"," 5","9999.9"," 0","999.9"," 0","  7.5"," 5","  0.4"," 5","  1.9","999.9","  80.6","*","  75.9"," "," 0.56","G","999.9","010000"
"91503099999","2022-06-07","-8.327969","157.263092","3.04","MUNDA, BP","  83.1"," 6","  76.0"," 6","9999.9"," 0","999.9"," 0"," 10.4"," 6","  2.2"," 6","  5.1","999.9","  87.3","*","  76.1"," "," 0.61","G","999.9","000000"
"91503099999","2022-06-08","-8.327969","157.263092","3.04","MUNDA, BP","  80.2"," 8","  75.6"," 8","9999.9"," 0","999.9"," 0","  7.8"," 8","  3.0"," 8","  6.0","999.9","  84.6","*","  77.4"," "," 0.07","G","999.9","010000"
"91503099999","2022-06-09","-8.327969","157.263092","3.04","MUNDA, BP","  81.1"," 8","  75.0"," 8","9999.9"," 0","999.9"," 0"," 10.9"," 8","  0.5"," 8","  4.1","999.9","  86.0","*","  76.3","*"," 0.07","G","999.9","010000"
"91503099999","2022-06-10","-8.327969","157.263092","3.04","MUNDA, BP","  82.3"," 8","  75.0"," 8","9999.9"," 0","999.9"," 0"," 11.7"," 8","  1.7"," 8","  5.1","999.9","  89.6","*","  74.8","*"," 0.00","G","999.9","000000"
"91503099999","2022-06-11","-8.327969","157.263092","3.04","MUNDA, BP","  81.8"," 5","  75.3"," 5","9999.9"," 0","999.9"," 0"," 11.2"," 5","  2.2"," 5","  5.1","999.9","  87.8","*","  76.6","*"," 0.20","A","999.9","010000"
"91503099999","2022-06-12","-8.327969","157.263092","3.04","MUNDA, BP","  81.4"," 8","  74.7"," 8","9999.9"," 0","999.9"," 0"," 10.9"," 8","  1.8"," 8","  5.1","999.9","  87.6","*","  74.3","*"," 0.00","I","999.9","000000"
"91503099999","2022-06-13","-8.327969","157.263092","3.04","MUNDA, BP","  82.5"," 7","  74.9"," 7","9999.9"," 0","999.9"," 0"," 12.4"," 7","  1.1"," 7","  5.1","999.9","  88.5","*","  74.3"," "," 0.00","G","999.9","000000"
"91503099999","2022-06-14","-8.327969","157.263092","3.04","MUNDA, BP","  82.2"," 8","  75.9"," 8","9999.9"," 0","999.9"," 0"," 10.1"," 8","  2.5"," 8","  6.0","999.9","  86.7","*","  77.0","*"," 0.00","G","999.9","010000"
"91503099999","2022-06-15","-8.327969","157.263092","3.04","MUNDA, BP","  82.1"," 6","  76.4"," 6","9999.9"," 0","999.9"," 0"," 11.4"," 6","  2.8"," 6","  7.0","999.9","  85.6","*","  77.7","*"," 0.28","G","999.9","000000"
"91503099999","2022-06-16","-8.327969","157.263092","3.04","MUNDA, BP","  80.3"," 7","  75.8"," 7","9999.9"," 0","999.9"," 0","  8.0"," 7","  1.4"," 7","  5.1","999.9","  86.0","*","  76.8","*"," 0.00","G","999.9","010000"
"91503099999","2022-06-17","-8.327969","157.263092","3.04","MUNDA, BP","  81.9"," 8","  75.8"," 8","9999.9"," 0","999.9"," 0"," 10.1"," 8","  2.5"," 8","  7.0","999.9","  88.2","*","  75.7","*"," 0.17","G","999.9","010000"
"91503099999","2022-06-18","-8.327969","157.263092","3.04","MUNDA, BP","  80.3"," 7","  75.4"," 7","9999.9"," 0","999.9"," 0","  8.9"," 7","  1.0"," 7","  5.1","999.9","  84.2","*","  75.2"," "," 0.12","G","999.9","000000"
"91503099999","2022-06-19","-8.327969","157.263092","3.04","MUNDA, BP","  79.2"," 6","  73.6"," 6","9999.9"," 0","999.9"," 0"," 11.4"," 6","  1.5"," 6","  5.1","999.9","  86.4","*","  72.9","*"," 0.00","G","999.9","000000"
"91503099999","2022-06-20","-8.327969","157.263092","3.04","MUNDA, BP","  82.9"," 6","  74.0"," 6","9999.9"," 0","999.9"," 0"," 10.4"," 6","  3.2"," 6","  5.1","999.9","  86.4","*","  73.8"," "," 0.37","G","999.9","000000"
"91503099999","2022-06-21","-8.327969","157.263092","3.04","MUNDA, BP","  82.4"," 9","  75.8"," 9","9999.9"," 0","999.9"," 0"," 10.4"," 9","  2.4"," 9","  8.0","999.9","  87.8","*","  74.3","*"," 0.00","G","999.9","000000"
"91503099999","2022-06-22","-8.327969","157.263092","3.04","MUNDA, BP","  81.0","11","  75.7","11","9999.9"," 0","999.9"," 0","  9.0","11","  1.8","11","  7.0","999.9","  86.0","*","  74.5","*"," 0.00","G","999.9","000000"
"91503099999","2022-06-23","-8.327969","157.263092","3.04","MUNDA, BP","  82.5"," 9","  76.1"," 9","9999.9"," 0","999.9"," 0","  9.3"," 9","  2.3"," 9","  7.0","999.9","  87.8","*","  75.9"," "," 0.05","G","999.9","010010"
"91503099999","2022-06-24","-8.327969","157.263092","3.04","MUNDA, BP","  77.5"," 7","  75.6"," 7","1010.1"," 4","999.9"," 0","  8.9"," 7","  1.9"," 7","  8.0","999.9","  80.6","*","  75.2","*"," 0.00","G","999.9","010000"
"91503099999","2022-06-25","-8.327969","157.263092","3.04","MUNDA, BP","  82.8"," 7","  75.6"," 7","1009.1"," 7","999.9"," 0"," 12.4"," 7","  3.6"," 7","  7.0","999.9","  87.8","*","  75.2"," "," 0.11","G","999.9","000000"
"91503099999","2022-06-26","-8.327969","157.263092","3.04","MUNDA, BP","  82.5"," 6","  75.0"," 6","1008.5"," 6","999.9"," 0"," 11.4"," 6","  4.3"," 6","  8.0","999.9","  88.9","*","  77.0","*"," 0.00","G","999.9","010000"
"91503099999","2022-06-27","-8.327969","157.263092","3.04","MUNDA, BP","  79.6"," 9","  76.2"," 9","1008.7"," 7","999.9"," 0","  7.8"," 9","  4.9"," 9"," 12.0","999.9","  86.0","*","  75.9","*"," 0.37","G","999.9","010000"
"91503099999","2022-06-28","-8.327969","157.263092","3.04","MUNDA, BP","  77.7"," 8","  74.6"," 8","1009.6"," 6","999.9"," 0","  6.5"," 8","  2.1"," 8","  7.0","999.9","  82.4","*","  74.5","*"," 0.50","G","999.9","010000"
"91503099999","2022-06-29","-8.327969","157.263092","3.04","MUNDA, BP","  82.1"," 8","  75.5"," 8","1008.8"," 7","999.9"," 0"," 10.9"," 8","  4.6"," 8"," 12.0","999.9","  87.8","*","  74.5"," "," 0.30","G","999.9","000000"
"91503099999","2022-06-30","-8.327969","157.263092","3.04","MUNDA, BP","  82.4"," 8","  76.2"," 8","1009.0"," 7","999.9"," 0"," 10.9"," 8","  3.7"," 8","  9.9","999.9","  89.4","*","  76.6","*"," 0.00","G","999.9","000000"
"91503099999","2022-07-01","-8.327969","157.263092","3.04","MUNDA, BP","  81.5"," 8","  76.2"," 8","1009.3"," 5","999.9"," 0"," 10.9"," 8","  4.4"," 8","  9.9","999.9","  86.0","*","  77.0","*"," 0.02","G","999.9","000000"
"91503099999","2022-07-02","-8.327969","157.263092","3.04","MUNDA, BP","  82.9"," 8","  75.5"," 8","1008.0"," 7","999.9"," 0"," 10.9"," 8","  2.8"," 8","  7.0","999.9","  89.2","*","  77.0","*"," 0.00","G","999.9","000000"
"91503099999","2022-07-03","-8.327969","157.263092","3.04","MUNDA, BP","  83.3"," 7","  76.0"," 7","1007.2"," 7","999.9"," 0"," 10.7"," 7","  1.4"," 7","  4.1","999.9","  88.9","*","  76.1"," "," 0.00","G","999.9","000000"
"91503099999","2022-07-04","-8.327969","157.263092","3.04","MUNDA, BP","  82.2"," 9","  75.2"," 9","1006.9"," 7","999.9"," 0","  8.3"," 9","  2.3"," 9","  6.0","999.9","  89.6","*","  74.5","*"," 0.01","G","999.9","000000"
"91503099999","2022-07-05","-8.327969","157.263092","3.04","MUNDA, BP","  83.8"," 8","  73.6"," 8","1008.6"," 7","999.9"," 0"," 10.1"," 8","  4.2"," 8","  9.9","999.9","  89.8","*","  75.2"," "," 0.00","G","999.9","000000"
"91503099999","2022-07-06","-8.327969","157.263092","3.04","MUNDA, BP","  84.2"," 9","  75.6"," 9","1009.9"," 7","999.9"," 0"," 10.4"," 9","  6.6"," 9","  9.9","999.9","  89.6","*","  77.2"," "," 0.00","G","999.9","000000"
"91503099999","2022-07-07","-8.327969","157.263092","3.04","MUNDA, BP","  82.8"," 8","  75.0"," 8","1009.3"," 7","999.9"," 0","  8.5"," 8","  3.3"," 8","  8.0","999.9","  88.7","*","  78.3","*"," 0.02","G","999.9","000000"
"91503099999","2022-07-08","-8.327969","157.263092","3.04","MUNDA, BP","  82.6"," 8","  74.2"," 8","1009.3"," 7","999.9"," 0","  9.3"," 8","  3.3"," 8"," 12.0","999.9","  89.8","*","  75.2","*"," 0.00","G","999.9","000000"
"91503099999","2022-07-09","-8.327969","157.263092","3.04","MUNDA, BP","  82.8"," 6","  73.2"," 6","1008.0"," 5","999.9"," 0"," 11.4"," 6","  3.2"," 6","  7.0","999.9","  89.2","*","  74.5"," "," 0.00","G","999.9","000000"
"91503099999","2022-07-10","-8.327969","157.263092","3.04","MUNDA, BP","  81.2"," 9","  73.8"," 9","1010.3"," 7","999.9"," 0"," 11.0"," 9","  3.1"," 9","  8.0","999.9","  89.4","*","  72.7","*"," 0.00","G","999.9","000000"
"91503099999","2022-07-11","-8.327969","157.263092","3.04","MUNDA, BP","  81.9"," 8","  74.5"," 8","1010.4"," 7","999.9"," 0"," 10.9"," 8","  2.0"," 8","  5.1","999.9","  86.0","*","  72.3"," "," 0.00","G","999.9","000000"
"91503099999","2022-07-12","-8.327969","157.263092","3.04","MUNDA, BP","  81.5"," 9","  73.9"," 9","1008.8"," 7","999.9"," 0"," 11.0"," 9","  2.2"," 9","  7.0","999.9","  90.0","*","  74.3","*"," 0.00","G","999.9","000000"
"91503099999","2022-07-13","-8.327969","157.263092","3.04","MUNDA, BP","  82.7"," 9","  74.7"," 9","1007.7"," 7","999.9"," 0","  9.7"," 9","  1.3"," 9","  5.1","999.9","  89.1","*","  74.3"," "," 0.00","G","999.9","000000"
"91503099999","2022-07-14","-8.327969","157.263092","3.04","MUNDA, BP","  81.8"," 8","  75.4"," 8","1008.9"," 7","999.9"," 0","  9.3"," 8","  2.9"," 8","  6.0","999.9","  88.0","*","  72.7"," "," 0.00","G","999.9","010000"
"91503099999","2022-07-15","-8.327969","157.263092","3.04","MUNDA, BP","  83.1"," 8","  73.0"," 8","1010.3"," 7","999.9"," 0"," 10.1"," 8","  3.6"," 8","  7.0","999.9","  90.5","*","  75.2"," "," 0.02","G","999.9","000000"
"91503099999","2022-07-16","-8.327969","157.263092","3.04","MUNDA, BP","  81.6"," 7","  75.1"," 7","1010.6"," 7","999.9"," 0"," 10.7"," 7","  3.9"," 7","  9.9","999.9","  87.8","*","  76.1"," "," 0.00","G","999.9","000000"
"91503099999","2022-07-17","-8.327969","157.263092","3.04","MUNDA, BP","  82.1"," 7","  75.9"," 7","1010.2"," 6","999.9"," 0"," 10.7"," 7","  2.9"," 7","  8.0","999.9","  89.6","*","  76.1"," "," 0.03","G","999.9","000000"
"91503099999","2022-07-18","-8.327969","157.263092","3.04","MUNDA, BP","  82.6"," 7","  75.3"," 7","1008.9"," 7","999.9"," 0"," 10.7"," 7","  3.6"," 7","  8.0","999.9","  89.6","*","  74.7","*"," 0.25","G","999.9","010000"
"91503099999","2022-07-19","-8.327969","157.263092","3.04","MUNDA, BP","  82.6"," 8","  73.5"," 8","1009.4"," 6","999.9"," 0","  9.3"," 8","  3.3"," 8","  8.0","999.9","  89.6","*","  74.7"," "," 0.02","G","999.9","000000"
"91503099999","2022-07-20","-8.327969","157.263092","3.04","MUNDA, BP","  80.9"," 7","  74.7"," 7","1010.1"," 7","999.9"," 0","  9.8"," 7","  3.3"," 7","  8.0","999.9","  89.6","*","  72.5","*"," 0.02","G","999.9","010000"
"91503099999","2022-07-21","-8.327969","157.263092","3.04","MUNDA, BP","  82.0"," 6","  73.7"," 6","1010.1"," 6","999.9"," 0"," 11.4"," 6","  2.5"," 6","  5.1","999.9","  88.7","*","  72.5"," "," 0.16","G","999.9","000000"
"91503099999","2022-07-22","-8.327969","157.263092","3.04","MUNDA, BP","  82.0"," 9","  75.1"," 9","1010.6"," 7","999.9"," 0"," 10.4"," 9","  2.2"," 9","  6.0","999.9","  88.9","*","  73.2"," "," 0.00","G","999.9","000000"
"91503099999","2022-07-23","-8.327969","157.263092","3.04","MUNDA, BP","  83.9"," 6","  75.3"," 6","1010.2"," 6","999.9"," 0"," 11.4"," 6","  3.3"," 6","  5.1","999.9","  89.6","*","  75.2"," "," 0.03","G","999.9","000000"
"91503099999","2022-07-24","-8.327969","157.263092","3.04","MUNDA, BP","  84.8"," 7","  75.4"," 7","1009.0"," 6","999.9"," 0"," 10.7"," 7","  5.6"," 7"," 12.0","999.9","  89.2","*","  76.1"," "," 0.18","G","999.9","000000"
"91503099999","2022-07-25","-8.327969","157.263092","3.04","MUNDA, BP","  82.2"," 9","  75.9"," 9","1009.1"," 7","999.9"," 0","  9.7"," 9","  2.1"," 9","  8.0","999.9","  89.6","*","  75.6","*"," 0.00","G","999.9","000000"
"91503099999","2022-07-26","-8.327969","157.263092","3.04","MUNDA, BP","  82.7"," 9","  76.6"," 9","1008.9"," 7","999.9"," 0","  7.6"," 9","  2.2"," 9","  8.9","999.9","  88.2","*","  77.0"," "," 0.05","G","999.9","010000"
"91503099999","2022-07-27","-8.327969","157.263092","3.04","MUNDA, BP","  82.3"," 4","  76.2"," 4","1009.5"," 4","999.9"," 0"," 10.9"," 4","  4.3"," 4","  6.0","999.9","  86.9","*","  75.9"," "," 0.16","G","999.9","010000"
"91503099999","2022-07-28","-8.327969","157.263092","3.04","MUNDA, BP","  82.1"," 7","  75.2"," 7","1009.2"," 6","999.9"," 0","  8.9"," 7","  5.5"," 7","  9.9","999.9","  88.0","*","  74.1"," "," 0.15","G","999.9","010000"
"91503099999","2022-07-29","-8.327969","157.263092","3.04","MUNDA, BP","  79.3"," 7","  74.7"," 7","1009.5"," 7","999.9"," 0"," 11.5"," 7","  1.6"," 7","  6.0","999.9","  84.2","*","  74.1"," "," 0.85","G","999.9","000000"
"91503099999","2022-07-30","-8.327969","157.263092","3.04","MUNDA, BP","  81.8"," 7","  74.5"," 7","1009.8"," 7","999.9"," 0"," 10.7"," 7","  2.7"," 7","  8.0","999.9","  88.0","*","  73.2"," "," 0.00","G","999.9","000000"
"91503099999","2022-07-31","-8.327969","157.263092","3.04","MUNDA, BP","  83.4"," 7","  74.7"," 7","1008.6"," 6","999.9"," 0"," 10.7"," 7","  5.4"," 7","  9.9","999.9","  88.7","*","  73.8","*"," 0.00","B","999.9","010000"
"91503099999","2022-08-01","-8.327969","157.263092","3.04","MUNDA, BP","  83.2"," 9","  75.7"," 9","1009.1"," 7","999.9"," 0","  9.7"," 9","  3.5"," 9","  9.9","999.9","  89.2","*","  77.2"," "," 0.00","G","999.9","000000"
"91503099999","2022-08-02","-8.327969","157.263092","3.04","MUNDA, BP","  81.4"," 7","  75.9"," 7","1009.8"," 7","999.9"," 0"," 11.5"," 7","  2.4"," 7","  8.0","999.9","  87.8","*","  76.1"," "," 0.06","G","999.9","000000"
"91503099999","2022-08-03","-8.327969","157.263092","3.04","MUNDA, BP","  82.3"," 8","  76.1"," 8","1009.1"," 7","999.9"," 0","  9.3"," 8","  3.1"," 8","  7.0","999.9","  87.3","*","  76.3"," "," 0.00","G","999.9","010000"
"91503099999","2022-08-04","-8.327969","157.263092","3.04","MUNDA, BP","  82.9"," 7","  75.3"," 7","1008.2"," 7","999.9"," 0"," 10.7"," 7","  2.6"," 7","  7.0","999.9","  89.6","*","  77.0","*"," 0.08","G","999.9","000000"
"91503099999","2022-08-05","-8.327969","157.263092","3.04","MUNDA, BP","  81.2"," 7","  72.8"," 7","1008.4"," 7","999.9"," 0"," 12.4"," 7","  3.6"," 7","  8.9","999.9","  89.6","*","  72.1","*"," 0.55","G","999.9","000000"
"91503099999","2022-08-06","-8.327969","157.263092","3.04","MUNDA, BP","  81.0"," 7","  74.8"," 7","1008.2"," 7","999.9"," 0"," 12.4"," 7","  2.6"," 7","  8.0","999.9","  87.8","*","  72.1"," "," 0.00","G","999.9","000000"
"91503099999","2022-08-07","-8.327969","157.263092","3.04","MUNDA, BP","  85.5"," 6","  75.3"," 6","1008.4"," 5","999.9"," 0"," 11.4"," 6","  4.8"," 6","  8.0","999.9","  89.8","*","  74.1"," "," 0.02","G","999.9","000000"
"91503099999","2022-08-08","-8.327969","157.263092","3.04","MUNDA, BP","  81.3"," 7","  76.1"," 7","1008.6"," 7","999.9"," 0"," 11.5"," 7","  0.7"," 7","  5.1","999.9","  86.5","*","  75.9"," "," 0.15","G","999.9","010000"
"91503099999","2022-08-09","-8.327969","157.263092","3.04","MUNDA, BP","  80.5"," 7","  75.6"," 7","1009.1"," 7","999.9"," 0"," 10.7"," 7","  2.2"," 7","  6.0","999.9","  86.2","*","  75.6","*"," 0.12","G","999.9","010000"
"91503099999","2022-08-10","-8.327969","157.263092","3.04","MUNDA, BP","  79.5"," 6","  75.3"," 6","1010.3"," 6","999.9"," 0"," 11.4"," 6","  1.2"," 6","  7.0","999.9","  86.0","*","  75.2"," "," 0.00","G","999.9","010010"
"91503099999","2022-08-11","-8.327969","157.263092","3.04","MUNDA, BP","  79.7"," 7","  75.8"," 7","1009.4"," 6","999.9"," 0","  8.0"," 7","  1.6"," 7","  6.0","999.9","  86.0","*","  74.8"," "," 0.07","G","999.9","010000"
"91503099999","2022-08-12","-8.327969","157.263092","3.04","MUNDA, BP","  78.8"," 6","  75.3"," 6","1010.5"," 6","999.9"," 0"," 12.4"," 6","  2.7"," 6","  6.0","999.9","  86.0","*","  74.3"," "," 1.29","G","999.9","010000"
"91503099999","2022-08-13","-8.327969","157.263092","3.04","MUNDA, BP","  79.8"," 7","  74.6"," 7","1010.4"," 7","999.9"," 0"," 10.7"," 7","  0.6"," 7","  4.1","999.9","  87.3","*","  73.2","*"," 0.14","G","999.9","000000"
"91503099999","2022-08-14","-8.327969","157.263092","3.04","MUNDA, BP","  81.5"," 7","  75.6"," 7","1009.5"," 6","999.9"," 0","  9.8"," 7","  1.7"," 7","  7.0","999.9","  86.9","*","  73.0"," "," 0.01","G","999.9","010000"
"91503099999","2022-08-15","-8.327969","157.263092","3.04","MUNDA, BP","  79.4"," 8","  74.4"," 8","1009.8"," 7","999.9"," 0","  8.5"," 8","  2.0"," 8","  6.0","999.9","  86.2","*","  75.0","*"," 0.00","G","999.9","010000"
"91503099999","2022-08-16","-8.327969","157.263092","3.04","MUNDA, BP","  80.9"," 7","  75.1"," 7","1010.7"," 6","999.9"," 0"," 11.5"," 7","  1.7"," 7","  6.0","999.9","  84.2","*","  76.3"," "," 0.23","G","999.9","000000"
"91503099999","2022-08-17","-8.327969","157.263092","3.04","MUNDA, BP","  82.4"," 8","  74.6"," 8","1010.7"," 7","999.9"," 0"," 10.1"," 8","  5.2"," 8"," 12.0","999.9","  89.4","*","  75.2"," "," 0.00","G","999.9","010000"
"91503099999","2022-08-18","-8.327969","157.263092","3.04","MUNDA, BP","  80.2"," 8","  73.8"," 7","1010.9"," 8","999.9"," 0"," 10.1"," 8","  3.8"," 8","  7.0","999.9","  84.2","*","  76.1"," "," 0.17","G","999.9","010000"
"91503099999","2022-08-19","-8.327969","157.263092","3.04","MUNDA, BP","  83.8"," 7","  74.9"," 7","1010.8"," 6","999.9"," 0"," 11.5"," 7","  6.4"," 7","  9.9","999.9","  88.2","*","  76.3"," "," 0.00","G","999.9","000000"
"91503099999","2022-08-20","-8.327969","157.263092","3.04","MUNDA, BP","  79.5"," 8","  74.8"," 8","1010.2"," 7","999.9"," 0"," 10.1"," 8","  2.3"," 8","  5.1","999.9","  81.9","*","  75.2"," "," 0.08","G","999.9","010000"
"91503099999","2022-08-21","-8.327969","157.263092","3.04","MUNDA, BP","  77.6"," 7","  75.6"," 7","1010.1"," 6","999.9"," 0","  8.9"," 7","  1.1"," 7","  5.1","999.9","  79.7","*","  74.1","*"," 0.19","G","999.9","010010"
"91503099999","2022-08-22","-8.327969","157.263092","3.04","MUNDA, BP","  81.3"," 6","  75.2"," 6","1010.5"," 6","999.9"," 0"," 11.4"," 6","  3.0"," 6","  7.0","999.9","  87.8","*","  74.3"," "," 0.32","G","999.9","000000"
"91503099999","2022-08-23","-8.327969","157.263092","3.04","MUNDA, BP","  83.8","10","  75.2","10","1010.3"," 7","999.9"," 0","  9.9","10","  3.5","10","  9.9","999.9","  89.6","*","  73.4"," "," 0.00","G","999.9","000000"
"91503099999","2022-08-24","-8.327969","157.263092","3.04","MUNDA, BP","  82.5"," 9","  73.6"," 9","1010.0"," 7","999.9"," 0"," 11.0"," 9","  5.3"," 9","  9.9","999.9","  88.7","*","  75.2"," "," 0.00","G","999.9","000000"
"91503099999","2022-08-25","-8.327969","157.263092","3.04","MUNDA, BP","  79.5"," 9","  74.5"," 9","1010.1"," 8","999.9"," 0","  9.0"," 9","  1.2"," 9","  6.0","999.9","  86.0","*","  76.1"," "," 0.00","G","999.9","010000"
"91503099999","2022-08-26","-8.327969","157.263092","3.04","MUNDA, BP","  80.4"," 8","  75.2"," 8","1010.2"," 8","999.9"," 0","  8.5"," 8","  2.7"," 8","  8.0","999.9","  88.7","*","  75.2"," "," 0.54","G","999.9","010000"
"91503099999","2022-08-27","-8.327969","157.263092","3.04","MUNDA, BP","  81.9","10","  75.5","10","1009.6"," 8","999.9"," 0"," 10.6","10","  3.0","10","  9.9","999.9","  87.8","*","  75.7","*"," 0.98","G","999.9","010000"
"91503099999","2022-08-28","-8.327969","157.263092","3.04","MUNDA, BP","  76.8"," 8","  74.3"," 8","1010.7"," 7","999.9"," 0","  8.5"," 8","  1.7"," 8","  5.1","999.9","  82.4","*","  74.8","*"," 0.45","G","999.9","010000"
"91503099999","2022-08-29","-8.327969","157.263092","3.04","MUNDA, BP","  79.0"," 8","  75.8"," 8","1008.8"," 8","999.9"," 0"," 10.1"," 8","  0.8"," 8","  6.0","999.9","  86.9","*","  74.3"," "," 1.26","G","999.9","010000"
"91503099999","2022-08-30","-8.327969","157.263092","3.04","MUNDA, BP","  79.7"," 9","  76.1"," 9","1007.9"," 8","999.9"," 0","  9.7"," 9","  2.7"," 9","  8.0","999.9","  85.1","*","  75.2","*"," 0.21","G","999.9","010000"
"91503099999","2022-08-31","-8.327969","157.263092","3.04","MUNDA, BP","  84.0","10","  75.4","10","1008.7"," 7","999.9"," 0","  9.3","10","  6.3","10"," 12.0","999.9","  87.8","*","  77.0"," "," 0.35","G","999.9","000000"
"91503099999","2022-09-01","-8.327969","157.263092","3.04","MUNDA, BP","  80.7"," 6","  75.9"," 6","1011.0"," 4","999.9"," 0","  9.3"," 6","  2.8"," 6","  8.0","999.9","  84.6","*","  74.8"," "," 0.00","G","999.9","010000"
"91503099999","2022-09-02","-8.327969","157.263092","3.04","MUNDA, BP","  80.5"," 9","  74.4"," 9","1010.0"," 8","999.9"," 0","  9.0"," 9","  4.2"," 9"," 15.9","999.9","  84.9","*","  74.3","*"," 0.00","A","999.9","010000"
"91503099999","2022-09-03","-8.327969","157.263092","3.04","MUNDA, BP","  81.1"," 8","  75.0"," 8","1009.2"," 8","999.9"," 0"," 12.4"," 8","  3.5"," 8","  8.9","999.9","  87.8","*","  74.3"," "," 0.00","I","999.9","000000"
"91503099999","2022-09-04","-8.327969","157.263092","3.04","MUNDA, BP","  79.4"," 7","  75.9"," 7","1010.4"," 7","999.9"," 0","  8.3"," 7","  1.7"," 7","  5.1","999.9","  86.9","*","  74.3"," "," 0.00","G","999.9","010000"
"91503099999","2022-09-05","-8.327969","157.263092","3.04","MUNDA, BP","  81.7"," 8","  75.4"," 8","1010.6"," 7","999.9"," 0"," 10.9"," 8","  0.0"," 8","999.9","999.9","  86.9","*","  75.6"," "," 1.26","G","999.9","010000"
"91503099999","2022-09-06","-8.327969","157.263092","3.04","MUNDA, BP","  82.2"," 8","  75.0"," 8","1010.0"," 8","999.9"," 0"," 12.4"," 8","  2.5"," 8","  7.0","999.9","  89.4","*","  75.2","*"," 0.09","G","999.9","000000"
"91503099999","2022-09-07","-8.327969","157.263092","3.04","MUNDA, BP","  84.7"," 6","  73.8"," 6","1010.2"," 5","999.9"," 0"," 10.4"," 6","  3.7"," 6","  8.0","999.9","  90.5","*","  75.2"," "," 0.00","G","999.9","000000"
"91503099999","2022-09-08","-8.327969","157.263092","3.04","MUNDA, BP","  81.5"," 9","  75.4"," 9","1011.4"," 7","999.9"," 0"," 11.0"," 9","  1.5"," 9","  8.0","999.9","  87.8","*","  74.5","*"," 0.06","B","999.9","010000"
"91503099999","2022-09-09","-8.327969","157.263092","3.04","MUNDA, BP","  82.6"," 8","  75.4"," 8","1011.4"," 8","999.9"," 0"," 10.9"," 8","  3.9"," 8","  7.0","999.9","  89.8","*","  74.1"," "," 0.43","A","999.9","010000"
"91503099999","2022-09-10","-8.327969","157.263092","3.04","MUNDA, BP","  80.5"," 8","  75.1"," 8","1010.2"," 8","999.9"," 0"," 10.1"," 8","  2.1"," 8","  8.0","999.9","  86.9","*","  75.4","*"," 0.10","B","999.9","000000"
"91503099999","2022-09-11","-8.327969","157.263092","3.04","MUNDA, BP","  80.1"," 7","  73.6"," 7","1010.4"," 7","999.9"," 0"," 12.4"," 7","  2.6"," 7","  9.9","999.9","  88.7","*","  75.2","*"," 0.00","I","999.9","000000"
"91503099999","2022-09-12","-8.327969","157.263092","3.04","MUNDA, BP","  79.5"," 8","  76.3"," 8","1012.1"," 8","999.9"," 0","  9.3"," 8","  1.3"," 8","  6.0","999.9","  84.2","*","  75.2","*"," 0.01","G","999.9","010000"
"91503099999","2022-09-13","-8.327969","157.263092","3.04","MUNDA, BP","  82.4"," 8","  75.7"," 8","1012.9"," 8","999.9"," 0"," 12.4"," 8","  3.4"," 8","  7.0","999.9","  88.5","*","  75.2"," "," 0.05","G","999.9","010000"
"91503099999","2022-09-14","-8.327969","157.263092","3.04","MUNDA, BP","  81.7"," 8","  74.5"," 8","1011.5"," 7","999.9"," 0"," 10.9"," 8","  3.5"," 8"," 15.0","999.9","  89.6","*","  76.1","*"," 0.20","G","999.9","000010"
"91503099999","2022-09-15","-8.327969","157.263092","3.04","MUNDA, BP","  80.1"," 9","  75.9"," 9","1009.9"," 8","999.9"," 0"," 10.4"," 9","  1.8"," 9","  6.0","999.9","  86.0","*","  75.2","*"," 0.11","G","999.9","010000"
"91503099999","2022-09-16","-8.327969","157.263092","3.04","MUNDA, BP","  80.6"," 7","  73.6"," 7","1010.6"," 7","999.9"," 0"," 10.7"," 7","  4.0"," 7","  9.9","999.9","  88.7","*","  73.4","*"," 0.69","G","999.9","000000"
"91503099999","2022-09-17","-8.327969","157.263092","3.04","MUNDA, BP","  83.7"," 7","  75.4"," 7","1011.0"," 5","999.9"," 0"," 12.4"," 7","  3.3"," 7","  9.9","999.9","  87.8","*","  72.7"," "," 0.00","G","999.9","000000"
"91503099999","2022-09-18","-8.327969","157.263092","3.04","MUNDA, BP","  82.5"," 8","  75.6"," 8","1010.3"," 8","999.9"," 0"," 10.9"," 8","  7.6"," 8"," 12.0","999.9","  86.9","*","  75.2"," "," 0.81","G","999.9","010000"
"91503099999","2022-09-19","-8.327969","157.263092","3.04","MUNDA, BP","  81.8"," 7","  76.4"," 7","1009.9"," 5","999.9"," 0","  9.8"," 7","  2.4"," 7","  8.0","999.9","  86.0","*","  77.9","*"," 0.00","G","999.9","010010"
"91503099999","2022-09-20","-8.327969","157.263092","3.04","MUNDA, BP","  81.8"," 7","  75.8"," 7","1009.9"," 6","999.9"," 0","  9.8"," 7","  3.1"," 7","  8.0","999.9","  86.4","*","  75.9"," "," 0.30","G","999.9","010010"
"91503099999","2022-09-21","-8.327969","157.263092","3.04","MUNDA, BP","  77.4"," 8","  74.1"," 8","1010.3"," 4","999.9"," 0","  6.8"," 8","  2.3"," 8","  7.0","999.9","  84.4","*","  74.5","*"," 0.59","G","999.9","010000"
"91503099999","2022-09-22","-8.327969","157.263092","3.04","MUNDA, BP","  82.4","10","  75.1","10","1008.1"," 8","999.9"," 0"," 10.6","10","  3.0","10","  6.0","999.9","  87.8","*","  74.3"," "," 1.78","G","999.9","000000"
"91503099999","2022-09-23","-8.327969","157.263092","3.04","MUNDA, BP","  81.4","10","  75.2","10","1008.2"," 8","999.9"," 0"," 11.2","10","  1.8","10","  8.0","999.9","  87.8","*","  75.4","*"," 0.00","G","999.9","000000"
"91503099999","2022-09-24","-8.327969","157.263092","3.04","MUNDA, BP","  84.2"," 5","  76.0"," 5","1008.0"," 4","999.9"," 0","  6.2"," 5","  3.2"," 5","  6.0","999.9","  88.9","*","  75.2"," "," 0.02","G","999.9","010000"
"91503099999","2022-09-25","-8.327969","157.263092","3.04","MUNDA, BP","  79.1"," 4","  74.4"," 4","1009.8"," 4","999.9"," 0"," 12.4"," 4","  1.5"," 4","  2.9","999.9","  80.8","*","  77.0","*"," 0.00","G","999.9","000000"
"91503099999","2022-09-26","-8.327969","157.263092","3.04","MUNDA, BP","  81.1"," 8","  75.7"," 8","1008.7"," 6","999.9"," 0"," 11.7"," 8","  1.9"," 8","  4.1","999.9","  87.8","*","  75.4"," "," 0.90","G","999.9","000000"
"91503099999","2022-09-27","-8.327969","157.263092","3.04","MUNDA, BP","  79.5"," 8","  75.0"," 8","1008.9"," 7","999.9"," 0","  8.5"," 8","  1.6"," 8","  7.0","999.9","  87.1","*","  75.0","*"," 0.00","G","999.9","010000"
"91503099999","2022-09-28","-8.327969","157.263092","3.04","MUNDA, BP","  80.3","10","  74.8","10","1010.3"," 8","999.9"," 0","  9.9","10","  1.5","10","  6.0","999.9","  86.7","*","  73.4","*"," 0.11","G","999.9","010000"
"91503099999","2022-09-29","-8.327969","157.263092","3.04","MUNDA, BP","  84.2"," 6","  73.6"," 6","1010.7"," 6","999.9"," 0"," 12.4"," 6","  3.0"," 6","  6.0","999.9","  89.6","*","  74.5"," "," 0.14","G","999.9","000000"
"91503099999","2022-09-30","-8.327969","157.263092","3.04","MUNDA, BP","  83.4"," 9","  75.5"," 9","1009.7"," 8","999.9"," 0"," 11.7"," 9","  4.6"," 9"," 14.0","999.9","  89.6","*","  75.6"," "," 0.00","G","999.9","000000"
"91503099999","2022-10-01","-8.327969","157.263092","3.04","MUNDA, BP","  79.8"," 8","  75.4"," 8","1009.0"," 8","999.9"," 0"," 10.9"," 8","  0.8"," 8","  6.0","999.9","  88.7","*","  75.0","*"," 1.73","A","999.9","000000"
"91503099999","2022-10-02","-8.327969","157.263092","3.04","MUNDA, BP","  81.2"," 8","  75.3"," 8","1009.0"," 8","999.9"," 0"," 12.4"," 8","  2.0"," 8","  6.0","999.9","  87.8","*","  75.6","*"," 0.12","A","999.9","010000"
"91503099999","2022-10-03","-8.327969","157.263092","3.04","MUNDA, BP","  84.7"," 6","  75.2"," 6","1008.7"," 6","999.9"," 0"," 12.4"," 6","  2.0"," 6","  5.1","999.9","  88.9","*","  76.1"," "," 0.00","I","999.9","000000"
"91503099999","2022-10-04","-8.327969","157.263092","3.04","MUNDA, BP","  82.5","12","  75.6","12","1009.4"," 8","999.9"," 0","  8.8","12","  2.7","12","  8.0","999.9","  87.8","*","  76.5","*"," 0.00","G","999.9","000000"
"91503099999","2022-10-05","-8.327969","157.263092","3.04","MUNDA, BP","  83.2","10","  74.4","10","1010.0"," 8","999.9"," 0"," 11.2","10","  3.8","10","  9.9","999.9","  89.6","*","  75.9"," "," 0.26","G","999.9","000000"
"91503099999","2022-10-06","-8.327969","157.263092","3.04","MUNDA, BP","  82.1"," 9","  72.5"," 9","1009.5"," 8","999.9"," 0"," 11.7"," 9","  4.0"," 9","  9.9","999.9","  90.0","*","  73.4","*"," 0.00","G","999.9","000000"
"91503099999","2022-10-07","-8.327969","157.263092","3.04","MUNDA, BP","  79.8"," 7","  74.9"," 7","1009.8"," 6","999.9"," 0","  9.0"," 7","  2.4"," 7","  6.0","999.9","  87.8","*","  73.6","*"," 1.74","D","999.9","010010"
"91503099999","2022-10-08","-8.327969","157.263092","3.04","MUNDA, BP","  80.7"," 9","  74.2"," 9","1010.2"," 8","999.9"," 0"," 10.4"," 9","  2.1"," 9","  8.0","999.9","  87.8","*","  74.5","*"," 0.08","A","999.9","010000"
"91503099999","2022-10-09","-8.327969","157.263092","3.04","MUNDA, BP","  84.0"," 8","  71.5"," 8","1009.7"," 7","999.9"," 0"," 11.7"," 8","  4.0"," 8","  8.0","999.9","  89.6","*","  74.8"," "," 0.00","I","999.9","000000"
"91503099999","2022-10-10","-8.327969","157.263092","3.04","MUNDA, BP","  81.1"," 8","  74.3"," 8","1008.7"," 7","999.9"," 0"," 11.7"," 8","  0.4"," 8","  2.9","999.9","  86.9","*","  74.3"," "," 0.00","I","999.9","000000"
"91503099999","2022-10-11","-8.327969","157.263092","3.04","MUNDA, BP","  82.2"," 9","  74.5"," 9","1007.8"," 8","999.9"," 0"," 11.7"," 9","  1.9"," 9","  8.0","999.9","  88.7","*","  74.8","*"," 0.00","G","999.9","000000"
"91503099999","2022-10-12","-8.327969","157.263092","3.04","MUNDA, BP","  81.8"," 6","  76.2"," 6","1008.1"," 6","999.9"," 0"," 10.4"," 6","  0.5"," 6","  2.9","999.9","  88.5","*","  75.9"," "," 0.00","G","999.9","010000"
"91503099999","2022-10-13","-8.327969","157.263092","3.04","MUNDA, BP","  82.0"," 7","  76.0"," 7","1008.6"," 7","999.9"," 0","  9.8"," 7","  0.4"," 7","  2.9","999.9","  89.6","*","  76.1","*"," 0.07","G","999.9","000000"
"91503099999","2022-10-14","-8.327969","157.263092","3.04","MUNDA, BP","  82.5"," 9","  76.2"," 9","1009.2"," 6","999.9"," 0"," 10.4"," 9","  1.4"," 9","  8.0","999.9","  86.0","*","  78.8","*"," 0.00","G","999.9","000010"
"91503099999","2022-10-15","-8.327969","157.263092","3.04","MUNDA, BP","  82.9"," 7","  75.1"," 7","1009.8"," 7","999.9"," 0"," 10.7"," 7","  1.9"," 7","  7.0","999.9","  89.4","*","  75.2","*"," 0.03","G","999.9","000000"
"91503099999","2022-10-16","-8.327969","157.263092","3.04","MUNDA, BP","  80.5"," 7","  75.3"," 7","1010.1"," 7","999.9"," 0"," 11.5"," 7","  2.3"," 7","  9.9","999.9","  86.9","*","  75.2","*"," 0.00","G","999.9","010000"
"91503099999","2022-10-17","-8.327969","157.263092","3.04","MUNDA, BP","  78.8"," 5","  74.3"," 5","1010.4"," 5","999.9"," 0"," 12.4"," 5","  0.4"," 5","  1.9","999.9","  86.4","*","  74.5","*","99.99"," ","999.9","010000"
"91503099999","2022-10-18","-8.327969","157.263092","3.04","MUNDA, BP","  83.3"," 7","  75.1"," 7","1010.7"," 6","999.9"," 0"," 11.5"," 7","  2.4"," 7","  7.0","999.9","  89.6","*","  76.1","*"," 0.00","I","999.9","000000"
"91503099999","2022-10-19","-8.327969","157.263092","3.04","MUNDA, BP","  84.0"," 9","  75.0"," 9","1011.3"," 6","999.9"," 0"," 11.0"," 9","  3.1"," 9","  8.0","999.9","  88.7","*","  75.2","*"," 0.00","I","999.9","000000"
"91503099999","2022-10-20","-8.327969","157.263092","3.04","MUNDA, BP","  85.8"," 9","  75.3"," 9","1009.5"," 7","999.9"," 0"," 11.0"," 9","  2.3"," 9","  7.0","999.9","  90.5","*","  76.1"," "," 0.00","G","999.9","000000"
"91503099999","2022-10-21","-8.327969","157.263092","3.04","MUNDA, BP","  80.4"," 8","  76.7"," 8","1008.3"," 6","999.9"," 0"," 10.3"," 8","  0.7"," 7","  2.9","999.9","  86.0","*","  75.9","*"," 0.55","A","999.9","000010"
"91503099999","2022-10-22","-8.327969","157.263092","3.04","MUNDA, BP","  82.2"," 9","  74.9"," 9","1008.0"," 7","999.9"," 0"," 11.0"," 9","  4.1"," 9","  7.0","999.9","  86.4","*","  75.2"," "," 0.00","I","999.9","000000"
"91503099999","2022-10-23","-8.327969","157.263092","3.04","MUNDA, BP","  78.4"," 8","  75.8"," 8","1008.9"," 6","999.9"," 0"," 10.9"," 8","  2.2"," 8","  9.9","999.9","  84.2","*","  74.8","*"," 0.07","G","999.9","010000"
"91503099999","2022-10-24","-8.327969","157.263092","3.04","MUNDA, BP","  83.8"," 8","  75.4"," 8","1009.0"," 7","999.9"," 0"," 11.7"," 8","  1.1"," 8","  2.9","999.9","  87.8","*","  74.8"," "," 0.50","G","999.9","000000"
"91503099999","2022-10-25","-8.327969","157.263092","3.04","MUNDA, BP","  84.9"," 8","  75.7"," 8","1009.0"," 6","999.9"," 0"," 10.9"," 8","  1.2"," 8","  4.1","999.9","  87.8","*","  75.2"," "," 0.00","G","999.9","000000"
"91503099999","2022-10-26","-8.327969","157.263092","3.04","MUNDA, BP","  84.9"," 7","  75.7"," 7","1007.8"," 6","999.9"," 0"," 11.5"," 7","  2.7"," 7","  7.0","999.9","  89.6","*","  77.0"," "," 0.00","G","999.9","000000"
"91503099999","2022-10-27","-8.327969","157.263092","3.04","MUNDA, BP","  82.2"," 7","  75.8"," 7","1007.4"," 6","999.9"," 0"," 11.5"," 7","  2.9"," 7","  8.0","999.9","  87.8","*","  76.1"," "," 0.00","G","999.9","010000"
"91503099999","2022-10-28","-8.327969","157.263092","3.04","MUNDA, BP","  84.2"," 9","  73.6"," 9","1007.6"," 7","999.9"," 0"," 11.0"," 9","  3.6"," 9","  7.0","999.9","  90.1","*","  76.1","*"," 0.21","G","999.9","010000"
"91503099999","2022-10-29","-8.327969","157.263092","3.04","MUNDA, BP","  83.2"," 7","  76.1"," 7","1007.7"," 7","999.9"," 0"," 12.4"," 7","  2.3"," 7","  8.0","999.9","  87.8","*","  76.8","*"," 0.01","G","999.9","000000"
"91503099999","2022-10-30","-8.327969","157.263092","3.04","MUNDA, BP","  80.4"," 7","  76.8"," 7","1008.9"," 7","999.9"," 0"," 10.7"," 7","  2.3"," 7","  7.0","999.9","  83.3","*","  75.2","*"," 0.94","G","999.9","010010"
"91503099999","2022-10-31","-8.327969","157.263092","3.04","MUNDA, BP","  82.6"," 8","  75.8"," 8","1008.1"," 7","999.9"," 0"," 11.7"," 8","  2.6"," 8","  6.0","999.9","  91.4","*","  76.1"," "," 0.65","G","999.9","000000"
"91503099999","2022-11-01","-8.327969","157.263092","3.04","MUNDA, BP","  80.7"," 8","  76.2"," 8","1008.7"," 7","999.9"," 0"," 10.1"," 8","  1.0"," 8","  5.1","999.9","  88.7","*","  75.2","*"," 0.08","G","999.9","010000"
"91503099999","2022-11-02","-8.327969","157.263092","3.04","MUNDA, BP","  82.2"," 8","  77.1"," 8","1009.3"," 7","999.9"," 0"," 11.7"," 8","  1.3"," 8","  6.0","999.9","  86.0","*","  75.6","*"," 1.57","G","999.9","000010"
"91503099999","2022-11-03","-8.327969","157.263092","3.04","MUNDA, BP","  83.9"," 9","  76.4"," 9","1009.6"," 7","999.9"," 0"," 11.0"," 9","  2.2"," 9","  6.0","999.9","  88.7","*","  75.2","*"," 0.00","G","999.9","000000"
"91503099999","2022-11-04","-8.327969","157.263092","3.04","MUNDA, BP","  82.8"," 8","  76.1"," 8","1010.4"," 7","999.9"," 0"," 10.9"," 8","  2.5"," 8","  8.0","999.9","  89.6","*","  77.0"," "," 0.20","G","999.9","010000"
"91503099999","2022-11-05","-8.327969","157.263092","3.04","MUNDA, BP","  82.5"," 8","  76.0"," 8","1009.9"," 7","999.9"," 0"," 11.7"," 8","  2.7"," 8","  8.0","999.9","  88.2","*","  75.2","*"," 0.24","G","999.9","000010"
"91503099999","2022-11-06","-8.327969","157.263092","3.04","MUNDA, BP","  84.5"," 8","  76.3"," 8","1009.4"," 6","999.9"," 0"," 10.9"," 8","  2.8"," 8","  6.0","999.9","  89.6","*","  76.1"," "," 0.00","G","999.9","000000"
"91503099999","2022-11-07","-8.327969","157.263092","3.04","MUNDA, BP","  83.8"," 8","  76.5"," 8","1008.1"," 7","999.9"," 0"," 10.9"," 8","  3.6"," 8","  7.0","999.9","  89.6","*","  77.0","*"," 0.00","G","999.9","010010"
"91503099999","2022-11-08","-8.327969","157.263092","3.04","MUNDA, BP","  81.1"," 8","  75.8"," 8","1007.9"," 7","999.9"," 0"," 10.1"," 8","  2.4"," 8","  6.0","999.9","  86.9","*","  75.2","*"," 0.39","G","999.9","010010"
"91503099999","2022-11-09","-8.327969","157.263092","3.04","MUNDA, BP","  80.8"," 9","  75.9"," 9","1007.6"," 7","999.9"," 0","  9.7"," 9","  4.7"," 9"," 15.0","999.9","  86.5","*","  77.0","*"," 1.61","G","999.9","010000"
"91503099999","2022-11-10","-8.327969","157.263092","3.04","MUNDA, BP","  79.9"," 7","  76.6"," 7","1007.2"," 5","999.9"," 0","  8.9"," 7","  1.6"," 7","  5.1","999.9","  82.4","*","  77.0"," "," 1.43","G","999.9","010000"
"91503099999","2022-11-11","-8.327969","157.263092","3.04","MUNDA, BP","  83.8"," 6","  76.6"," 6","1008.0"," 4","999.9"," 0"," 10.4"," 6","  4.0"," 6","  7.0","999.9","  87.8","*","  77.9"," "," 0.57","G","999.9","000000"
"91503099999","2022-11-12","-8.327969","157.263092","3.04","MUNDA, BP","  81.7"," 5","  76.7"," 5","1008.5"," 5","999.9"," 0"," 12.4"," 5","  2.0"," 5","  6.0","999.9","  86.0","*","  77.0"," "," 0.08","G","999.9","000000"
"91503099999","2022-11-13","-8.327969","157.263092","3.04","MUNDA, BP","  84.3"," 5","  76.5"," 5","1008.4"," 5","999.9"," 0"," 12.4"," 5","  2.6"," 5","  5.1","999.9","  89.2","*","  77.9"," "," 0.00","G","999.9","000000"
"91503099999","2022-11-14","-8.327969","157.263092","3.04","MUNDA, BP","  83.0"," 8","  75.9"," 8","1007.6"," 6","999.9"," 0"," 10.9"," 8","  2.0"," 8","  9.9","999.9","  88.7","*","  75.2","*"," 0.00","I","999.9","000000"
"91503099999","2022-11-15","-8.327969","157.263092","3.04","MUNDA, BP","  81.9"," 8","  75.7"," 8","1007.3"," 7","999.9"," 0"," 11.7"," 8","  1.7"," 8","  6.0","999.9","  89.6","*","  76.1","*"," 0.00","G","999.9","000000"
"91503099999","2022-11-16","-8.327969","157.263092","3.04","MUNDA, BP","  82.2"," 8","  75.9"," 8","1007.4"," 7","999.9"," 0"," 11.7"," 8","  0.7"," 8","  2.9","999.9","  89.6","*","  75.9","*"," 0.44","G","999.9","010000"
"91503099999","2022-11-17","-8.327969","157.263092","3.04","MUNDA, BP","  84.0"," 7","  76.4"," 7","1007.6"," 6","999.9"," 0"," 10.7"," 7","  2.0"," 7","  5.1","999.9","  89.6","*","  77.0"," "," 0.49","G","999.9","000000"
"91503099999","2022-11-18","-8.327969","157.263092","3.04","MUNDA, BP","  79.4"," 8","  75.1"," 8","1008.5"," 8","999.9"," 0"," 10.9"," 8","  0.8"," 8","  6.0","999.9","  84.2","*","  75.2","*"," 0.02","G","999.9","010000"
"91503099999","2022-11-19","-8.327969","157.263092","3.04","MUNDA, BP","  81.5"," 5","  76.1"," 5","1008.6"," 5","999.9"," 0"," 11.2"," 5","  0.0"," 5","999.9","999.9","  83.7","*","  77.0"," "," 0.16","G","999.9","010000"
"91503099999","2022-11-20","-8.327969","157.263092","3.04","MUNDA, BP","  80.8"," 7","  75.0"," 7","1008.4"," 7","999.9"," 0"," 11.5"," 7","  3.7"," 7","  8.0","999.9","  86.0","*","  74.7","*"," 0.06","G","999.9","000000"
"91503099999","2022-11-21","-8.327969","157.263092","3.04","MUNDA, BP","  82.8","10","  74.3","10","1009.8"," 7","999.9"," 0"," 10.6","10","  2.8","10","  6.0","999.9","  89.6","*","  75.9","*"," 0.00","G","999.9","000000"
"91503099999","2022-11-22","-8.327969","157.263092","3.04","MUNDA, BP","  83.7"," 7","  74.0"," 7","1010.3"," 7","999.9"," 0"," 11.5"," 7","  3.0"," 7","  7.0","999.9","  91.0","*","  77.0"," "," 0.00","G","999.9","000000"
"91503099999","2022-11-23","-8.327969","157.263092","3.04","MUNDA, BP","  84.7"," 8","  75.9"," 8","1011.4"," 6","999.9"," 0"," 10.9"," 8","  2.9"," 8","  5.1","999.9","  89.6","*","  76.1"," "," 0.00","G","999.9","010000"
"91503099999","2022-11-24","-8.327969","157.263092","3.04","MUNDA, BP","  81.9"," 9","  75.7"," 9","1011.1"," 7","999.9"," 0"," 11.0"," 9","  1.0"," 9","  6.0","999.9","  87.8","*","  68.0"," "," 0.99","G","999.9","000000"
"91503099999","2022-11-25","-8.327969","157.263092","3.04","MUNDA, BP","  81.9"," 8","  75.2"," 8","1009.7"," 8","999.9"," 0"," 11.7"," 8","  1.4"," 8","  4.1","999.9","  89.8","*","  76.1","*"," 0.00","G","999.9","010000"
"91503099999","2022-11-26","-8.327969","157.263092","3.04","MUNDA, BP","  82.2"," 7","  76.3"," 7","1007.6"," 7","999.9"," 0"," 10.1"," 7","  0.4"," 7","  2.9","999.9","  88.2","*","  75.4","*"," 0.06","G","999.9","010000"
"91503099999","2022-11-27","-8.327969","157.263092","3.04","MUNDA, BP","  81.4","10","  75.3","10","1008.1"," 8","999.9"," 0"," 11.2","10","  2.5","10","  9.9","999.9","  88.0","*","  75.2","*"," 0.60","G","999.9","010000"
"91503099999","2022-11-28","-8.327969","157.263092","3.04","MUNDA, BP","  83.7","10","  76.2","10","1007.3"," 8","999.9"," 0"," 11.2","10","  3.0","10","  8.0","999.9","  89.6","*","  77.4"," "," 0.17","G","999.9","010010"
"91503099999","2022-11-29","-8.327969","157.263092","3.04","MUNDA, BP","  82.2"," 4","  76.1"," 4","1006.8"," 4","999.9"," 0"," 10.9"," 4","  2.7"," 4","  6.0","999.9","  86.0","*","  75.2","*"," 0.01","G","999.9","010000"
"91503099999","2022-11-30","-8.327969","157.263092","3.04","MUNDA, BP","  83.5"," 4","  76.2"," 4","1006.9"," 4","999.9"," 0"," 12.4"," 4","  1.0"," 4","  4.1","999.9","  85.1","*","  76.1"," "," 0.57","G","999.9","000000"
"91503099999","2022-12-02","-8.327969","157.263092","3.04","MUNDA, BP","  81.1"," 8","  75.3"," 8","1005.1"," 7","999.9"," 0"," 10.9"," 8","  2.0"," 8","  6.0","999.9","  88.7","*","  76.1"," "," 0.13","G","999.9","010010"
"91503099999","2022-12-03","-8.327969","157.263092","3.04","MUNDA, BP","  77.6"," 7","  75.4"," 7","1006.1"," 7","999.9"," 0","  8.9"," 7","  0.0"," 7","999.9","999.9","  78.8","*","  73.4","*"," 0.22","G","999.9","010000"
"91503099999","2022-12-04","-8.327969","157.263092","3.04","MUNDA, BP","  82.2"," 9","  75.8"," 9","1006.8"," 8","999.9"," 0","  9.7"," 9","  0.7"," 9","  4.1","999.9","  88.9","*","  75.2"," "," 0.09","G","999.9","010000"
"91503099999","2022-12-05","-8.327969","157.263092","3.04","MUNDA, BP","  81.3"," 9","  75.5"," 9","1007.7"," 7","999.9"," 0","  9.7"," 9","  0.6"," 9","  2.9","999.9","  86.0","*","  77.0"," "," 1.02","G","999.9","000000"
"91503099999","2022-12-06","-8.327969","157.263092","3.04","MUNDA, BP","  79.9"," 9","  76.1"," 9","1007.1"," 7","999.9"," 0","  9.7"," 9","  0.0"," 9","999.9","999.9","  82.6","*","  73.4","*"," 0.06","G","999.9","010000"
"91503099999","2022-12-07","-8.327969","157.263092","3.04","MUNDA, BP","  82.4"," 7","  77.1"," 7","1006.7"," 6","999.9"," 0"," 11.5"," 7","  1.0"," 7","  5.1","999.9","  86.0","*","  75.2"," "," 0.42","G","999.9","010000"
"91503099999","2022-12-08","-8.327969","157.263092","3.04","MUNDA, BP","  79.9"," 7","  76.0"," 7","1007.1"," 7","999.9"," 0"," 11.5"," 7","  0.6"," 7","  4.1","999.9","  87.8","*","  75.2","*"," 0.77","G","999.9","000000"
"91503099999","2022-12-09","-8.327969","157.263092","3.04","MUNDA, BP","  81.1"," 9","  76.6"," 9","1007.3"," 7","999.9"," 0","  8.3"," 9","  0.0"," 9","999.9","999.9","  86.9","*","  75.2","*"," 1.56","G","999.9","010010"
"91503099999","2022-12-10","-8.327969","157.263092","3.04","MUNDA, BP","  80.3","11","  75.9","11","1007.6"," 8","999.9"," 0","  9.0","11","  2.2","11","  8.0","999.9","  86.9","*","  76.1","*"," 0.34","G","999.9","010010"
"91503099999","2022-12-11","-8.327969","157.263092","3.04","MUNDA, BP","  77.3"," 7","  75.9"," 7","1008.1"," 4","999.9"," 0","  9.8"," 7","  0.0"," 7","999.9","999.9","  80.6","*","  75.7","*"," 0.87","G","999.9","010000"
"91503099999","2022-12-12","-8.327969","157.263092","3.04","MUNDA, BP","  82.6"," 6","  75.7"," 6","1007.9"," 6","999.9"," 0"," 11.4"," 6","  1.7"," 6","  5.1","999.9","  87.8","*","  75.2","*"," 0.59","G","999.9","000000"
"91503099999","2022-12-13","-8.327969","157.263092","3.04","MUNDA, BP","  81.8"," 9","  76.6"," 9","1007.6"," 8","999.9"," 0","  8.4"," 9","  1.9"," 9","  6.0","999.9","  88.7","*","  74.8","*"," 0.31","G","999.9","010000"
"91503099999","2022-12-14","-8.327969","157.263092","3.04","MUNDA, BP","  81.8"," 7","  76.4"," 7","1006.4"," 7","999.9"," 0"," 16.9"," 7","  2.3"," 7","  8.0","999.9","  86.2","*","  76.1","*"," 0.54","G","999.9","000000"
"91503099999","2022-12-15","-8.327969","157.263092","3.04","MUNDA, BP","  83.5"," 7","  75.6"," 7","1004.5"," 7","999.9"," 0"," 11.5"," 7","  1.9"," 7","  7.0","999.9","  89.6","*","  77.0","*"," 0.12","G","999.9","000000"
"91503099999","2022-12-16","-8.327969","157.263092","3.04","MUNDA, BP","  84.1"," 8","  76.0"," 8","1004.9"," 6","999.9"," 0"," 10.9"," 8","  1.1"," 8","  2.9","999.9","  88.7","*","  78.6","*"," 0.00","G","999.9","000000"
"91503099999","2022-12-17","-8.327969","157.263092","3.04","MUNDA, BP","  83.5"," 8","  76.0"," 8","1004.9"," 7","999.9"," 0"," 11.7"," 8","  0.8"," 8","  6.0","999.9","  89.6","*","  74.8","*"," 0.24","A","999.9","010000"
"91503099999","2022-12-18","-8.327969","157.263092","3.04","MUNDA, BP","  82.8"," 7","  76.7"," 7","1004.4"," 7","999.9"," 0"," 12.4"," 7","  2.4"," 7","  7.0","999.9","  89.1","*","  76.1"," "," 0.00","I","999.9","000000"
"91503099999","2022-12-19","-8.327969","157.263092","3.04","MUNDA, BP","  81.6"," 8","  76.3"," 8","1004.2"," 6","999.9"," 0","  9.3"," 8","  0.9"," 8","  4.1","999.9","  89.6","*","  76.1","*"," 0.32","B","999.9","010000"
"91503099999","2022-12-20","-8.327969","157.263092","3.04","MUNDA, BP","  83.4"," 9","  76.2"," 9","1004.0"," 6","999.9"," 0"," 11.0"," 9","  2.1"," 9","  6.0","999.9","  89.6","*","  77.0","*"," 0.67","C","999.9","010010"
"91503099999","2022-12-21","-8.327969","157.263092","3.04","MUNDA, BP","  83.9"," 6","  77.2"," 6","1004.7"," 6","999.9"," 0"," 12.4"," 6","  1.7"," 6","  5.1","999.9","  88.0","*","  77.5"," "," 0.00","I","999.9","000000"
"91503099999","2022-12-22","-8.327969","157.263092","3.04","MUNDA, BP","  82.9"," 7","  78.0"," 7","1006.4"," 5","999.9"," 0"," 11.5"," 7","  0.8"," 7","  2.9","999.9","  84.7","*","  77.0"," "," 0.00","G","999.9","000000"
"91503099999","2022-12-23","-8.327969","157.263092","3.04","MUNDA, BP","  79.5","10","  76.5","10","1007.4"," 8","999.9"," 0"," 10.6","10","  0.6","10","  6.0","999.9","  86.4","*","  76.1","*"," 0.34","G","999.9","010000"
"91503099999","2022-12-24","-8.327969","157.263092","3.04","MUNDA, BP","  81.9","10","  77.0","10","1007.3"," 8","999.9"," 0","  7.5","10","  1.9","10","  6.0","999.9","  89.8","*","  76.5","*"," 0.91","G","999.9","010000"
"91503099999","2022-12-25","-8.327969","157.263092","3.04","MUNDA, BP","  82.5"," 8","  76.6"," 8","1007.9"," 6","999.9"," 0","  9.3"," 8","  2.5"," 8","  6.0","999.9","  89.2","*","  77.0","*"," 0.38","G","999.9","010000"
"91503099999","2022-12-26","-8.327969","157.263092","3.04","MUNDA, BP","  81.0"," 8","  76.7"," 8","1008.4"," 7","999.9"," 0","  9.3"," 8","  0.6"," 8","  5.1","999.9","  87.1","*","  76.5","*"," 0.34","G","999.9","010000"
"91503099999","2022-12-27","-8.327969","157.263092","3.04","MUNDA, BP","  82.1"," 7","  77.2"," 7","1008.3"," 7","999.9"," 0"," 12.4"," 7","  1.0"," 7","  4.1","999.9","  86.4","*","  76.1","*"," 0.06","G","999.9","010000"
"91503099999","2022-12-28","-8.327969","157.263092","3.04","MUNDA, BP","  83.1","10","  75.9","10","1009.0"," 8","999.9"," 0","  9.9","10","  1.6","10","  8.0","999.9","  88.7","*","  75.9","*"," 0.00","G","999.9","000000"
"91503099999","2022-12-29","-8.327969","157.263092","3.04","MUNDA, BP","  83.8"," 7","  76.0"," 7","1009.0"," 7","999.9"," 0"," 12.4"," 7","  2.3"," 7","  8.0","999.9","  89.6","*","  77.2"," "," 0.00","G","999.9","000000"
"91503099999","2022-12-30","-8.327969","157.263092","3.04","MUNDA, BP","  85.5"," 6","  74.5"," 6","1008.0"," 6","999.9"," 0"," 12.4"," 6","  4.2"," 6","  8.0","999.9","  90.0","*","  77.0"," "," 0.00","G","999.9","000000"
"91503099999","2022-12-31","-8.327969","157.263092","3.04","MUNDA, BP","  84.4"," 8","  74.8"," 8","1008.2"," 7","999.9"," 0"," 11.7"," 8","  2.6"," 8","  6.0","999.9","  89.6","*","  77.0"," "," 0.00","G","999.9","000000"
